[32m -- [Fsm-Test] Begin.[0m
 -- [Fsm-Test] Load config from: /root/ws/real_planner/src/General-Planner/src/Planner/general_planner/config/click_real_highspeed.yaml
Load config file: /root/ws/real_planner/src/General-Planner/src/Planner/general_planner/config/click_real_highspeed.yaml
[0;32m Load param fsm/timer_en success: [0;0m1
[0;33m Load param fsm/auto_start failed, use default value: [0;0m0
[0;32m Load param fsm/click_goal_en success: [0;0m1
[0;32m Load param fsm/click_goal_3d_en success: [0;0m1
[0;32m Load param fsm/click_yaw_en success: [0;0m1
[0;32m Load param fsm/replan_rate success: [0;0m15
[0;32m Load param fsm/click_height success: [0;0m1.5
[0;32m Load param fsm/cmd_topic success: [0;0m/planning/pos_cmd
[0;32m Load param fsm/mpc_cmd_topic success: [0;0m/planning_cmd/poly_traj
[0;33m Load param fsm/publish_so3_cmd failed, use default value: [0;0m0
[0;33m Load param fsm/so3_cmd_topic failed, use default value: [0;0m/planning/so3_cmd
[0;33m Load param fsm/so3_kR failed, use default value: [0;0m[0 0 0 ]
[0;33m Load param fsm/so3_kOm failed, use default value: [0;0m[0 0 0 ]
[0;32m Load param traj_opt/flatness/mass success: [0;0m1.64
[0;32m Load param traj_opt/flatness/dh success: [0;0m0.35
[0;32m Load param traj_opt/flatness/dv success: [0;0m0.35
[0;32m Load param traj_opt/flatness/grav success: [0;0m9.81
[0;32m Load param traj_opt/flatness/cp success: [0;0m0.001
[0;32m Load param traj_opt/flatness/v_eps success: [0;0m0.0001
[0;32m Load param fsm/click_goal_topic success: [0;0m/goal
[0;32m Load param fsm/click_goal_3d_topic success: [0;0m/goal_3d
[0;33m Load param fsm/task_mode failed, use default value: [0;0mstate2state
[0;33m Load param fsm/planning_backend failed, use default value: [0;0m
[0;33m Load param general_planner/backend failed, use default value: [0;0m
[0;33m Load param general_planner/plain_traj_en failed, use default value: [0;0m0
[0;32m Load param general_planner/esdf_traj_en success: [0;0m0
[0;33m Load param fsm/task_planner_en failed, use default value: [0;0m0
[0;33m Load param fsm/task_mode_topic failed, use default value: [0;0m/planning/task_mode
[0;33m Load param fsm/tracking_target_odom_topic failed, use default value: [0;0m/tracking/target_odom
[0;33m Load param fsm/tracking_target_prediction_topic failed, use default value: [0;0m/tracking/target_prediction
[0;33m Load param fsm/tracking_use_target_prediction_path failed, use default value: [0;0m1
[0;33m Load param fsm/perching_surface_odom_topic failed, use default value: [0;0m/perching/surface_odom
[0;33m Load param fsm/dynamic_takeoff_start_delay failed, use default value: [0;0m0
[0;33m Load param general_planner/tracking_perching/enable failed, use default value: [0;0m0
[0;33m Load param fsm/tracking_prediction_horizon failed, use default value: [0;0m4
[0;33m Load param fsm/tracking_prediction_dt failed, use default value: [0;0m0.25
[0;33m Load param fsm/tracking_prediction_use_kinodynamic failed, use default value: [0;0m1
[0;33m Load param fsm/tracking_prediction_accel failed, use default value: [0;0m3
[0;33m Load param fsm/tracking_prediction_vmax failed, use default value: [0;0m4
[0;33m Load param fsm/tracking_prediction_rho_accel failed, use default value: [0;0m1
[0;33m Load param fsm/tracking_prediction_max_time failed, use default value: [0;0m0.03
[0;33m Load param fsm/tracking_static_position_epsilon failed, use default value: [0;0m0.05
[0;33m Load param fsm/tracking_static_velocity_epsilon failed, use default value: [0;0m0.05
[0;33m Load param fsm/tracking_static_yaw_epsilon failed, use default value: [0;0m0.05
[0;33m Load param fsm/tracking_static_replan_remaining_time failed, use default value: [0;0m0.8
[0;33m Load param fsm/tracking_static_task_position_epsilon failed, use default value: [0;0m0.12
[0;33m Load param fsm/tracking_static_task_velocity_epsilon failed, use default value: [0;0m0.1
[0;33m Load param fsm/tracking_static_prediction_filter_velocity_epsilon failed, use default value: [0;0m0.08
[0;33m Load param fsm/tracking_static_safety_check_horizon failed, use default value: [0;0m1.5
[0;33m Load param fsm/tracking_static_safety_check_dt failed, use default value: [0;0m0.12
[0;33m Load param fsm/tracking_static_replan_log_period failed, use default value: [0;0m1
[0;33m Load param fsm/tracking_plan_from_rest_max_failures failed, use default value: [0;0m4
[0;33m Load param fsm/tracking_plan_from_rest_failure_backoff failed, use default value: [0;0m0.5
[0;33m Load param fsm/tracking_plan_from_rest_limited_backoff failed, use default value: [0;0m2
[0;33m Load param fsm/tracking_static_finish_on_plan_failure failed, use default value: [0;0m0
[0;33m Load param fsm/perception_replan_check_en failed, use default value: [0;0m0
[0;32m Load param fsm/perception_replan_check_rate success: [0;0m60
[0;32m Load param fsm/perception_replan_check_horizon success: [0;0m2
[0;32m Load param fsm/perception_replan_check_dt success: [0;0m0.06
[0;32m Load param fsm/perception_replan_min_interval success: [0;0m0.08
[0;32m Load param fsm/perception_replan_consecutive_hits success: [0;0m1
[0;33m Load param fsm/perception_replan_unknown_as_occupied failed, use default value: [0;0m0
[0;32m Load param fsm/perception_replan_emergency_horizon success: [0;0m0.45
[0;33m Load param fsm/perception_replan_log_period failed, use default value: [0;0m0.5
[0;32m Load param general_planner/dynamic_obstacle_layer/enable success: [0;0m0
[0;32m Load param general_planner/dynamic_obstacle_layer/cloud_topic success: [0;0m/cloud_registered
[0;32m Load param general_planner/dynamic_obstacle_layer/cloud_queue_size success: [0;0m3
[0;32m Load param general_planner/dynamic_obstacle_layer/odom_timeout success: [0;0m0.2
[0;33m Load param fsm/task_timeout failed, use default value: [0;0m0.6
[0;33m Load param fsm/state2state_plan_from_rest_max_failures failed, use default value: [0;0m0
[0;33m Load param fsm/state2state_clear_goal_on_plan_failure failed, use default value: [0;0m0
[0;33m Load param fsm/diagnostic_log_en failed, use default value: [0;0m1
[0;33m Load param fsm/diagnostic_event_topic failed, use default value: [0;0m/planning/diagnostics/events
[0;33m Load param general_planner/swarm/enable failed, use default value: [0;0m0
[0;33m Load param general_planner/swarm/drone_id failed, use default value: [0;0m-1
[0;33m Load param general_planner/swarm/des_clearance failed, use default value: [0;0m0.75
[0;33m Load param general_planner/swarm/broadcast_enable failed, use default value: [0;0m1
[0;33m Load param general_planner/swarm/traj_broadcast_topic failed, use default value: [0;0m/swarm/trajectory
[0;33m Load param general_planner/swarm/state_broadcast_topic failed, use default value: [0;0m/swarm/state
[0;33m Load param general_planner/swarm/formation/reference_enable failed, use default value: [0;0m0
[0;33m Load param general_planner/swarm/formation/reference_topic failed, use default value: [0;0m/swarm/formation_reference
[0;33m Load param general_planner/swarm/traj_topics failed, use default value: [0;0m[]
[0;33m Load param general_planner/swarm/traj_ids failed, use default value: [0;0m[]
[0;32m Load param general_planner/yaw_dot_max success: [0;0m3
[0;32m Load param general_planner/visualization_en success: [0;0m1
[0;32m Load param rog_map/resolution success: [0;0m0.15
Load config file: /root/ws/real_planner/src/General-Planner/src/Planner/general_planner/config/click_real_highspeed.yaml
[0;32m Load param rog_map/esdf/resolution success: [0;0m0.1
[0;32m Load param rog_map/esdf/enable success: [0;0m0
[0;32m Load param rog_map/esdf/local_update_box success: [0;0m[5 5 3 ]
[0;32m Load param rog_map/load_pcd_en success: [0;0m0
[0;32m Load param rog_map/map_sliding/enable success: [0;0m1
[0;32m Load param rog_map/map_sliding/threshold success: [0;0m0.3
[0;32m Load param rog_map/fix_map_origin success: [0;0m[0 0 1.5 ]
[0;32m Load param rog_map/frontier_extraction_en success: [0;0m0
[0;32m Load param rog_map/ros_callback/enable success: [0;0m1
[0;32m Load param rog_map/ros_callback/cloud_topic success: [0;0m/cloud_registered
[0;32m Load param rog_map/ros_callback/odom_topic success: [0;0m/lidar_slam/odom
[0;32m Load param rog_map/ros_callback/odom_timeout success: [0;0m2
[0;32m Load param rog_map/visualization/enable success: [0;0m1
[0;32m Load param rog_map/visualization/use_dynamic_reconfigure success: [0;0m0
[0;32m Load param rog_map/visualization/pub_unknown_map_en success: [0;0m0
[0;32m Load param rog_map/visualization/frame_id success: [0;0mworld
[0;32m Load param rog_map/visualization/time_rate success: [0;0m2
[0;32m Load param rog_map/visualization/frame_rate success: [0;0m0
[0;32m Load param rog_map/visualization/range success: [0;0m[20 20 4 ]
[0;32m Load param rog_map/resolution success: [0;0m0.15
[0;32m Load param rog_map/inflation_resolution success: [0;0m0.15
[0;32m Load param rog_map/unk_inflation_en success: [0;0m0
[0;32m Load param rog_map/unk_inflation_step success: [0;0m1
[0;32m Load param rog_map/inflation_step success: [0;0m3
[0;32m Load param rog_map/intensity_thresh success: [0;0m-10
[0;32m Load param rog_map/map_size success: [0;0m[50 50 6 ]
[0;32m Load param rog_map/point_filt_num success: [0;0m1
[0;32m Load param rog_map/raycasting/enable success: [0;0m0
[0;32m Load param rog_map/raycasting/batch_update_size success: [0;0m1
[0;32m Load param rog_map/raycasting/unk_thresh success: [0;0m1
[0;32m Load param rog_map/raycasting/p_hit success: [0;0m0.9
[0;32m Load param rog_map/raycasting/p_miss success: [0;0m0.49
[0;32m Load param rog_map/raycasting/p_min success: [0;0m0.12
[0;32m Load param rog_map/raycasting/p_max success: [0;0m0.98
[0;32m Load param rog_map/raycasting/p_occ success: [0;0m0.85
[0;32m Load param rog_map/raycasting/p_free success: [0;0m0.499
[0;32m Load param rog_map/raycasting/p_free success: [0;0m0.499
[0;32m Load param rog_map/raycasting/ray_range success: [0;0m[0.5 100 ]
[0;32m Load param rog_map/raycasting/local_update_box success: [0;0m[100 100 5 ]
[0;32m Load param rog_map/virtual_ground_height success: [0;0m-0.1
[0;32m Load param rog_map/virtual_ceil_height success: [0;0m2.5
[32m -- [RM-Config] inflation_resolution: 0.15[0m
 -- [ROG-Map] Init, resetMapSize: ORIGIN_AT_CORNER.
 -- [ROG-Map] Init, resetMapSize: virtual_ceil_height: 1.875, virtual_ground_height: 0.375.
[34m	[ROG] n_free: 1[0m
[34m	[ROG] n_occ: 1[0m
[34m	[ROG] l_hit: 2.19722[0m
[34m	[ROG] l_miss: -0.0400053[0m
[34m	[ROG] l_min: -1.99243[0m
[34m	[ROG] l_max: 3.89182[0m
[34m	[ROG] l_occ: 1.7346[0m
[34m	[ROG] l_free: -0.00399995[0m
[33m -- [Inf-Map] Clear all local map.[0m
[32m -- [CounterMap] Init successfully -- .[0m
[32m	resolution: 0.15[0m
[32m	map_sliding_en: 1[0m
[32m	local_map_size_i: 341 341  49[0m
[32m	local_map_size_d: 51.15 51.15  7.35[0m
[33m -- [Inf-Map] Clear all local map.[0m
[32m -- [InfMap] Init successfully -- .[0m
[32m	resolution: 0.15[0m
[32m	map_sliding_en: 1[0m
[32m	local_map_size_i: 341 341  49[0m
[32m	local_map_size_d: 51.15 51.15  7.35[0m
[ProbMap] virtual_ceil_height: 1.8
[ProbMap] virtual_ground_height: 0.3
[33m -- [Prob-Map] Clear all local map.[0m
[32m -- [ProbMap] Init successfully -- .[0m
[32m	resolution: 0.15[0m
[32m	map_sliding_en: 1[0m
[32m	local_map_size_i: 333 333  41[0m
[32m	local_map_size_d: 49.95 49.95  6.15[0m
[33m -- [Inf-Map] Clear all local map.[0m
Load config file: /root/ws/real_planner/src/General-Planner/src/Planner/general_planner/config/click_real_highspeed.yaml
Load config file: /root/ws/real_planner/src/General-Planner/src/Planner/general_planner/config/click_real_highspeed.yaml
Failed to find match for field 'intensity'.
[0;32m Load param traj_opt/switch/print_optimizer_log success: [0;0m0
[0;32m Load param traj_opt/flatness/mass success: [0;0m1.64
[0;32m Load param traj_opt/flatness/dh success: [0;0m0.35
[0;32m Load param traj_opt/flatness/dv success: [0;0m0.35
[0;32m Load param traj_opt/flatness/grav success: [0;0m9.81
[0;32m Load param traj_opt/flatness/cp success: [0;0m0.001
[0;32m Load param traj_opt/flatness/v_eps success: [0;0m0.0001
[33m[WARN] [1784709435.807040527]: PerfectDrone is waiting for the first odometry snapshot before rendering[0m
[0;32m Load param traj_opt/switch/save_log_en success: [0;0m0
[0;32m Load param traj_opt/exp_traj/pos_constraint_type success: [0;0m1
[0;33m Load param traj_opt/exp_traj/piece_num failed, use default value: [0;0m1
[0;33m Load param traj_opt/exp_traj/uniform_time_en failed, use default value: [0;0m0
[0;32m Load param traj_opt/exp_traj/block_energy_cost success: [0;0m0
[0;32m Load param traj_opt/exp_traj/opt_accuracy success: [0;0m5e-06
[0;32m Load param traj_opt/exp_traj/integral_reso success: [0;0m15
[0;32m Load param traj_opt/exp_traj/smooth_eps success: [0;0m0.01
[0;32m Load param traj_opt/exp_traj/convex_hull_en success: [0;0m1
[0;32m Load param traj_opt/exp_traj/convex_hull_basis success: [0;0m0
[0;32m Load param traj_opt/exp_traj/convex_hull_subdivision_depth success: [0;0m2
[0;32m Load param traj_opt/exp_traj/convex_hull_cost_version success: [0;0m2
[0;32m Load param traj_opt/exp_traj/convex_hull_alm_en success: [0;0m0
[0;32m Load param traj_opt/exp_traj/convex_hull_alm_warm_start_en success: [0;0m1
[0;32m Load param traj_opt/exp_traj/convex_hull_alm_warm_start_accuracy success: [0;0m0.001
[0;32m Load param traj_opt/exp_traj/convex_hull_alm_active_set_en success: [0;0m0
[0;32m Load param traj_opt/exp_traj/convex_hull_alm_active_set_margin success: [0;0m0.05
[0;32m Load param traj_opt/exp_traj/convex_hull_adaptive_en success: [0;0m1
[0;32m Load param traj_opt/exp_traj/convex_hull_refine_derivative_constraints success: [0;0m0
[0;32m Load param traj_opt/exp_traj/convex_hull_alm_max_outer_iterations success: [0;0m8
[0;32m Load param traj_opt/exp_traj/convex_hull_refine_margin success: [0;0m0.05
[0;32m Load param traj_opt/exp_traj/convex_hull_derivative_refine_margin success: [0;0m0.05
[0;32m Load param traj_opt/exp_traj/convex_hull_alm_position_scale success: [0;0m0.25
[0;32m Load param traj_opt/exp_traj/convex_hull_alm_initial_penalty success: [0;0m300000
[0;32m Load param traj_opt/exp_traj/convex_hull_alm_penalty_growth success: [0;0m5
[0;32m Load param traj_opt/exp_traj/convex_hull_alm_progress_ratio success: [0;0m0.5
[0;32m Load param traj_opt/exp_traj/convex_hull_alm_constraint_tolerance success: [0;0m0.01
[0;32m Load param traj_opt/exp_traj/convex_hull_alm_require_certification success: [0;0m1
[0;33m Load param traj_opt/exp_traj/init_profile_vel_ratio failed, use default value: [0;0m0.65
[0;33m Load param traj_opt/exp_traj/init_duration_scale failed, use default value: [0;0m1.25
[0;33m Load param traj_opt/exp_traj/terminal_vel_ratio failed, use default value: [0;0m0
[0;32m Load param traj_opt/exp_traj/igo/enable success: [0;0m1
[0;32m Load param traj_opt/exp_traj/igo/fallback_to_legacy success: [0;0m1
[0;32m Load param traj_opt/exp_traj/igo/antithetic success: [0;0m1
[0;32m Load param traj_opt/exp_traj/igo/unknown_as_occupied success: [0;0m0
[0;32m Load param traj_opt/exp_traj/igo/population success: [0;0m48
[0;32m Load param traj_opt/exp_traj/igo/generations success: [0;0m15
[0;32m Load param traj_opt/exp_traj/igo/threads success: [0;0m4
[0;32m Load param traj_opt/exp_traj/igo/seed success: [0;0m7
[0;32m Load param traj_opt/exp_traj/igo/hull_subdivision_depth success: [0;0m1
[0;32m Load param traj_opt/exp_traj/igo/no_feasible_expand_generations success: [0;0m3
[0;32m Load param traj_opt/exp_traj/igo/snapshot_max_voxels success: [0;0m1000000
[0;32m Load param traj_opt/exp_traj/igo/elite_ratio success: [0;0m0.25
[0;32m Load param traj_opt/exp_traj/igo/mean_learning_rate success: [0;0m0.8
[0;32m Load param traj_opt/exp_traj/igo/covariance_learning_rate success: [0;0m0.2
[0;32m Load param traj_opt/exp_traj/igo/initial_sigma success: [0;0m0.65
[0;32m Load param traj_opt/exp_traj/igo/min_eigenvalue success: [0;0m1e-06
[0;32m Load param traj_opt/exp_traj/igo/max_condition_number success: [0;0m1e+06
[0;32m Load param traj_opt/exp_traj/igo/covariance_expand_factor success: [0;0m1.6
[0;32m Load param traj_opt/exp_traj/igo/time_min_scale success: [0;0m0.45
[0;32m Load param traj_opt/exp_traj/igo/time_max_scale success: [0;0m2.75
[0;32m Load param traj_opt/exp_traj/igo/spatial_margin success: [0;0m0.02
[0;32m Load param traj_opt/exp_traj/igo/sample_dt success: [0;0m0.02
[0;32m Load param traj_opt/exp_traj/igo/sfc_tolerance success: [0;0m1e-06
[0;32m Load param traj_opt/exp_traj/igo/dynamic_tolerance success: [0;0m0.02
[0;32m Load param traj_opt/exp_traj/igo/energy_weight success: [0;0m0.01
[0;32m Load param traj_opt/exp_traj/igo/guide_weight success: [0;0m0.05
[0;32m Load param traj_opt/exp_traj/igo/unknown_weight success: [0;0m0.02
[0;32m Load param traj_opt/exp_traj/igo/replan_budget_ratio success: [0;0m0.45
[0;32m Load param traj_opt/exp_traj/igo/plan_from_rest_budget success: [0;0m0.2
[0;32m Load param traj_opt/boundary/max_vel success: [0;0m15
[0;32m Load param traj_opt/boundary/max_acc success: [0;0m20
[0;32m Load param traj_opt/boundary/max_jerk success: [0;0m120
[0;32m Load param traj_opt/boundary/max_omg success: [0;0m3.5
[0;32m Load param traj_opt/boundary/max_acc_thr success: [0;0m22
[0;32m Load param traj_opt/boundary/min_acc_thr success: [0;0m6
[0;32m Load param traj_opt/boundary/penna_margin success: [0;0m0.05
[0;33m Load param traj_opt/exp_traj/penna_scale failed, use default value: [0;0m-1
[0;32m Load param traj_opt/exp_traj/penna_t success: [0;0m200000
[0;33m Load param traj_opt/exp_traj/penna_ts failed, use default value: [0;0m-1
[0;32m Load param traj_opt/exp_traj/penna_pos success: [0;0m5e+07
[0;32m Load param traj_opt/exp_traj/penna_vel success: [0;0m1e+07
[0;32m Load param traj_opt/exp_traj/penna_acc success: [0;0m1e+07
[0;32m Load param traj_opt/exp_traj/penna_jerk success: [0;0m-100000
[0;32m Load param traj_opt/exp_traj/penna_attract success: [0;0m1000
[0;32m Load param traj_opt/exp_traj/penna_guide_path success: [0;0m0
[0;33m Load param traj_opt/exp_traj/penna_guide_vel failed, use default value: [0;0m-1
[0;32m Load param traj_opt/exp_traj/penna_guide_z_tube success: [0;0m1e+07
[0;32m Load param traj_opt/exp_traj/guide_z_tube_radius success: [0;0m0
[0;32m Load param traj_opt/exp_traj/guide_path_tube_radius success: [0;0m0.05
[0;32m Load param traj_opt/exp_traj/guide_path_z_tube_radius success: [0;0m0.05
[0;32m Load param traj_opt/exp_traj/guide_path_huber_delta success: [0;0m0.4
[0;32m Load param traj_opt/exp_traj/guide_path_time_gradient_en success: [0;0m0
[0;32m Load param traj_opt/exp_traj/penna_omg success: [0;0m5e+06
[0;32m Load param traj_opt/exp_traj/penna_thr success: [0;0m2e+06
Load config file: /root/ws/real_planner/src/General-Planner/src/Planner/general_planner/config/click_real_highspeed.yaml
[0;32m Load param traj_opt/switch/print_optimizer_log success: [0;0m0
[0;32m Load param traj_opt/flatness/mass success: [0;0m1.64
[0;32m Load param traj_opt/flatness/dh success: [0;0m0.35
[0;32m Load param traj_opt/flatness/dv success: [0;0m0.35
[0;32m Load param traj_opt/flatness/grav success: [0;0m9.81
[0;32m Load param traj_opt/flatness/cp success: [0;0m0.001
[0;32m Load param traj_opt/flatness/v_eps success: [0;0m0.0001
[0;32m Load param traj_opt/switch/save_log_en success: [0;0m0
[0;32m Load param traj_opt/backup_traj/pos_constraint_type success: [0;0m1
[0;32m Load param traj_opt/backup_traj/piece_num success: [0;0m2
[0;32m Load param traj_opt/backup_traj/uniform_time_en success: [0;0m1
[0;32m Load param traj_opt/backup_traj/block_energy_cost success: [0;0m0
[0;32m Load param traj_opt/backup_traj/opt_accuracy success: [0;0m1e-06
[0;32m Load param traj_opt/backup_traj/integral_reso success: [0;0m12
[0;32m Load param traj_opt/backup_traj/smooth_eps success: [0;0m0.01
[0;33m Load param traj_opt/backup_traj/convex_hull_en failed, use default value: [0;0m0
[0;33m Load param traj_opt/backup_traj/convex_hull_basis failed, use default value: [0;0m0
[0;33m Load param traj_opt/backup_traj/convex_hull_subdivision_depth failed, use default value: [0;0m0
[0;33m Load param traj_opt/backup_traj/convex_hull_cost_version failed, use default value: [0;0m1
[0;33m Load param traj_opt/backup_traj/convex_hull_alm_en failed, use default value: [0;0m0
[0;33m Load param traj_opt/backup_traj/convex_hull_alm_warm_start_en failed, use default value: [0;0m1
[0;33m Load param traj_opt/backup_traj/convex_hull_alm_warm_start_accuracy failed, use default value: [0;0m0.001
[0;33m Load param traj_opt/backup_traj/convex_hull_alm_active_set_en failed, use default value: [0;0m0
[0;33m Load param traj_opt/backup_traj/convex_hull_alm_active_set_margin failed, use default value: [0;0m0.05
[0;33m Load param traj_opt/backup_traj/convex_hull_adaptive_en failed, use default value: [0;0m1
[0;33m Load param traj_opt/backup_traj/convex_hull_refine_derivative_constraints failed, use default value: [0;0m0
[0;33m Load param traj_opt/backup_traj/convex_hull_alm_max_outer_iterations failed, use default value: [0;0m4
[0;33m Load param traj_opt/backup_traj/convex_hull_refine_margin failed, use default value: [0;0m0.05
[0;33m Load param traj_opt/backup_traj/convex_hull_derivative_refine_margin failed, use default value: [0;0m0.05
[0;33m Load param traj_opt/backup_traj/convex_hull_alm_position_scale failed, use default value: [0;0m0.25
[0;33m Load param traj_opt/backup_traj/convex_hull_alm_initial_penalty failed, use default value: [0;0m300000
[0;33m Load param traj_opt/backup_traj/convex_hull_alm_penalty_growth failed, use default value: [0;0m5
[0;33m Load param traj_opt/backup_traj/convex_hull_alm_progress_ratio failed, use default value: [0;0m0.5
[0;33m Load param traj_opt/backup_traj/convex_hull_alm_constraint_tolerance failed, use default value: [0;0m0.01
[0;33m Load param traj_opt/backup_traj/convex_hull_alm_require_certification failed, use default value: [0;0m1
[0;33m Load param traj_opt/backup_traj/init_profile_vel_ratio failed, use default value: [0;0m0.65
[0;33m Load param traj_opt/backup_traj/init_duration_scale failed, use default value: [0;0m1.25
[0;33m Load param traj_opt/backup_traj/terminal_vel_ratio failed, use default value: [0;0m0
[0;33m Load param traj_opt/backup_traj/igo/enable failed, use default value: [0;0m0
[0;33m Load param traj_opt/backup_traj/igo/fallback_to_legacy failed, use default value: [0;0m1
[0;33m Load param traj_opt/backup_traj/igo/antithetic failed, use default value: [0;0m1
[0;33m Load param traj_opt/backup_traj/igo/unknown_as_occupied failed, use default value: [0;0m1
[0;33m Load param traj_opt/backup_traj/igo/population failed, use default value: [0;0m24
[0;33m Load param traj_opt/backup_traj/igo/generations failed, use default value: [0;0m5
[0;33m Load param traj_opt/backup_traj/igo/threads failed, use default value: [0;0m4
[0;33m Load param traj_opt/backup_traj/igo/seed failed, use default value: [0;0m7
[0;33m Load param traj_opt/backup_traj/igo/hull_subdivision_depth failed, use default value: [0;0m1
[0;33m Load param traj_opt/backup_traj/igo/no_feasible_expand_generations failed, use default value: [0;0m3
[0;33m Load param traj_opt/backup_traj/igo/snapshot_max_voxels failed, use default value: [0;0m1000000
[0;33m Load param traj_opt/backup_traj/igo/elite_ratio failed, use default value: [0;0m0.25
[0;33m Load param traj_opt/backup_traj/igo/mean_learning_rate failed, use default value: [0;0m0.8
[0;33m Load param traj_opt/backup_traj/igo/covariance_learning_rate failed, use default value: [0;0m0.2
[0;33m Load param traj_opt/backup_traj/igo/initial_sigma failed, use default value: [0;0m0.65
[0;33m Load param traj_opt/backup_traj/igo/min_eigenvalue failed, use default value: [0;0m1e-06
[0;33m Load param traj_opt/backup_traj/igo/max_condition_number failed, use default value: [0;0m1e+06
[0;33m Load param traj_opt/backup_traj/igo/covariance_expand_factor failed, use default value: [0;0m1.6
[0;33m Load param traj_opt/backup_traj/igo/time_min_scale failed, use default value: [0;0m0.45
[0;33m Load param traj_opt/backup_traj/igo/time_max_scale failed, use default value: [0;0m2.75
[0;33m Load param traj_opt/backup_traj/igo/spatial_margin failed, use default value: [0;0m0.02
[0;33m Load param traj_opt/backup_traj/igo/sample_dt failed, use default value: [0;0m0.03
[0;33m Load param traj_opt/backup_traj/igo/sfc_tolerance failed, use default value: [0;0m1e-06
[0;33m Load param traj_opt/backup_traj/igo/dynamic_tolerance failed, use default value: [0;0m0.02
[0;33m Load param traj_opt/backup_traj/igo/energy_weight failed, use default value: [0;0m0.01
[0;33m Load param traj_opt/backup_traj/igo/guide_weight failed, use default value: [0;0m0.05
[0;33m Load param traj_opt/backup_traj/igo/unknown_weight failed, use default value: [0;0m0.02
[0;33m Load param traj_opt/backup_traj/igo/replan_budget_ratio failed, use default value: [0;0m0.45
[0;33m Load param traj_opt/backup_traj/igo/plan_from_rest_budget failed, use default value: [0;0m0.15
[0;32m Load param traj_opt/boundary/max_vel success: [0;0m15
[0;32m Load param traj_opt/boundary/max_acc success: [0;0m20
[0;32m Load param traj_opt/boundary/max_jerk success: [0;0m120
[0;32m Load param traj_opt/boundary/max_omg success: [0;0m3.5
[0;32m Load param traj_opt/boundary/max_acc_thr success: [0;0m22
[0;32m Load param traj_opt/boundary/min_acc_thr success: [0;0m6
[0;32m Load param traj_opt/boundary/penna_margin success: [0;0m0.05
[0;33m Load param traj_opt/backup_traj/penna_scale failed, use default value: [0;0m-1
[0;32m Load param traj_opt/backup_traj/penna_t success: [0;0m50000
[0;32m Load param traj_opt/backup_traj/penna_ts success: [0;0m1e+06
[0;32m Load param traj_opt/backup_traj/penna_pos success: [0;0m1e+08
[0;32m Load param traj_opt/backup_traj/penna_vel success: [0;0m1e+07
[0;32m Load param traj_opt/backup_traj/penna_acc success: [0;0m1e+07
[0;32m Load param traj_opt/backup_traj/penna_jerk success: [0;0m-1e+07
[0;33m Load param traj_opt/backup_traj/penna_attract failed, use default value: [0;0m-1
[0;33m Load param traj_opt/backup_traj/penna_guide_path failed, use default value: [0;0m-1
[0;33m Load param traj_opt/backup_traj/penna_guide_vel failed, use default value: [0;0m-1
[0;32m Load param traj_opt/backup_traj/penna_guide_z_tube success: [0;0m5e+06
[0;32m Load param traj_opt/backup_traj/guide_z_tube_radius success: [0;0m0
[0;33m Load param traj_opt/backup_traj/guide_path_tube_radius failed, use default value: [0;0m0.25
[0;33m Load param traj_opt/backup_traj/guide_path_z_tube_radius failed, use default value: [0;0m0.1
[0;33m Load param traj_opt/backup_traj/guide_path_huber_delta failed, use default value: [0;0m0.25
[0;33m Load param traj_opt/backup_traj/guide_path_time_gradient_en failed, use default value: [0;0m0
[0;32m Load param traj_opt/backup_traj/penna_omg success: [0;0m5e+06
[0;32m Load param traj_opt/backup_traj/penna_thr success: [0;0m2e+06
Load config file: /root/ws/real_planner/src/General-Planner/src/Planner/general_planner/config/click_real_highspeed.yaml
[0;32m Load param traj_opt/switch/print_optimizer_log success: [0;0m0
[0;32m Load param traj_opt/flatness/mass success: [0;0m1.64
[0;32m Load param traj_opt/flatness/dh success: [0;0m0.35
[0;32m Load param traj_opt/flatness/dv success: [0;0m0.35
[0;32m Load param traj_opt/flatness/grav success: [0;0m9.81
[0;32m Load param traj_opt/flatness/cp success: [0;0m0.001
[0;32m Load param traj_opt/flatness/v_eps success: [0;0m0.0001
[0;32m Load param traj_opt/switch/save_log_en success: [0;0m0
[0;33m Load param traj_opt/esdf_traj/pos_constraint_type failed, use default value: [0;0m2
[0;33m Load param traj_opt/esdf_traj/piece_num failed, use default value: [0;0m1
[0;33m Load param traj_opt/esdf_traj/uniform_time_en failed, use default value: [0;0m0
[0;32m Load param traj_opt/esdf_traj/block_energy_cost success: [0;0m0
[0;32m Load param traj_opt/esdf_traj/opt_accuracy success: [0;0m5e-06
[0;32m Load param traj_opt/esdf_traj/integral_reso success: [0;0m15
[0;32m Load param traj_opt/esdf_traj/smooth_eps success: [0;0m0.01
[0;33m Load param traj_opt/esdf_traj/convex_hull_en failed, use default value: [0;0m0
[0;33m Load param traj_opt/esdf_traj/convex_hull_basis failed, use default value: [0;0m0
[0;33m Load param traj_opt/esdf_traj/convex_hull_subdivision_depth failed, use default value: [0;0m0
[0;33m Load param traj_opt/esdf_traj/convex_hull_cost_version failed, use default value: [0;0m1
[0;33m Load param traj_opt/esdf_traj/convex_hull_alm_en failed, use default value: [0;0m0
[0;33m Load param traj_opt/esdf_traj/convex_hull_alm_warm_start_en failed, use default value: [0;0m1
[0;33m Load param traj_opt/esdf_traj/convex_hull_alm_warm_start_accuracy failed, use default value: [0;0m0.001
[0;33m Load param traj_opt/esdf_traj/convex_hull_alm_active_set_en failed, use default value: [0;0m0
[0;33m Load param traj_opt/esdf_traj/convex_hull_alm_active_set_margin failed, use default value: [0;0m0.05
[0;33m Load param traj_opt/esdf_traj/convex_hull_adaptive_en failed, use default value: [0;0m1
[0;33m Load param traj_opt/esdf_traj/convex_hull_refine_derivative_constraints failed, use default value: [0;0m0
[0;33m Load param traj_opt/esdf_traj/convex_hull_alm_max_outer_iterations failed, use default value: [0;0m4
[0;33m Load param traj_opt/esdf_traj/convex_hull_refine_margin failed, use default value: [0;0m0.05
[0;33m Load param traj_opt/esdf_traj/convex_hull_derivative_refine_margin failed, use default value: [0;0m0.05
[0;33m Load param traj_opt/esdf_traj/convex_hull_alm_position_scale failed, use default value: [0;0m0.25
[0;33m Load param traj_opt/esdf_traj/convex_hull_alm_initial_penalty failed, use default value: [0;0m300000
[0;33m Load param traj_opt/esdf_traj/convex_hull_alm_penalty_growth failed, use default value: [0;0m5
[0;33m Load param traj_opt/esdf_traj/convex_hull_alm_progress_ratio failed, use default value: [0;0m0.5
[0;33m Load param traj_opt/esdf_traj/convex_hull_alm_constraint_tolerance failed, use default value: [0;0m0.01
[0;33m Load param traj_opt/esdf_traj/convex_hull_alm_require_certification failed, use default value: [0;0m1
[0;33m Load param traj_opt/esdf_traj/init_profile_vel_ratio failed, use default value: [0;0m0.65
[0;33m Load param traj_opt/esdf_traj/init_duration_scale failed, use default value: [0;0m1.25
[0;33m Load param traj_opt/esdf_traj/terminal_vel_ratio failed, use default value: [0;0m0
[0;33m Load param traj_opt/esdf_traj/igo/enable failed, use default value: [0;0m0
[0;33m Load param traj_opt/esdf_traj/igo/fallback_to_legacy failed, use default value: [0;0m1
[0;33m Load param traj_opt/esdf_traj/igo/antithetic failed, use default value: [0;0m1
[0;33m Load param traj_opt/esdf_traj/igo/unknown_as_occupied failed, use default value: [0;0m1
[0;33m Load param traj_opt/esdf_traj/igo/population failed, use default value: [0;0m24
[0;33m Load param traj_opt/esdf_traj/igo/generations failed, use default value: [0;0m5
[0;33m Load param traj_opt/esdf_traj/igo/threads failed, use default value: [0;0m4
[0;33m Load param traj_opt/esdf_traj/igo/seed failed, use default value: [0;0m7
[0;33m Load param traj_opt/esdf_traj/igo/hull_subdivision_depth failed, use default value: [0;0m1
[0;33m Load param traj_opt/esdf_traj/igo/no_feasible_expand_generations failed, use default value: [0;0m3
[0;33m Load param traj_opt/esdf_traj/igo/snapshot_max_voxels failed, use default value: [0;0m1000000
[0;33m Load param traj_opt/esdf_traj/igo/elite_ratio failed, use default value: [0;0m0.25
[0;33m Load param traj_opt/esdf_traj/igo/mean_learning_rate failed, use default value: [0;0m0.8
[0;33m Load param traj_opt/esdf_traj/igo/covariance_learning_rate failed, use default value: [0;0m0.2
[0;33m Load param traj_opt/esdf_traj/igo/initial_sigma failed, use default value: [0;0m0.65
[0;33m Load param traj_opt/esdf_traj/igo/min_eigenvalue failed, use default value: [0;0m1e-06
[0;33m Load param traj_opt/esdf_traj/igo/max_condition_number failed, use default value: [0;0m1e+06
[0;33m Load param traj_opt/esdf_traj/igo/covariance_expand_factor failed, use default value: [0;0m1.6
[0;33m Load param traj_opt/esdf_traj/igo/time_min_scale failed, use default value: [0;0m0.45
[0;33m Load param traj_opt/esdf_traj/igo/time_max_scale failed, use default value: [0;0m2.75
[0;33m Load param traj_opt/esdf_traj/igo/spatial_margin failed, use default value: [0;0m0.02
[0;33m Load param traj_opt/esdf_traj/igo/sample_dt failed, use default value: [0;0m0.03
[0;33m Load param traj_opt/esdf_traj/igo/sfc_tolerance failed, use default value: [0;0m1e-06
[0;33m Load param traj_opt/esdf_traj/igo/dynamic_tolerance failed, use default value: [0;0m0.02
[0;33m Load param traj_opt/esdf_traj/igo/energy_weight failed, use default value: [0;0m0.01
[0;33m Load param traj_opt/esdf_traj/igo/guide_weight failed, use default value: [0;0m0.05
[0;33m Load param traj_opt/esdf_traj/igo/unknown_weight failed, use default value: [0;0m0.02
[0;33m Load param traj_opt/esdf_traj/igo/replan_budget_ratio failed, use default value: [0;0m0.45
[0;33m Load param traj_opt/esdf_traj/igo/plan_from_rest_budget failed, use default value: [0;0m0.15
[0;32m Load param traj_opt/boundary/max_vel success: [0;0m15
[0;32m Load param traj_opt/boundary/max_acc success: [0;0m20
[0;32m Load param traj_opt/boundary/max_jerk success: [0;0m120
[0;32m Load param traj_opt/boundary/max_omg success: [0;0m3.5
[0;32m Load param traj_opt/boundary/max_acc_thr success: [0;0m22
[0;32m Load param traj_opt/boundary/min_acc_thr success: [0;0m6
[0;32m Load param traj_opt/boundary/penna_margin success: [0;0m0.05
[0;33m Load param traj_opt/esdf_traj/penna_scale failed, use default value: [0;0m-1
[0;32m Load param traj_opt/esdf_traj/penna_t success: [0;0m12000
[0;33m Load param traj_opt/esdf_traj/penna_ts failed, use default value: [0;0m-1
[0;32m Load param traj_opt/esdf_traj/penna_pos success: [0;0m5e+06
[0;32m Load param traj_opt/esdf_traj/penna_vel success: [0;0m500000
[0;32m Load param traj_opt/esdf_traj/penna_acc success: [0;0m500000
[0;32m Load param traj_opt/esdf_traj/penna_jerk success: [0;0m500000
[0;33m Load param traj_opt/esdf_traj/penna_attract failed, use default value: [0;0m-1
[0;33m Load param traj_opt/esdf_traj/penna_guide_path failed, use default value: [0;0m-1
[0;33m Load param traj_opt/esdf_traj/penna_guide_vel failed, use default value: [0;0m-1
[0;33m Load param traj_opt/esdf_traj/penna_guide_z_tube failed, use default value: [0;0m-1
[0;33m Load param traj_opt/esdf_traj/guide_z_tube_radius failed, use default value: [0;0m-1
[0;33m Load param traj_opt/esdf_traj/guide_path_tube_radius failed, use default value: [0;0m0.25
[0;33m Load param traj_opt/esdf_traj/guide_path_z_tube_radius failed, use default value: [0;0m0.1
[0;33m Load param traj_opt/esdf_traj/guide_path_huber_delta failed, use default value: [0;0m0.25
[0;33m Load param traj_opt/esdf_traj/guide_path_time_gradient_en failed, use default value: [0;0m0
[0;32m Load param traj_opt/esdf_traj/penna_omg success: [0;0m500000
[0;32m Load param traj_opt/esdf_traj/penna_thr success: [0;0m100000
Load config file: /root/ws/real_planner/src/General-Planner/src/Planner/general_planner/config/click_real_highspeed.yaml
[0;32m Load param traj_opt/switch/print_optimizer_log success: [0;0m0
[0;32m Load param traj_opt/flatness/mass success: [0;0m1.64
[0;32m Load param traj_opt/flatness/dh success: [0;0m0.35
[0;32m Load param traj_opt/flatness/dv success: [0;0m0.35
[0;32m Load param traj_opt/flatness/grav success: [0;0m9.81
[0;32m Load param traj_opt/flatness/cp success: [0;0m0.001
[0;32m Load param traj_opt/flatness/v_eps success: [0;0m0.0001
[0;32m Load param traj_opt/switch/save_log_en success: [0;0m0
[0;33m Load param traj_opt/plain_traj/pos_constraint_type failed, use default value: [0;0m2
[0;33m Load param traj_opt/plain_traj/piece_num failed, use default value: [0;0m1
[0;33m Load param traj_opt/plain_traj/uniform_time_en failed, use default value: [0;0m0
[0;33m Load param traj_opt/plain_traj/block_energy_cost failed, use default value: [0;0m0
[0;33m Load param traj_opt/plain_traj/opt_accuracy failed, use default value: [0;0m1e-05
[0;33m Load param traj_opt/plain_traj/integral_reso failed, use default value: [0;0m10
[0;33m Load param traj_opt/plain_traj/smooth_eps failed, use default value: [0;0m0.01
[0;33m Load param traj_opt/plain_traj/convex_hull_en failed, use default value: [0;0m0
[0;33m Load param traj_opt/plain_traj/convex_hull_basis failed, use default value: [0;0m0
[0;33m Load param traj_opt/plain_traj/convex_hull_subdivision_depth failed, use default value: [0;0m0
[0;33m Load param traj_opt/plain_traj/convex_hull_cost_version failed, use default value: [0;0m1
[0;33m Load param traj_opt/plain_traj/convex_hull_alm_en failed, use default value: [0;0m0
[0;33m Load param traj_opt/plain_traj/convex_hull_alm_warm_start_en failed, use default value: [0;0m1
[0;33m Load param traj_opt/plain_traj/convex_hull_alm_warm_start_accuracy failed, use default value: [0;0m0.001
[0;33m Load param traj_opt/plain_traj/convex_hull_alm_active_set_en failed, use default value: [0;0m0
[0;33m Load param traj_opt/plain_traj/convex_hull_alm_active_set_margin failed, use default value: [0;0m0.05
[0;33m Load param traj_opt/plain_traj/convex_hull_adaptive_en failed, use default value: [0;0m1
[0;33m Load param traj_opt/plain_traj/convex_hull_refine_derivative_constraints failed, use default value: [0;0m0
[0;33m Load param traj_opt/plain_traj/convex_hull_alm_max_outer_iterations failed, use default value: [0;0m4
[0;33m Load param traj_opt/plain_traj/convex_hull_refine_margin failed, use default value: [0;0m0.05
[0;33m Load param traj_opt/plain_traj/convex_hull_derivative_refine_margin failed, use default value: [0;0m0.05
[0;33m Load param traj_opt/plain_traj/convex_hull_alm_position_scale failed, use default value: [0;0m0.25
[0;33m Load param traj_opt/plain_traj/convex_hull_alm_initial_penalty failed, use default value: [0;0m300000
[0;33m Load param traj_opt/plain_traj/convex_hull_alm_penalty_growth failed, use default value: [0;0m5
[0;33m Load param traj_opt/plain_traj/convex_hull_alm_progress_ratio failed, use default value: [0;0m0.5
[0;33m Load param traj_opt/plain_traj/convex_hull_alm_constraint_tolerance failed, use default value: [0;0m0.01
[0;33m Load param traj_opt/plain_traj/convex_hull_alm_require_certification failed, use default value: [0;0m1
[0;33m Load param traj_opt/plain_traj/init_profile_vel_ratio failed, use default value: [0;0m0.65
[0;33m Load param traj_opt/plain_traj/init_duration_scale failed, use default value: [0;0m1.25
[0;33m Load param traj_opt/plain_traj/terminal_vel_ratio failed, use default value: [0;0m0
[0;33m Load param traj_opt/plain_traj/igo/enable failed, use default value: [0;0m0
[0;33m Load param traj_opt/plain_traj/igo/fallback_to_legacy failed, use default value: [0;0m1
[0;33m Load param traj_opt/plain_traj/igo/antithetic failed, use default value: [0;0m1
[0;33m Load param traj_opt/plain_traj/igo/unknown_as_occupied failed, use default value: [0;0m1
[0;33m Load param traj_opt/plain_traj/igo/population failed, use default value: [0;0m24
[0;33m Load param traj_opt/plain_traj/igo/generations failed, use default value: [0;0m5
[0;33m Load param traj_opt/plain_traj/igo/threads failed, use default value: [0;0m4
[0;33m Load param traj_opt/plain_traj/igo/seed failed, use default value: [0;0m7
[0;33m Load param traj_opt/plain_traj/igo/hull_subdivision_depth failed, use default value: [0;0m1
[0;33m Load param traj_opt/plain_traj/igo/no_feasible_expand_generations failed, use default value: [0;0m3
[0;33m Load param traj_opt/plain_traj/igo/snapshot_max_voxels failed, use default value: [0;0m1000000
[0;33m Load param traj_opt/plain_traj/igo/elite_ratio failed, use default value: [0;0m0.25
[0;33m Load param traj_opt/plain_traj/igo/mean_learning_rate failed, use default value: [0;0m0.8
[0;33m Load param traj_opt/plain_traj/igo/covariance_learning_rate failed, use default value: [0;0m0.2
[0;33m Load param traj_opt/plain_traj/igo/initial_sigma failed, use default value: [0;0m0.65
[0;33m Load param traj_opt/plain_traj/igo/min_eigenvalue failed, use default value: [0;0m1e-06
[0;33m Load param traj_opt/plain_traj/igo/max_condition_number failed, use default value: [0;0m1e+06
[0;33m Load param traj_opt/plain_traj/igo/covariance_expand_factor failed, use default value: [0;0m1.6
[0;33m Load param traj_opt/plain_traj/igo/time_min_scale failed, use default value: [0;0m0.45
[0;33m Load param traj_opt/plain_traj/igo/time_max_scale failed, use default value: [0;0m2.75
[0;33m Load param traj_opt/plain_traj/igo/spatial_margin failed, use default value: [0;0m0.02
[0;33m Load param traj_opt/plain_traj/igo/sample_dt failed, use default value: [0;0m0.03
[0;33m Load param traj_opt/plain_traj/igo/sfc_tolerance failed, use default value: [0;0m1e-06
[0;33m Load param traj_opt/plain_traj/igo/dynamic_tolerance failed, use default value: [0;0m0.02
[0;33m Load param traj_opt/plain_traj/igo/energy_weight failed, use default value: [0;0m0.01
[0;33m Load param traj_opt/plain_traj/igo/guide_weight failed, use default value: [0;0m0.05
[0;33m Load param traj_opt/plain_traj/igo/unknown_weight failed, use default value: [0;0m0.02
[0;33m Load param traj_opt/plain_traj/igo/replan_budget_ratio failed, use default value: [0;0m0.45
[0;33m Load param traj_opt/plain_traj/igo/plan_from_rest_budget failed, use default value: [0;0m0.15
[0;32m Load param traj_opt/boundary/max_vel success: [0;0m15
[0;32m Load param traj_opt/boundary/max_acc success: [0;0m20
[0;32m Load param traj_opt/boundary/max_jerk success: [0;0m120
[0;32m Load param traj_opt/boundary/max_omg success: [0;0m3.5
[0;32m Load param traj_opt/boundary/max_acc_thr success: [0;0m22
[0;32m Load param traj_opt/boundary/min_acc_thr success: [0;0m6
[0;32m Load param traj_opt/boundary/penna_margin success: [0;0m0.05
[0;33m Load param traj_opt/plain_traj/penna_scale failed, use default value: [0;0m-1
[0;33m Load param traj_opt/plain_traj/penna_t failed, use default value: [0;0m-1
[0;33m Load param traj_opt/plain_traj/penna_ts failed, use default value: [0;0m-1
[0;33m Load param traj_opt/plain_traj/penna_pos failed, use default value: [0;0m-1
[0;33m Load param traj_opt/plain_traj/penna_vel failed, use default value: [0;0m-1
[0;33m Load param traj_opt/plain_traj/penna_acc failed, use default value: [0;0m-1
[0;33m Load param traj_opt/plain_traj/penna_jerk failed, use default value: [0;0m-1
[0;33m Load param traj_opt/plain_traj/penna_attract failed, use default value: [0;0m-1
[0;33m Load param traj_opt/plain_traj/penna_guide_path failed, use default value: [0;0m-1
[0;33m Load param traj_opt/plain_traj/penna_guide_vel failed, use default value: [0;0m-1
[0;33m Load param traj_opt/plain_traj/penna_guide_z_tube failed, use default value: [0;0m-1
[0;33m Load param traj_opt/plain_traj/guide_z_tube_radius failed, use default value: [0;0m-1
[0;33m Load param traj_opt/plain_traj/guide_path_tube_radius failed, use default value: [0;0m0.25
[0;33m Load param traj_opt/plain_traj/guide_path_z_tube_radius failed, use default value: [0;0m0.1
[0;33m Load param traj_opt/plain_traj/guide_path_huber_delta failed, use default value: [0;0m0.25
[0;33m Load param traj_opt/plain_traj/guide_path_time_gradient_en failed, use default value: [0;0m0
[0;33m Load param traj_opt/plain_traj/penna_omg failed, use default value: [0;0m-1
[0;33m Load param traj_opt/plain_traj/penna_thr failed, use default value: [0;0m-1
[0;32m Load param general_planner/print_log success: [0;0m0
[0;32m Load param general_planner/detailed_log_en success: [0;0m0
[0;32m Load param general_planner/visualization_en success: [0;0m1
[0;32m Load param general_planner/backup_traj_en success: [0;0m1
[0;32m Load param general_planner/esdf_traj_en success: [0;0m0
[0;33m Load param general_planner/plain_traj_en failed, use default value: [0;0m0
[0;32m Load param general_planner/esdf_safe_distance success: [0;0m0.3
[0;32m Load param general_planner/goal_vel_en success: [0;0m0
[0;32m Load param general_planner/goal_yaw_en success: [0;0m0
[0;32m Load param general_planner/visual_process success: [0;0m0
[0;32m Load param general_planner/use_fov_cut success: [0;0m0
[0;32m Load param general_planner/frontend_in_known_free success: [0;0m0
[0;32m Load param general_planner/safe_corridor_line_max_length success: [0;0m15
[0;32m Load param general_planner/sensing_horizon success: [0;0m-1
[0;32m Load param general_planner/obs_skip_num success: [0;0m2
[0;32m Load param general_planner/replan_forward_dt success: [0;0m0.1
[0;32m Load param general_planner/corridor_bound_dis success: [0;0m2
[0;32m Load param general_planner/corridor_line_max_length success: [0;0m2
[0;32m Load param general_planner/planning_horizon success: [0;0m15
[0;32m Load param general_planner/receding_dis success: [0;0m8
[0;32m Load param general_planner/robot_r success: [0;0m0.2
[0;32m Load param general_planner/frontend_astar_time_out success: [0;0m0.35
[0;32m Load param general_planner/over_wall_search_en success: [0;0m1
[0;32m Load param general_planner/over_wall_max_climb success: [0;0m3
[0;32m Load param general_planner/over_wall_height_step success: [0;0m0.3
[0;32m Load param general_planner/over_wall_min_blocked_span success: [0;0m0.8
[0;32m Load param general_planner/over_wall_min_progress_gain success: [0;0m0.5
[0;32m Load param general_planner/over_wall_forward_ratio success: [0;0m0.9
[0;32m Load param general_planner/dynamic_obstacle_layer/enable success: [0;0m0
[0;32m Load param general_planner/dynamic_obstacle_layer/ttl success: [0;0m0.35
[0;32m Load param general_planner/dynamic_obstacle_layer/voxel_size success: [0;0m0.2
[0;32m Load param general_planner/dynamic_obstacle_layer/inflation_radius success: [0;0m0.4
[0;32m Load param general_planner/dynamic_obstacle_layer/line_check_step success: [0;0m0.05
[0;32m Load param general_planner/dynamic_obstacle_layer/max_points_per_frame success: [0;0m30000
[0;32m Load param general_planner/dynamic_obstacle_layer/local_half_size success: [0;0m[12 12 3 ]
[0;32m Load param general_planner/state2state/direct_line_frontend_enable success: [0;0m1
[0;32m Load param general_planner/state2state/altitude_guard_enable success: [0;0m1
[0;32m Load param general_planner/state2state/altitude_band success: [0;0m0.25
[0;32m Load param general_planner/state2state/altitude_escape_enable success: [0;0m1
[0;32m Load param general_planner/state2state/altitude_escape_band success: [0;0m3.5
[0;32m Load param general_planner/state2state/over_goal_guard_enable success: [0;0m1
[0;32m Load param general_planner/state2state/over_goal_tolerance success: [0;0m0.25
[0;32m Load param general_planner/state2state/near_goal_radius success: [0;0m2
[0;32m Load param general_planner/state2state/accept_exp_without_backup_near_goal success: [0;0m1
[0;32m Load param general_planner/unknown_goal_reveal_en success: [0;0m1
[0;32m Load param general_planner/iris_iter_num success: [0;0m2
[0;32m Load param general_planner/ellipsoid_optimizer success: [0;0mclassic
[0;32m Load param general_planner/ellipsoid_optimizer_fallback success: [0;0m0
[0;32m Load param general_planner/yaw_mode success: [0;0m1
[0;32m Load param general_planner/mpc_horizon success: [0;0m15
[0;32m Load param general_planner/yaw_dot_max success: [0;0m3
[0;33m Load param general_planner/se3_aggressive/enable failed, use default value: [0;0m1
[0;33m Load param general_planner/se3_aggressive/piece_num failed, use default value: [0;0m4
[0;33m Load param general_planner/se3_aggressive/reference_speed failed, use default value: [0;0m3
[0;33m Load param general_planner/se3_aggressive/min_duration failed, use default value: [0;0m0.5
[0;33m Load param general_planner/se3_aggressive/max_duration failed, use default value: [0;0m8
[0;33m Load param general_planner/se3_aggressive/horiz_half_len failed, use default value: [0;0m0.35
[0;33m Load param general_planner/se3_aggressive/vert_half_len failed, use default value: [0;0m0.12
[0;33m Load param general_planner/se3_aggressive/safe_margin failed, use default value: [0;0m0.05
[0;33m Load param general_planner/se3_aggressive/max_vel failed, use default value: [0;0m8
[0;33m Load param general_planner/se3_aggressive/thrust_acc_min failed, use default value: [0;0m4
[0;33m Load param general_planner/se3_aggressive/thrust_acc_max failed, use default value: [0;0m20
[0;33m Load param general_planner/se3_aggressive/body_rate_max failed, use default value: [0;0m5
[0;33m Load param general_planner/se3_aggressive/yaw_rate_max failed, use default value: [0;0m3
[0;33m Load param general_planner/se3_aggressive/weight_time failed, use default value: [0;0m10
[0;33m Load param general_planner/se3_aggressive/weight_corridor failed, use default value: [0;0m10000
[0;33m Load param general_planner/se3_aggressive/weight_vel failed, use default value: [0;0m1000
[0;33m Load param general_planner/se3_aggressive/weight_thrust failed, use default value: [0;0m1000
[0;33m Load param general_planner/se3_aggressive/weight_body_rate failed, use default value: [0;0m1000
[0;33m Load param general_planner/se3_aggressive/use_yaw failed, use default value: [0;0m0
[0;33m Load param general_planner/se3_aggressive/yaw_heading_to_velocity failed, use default value: [0;0m1
[0;33m Load param general_planner/se3_aggressive/use_corridor failed, use default value: [0;0m1
[0;33m Load param general_planner/se3_aggressive/runtime_check_enable failed, use default value: [0;0m1
[0;33m Load param general_planner/se3_aggressive/use_numeric_shape_gradient failed, use default value: [0;0m1
[0;33m Load param general_planner/tracking/distance failed, use default value: [0;0m2.2
[0;33m Load param general_planner/tracking/distance_tolerance failed, use default value: [0;0m0.8
[0;33m Load param general_planner/tracking/distance_lower_tolerance failed, use default value: [0;0m0.8
[0;33m Load param general_planner/tracking/distance_upper_tolerance failed, use default value: [0;0m0.8
[0;33m Load param general_planner/tracking/height_offset failed, use default value: [0;0m0.7
[0;33m Load param general_planner/tracking/height_tolerance failed, use default value: [0;0m0.6
[0;33m Load param general_planner/tracking/safe_distance failed, use default value: [0;0m0.35
[0;33m Load param general_planner/tracking/hard_safe_distance failed, use default value: [0;0m0.22
[0;33m Load param general_planner/tracking/narrow_passage_enable failed, use default value: [0;0m1
[0;33m Load param general_planner/tracking/narrow_passage_clearance_threshold failed, use default value: [0;0m0.38
[0;33m Load param general_planner/tracking/narrow_passage_soft_safe_distance_scale failed, use default value: [0;0m0.65
[0;33m Load param general_planner/tracking/visibility_safe_distance failed, use default value: [0;0m0.25
[0;33m Load param general_planner/tracking/visibility_cone_ratio failed, use default value: [0;0m0.12
[0;33m Load param general_planner/tracking/visibility_angle_clearance failed, use default value: [0;0m0.0872665
[0;33m Load param general_planner/tracking/adaptive_occlusion_enable failed, use default value: [0;0m1
[0;33m Load param general_planner/tracking/adaptive_occlusion_activation_distance failed, use default value: [0;0m0.25
[0;33m Load param general_planner/tracking/adaptive_occlusion_max_weight_scale failed, use default value: [0;0m12
[0;33m Load param general_planner/tracking/adaptive_occlusion_recovery_oe_scale failed, use default value: [0;0m8
[0;33m Load param general_planner/tracking/adaptive_occlusion_od_far_weight_scale failed, use default value: [0;0m4
[0;33m Load param general_planner/tracking/adaptive_occlusion_distance_upper_scale failed, use default value: [0;0m0.65
[0;33m Load param general_planner/tracking/adaptive_occlusion_min_horizontal_upper failed, use default value: [0;0m0.85
[0;33m Load param general_planner/tracking/adaptive_occlusion_postcheck_enable failed, use default value: [0;0m1
[0;33m Load param general_planner/tracking/reacquire_distance failed, use default value: [0;0m6
[0;33m Load param general_planner/tracking/min_commit_duration failed, use default value: [0;0m0.8
[0;33m Load param general_planner/tracking/low_speed_velocity_threshold failed, use default value: [0;0m0.25
[0;33m Load param general_planner/tracking/angular_hysteresis failed, use default value: [0;0m0.35
[0;33m Load param general_planner/tracking/runtime_manager_enable failed, use default value: [0;0m1
[0;33m Load param general_planner/tracking/anti_rollback_enable failed, use default value: [0;0m1
[0;33m Load param general_planner/tracking/anti_rollback_horizon failed, use default value: [0;0m1
[0;33m Load param general_planner/tracking/anti_rollback_dt failed, use default value: [0;0m0.25
[0;33m Load param general_planner/tracking/anti_rollback_margin failed, use default value: [0;0m0.35
[0;33m Load param general_planner/tracking/keep_old_horizon failed, use default value: [0;0m1
[0;33m Load param general_planner/tracking/keep_old_safety_dt failed, use default value: [0;0m0.05
[0;33m Load param general_planner/tracking/keep_old_short_safety_grace_enable failed, use default value: [0;0m1
[0;33m Load param general_planner/tracking/keep_old_short_safety_grace_horizon failed, use default value: [0;0m0.25
[0;33m Load param general_planner/tracking/keep_old_min_remaining failed, use default value: [0;0m0.45
[0;33m Load param general_planner/tracking/keep_old_min_speed failed, use default value: [0;0m0.15
[0;33m Load param general_planner/tracking/keep_old_min_displacement failed, use default value: [0;0m0.04
[0;33m Load param general_planner/tracking/keep_old_min_progress_ratio failed, use default value: [0;0m0.1
[0;33m Load param general_planner/tracking/keep_old_max_tracking_error_scale failed, use default value: [0;0m1.25
[0;33m Load param general_planner/tracking/max_consecutive_keep_old failed, use default value: [0;0m2
[0;33m Load param general_planner/tracking/no_motion_guard_enable failed, use default value: [0;0m1
[0;33m Load param general_planner/tracking/no_motion_check_horizon failed, use default value: [0;0m0.35
[0;33m Load param general_planner/tracking/no_motion_min_displacement failed, use default value: [0;0m0.04
[0;33m Load param general_planner/tracking/motion_3d_enable failed, use default value: [0;0m1
[0;33m Load param general_planner/tracking/vertical_motion_threshold failed, use default value: [0;0m0.12
[0;33m Load param general_planner/tracking/no_motion_min_displacement_z failed, use default value: [0;0m0.04
[0;33m Load param general_planner/tracking/keep_old_min_progress_3d_ratio failed, use default value: [0;0m0.08
[0;33m Load param general_planner/tracking/no_motion_target_speed_threshold failed, use default value: [0;0m0.25
[0;33m Load param general_planner/tracking/commit_start_time_tolerance failed, use default value: [0;0m0.05
[0;33m Load param general_planner/tracking/detour_grace_enable failed, use default value: [0;0m1
[0;33m Load param general_planner/tracking/detour_grace_horizon failed, use default value: [0;0m1.2
[0;33m Load param general_planner/tracking/detour_max_tracking_error_scale failed, use default value: [0;0m2.5
[0;33m Load param general_planner/tracking/anti_rollback_eval_after_prefix failed, use default value: [0;0m1
[0;33m Load param general_planner/tracking/candidate_angle_step failed, use default value: [0;0m0.392699
[0;33m Load param general_planner/tracking/candidate_radius_num failed, use default value: [0;0m3
[0;33m Load param general_planner/tracking/visibility_samples failed, use default value: [0;0m5
[0;33m Load param general_planner/tracking/recovery_enable failed, use default value: [0;0m1
[0;33m Load param general_planner/tracking/recovery_horizon failed, use default value: [0;0m1.5
[0;33m Load param general_planner/tracking/recovery_distance_tolerance_scale failed, use default value: [0;0m1.8
[0;33m Load param general_planner/tracking/recovery_height_tolerance_scale failed, use default value: [0;0m1.8
[0;33m Load param general_planner/tracking/recovery_time_scale failed, use default value: [0;0m1.4
[0;33m Load param general_planner/tracking/recovery_reduce_visible_region_weight failed, use default value: [0;0m0.3
[0;33m Load param general_planner/tracking/recovery_reduce_target_forward_weight failed, use default value: [0;0m0.5
[0;33m Load param general_planner/tracking/soft_recovery_enable failed, use default value: [0;0m1
[0;33m Load param general_planner/tracking/soft_recovery_margin failed, use default value: [0;0m0.2
[0;33m Load param general_planner/tracking/soft_recovery_hold_duration failed, use default value: [0;0m0.8
[0;33m Load param general_planner/tracking/reacquire_recovery_enable failed, use default value: [0;0m1
[0;33m Load param general_planner/tracking/reacquire_recovery_horizon failed, use default value: [0;0m0.8
[0;33m Load param general_planner/tracking/reacquire_transit_enable failed, use default value: [0;0m1
[0;33m Load param general_planner/tracking/reacquire_transit_horizon_scale failed, use default value: [0;0m0.6
[0;33m Load param general_planner/tracking/reacquire_transit_max_horizon failed, use default value: [0;0m2.5
[0;33m Load param general_planner/tracking/reacquire_visible_region_weight_scale failed, use default value: [0;0m0
[0;33m Load param general_planner/tracking/reacquire_fov_relax_enable failed, use default value: [0;0m1
[0;33m Load param general_planner/tracking/reacquire_fov_deferred_strict_enable failed, use default value: [0;0m1
[0;33m Load param general_planner/tracking/reacquire_fov_entry_distance failed, use default value: [0;0m6
[0;33m Load param general_planner/tracking/reacquire_min_progress_distance failed, use default value: [0;0m0.5
[0;33m Load param general_planner/tracking/reacquire_min_progress_ratio failed, use default value: [0;0m0.1
[0;33m Load param general_planner/tracking/reacquire_fov_range_grace failed, use default value: [0;0m8
[0;33m Load param general_planner/tracking/reacquire_fov_angular_grace_deg failed, use default value: [0;0m8
[0;33m Load param general_planner/tracking/optimizer_commit_safety_precheck_enable failed, use default value: [0;0m1
[0;33m Load param general_planner/tracking/retry_without_corridor_enable failed, use default value: [0;0m1
[0;33m Load param general_planner/tracking/fallback_relax_enable failed, use default value: [0;0m1
[0;33m Load param general_planner/tracking/fallback_distance_tolerance_scale failed, use default value: [0;0m1.6
[0;33m Load param general_planner/tracking/fallback_height_tolerance_scale failed, use default value: [0;0m1.5
[0;33m Load param general_planner/tracking/fallback_candidate_radius_extra failed, use default value: [0;0m2
[0;33m Load param general_planner/tracking/fallback_candidate_angle_step_scale failed, use default value: [0;0m0.5
[0;33m Load param general_planner/tracking/fallback_search_horizon_scale failed, use default value: [0;0m1.3
[0;33m Load param general_planner/tracking/frontend_elastic_enable failed, use default value: [0;0m1
[0;33m Load param general_planner/tracking/frontend_elastic_distance_tolerance_scale failed, use default value: [0;0m2
[0;33m Load param general_planner/tracking/frontend_elastic_height_tolerance_scale failed, use default value: [0;0m2
[0;33m Load param general_planner/tracking/frontend_partial_guide_enable failed, use default value: [0;0m1
[0;33m Load param general_planner/tracking/frontend_partial_min_duration failed, use default value: [0;0m0.45
[0;33m Load param general_planner/tracking/frontend_partial_min_samples failed, use default value: [0;0m2
[0;33m Load param general_planner/tracking/weight_od_near failed, use default value: [0;0m20
[0;33m Load param general_planner/tracking/weight_od_far failed, use default value: [0;0m5
[0;33m Load param general_planner/tracking/weight_od_vertical failed, use default value: [0;0m8
[0;33m Load param general_planner/tracking/weight_oa failed, use default value: [0;0m5
[0;33m Load param general_planner/tracking/weight_oe failed, use default value: [0;0m1
[0;33m Load param general_planner/tracking/weight_relative_velocity failed, use default value: [0;0m1
[0;33m Load param general_planner/tracking/weight_tangent_velocity failed, use default value: [0;0m5
[0;33m Load param general_planner/tracking/weight_viewpoint_attractor failed, use default value: [0;0m50
[0;33m Load param general_planner/tracking/weight_visible_region failed, use default value: [0;0m3
[0;33m Load param general_planner/tracking/weight_fov failed, use default value: [0;0m20
[0;33m Load param general_planner/tracking/weight_target_forward failed, use default value: [0;0m15
[0;33m Load param general_planner/tracking/static_distance_tolerance_scale failed, use default value: [0;0m0.35
[0;33m Load param general_planner/tracking/static_height_tolerance_scale failed, use default value: [0;0m0.5
[0;33m Load param general_planner/tracking/static_tangent_weight_scale failed, use default value: [0;0m3
[0;33m Load param general_planner/tracking/static_tail_speed_epsilon failed, use default value: [0;0m0.08
[0;33m Load param general_planner/tracking/fov_horizontal_deg failed, use default value: [0;0m90
[0;33m Load param general_planner/tracking/fov_vertical_deg failed, use default value: [0;0m60
[0;33m Load param general_planner/tracking/fov_range failed, use default value: [0;0m4
[0;33m Load param general_planner/tracking/target_front_margin failed, use default value: [0;0m0.15
[0;33m Load param general_planner/tracking/fov_commit_check_enable failed, use default value: [0;0m1
[0;33m Load param general_planner/tracking/fov_check_strict failed, use default value: [0;0m1
[0;33m Load param general_planner/tracking/fov_check_dt failed, use default value: [0;0m0.03
[0;33m Load param general_planner/tracking/fov_range_grace_enable failed, use default value: [0;0m1
[0;33m Load param general_planner/tracking/fov_range_grace failed, use default value: [0;0m0.9
[0;33m Load param general_planner/tracking/fov_keep_old_angular_grace_deg failed, use default value: [0;0m5
[0;33m Load param general_planner/tracking/fov_keep_old_violation_ratio_grace failed, use default value: [0;0m0.25
[0;33m Load param general_planner/tracking/fov_range_margin failed, use default value: [0;0m0.05
[0;33m Load param general_planner/tracking/fov_front_margin failed, use default value: [0;0m0.05
[0;33m Load param general_planner/tracking/fov_check_first_commit failed, use default value: [0;0m1
[0;33m Load param general_planner/tracking/keep_old_requires_fov failed, use default value: [0;0m1
[0;33m Load param general_planner/tracking/frontend_fov_feasibility_enable failed, use default value: [0;0m1
[0;33m Load param general_planner/tracking/frontend_yaw_rate_feasibility_enable failed, use default value: [0;0m1
[0;33m Load param general_planner/tracking/frontend_fov_range_margin failed, use default value: [0;0m0.05
[0;33m Load param general_planner/tracking/frontend_yaw_rate_margin failed, use default value: [0;0m0.1
[0;33m Load param general_planner/tracking/frontend_obstacle_recovery_enable failed, use default value: [0;0m1
[0;33m Load param general_planner/tracking/frontend_grid_neighbor_mode failed, use default value: [0;0m26
[0;33m Load param general_planner/tracking/frontend_over_wall_enable failed, use default value: [0;0m1
[0;33m Load param general_planner/tracking/frontend_over_wall_max_climb failed, use default value: [0;0m2
[0;33m Load param general_planner/tracking/frontend_side_pass_enable failed, use default value: [0;0m1
[0;33m Load param general_planner/tracking/frontend_side_pass_width failed, use default value: [0;0m1.5
[0;33m Load param general_planner/tracking/frontend_reacquire_relax_yaw_rate failed, use default value: [0;0m1
[0;33m Load param general_planner/tracking/joint_sample_dt failed, use default value: [0;0m0.05
[0;33m Load param general_planner/tracking/dense_joint_sample_enable failed, use default value: [0;0m1
[0;33m Load param general_planner/tracking/unknown_as_occupied failed, use default value: [0;0m0
[0;33m Load param general_planner/tracking/frontend_astar failed, use default value: [0;0m1
[0;33m Load param general_planner/tracking/use_visible_region failed, use default value: [0;0m1
[0;33m Load param general_planner/tracking/use_snap failed, use default value: [0;0m0
[0;33m Load param general_planner/perching/robot_l failed, use default value: [0;0m0.28
[0;33m Load param general_planner/perching/v_plus failed, use default value: [0;0m0.8
[0;33m Load param general_planner/perching/pre_contact_distance failed, use default value: [0;0m0.55
[0;33m Load param general_planner/perching/terminal_relax_time failed, use default value: [0;0m0.35
[0;33m Load param general_planner/perching/safe_distance failed, use default value: [0;0m0
[0;33m Load param general_planner/perching/platform_radius failed, use default value: [0;0m0.35
[0;33m Load param general_planner/perching/robot_radius failed, use default value: [0;0m0.25
[0;33m Load param general_planner/perching/platform_clearance failed, use default value: [0;0m0.05
[0;33m Load param general_planner/perching/thrust_nominal failed, use default value: [0;0m9.81
[0;33m Load param general_planner/perching/thrust_range failed, use default value: [0;0m2
[0;33m Load param general_planner/perching/weight_nu failed, use default value: [0;0m0.01
[0;33m Load param general_planner/perching/weight_tau_f failed, use default value: [0;0m0.001
[0;33m Load param general_planner/perching/min_duration failed, use default value: [0;0m0.6
[0;33m Load param general_planner/perching/max_duration failed, use default value: [0;0m4
[0;33m Load param general_planner/perching/reference_speed failed, use default value: [0;0m2
[0;33m Load param general_planner/perching/relative_z_min failed, use default value: [0;0m0.1
[0;33m Load param general_planner/perching/relative_z_max failed, use default value: [0;0m3
[0;33m Load param general_planner/perching/weight_relative_height failed, use default value: [0;0m1
[0;33m Load param general_planner/perching/visual_min_distance failed, use default value: [0;0m0.2
[0;33m Load param general_planner/perching/visual_activation_distance failed, use default value: [0;0m3
[0;33m Load param general_planner/perching/visual_fx failed, use default value: [0;0m1
[0;33m Load param general_planner/perching/visual_fy failed, use default value: [0;0m1
[0;33m Load param general_planner/perching/terminal_pos_tolerance failed, use default value: [0;0m0.15
[0;33m Load param general_planner/perching/terminal_vel_tolerance failed, use default value: [0;0m0.5
[0;33m Load param general_planner/perching/contact_time_margin failed, use default value: [0;0m0.15
[0;33m Load param general_planner/perching/contact_distance_tolerance failed, use default value: [0;0m0.12
[0;33m Load param general_planner/perching/max_replan_fail_keep failed, use default value: [0;0m3
[0;33m Load param general_planner/perching/rotate_surface_with_yaw_rate failed, use default value: [0;0m1
[0;33m Load param general_planner/perching/frontend_astar failed, use default value: [0;0m1
[0;33m Load param general_planner/perching/use_dynamics_terminal_accel failed, use default value: [0;0m1
[0;33m Load param general_planner/perching/contact_occupancy_allowance_enable failed, use default value: [0;0m1
[0;33m Load param general_planner/perching/contact_linefree_allowance_enable failed, use default value: [0;0m1
[0;33m Load param general_planner/perching/contact_occupancy_normal_tolerance failed, use default value: [0;0m0.2
[0;33m Load param general_planner/perching/contact_occupancy_tangent_margin failed, use default value: [0;0m0.15
[0;33m Load param general_planner/perching/duration_margin failed, use default value: [0;0m0.2
[0;33m Load param general_planner/perching/duration_tolerance failed, use default value: [0;0m0.15
[0;33m Load param general_planner/perching/allow_long_standalone failed, use default value: [0;0m0
[0;33m Load param general_planner/perching/time_upper_bound_weight failed, use default value: [0;0m5000
[0;33m Load param general_planner/perching/duration_seed_weight failed, use default value: [0;0m50
[0;33m Load param general_planner/perching/max_piece_duration failed, use default value: [0;0m1.2
[0;33m Load param general_planner/perching/min_piece_num failed, use default value: [0;0m3
[0;33m Load param general_planner/perching/max_piece_num failed, use default value: [0;0m8
[0;33m Load param general_planner/perching/multi_point_guide_enable failed, use default value: [0;0m1
[0;33m Load param general_planner/perching/moving_guide_sample_num failed, use default value: [0;0m4
[0;33m Load param general_planner/perching/tau_f_seed_limit failed, use default value: [0;0m1.3
[0;33m Load param general_planner/perching/reset_surface_time failed, use default value: [0;0m1
[0;33m Load param general_planner/takeoff/robot_l failed, use default value: [0;0m0.28
[0;33m Load param general_planner/takeoff/robot_radius failed, use default value: [0;0m0.25
[0;33m Load param general_planner/takeoff/platform_radius failed, use default value: [0;0m0.35
[0;33m Load param general_planner/takeoff/platform_clearance failed, use default value: [0;0m0.05
[0;33m Load param general_planner/takeoff/release_contact_time failed, use default value: [0;0m0.2
[0;33m Load param general_planner/takeoff/escape_distance failed, use default value: [0;0m1
[0;33m Load param general_planner/takeoff/escape_height failed, use default value: [0;0m0.8
[0;33m Load param general_planner/takeoff/reference_speed failed, use default value: [0;0m1.5
[0;33m Load param general_planner/takeoff/min_duration failed, use default value: [0;0m0.6
[0;33m Load param general_planner/takeoff/max_duration failed, use default value: [0;0m3
[0;33m Load param general_planner/takeoff/safe_distance failed, use default value: [0;0m0.35
[0;33m Load param general_planner/takeoff/piece_num failed, use default value: [0;0m3
[0;33m Load param general_planner/takeoff/frontend_astar failed, use default value: [0;0m1
[0;33m Load param general_planner/takeoff/use_tangent_release_velocity failed, use default value: [0;0m0
[0;33m Load param general_planner/takeoff/weight_eta failed, use default value: [0;0m1
[0;33m Load param general_planner/takeoff/weight_tau_f failed, use default value: [0;0m0.001
[0;33m Load param general_planner/takeoff/platform_clearance_after_release failed, use default value: [0;0m0.08
[0;33m Load param general_planner/tracking_perching/enable failed, use default value: [0;0m1
[0;33m Load param general_planner/tracking_perching/auto_trigger_enable failed, use default value: [0;0m0
[0;33m Load param general_planner/tracking_perching/require_external_request failed, use default value: [0;0m1
[0;33m Load param general_planner/tracking_perching/readiness_min_distance failed, use default value: [0;0m0.5
[0;33m Load param general_planner/tracking_perching/readiness_max_distance failed, use default value: [0;0m3
[0;33m Load param general_planner/tracking_perching/readiness_max_relative_speed failed, use default value: [0;0m2
[0;33m Load param general_planner/tracking_perching/readiness_max_lateral_speed failed, use default value: [0;0m1.5
[0;33m Load param general_planner/tracking_perching/readiness_max_required_duration failed, use default value: [0;0m3
[0;33m Load param general_planner/tracking_perching/readiness_min_prediction_time failed, use default value: [0;0m1.2
[0;33m Load param general_planner/tracking_perching/readiness_hold_cycles failed, use default value: [0;0m3
[0;33m Load param general_planner/tracking_perching/handover_delay failed, use default value: [0;0m0
[0;33m Load param general_planner/tracking_perching/prefix_ratio failed, use default value: [0;0m0.4
[0;33m Load param general_planner/tracking_perching/reference_speed failed, use default value: [0;0m2
[0;33m Load param general_planner/tracking_perching/max_seed_duration failed, use default value: [0;0m3
[0;33m Load param general_planner/tracking_perching/use_tracking_suffix failed, use default value: [0;0m1
[0;33m Load param general_planner/tracking_perching/stitch_prefix failed, use default value: [0;0m1
[0;33m Load param general_planner/tracking_perching/commit_only_after_candidate_check failed, use default value: [0;0m1
[0;33m Load param general_planner/tracking_perching/abort_to_tracking_enable failed, use default value: [0;0m1
[0;33m Load param general_planner/swarm/enable failed, use default value: [0;0m0
[0;33m Load param general_planner/swarm/drone_id failed, use default value: [0;0m-1
[0;33m Load param general_planner/swarm/clearance failed, use default value: [0;0m0.75
[0;33m Load param general_planner/swarm/des_clearance failed, use default value: [0;0m0.75
[0;33m Load param general_planner/swarm/weight failed, use default value: [0;0m0
[0;33m Load param general_planner/swarm/horizontal_scale failed, use default value: [0;0m1
[0;33m Load param general_planner/swarm/vertical_scale failed, use default value: [0;0m2
[0;33m Load param general_planner/swarm/activation_scale failed, use default value: [0;0m1.5
[0;33m Load param general_planner/swarm/time_horizon failed, use default value: [0;0m5
[0;33m Load param general_planner/swarm/stale_timeout failed, use default value: [0;0m1
[0;33m Load param general_planner/swarm/formation/enable failed, use default value: [0;0m0
[0;33m Load param general_planner/swarm/formation/weight failed, use default value: [0;0m0
[0;33m Load param general_planner/swarm/formation/num failed, use default value: [0;0m0
[0;33m Load param general_planner/swarm/formation/offsets failed, use default value: [0;0m[]
[0;33m Load param general_planner/swarm/formation/start failed, use default value: [0;0m[0 0 0 ]
[0;33m Load param general_planner/swarm/formation/end failed, use default value: [0;0m[1 0 0 ]
[0;33m Load param general_planner/swarm/formation/time_horizon failed, use default value: [0;0m5
[0;33m Load param general_planner/swarm/formation/stale_timeout failed, use default value: [0;0m1
[0;32m Load param rog_map/resolution success: [0;0m0.15
[38;2;050;205;050m -- [Viz] Set resolution_ to 0.15
[0m[38;2;050;205;050m -- [Viz] Set visualization_en_ to true
[0mLoad config file: /root/ws/real_planner/src/General-Planner/src/Planner/general_planner/config/click_real_highspeed.yaml
[0;32m Load param astar/map_voxel_num success: [0;0m[500 500 100 ]
[0;32m Load param astar/allow_diag success: [0;0m1
[0;32m Load param astar/debug_visualization_en success: [0;0m0
[0;32m Load param astar/heu_type success: [0;0m2
[0;32m Load param astar/visual_process success: [0;0m0
[32m -- [RM] Init Astar-map.[0m
[34m	map index size: 250 250  50[0m
[34m	map vox_num: 501 501 101[0m
[33m -- [Fsm] 2D CLICK GOAL ENABLED: /goal (z falls back to click_height=1.5).[0m
[33m -- [Fsm] 3D CLICK GOAL ENABLED: /goal_3d (message z is preserved).[0m
[33m -- [ROGMapCore] cur_pose out of map range, reset the map.[0m
[33m -- [ROGMapCore] Sliding to map center at:  -30 -0.5  1.5[0m
[0m[INFO] [1784709437.585761726]:  -- [Fsm] Active task executor: plugin=state2state, mission=single_task, task=state2state, backend=corridor, resolved_backend=corridor[0m
[33m -- [Fsm] Wait for goal.[0m
[32m -- [Fsm 1.010] Current state: INIT[0m
[33m -- [Fsm] Wait for goal.[0m
[32m -- [Fsm 2.010] Current state: INIT[0m
[33m -- [Fsm] Wait for goal.[0m
[32m -- [Fsm 3.020] Current state: INIT[0m
[33m -- [Fsm] Wait for goal.[0m
[32m -- [Fsm 4.020] Current state: INIT[0m
[33m -- [Fsm] Wait for goal.[0m
[32m -- [Fsm 5.020] Current state: INIT[0m
[33m -- [Fsm] Wait for goal.[0m
[32m -- [Fsm 6.030] Current state: INIT[0m
[33m -- [Fsm] Wait for goal.[0m
[32m -- [Fsm 7.040] Current state: INIT[0m
[33m -- [Fsm] Wait for goal.[0m
[32m -- [Fsm 8.050] Current state: INIT[0m
[33m -- [Fsm] Wait for goal.[0m
[32m -- [Fsm 9.050] Current state: INIT[0m
[33m -- [Fsm] Wait for goal.[0m
[32m -- [Fsm 10.060] Current state: INIT[0m
[33m -- [Fsm] Wait for goal.[0m
[32m -- [Fsm 11.070] Current state: INIT[0m
[33m -- [Fsm] Wait for goal.[0m
[32m -- [Fsm 12.080] Current state: INIT[0m
[33m -- [Fsm] Wait for goal.[0m
[32m -- [Fsm 13.080] Current state: INIT[0m
[33m -- [Fsm] Wait for goal.[0m
[32m -- [Fsm 14.090] Current state: INIT[0m
[32m -- [Fsm] Get goal at [0m64.831 -8.768  1.500
[32m -- [Fsm] Receive click goal at: [64.831 -8.768  1.500]; goal yaw: 0.000 deg[0m
[38;2;000;128;000m -- [Fsm]: [MainFsmCallback] change state from [INIT] to [WAIT_GOAL].
[0m[38;2;000;128;000m -- [Fsm]: [MainFsmCallback] change state from [WAIT_GOAL] to [GENERATE_TRAJ].
[0m[0m[INFO] [1784709452.520039162]:  -- [State2State][IGO] attempt pieces=5 population=48 generations=15 budget=0.2000s[0m
[0m[INFO] [1784709452.530875204]:  -- [State2State][IGO] result success=true reason=FEASIBLE_ARCHIVE dim=13 evals=720 gens=15 feasible_ratio=0.125 elapsed=0.0108s occ=0 out=0 unk=558 sfc=0.00000 dyn=0.00000 duration=3.122[0m
[0m[INFO] [1784709452.531016775]:  -- [GeneralPlanner] in [PlanFromRest] GenerateExpTrajectory SUCCESS.[0m
[38;2;000;128;000m -- [Fsm]: [MainFsmCallback] change state from [GENERATE_TRAJ] to [FOLLOW_TRAJ].
[0m[0m[INFO] [1784709452.586514249]:  -- [State2State][IGO] attempt pieces=5 population=48 generations=15 budget=0.0450s[0m
[0m[INFO] [1784709452.609024772]:  -- [State2State][IGO] result success=true reason=FEASIBLE_ARCHIVE dim=9 evals=720 gens=15 feasible_ratio=0.562 elapsed=0.0225s occ=0 out=0 unk=431 sfc=0.00000 dyn=0.00000 duration=2.318[0m
[32m -- [Fsm] ReplanOnce succeed.[0m
[32m -- [Fsm 15.090] Current state: FOLLOW_TRAJ[0m
[0m[INFO] [1784709452.653272310]:  -- [State2State][IGO] attempt pieces=5 population=48 generations=15 budget=0.0450s[0m
[0m[INFO] [1784709452.672592820]:  -- [State2State][IGO] result success=true reason=FEASIBLE_ARCHIVE dim=9 evals=720 gens=15 feasible_ratio=0.396 elapsed=0.0193s occ=0 out=0 unk=422 sfc=0.00000 dyn=0.00000 duration=2.205[0m
[32m -- [Fsm] ReplanOnce succeed.[0m
[0m[INFO] [1784709452.719925230]:  -- [State2State][IGO] attempt pieces=5 population=48 generations=15 budget=0.0450s[0m
[0m[INFO] [1784709452.745563375]:  -- [State2State][IGO] result success=true reason=FEASIBLE_ARCHIVE dim=13 evals=720 gens=15 feasible_ratio=0.333 elapsed=0.0256s occ=0 out=0 unk=499 sfc=0.00000 dyn=0.00000 duration=2.524[0m
[32m -- [Fsm] ReplanOnce succeed.[0m
[33m[WARN] [1784709452.817203526]:  -- [State2State][IGO] falling back to legacy corridor optimizer.[0m
[0m[INFO] [1784709452.786548429]:  -- [State2State][IGO] attempt pieces=5 population=48 generations=15 budget=0.0450s[0m
[0m[INFO] [1784709452.817184056]:  -- [State2State][IGO] result success=false reason=NO_FEASIBLE_CANDIDATE dim=13 evals=720 gens=15 feasible_ratio=0.000 elapsed=0.0306s occ=0 out=0 unk=862 sfc=0.07251 dyn=0.00000 duration=4.307[0m
[32m -- [Fsm] ReplanOnce succeed.[0m
[33m[WARN] [1784709452.870558018]:  -- [State2State][IGO] falling back to legacy corridor optimizer.[0m
[0m[INFO] [1784709452.853270099]:  -- [State2State][IGO] attempt pieces=5 population=48 generations=15 budget=0.0450s[0m
[0m[INFO] [1784709452.870546668]:  -- [State2State][IGO] result success=false reason=NO_FEASIBLE_CANDIDATE dim=13 evals=720 gens=15 feasible_ratio=0.000 elapsed=0.0172s occ=0 out=0 unk=327 sfc=0.00000 dyn=2.85659 duration=1.629[0m
[32m -- [Fsm] ReplanOnce succeed.[0m
[33m[WARN] [1784709452.931214656]:  -- [State2State][IGO] falling back to legacy corridor optimizer.[0m
[0m[INFO] [1784709452.920367743]:  -- [State2State][IGO] attempt pieces=5 population=48 generations=15 budget=0.0450s[0m
[0m[INFO] [1784709452.931203676]:  -- [State2State][IGO] result success=false reason=NO_FEASIBLE_CANDIDATE dim=13 evals=720 gens=15 feasible_ratio=0.000 elapsed=0.0108s occ=0 out=0 unk=403 sfc=0.35398 dyn=3.61412 duration=2.011[0m
[32m -- [Fsm] ReplanOnce succeed.[0m
[33m[WARN] [1784709452.997220118]:  -- [State2State][IGO] falling back to legacy corridor optimizer.[0m
[0m[INFO] [1784709452.986817671]:  -- [State2State][IGO] attempt pieces=5 population=48 generations=15 budget=0.0450s[0m
[0m[INFO] [1784709452.997209318]:  -- [State2State][IGO] result success=false reason=NO_FEASIBLE_CANDIDATE dim=13 evals=720 gens=15 feasible_ratio=0.000 elapsed=0.0104s occ=0 out=0 unk=404 sfc=0.07089 dyn=1.69018 duration=2.014[0m
[32m -- [Fsm] ReplanOnce succeed.[0m
[0m[INFO] [1784709453.053887493]:  -- [State2State][IGO] attempt pieces=5 population=48 generations=15 budget=0.0450s[0m
[0m[INFO] [1784709453.063214290]:  -- [State2State][IGO] result success=true reason=FEASIBLE_ARCHIVE dim=9 evals=720 gens=15 feasible_ratio=0.292 elapsed=0.0093s occ=0 out=0 unk=356 sfc=0.00000 dyn=0.00000 duration=1.775[0m
[32m -- [Fsm] ReplanOnce succeed.[0m
[33m[WARN] [1784709453.136581546]:  -- [State2State][IGO] falling back to legacy corridor optimizer.[0m
[0m[INFO] [1784709453.120177057]:  -- [State2State][IGO] attempt pieces=5 population=48 generations=15 budget=0.0450s[0m
[0m[INFO] [1784709453.136571676]:  -- [State2State][IGO] result success=false reason=NO_FEASIBLE_CANDIDATE dim=13 evals=720 gens=15 feasible_ratio=0.000 elapsed=0.0164s occ=0 out=0 unk=598 sfc=0.06335 dyn=0.95672 duration=2.984[0m
[32m -- [Fsm] ReplanOnce succeed.[0m
[33m[WARN] [1784709453.196216081]:  -- [State2State][IGO] falling back to legacy corridor optimizer.[0m
[0m[INFO] [1784709453.186947536]:  -- [State2State][IGO] attempt pieces=5 population=48 generations=15 budget=0.0450s[0m
[0m[INFO] [1784709453.196208341]:  -- [State2State][IGO] result success=false reason=NO_FEASIBLE_CANDIDATE dim=13 evals=720 gens=15 feasible_ratio=0.000 elapsed=0.0092s occ=0 out=0 unk=266 sfc=0.20787 dyn=10.20594 duration=1.327[0m
[32m -- [Fsm] ReplanOnce succeed.[0m
[33m[WARN] [1784709453.263286243]:  -- [State2State][IGO] falling back to legacy corridor optimizer.[0m
[0m[INFO] [1784709453.254018888]:  -- [State2State][IGO] attempt pieces=5 population=48 generations=15 budget=0.0450s[0m
[0m[INFO] [1784709453.263275283]:  -- [State2State][IGO] result success=false reason=NO_FEASIBLE_CANDIDATE dim=13 evals=720 gens=15 feasible_ratio=0.000 elapsed=0.0092s occ=11 out=0 unk=250 sfc=0.04448 dyn=7.29936 duration=1.301[0m
[32m -- [Fsm] ReplanOnce succeed.[0m
[33m[WARN] [1784709453.329583717]:  -- [State2State][IGO] falling back to legacy corridor optimizer.[0m
[0m[INFO] [1784709453.320470353]:  -- [State2State][IGO] attempt pieces=5 population=48 generations=15 budget=0.0450s[0m
[0m[INFO] [1784709453.329573117]:  -- [State2State][IGO] result success=false reason=NO_FEASIBLE_CANDIDATE dim=13 evals=720 gens=15 feasible_ratio=0.000 elapsed=0.0091s occ=32 out=0 unk=172 sfc=0.00000 dyn=15.01561 duration=1.013[0m
[32m -- [Fsm] ReplanOnce succeed.[0m
[33m[WARN] [1784709453.395388716]:  -- [State2State][IGO] falling back to legacy corridor optimizer.[0m
[0m[INFO] [1784709453.387193782]:  -- [State2State][IGO] attempt pieces=5 population=48 generations=15 budget=0.0450s[0m
[0m[INFO] [1784709453.395377926]:  -- [State2State][IGO] result success=false reason=NO_FEASIBLE_CANDIDATE dim=13 evals=720 gens=15 feasible_ratio=0.000 elapsed=0.0082s occ=31 out=0 unk=172 sfc=0.40000 dyn=14.58086 duration=1.009[0m
[32m -- [Fsm] ReplanOnce succeed.[0m
[33m[WARN] [1784709453.461591069]:  -- [State2State][IGO] falling back to legacy corridor optimizer.[0m
[0m[INFO] [1784709453.453773209]:  -- [State2State][IGO] attempt pieces=5 population=48 generations=15 budget=0.0450s[0m
[0m[INFO] [1784709453.461578619]:  -- [State2State][IGO] result success=false reason=NO_FEASIBLE_CANDIDATE dim=13 evals=720 gens=15 feasible_ratio=0.000 elapsed=0.0078s occ=39 out=0 unk=156 sfc=0.17158 dyn=18.63701 duration=0.971[0m
[32m -- [Fsm] ReplanOnce succeed.[0m
[33m[WARN] [1784709453.528129415]:  -- [State2State][IGO] falling back to legacy corridor optimizer.[0m
[0m[INFO] [1784709453.520582658]:  -- [State2State][IGO] attempt pieces=5 population=48 generations=15 budget=0.0450s[0m
[0m[INFO] [1784709453.528118735]:  -- [State2State][IGO] result success=false reason=NO_FEASIBLE_CANDIDATE dim=13 evals=720 gens=15 feasible_ratio=0.000 elapsed=0.0075s occ=51 out=0 unk=168 sfc=0.48677 dyn=15.49874 duration=1.090[0m
[32m -- [Fsm] ReplanOnce succeed.[0m
[33m[WARN] [1784709453.594785303]:  -- [State2State][IGO] falling back to legacy corridor optimizer.[0m
[0m[INFO] [1784709453.587170605]:  -- [State2State][IGO] attempt pieces=5 population=48 generations=15 budget=0.0450s[0m
[0m[INFO] [1784709453.594774933]:  -- [State2State][IGO] result success=false reason=NO_FEASIBLE_CANDIDATE dim=13 evals=720 gens=15 feasible_ratio=0.000 elapsed=0.0076s occ=42 out=0 unk=160 sfc=0.58827 dyn=14.20421 duration=1.003[0m
[32m -- [Fsm] ReplanOnce succeed.[0m
[32m -- [Fsm 16.100] Current state: FOLLOW_TRAJ[0m
[33m[WARN] [1784709453.661599562]:  -- [State2State][IGO] falling back to legacy corridor optimizer.[0m
[0m[INFO] [1784709453.653865473]:  -- [State2State][IGO] attempt pieces=5 population=48 generations=15 budget=0.0450s[0m
[0m[INFO] [1784709453.661590132]:  -- [State2State][IGO] result success=false reason=NO_FEASIBLE_CANDIDATE dim=13 evals=720 gens=15 feasible_ratio=0.000 elapsed=0.0077s occ=43 out=0 unk=184 sfc=0.35038 dyn=9.81522 duration=1.130[0m
[32m -- [Fsm] ReplanOnce succeed.[0m
[33m[WARN] [1784709453.728590913]:  -- [State2State][IGO] falling back to legacy corridor optimizer.[0m
[0m[INFO] [1784709453.720857864]:  -- [State2State][IGO] attempt pieces=5 population=48 generations=15 budget=0.0450s[0m
[0m[INFO] [1784709453.728580683]:  -- [State2State][IGO] result success=false reason=NO_FEASIBLE_CANDIDATE dim=13 evals=720 gens=15 feasible_ratio=0.000 elapsed=0.0077s occ=72 out=56 unk=122 sfc=3.03610 dyn=22.71214 duration=1.244[0m
[32m -- [Fsm] ReplanOnce succeed.[0m
[33m[WARN] [1784709453.795467553]:  -- [State2State][IGO] falling back to legacy corridor optimizer.[0m
[0m[INFO] [1784709453.787666033]:  -- [State2State][IGO] attempt pieces=5 population=48 generations=15 budget=0.0450s[0m
[0m[INFO] [1784709453.795458923]:  -- [State2State][IGO] result success=false reason=NO_FEASIBLE_CANDIDATE dim=13 evals=720 gens=15 feasible_ratio=0.000 elapsed=0.0078s occ=48 out=0 unk=169 sfc=0.00000 dyn=15.05600 duration=1.079[0m
[32m -- [Fsm] ReplanOnce succeed.[0m
[33m[WARN] [1784709453.862227102]:  -- [State2State][IGO] falling back to legacy corridor optimizer.[0m
[0m[INFO] [1784709453.854673774]:  -- [State2State][IGO] attempt pieces=5 population=48 generations=15 budget=0.0450s[0m
[0m[INFO] [1784709453.862216532]:  -- [State2State][IGO] result success=false reason=NO_FEASIBLE_CANDIDATE dim=13 evals=720 gens=15 feasible_ratio=0.000 elapsed=0.0075s occ=56 out=0 unk=146 sfc=0.19906 dyn=19.49975 duration=1.004[0m
[32m -- [Fsm] ReplanOnce succeed.[0m
[33m[WARN] [1784709453.929324694]:  -- [State2State][IGO] falling back to legacy corridor optimizer.[0m
[0m[INFO] [1784709453.921244951]:  -- [State2State][IGO] attempt pieces=6 population=48 generations=15 budget=0.0450s[0m
[0m[INFO] [1784709453.929312594]:  -- [State2State][IGO] result success=false reason=NO_FEASIBLE_CANDIDATE dim=17 evals=720 gens=15 feasible_ratio=0.000 elapsed=0.0080s occ=38 out=0 unk=162 sfc=0.41845 dyn=17.71121 duration=0.996[0m
[32m -- [Fsm] ReplanOnce succeed.[0m
[33m[WARN] [1784709453.994898601]:  -- [State2State][IGO] falling back to legacy corridor optimizer.[0m
[0m[INFO] [1784709453.987343603]:  -- [State2State][IGO] attempt pieces=6 population=48 generations=15 budget=0.0450s[0m
[0m[INFO] [1784709453.994889411]:  -- [State2State][IGO] result success=false reason=NO_FEASIBLE_CANDIDATE dim=13 evals=720 gens=15 feasible_ratio=0.000 elapsed=0.0075s occ=47 out=0 unk=154 sfc=0.43551 dyn=19.60643 duration=1.001[0m
[32m -- [Fsm] ReplanOnce succeed.[0m
[33m[WARN] [1784709454.062722849]:  -- [State2State][IGO] falling back to legacy corridor optimizer.[0m
[0m[INFO] [1784709454.054385793]:  -- [State2State][IGO] attempt pieces=6 population=48 generations=15 budget=0.0450s[0m
[0m[INFO] [1784709454.062712579]:  -- [State2State][IGO] result success=false reason=NO_FEASIBLE_CANDIDATE dim=13 evals=720 gens=15 feasible_ratio=0.000 elapsed=0.0083s occ=50 out=0 unk=169 sfc=0.66222 dyn=24.84586 duration=1.090[0m
[32m -- [Fsm] ReplanOnce succeed.[0m
[33m[WARN] [1784709454.131197903]:  -- [State2State][IGO] falling back to legacy corridor optimizer.[0m
[0m[INFO] [1784709454.120874897]:  -- [State2State][IGO] attempt pieces=6 population=48 generations=15 budget=0.0450s[0m
[0m[INFO] [1784709454.131185103]:  -- [State2State][IGO] result success=false reason=NO_FEASIBLE_CANDIDATE dim=17 evals=720 gens=15 feasible_ratio=0.000 elapsed=0.0103s occ=59 out=0 unk=319 sfc=0.59706 dyn=4.97943 duration=1.885[0m
[32m -- [Fsm] ReplanOnce succeed.[0m
[33m[WARN] [1784709454.197249612]:  -- [State2State][IGO] falling back to legacy corridor optimizer.[0m
[0m[INFO] [1784709454.187274330]:  -- [State2State][IGO] attempt pieces=6 population=48 generations=15 budget=0.0450s[0m
[0m[INFO] [1784709454.197236692]:  -- [State2State][IGO] result success=false reason=NO_FEASIBLE_CANDIDATE dim=17 evals=720 gens=15 feasible_ratio=0.000 elapsed=0.0099s occ=130 out=0 unk=319 sfc=0.79149 dyn=5.15930 duration=2.239[0m
[32m -- [Fsm] ReplanOnce succeed.[0m
[33m[WARN] [1784709454.262945068]:  -- [State2State][IGO] falling back to legacy corridor optimizer.[0m
[0m[INFO] [1784709454.254152738]:  -- [State2State][IGO] attempt pieces=5 population=48 generations=15 budget=0.0450s[0m
[0m[INFO] [1784709454.262935388]:  -- [State2State][IGO] result success=false reason=NO_FEASIBLE_CANDIDATE dim=13 evals=720 gens=15 feasible_ratio=0.000 elapsed=0.0088s occ=40 out=0 unk=233 sfc=0.38138 dyn=3.94437 duration=1.362[0m
[32m -- [Fsm] ReplanOnce succeed.[0m
[33m[WARN] [1784709454.329945057]:  -- [State2State][IGO] falling back to legacy corridor optimizer.[0m
[0m[INFO] [1784709454.321194957]:  -- [State2State][IGO] attempt pieces=6 population=48 generations=15 budget=0.0450s[0m
[0m[INFO] [1784709454.329932507]:  -- [State2State][IGO] result success=false reason=NO_FEASIBLE_CANDIDATE dim=13 evals=720 gens=15 feasible_ratio=0.000 elapsed=0.0087s occ=30 out=0 unk=366 sfc=0.28893 dyn=3.33049 duration=1.975[0m
[32m -- [Fsm] ReplanOnce succeed.[0m
[33m[WARN] [1784709454.399189290]:  -- [State2State][IGO] falling back to legacy corridor optimizer.[0m
[0m[INFO] [1784709454.387040905]:  -- [State2State][IGO] attempt pieces=5 population=48 generations=15 budget=0.0450s[0m
[0m[INFO] [1784709454.399178819]:  -- [State2State][IGO] result success=false reason=NO_FEASIBLE_CANDIDATE dim=17 evals=720 gens=15 feasible_ratio=0.000 elapsed=0.0121s occ=39 out=326 unk=55 sfc=124.18554 dyn=461.22052 duration=2.097[0m
[32m -- [Fsm] ReplanOnce succeed.[0m
[33m[WARN] [1784709454.464558472]:  -- [State2State][IGO] falling back to legacy corridor optimizer.[0m
[0m[INFO] [1784709454.453433728]:  -- [State2State][IGO] attempt pieces=5 population=48 generations=15 budget=0.0450s[0m
[0m[INFO] [1784709454.464546992]:  -- [State2State][IGO] result success=false reason=NO_FEASIBLE_CANDIDATE dim=17 evals=720 gens=15 feasible_ratio=0.000 elapsed=0.0111s occ=4 out=0 unk=345 sfc=0.62816 dyn=6.20163 duration=1.741[0m
[32m -- [Fsm] ReplanOnce succeed.[0m
[33m[WARN] [1784709454.529958865]:  -- [State2State][IGO] falling back to legacy corridor optimizer.[0m
[0m[INFO] [1784709454.520160534]:  -- [State2State][IGO] attempt pieces=5 population=48 generations=15 budget=0.0450s[0m
[0m[INFO] [1784709454.529945915]:  -- [State2State][IGO] result success=false reason=NO_FEASIBLE_CANDIDATE dim=13 evals=720 gens=15 feasible_ratio=0.000 elapsed=0.0097s occ=36 out=310 unk=66 sfc=55.23787 dyn=76.10804 duration=2.054[0m
[32m -- [Fsm] ReplanOnce succeed.[0m
[33m[WARN] [1784709454.596979314]:  -- [State2State][IGO] falling back to legacy corridor optimizer.[0m
[0m[INFO] [1784709454.586829790]:  -- [State2State][IGO] attempt pieces=5 population=48 generations=15 budget=0.0450s[0m
[0m[INFO] [1784709454.596970534]:  -- [State2State][IGO] result success=false reason=NO_FEASIBLE_CANDIDATE dim=13 evals=720 gens=15 feasible_ratio=0.000 elapsed=0.0101s occ=0 out=0 unk=339 sfc=0.26476 dyn=7.97949 duration=1.692[0m
[32m -- [Fsm] ReplanOnce succeed.[0m
[32m -- [Fsm 17.110] Current state: FOLLOW_TRAJ[0m
[33m[WARN] [1784709454.663549619]:  -- [State2State][IGO] falling back to legacy corridor optimizer.[0m
[0m[INFO] [1784709454.653682577]:  -- [State2State][IGO] attempt pieces=5 population=48 generations=15 budget=0.0450s[0m
[0m[INFO] [1784709454.663538989]:  -- [State2State][IGO] result success=false reason=NO_FEASIBLE_CANDIDATE dim=17 evals=720 gens=15 feasible_ratio=0.000 elapsed=0.0098s occ=0 out=0 unk=382 sfc=0.00000 dyn=3.58495 duration=1.906[0m
[32m -- [Fsm] ReplanOnce succeed.[0m
[33m[WARN] [1784709454.729717390]:  -- [State2State][IGO] falling back to legacy corridor optimizer.[0m
[0m[INFO] [1784709454.720686267]:  -- [State2State][IGO] attempt pieces=5 population=48 generations=15 budget=0.0450s[0m
[0m[INFO] [1784709454.729707020]:  -- [State2State][IGO] result success=false reason=NO_FEASIBLE_CANDIDATE dim=13 evals=720 gens=15 feasible_ratio=0.000 elapsed=0.0090s occ=0 out=0 unk=398 sfc=0.00000 dyn=1.87379 duration=1.986[0m
[32m -- [Fsm] ReplanOnce succeed.[0m
[33m[WARN] [1784709454.796086382]:  -- [State2State][IGO] falling back to legacy corridor optimizer.[0m
[0m[INFO] [1784709454.787096770]:  -- [State2State][IGO] attempt pieces=5 population=48 generations=15 budget=0.0450s[0m
[0m[INFO] [1784709454.796075242]:  -- [State2State][IGO] result success=false reason=NO_FEASIBLE_CANDIDATE dim=13 evals=720 gens=15 feasible_ratio=0.000 elapsed=0.0090s occ=0 out=0 unk=398 sfc=0.00000 dyn=0.93700 duration=1.985[0m
[32m -- [Fsm] ReplanOnce succeed.[0m
[33m[WARN] [1784709454.862844389]:  -- [State2State][IGO] falling back to legacy corridor optimizer.[0m
[0m[INFO] [1784709454.853948418]:  -- [State2State][IGO] attempt pieces=5 population=48 generations=15 budget=0.0450s[0m
[0m[INFO] [1784709454.862833289]:  -- [State2State][IGO] result success=false reason=NO_FEASIBLE_CANDIDATE dim=13 evals=720 gens=15 feasible_ratio=0.000 elapsed=0.0089s occ=0 out=0 unk=306 sfc=0.00000 dyn=4.75678 duration=1.527[0m
[32m -- [Fsm] ReplanOnce succeed.[0m
[33m[WARN] [1784709454.929763678]:  -- [State2State][IGO] falling back to legacy corridor optimizer.[0m
[0m[INFO] [1784709454.920752965]:  -- [State2State][IGO] attempt pieces=5 population=48 generations=15 budget=0.0450s[0m
[0m[INFO] [1784709454.929752147]:  -- [State2State][IGO] result success=false reason=NO_FEASIBLE_CANDIDATE dim=13 evals=720 gens=15 feasible_ratio=0.000 elapsed=0.0090s occ=21 out=0 unk=225 sfc=0.45790 dyn=11.43567 duration=1.225[0m
[32m -- [Fsm] ReplanOnce succeed.[0m
[33m[WARN] [1784709454.995955718]:  -- [State2State][IGO] falling back to legacy corridor optimizer.[0m
[0m[INFO] [1784709454.987446101]:  -- [State2State][IGO] attempt pieces=5 population=48 generations=15 budget=0.0450s[0m
[0m[INFO] [1784709454.995947708]:  -- [State2State][IGO] result success=false reason=NO_FEASIBLE_CANDIDATE dim=13 evals=720 gens=15 feasible_ratio=0.000 elapsed=0.0085s occ=45 out=0 unk=229 sfc=0.08716 dyn=10.88001 duration=1.366[0m
[32m -- [Fsm] ReplanOnce succeed.[0m
[33m[WARN] [1784709455.063170718]:  -- [State2State][IGO] falling back to legacy corridor optimizer.[0m
[0m[INFO] [1784709455.054108615]:  -- [State2State][IGO] attempt pieces=6 population=48 generations=15 budget=0.0450s[0m
[0m[INFO] [1784709455.063159178]:  -- [State2State][IGO] result success=false reason=NO_FEASIBLE_CANDIDATE dim=17 evals=720 gens=15 feasible_ratio=0.000 elapsed=0.0090s occ=52 out=0 unk=225 sfc=0.58698 dyn=6.56957 duration=1.378[0m
[32m -- [Fsm] ReplanOnce succeed.[0m
[33m[WARN] [1784709455.130081964]:  -- [State2State][IGO] falling back to legacy corridor optimizer.[0m
[0m[INFO] [1784709455.121073992]:  -- [State2State][IGO] attempt pieces=6 population=48 generations=15 budget=0.0450s[0m
[0m[INFO] [1784709455.130068664]:  -- [State2State][IGO] result success=false reason=NO_FEASIBLE_CANDIDATE dim=17 evals=720 gens=15 feasible_ratio=0.000 elapsed=0.0090s occ=39 out=0 unk=183 sfc=0.13105 dyn=13.85472 duration=1.104[0m
[32m -- [Fsm] ReplanOnce succeed.[0m
[33m[WARN] [1784709455.195523385]:  -- [State2State][IGO] falling back to legacy corridor optimizer.[0m
[0m[INFO] [1784709455.187609154]:  -- [State2State][IGO] attempt pieces=6 population=48 generations=15 budget=0.0450s[0m
[0m[INFO] [1784709455.195512675]:  -- [State2State][IGO] result success=false reason=NO_FEASIBLE_CANDIDATE dim=13 evals=720 gens=15 feasible_ratio=0.000 elapsed=0.0079s occ=49 out=0 unk=154 sfc=0.29059 dyn=17.39039 duration=1.010[0m
[32m -- [Fsm] ReplanOnce succeed.[0m
[33m[WARN] [1784709455.263413592]:  -- [State2State][IGO] falling back to legacy corridor optimizer.[0m
[0m[INFO] [1784709455.255055756]:  -- [State2State][IGO] attempt pieces=5 population=48 generations=15 budget=0.0450s[0m
[0m[INFO] [1784709455.263404342]:  -- [State2State][IGO] result success=false reason=NO_FEASIBLE_CANDIDATE dim=13 evals=720 gens=15 feasible_ratio=0.000 elapsed=0.0083s occ=48 out=0 unk=159 sfc=0.56863 dyn=22.31556 duration=1.029[0m
[32m -- [Fsm] ReplanOnce succeed.[0m
[33m[WARN] [1784709455.329690622]:  -- [State2State][IGO] falling back to legacy corridor optimizer.[0m
[0m[INFO] [1784709455.321292895]:  -- [State2State][IGO] attempt pieces=6 population=48 generations=15 budget=0.0450s[0m
[0m[INFO] [1784709455.329678151]:  -- [State2State][IGO] result success=false reason=NO_FEASIBLE_CANDIDATE dim=17 evals=720 gens=15 feasible_ratio=0.000 elapsed=0.0084s occ=47 out=0 unk=173 sfc=0.42317 dyn=25.43839 duration=1.093[0m
[32m -- [Fsm] ReplanOnce succeed.[0m
[33m[WARN] [1784709455.396897231]:  -- [State2State][IGO] falling back to legacy corridor optimizer.[0m
[0m[INFO] [1784709455.387856458]:  -- [State2State][IGO] attempt pieces=7 population=48 generations=15 budget=0.0450s[0m
[0m[INFO] [1784709455.396883191]:  -- [State2State][IGO] result success=false reason=NO_FEASIBLE_CANDIDATE dim=17 evals=720 gens=15 feasible_ratio=0.000 elapsed=0.0090s occ=50 out=0 unk=183 sfc=0.11922 dyn=18.14172 duration=1.160[0m
[32m -- [Fsm] ReplanOnce succeed.[0m
[33m[WARN] [1784709455.465897979]:  -- [State2State][IGO] falling back to legacy corridor optimizer.[0m
[0m[INFO] [1784709455.454423321]:  -- [State2State][IGO] attempt pieces=7 population=48 generations=15 budget=0.0450s[0m
[0m[INFO] [1784709455.465885478]:  -- [State2State][IGO] result success=false reason=NO_FEASIBLE_CANDIDATE dim=21 evals=720 gens=15 feasible_ratio=0.000 elapsed=0.0114s occ=83 out=0 unk=350 sfc=0.00320 dyn=4.04588 duration=2.162[0m
[32m -- [Fsm] ReplanOnce succeed.[0m
[33m[WARN] [1784709455.531240529]:  -- [State2State][IGO] falling back to legacy corridor optimizer.[0m
[0m[INFO] [1784709455.521058434]:  -- [State2State][IGO] attempt pieces=6 population=48 generations=15 budget=0.0450s[0m
[0m[INFO] [1784709455.531228409]:  -- [State2State][IGO] result success=false reason=NO_FEASIBLE_CANDIDATE dim=17 evals=720 gens=15 feasible_ratio=0.000 elapsed=0.0101s occ=54 out=0 unk=221 sfc=0.13803 dyn=16.43857 duration=1.368[0m
[32m -- [Fsm] ReplanOnce succeed.[0m
[33m[WARN] [1784709455.596859382]:  -- [State2State][IGO] falling back to legacy corridor optimizer.[0m
[0m[INFO] [1784709455.587527026]:  -- [State2State][IGO] attempt pieces=6 population=48 generations=15 budget=0.0450s[0m
[0m[INFO] [1784709455.596850592]:  -- [State2State][IGO] result success=false reason=NO_FEASIBLE_CANDIDATE dim=17 evals=720 gens=15 feasible_ratio=0.000 elapsed=0.0093s occ=36 out=0 unk=311 sfc=0.55000 dyn=6.76905 duration=1.729[0m
[32m -- [Fsm] ReplanOnce succeed.[0m
[32m -- [Fsm 18.110] Current state: FOLLOW_TRAJ[0m
[33m[WARN] [1784709455.663585176]:  -- [State2State][IGO] falling back to legacy corridor optimizer.[0m
[0m[INFO] [1784709455.654391572]:  -- [State2State][IGO] attempt pieces=6 population=48 generations=15 budget=0.0450s[0m
[0m[INFO] [1784709455.663576116]:  -- [State2State][IGO] result success=false reason=NO_FEASIBLE_CANDIDATE dim=17 evals=720 gens=15 feasible_ratio=0.000 elapsed=0.0092s occ=36 out=344 unk=45 sfc=85.35890 dyn=199.86586 duration=2.120[0m
[32m -- [Fsm] ReplanOnce succeed.[0m
[33m[WARN] [1784709455.730599443]:  -- [State2State][IGO] falling back to legacy corridor optimizer.[0m
[0m[INFO] [1784709455.721200097]:  -- [State2State][IGO] attempt pieces=6 population=48 generations=15 budget=0.0450s[0m
[0m[INFO] [1784709455.730586653]:  -- [State2State][IGO] result success=false reason=NO_FEASIBLE_CANDIDATE dim=17 evals=720 gens=15 feasible_ratio=0.000 elapsed=0.0094s occ=10 out=0 unk=234 sfc=0.36204 dyn=10.67800 duration=1.214[0m
[32m -- [Fsm] ReplanOnce succeed.[0m
[33m[WARN] [1784709455.796705661]:  -- [State2State][IGO] falling back to legacy corridor optimizer.[0m
[0m[INFO] [1784709455.787746930]:  -- [State2State][IGO] attempt pieces=6 population=48 generations=15 budget=0.0450s[0m
[0m[INFO] [1784709455.796697401]:  -- [State2State][IGO] result success=false reason=NO_FEASIBLE_CANDIDATE dim=17 evals=720 gens=15 feasible_ratio=0.000 elapsed=0.0089s occ=25 out=0 unk=240 sfc=0.29829 dyn=27.65054 duration=1.321[0m
[32m -- [Fsm] ReplanOnce succeed.[0m
[33m[WARN] [1784709455.863273835]:  -- [State2State][IGO] falling back to legacy corridor optimizer.[0m
[0m[INFO] [1784709455.854395873]:  -- [State2State][IGO] attempt pieces=6 population=48 generations=15 budget=0.0450s[0m
[0m[INFO] [1784709455.863262374]:  -- [State2State][IGO] result success=false reason=NO_FEASIBLE_CANDIDATE dim=17 evals=720 gens=15 feasible_ratio=0.000 elapsed=0.0088s occ=37 out=0 unk=182 sfc=0.28002 dyn=29.20248 duration=1.089[0m
[32m -- [Fsm] ReplanOnce succeed.[0m
[33m[WARN] [1784709455.930856298]:  -- [State2State][IGO] falling back to legacy corridor optimizer.[0m
[0m[INFO] [1784709455.921246559]:  -- [State2State][IGO] attempt pieces=6 population=48 generations=15 budget=0.0450s[0m
[0m[INFO] [1784709455.930839337]:  -- [State2State][IGO] result success=false reason=NO_FEASIBLE_CANDIDATE dim=13 evals=720 gens=15 feasible_ratio=0.000 elapsed=0.0095s occ=51 out=522 unk=29 sfc=109.03272 dyn=85.79430 duration=3.004[0m
[32m -- [Fsm] ReplanOnce succeed.[0m
[33m[WARN] [1784709455.995822414]:  -- [State2State][IGO] falling back to legacy corridor optimizer.[0m
[31m[ERROR] [1784709456.000685154]:  -- [Checker] generateExpTraj output [state2state_exp_output_pos_BAD_PIECE_DURATION]: state2state_exp_output_pos has invalid piece duration at 1[0m
[33m[WARN] [1784709456.000697714]:  -- [GeneralPlanner] in [ReplanOnce]: GenerateExpTrajectory failed, force return[0m
[33m[WARN] [1784709456.063583876]:  -- [State2State][IGO] falling back to legacy corridor optimizer.[0m
[0m[INFO] [1784709455.987869543]:  -- [State2State][IGO] attempt pieces=6 population=48 generations=15 budget=0.0450s[0m
[0m[INFO] [1784709455.995809024]:  -- [State2State][IGO] result success=false reason=NO_FEASIBLE_CANDIDATE dim=13 evals=720 gens=15 feasible_ratio=0.000 elapsed=0.0079s occ=77 out=118 unk=71 sfc=5.77927 dyn=46.62499 duration=1.323[0m
[0m[INFO] [1784709456.054358252]:  -- [State2State][IGO] attempt pieces=6 population=48 generations=15 budget=0.0450s[0m
[0m[INFO] [1784709456.063572596]:  -- [State2State][IGO] result success=false reason=NO_FEASIBLE_CANDIDATE dim=13 evals=720 gens=15 feasible_ratio=0.000 elapsed=0.0092s occ=33 out=438 unk=21 sfc=104.01324 dyn=257.56276 duration=2.457[0m
[32m -- [Fsm] ReplanOnce succeed.[0m
[33m[WARN] [1784709456.131189898]:  -- [State2State][IGO] falling back to legacy corridor optimizer.[0m
[31m[ERROR] [1784709456.133384610]:  -- [Checker] generateExpTraj output [state2state_exp_output_pos_ACC_LIMIT]: state2state_exp_output_pos acceleration exceeds limit at t=0.120000[0m
[33m[WARN] [1784709456.133408051]:  -- [GeneralPlanner] in [ReplanOnce]: GenerateExpTrajectory failed, force return[0m
[0m[INFO] [1784709456.121122745]:  -- [State2State][IGO] attempt pieces=6 population=48 generations=15 budget=0.0450s[0m
[0m[INFO] [1784709456.131173948]:  -- [State2State][IGO] result success=false reason=NO_FEASIBLE_CANDIDATE dim=21 evals=720 gens=15 feasible_ratio=0.000 elapsed=0.0100s occ=20 out=296 unk=29 sfc=238.85506 dyn=2297.04235 duration=1.721[0m
[33m	 box_min =  5.193 -2.525  0.500[0m
[33m	 box_max =9.875 2.275 1.600[0m
[33m	 seed line =7.193 0.275 1.639 -->  7.875 -0.525  1.125[0m
[33m -- [GeneralPlanner] GeneratePolytopeFromLine failed.[0m
[33m[WARN] [1784709456.186440303]:  -- [GeneralPlanner] SearchPolytopeOnPath for new path failed[0m
[33m[WARN] [1784709456.186454593]:  -- [GeneralPlanner] in [ReplanOnce]: GenerateExpTrajectory failed, force return[0m
[33m	 box_min =  5.491 -2.375  0.500[0m
[33m	 box_max =9.725 2.098 1.600[0m
[33m	 seed line =7.491 0.098 1.626 -->  7.725 -0.375  1.125[0m
[33m -- [GeneralPlanner] GeneratePolytopeFromLine failed.[0m
[33m[WARN] [1784709456.253172356]:  -- [GeneralPlanner] SearchPolytopeOnPath for new path failed[0m
[33m[WARN] [1784709456.253196126]:  -- [GeneralPlanner] in [ReplanOnce]: GenerateExpTrajectory failed, force return[0m
[33m[WARN] [1784709456.332165444]:  -- [State2State][IGO] falling back to legacy corridor optimizer.[0m
[0m[INFO] [1784709456.321150961]:  -- [State2State][IGO] attempt pieces=6 population=48 generations=15 budget=0.0450s[0m
[0m[INFO] [1784709456.332150703]:  -- [State2State][IGO] result success=false reason=NO_FEASIBLE_CANDIDATE dim=17 evals=720 gens=15 feasible_ratio=0.000 elapsed=0.0110s occ=37 out=596 unk=43 sfc=186.49411 dyn=283.51588 duration=3.376[0m
[32m -- [Fsm] ReplanOnce succeed.[0m
[33m[WARN] [1784709456.396837305]:  -- [State2State][IGO] falling back to legacy corridor optimizer.[0m
[0m[INFO] [1784709456.387566770]:  -- [State2State][IGO] attempt pieces=6 population=48 generations=15 budget=0.0450s[0m
[0m[INFO] [1784709456.396825755]:  -- [State2State][IGO] result success=false reason=NO_FEASIBLE_CANDIDATE dim=17 evals=720 gens=15 feasible_ratio=0.000 elapsed=0.0092s occ=57 out=482 unk=58 sfc=117.19162 dyn=85.77735 duration=2.979[0m
[32m -- [Fsm] ReplanOnce succeed.[0m
[33m[WARN] [1784709456.462535067]:  -- [State2State][IGO] falling back to legacy corridor optimizer.[0m
[0m[INFO] [1784709456.454403124]:  -- [State2State][IGO] attempt pieces=6 population=48 generations=15 budget=0.0450s[0m
[0m[INFO] [1784709456.462523497]:  -- [State2State][IGO] result success=false reason=NO_FEASIBLE_CANDIDATE dim=13 evals=720 gens=15 feasible_ratio=0.000 elapsed=0.0081s occ=25 out=0 unk=269 sfc=0.62500 dyn=16.76265 duration=1.463[0m
[32m -- [Fsm] ReplanOnce succeed.[0m
[33m[WARN] [1784709456.530838176]:  -- [State2State][IGO] falling back to legacy corridor optimizer.[0m
[0m[INFO] [1784709456.520927784]:  -- [State2State][IGO] attempt pieces=7 population=48 generations=15 budget=0.0450s[0m
[0m[INFO] [1784709456.530826815]:  -- [State2State][IGO] result success=false reason=NO_FEASIBLE_CANDIDATE dim=21 evals=720 gens=15 feasible_ratio=0.000 elapsed=0.0099s occ=15 out=0 unk=405 sfc=0.77913 dyn=5.76407 duration=2.095[0m
[32m -- [Fsm] ReplanOnce succeed.[0m
[33m[WARN] [1784709456.596044103]:  -- [State2State][IGO] falling back to legacy corridor optimizer.[0m
[0m[INFO] [1784709456.587558566]:  -- [State2State][IGO] attempt pieces=6 population=48 generations=15 budget=0.0450s[0m
[0m[INFO] [1784709456.596035852]:  -- [State2State][IGO] result success=false reason=NO_FEASIBLE_CANDIDATE dim=17 evals=720 gens=15 feasible_ratio=0.000 elapsed=0.0085s occ=0 out=0 unk=206 sfc=0.61180 dyn=56.50379 duration=1.023[0m
[32m -- [Fsm] ReplanOnce succeed.[0m
[32m -- [Fsm 19.120] Current state: FOLLOW_TRAJ[0m
[33m[WARN] [1784709456.662428801]:  -- [State2State][IGO] falling back to legacy corridor optimizer.[0m
[0m[INFO] [1784709456.654340078]:  -- [State2State][IGO] attempt pieces=6 population=48 generations=15 budget=0.0450s[0m
[0m[INFO] [1784709456.662418481]:  -- [State2State][IGO] result success=false reason=NO_FEASIBLE_CANDIDATE dim=17 evals=720 gens=15 feasible_ratio=0.000 elapsed=0.0080s occ=45 out=0 unk=168 sfc=0.12311 dyn=74.08268 duration=1.060[0m
[32m -- [Fsm] ReplanOnce succeed.[0m
[33m[WARN] [1784709456.728387466]:  -- [State2State][IGO] falling back to legacy corridor optimizer.[0m
[0m[INFO] [1784709456.720901259]:  -- [State2State][IGO] attempt pieces=6 population=48 generations=15 budget=0.0450s[0m
[0m[INFO] [1784709456.728378256]:  -- [State2State][IGO] result success=false reason=NO_FEASIBLE_CANDIDATE dim=13 evals=720 gens=15 feasible_ratio=0.000 elapsed=0.0074s occ=44 out=0 unk=158 sfc=0.84610 dyn=49.22234 duration=1.003[0m
[32m -- [Fsm] ReplanOnce succeed.[0m
[33m[WARN] [1784709456.797891997]:  -- [State2State][IGO] falling back to legacy corridor optimizer.[0m
[0m[INFO] [1784709456.788452590]:  -- [State2State][IGO] attempt pieces=6 population=48 generations=15 budget=0.0450s[0m
[0m[INFO] [1784709456.797878366]:  -- [State2State][IGO] result success=false reason=NO_FEASIBLE_CANDIDATE dim=17 evals=720 gens=15 feasible_ratio=0.000 elapsed=0.0094s occ=53 out=0 unk=146 sfc=0.56031 dyn=43.30069 duration=0.990[0m
[32m -- [Fsm] ReplanOnce succeed.[0m
[33m[WARN] [1784709456.863778510]:  -- [State2State][IGO] falling back to legacy corridor optimizer.[0m
[0m[INFO] [1784709456.854611877]:  -- [State2State][IGO] attempt pieces=6 population=48 generations=15 budget=0.0450s[0m
[0m[INFO] [1784709456.863767670]:  -- [State2State][IGO] result success=false reason=NO_FEASIBLE_CANDIDATE dim=17 evals=720 gens=15 feasible_ratio=0.000 elapsed=0.0091s occ=46 out=0 unk=188 sfc=0.60230 dyn=37.36453 duration=1.165[0m
[32m -- [Fsm] ReplanOnce succeed.[0m
[33m[WARN] [1784709456.930337701]:  -- [State2State][IGO] falling back to legacy corridor optimizer.[0m
[0m[INFO] [1784709456.921259158]:  -- [State2State][IGO] attempt pieces=6 population=48 generations=15 budget=0.0450s[0m
[0m[INFO] [1784709456.930326081]:  -- [State2State][IGO] result success=false reason=NO_FEASIBLE_CANDIDATE dim=17 evals=720 gens=15 feasible_ratio=0.000 elapsed=0.0090s occ=45 out=0 unk=190 sfc=0.57544 dyn=43.98855 duration=1.169[0m
[32m -- [Fsm] ReplanOnce succeed.[0m
[33m[WARN] [1784709456.996604579]:  -- [State2State][IGO] falling back to legacy corridor optimizer.[0m
[0m[INFO] [1784709456.987743438]:  -- [State2State][IGO] attempt pieces=6 population=48 generations=15 budget=0.0450s[0m
[0m[INFO] [1784709456.996595499]:  -- [State2State][IGO] result success=false reason=NO_FEASIBLE_CANDIDATE dim=17 evals=720 gens=15 feasible_ratio=0.000 elapsed=0.0088s occ=65 out=0 unk=147 sfc=0.22031 dyn=25.17673 duration=1.053[0m
[32m -- [Fsm] ReplanOnce succeed.[0m
[33m[WARN] [1784709457.054434649]:  -- [State2State][IGO] falling back to legacy corridor optimizer.[0m
[0m[INFO] [1784709457.054364568]:  -- [State2State][IGO] attempt pieces=7 population=48 generations=15 budget=0.0450s[0m
[0m[INFO] [1784709457.054430239]:  -- [State2State][IGO] result success=false reason=CORRIDOR_OVERLAP_NOT_STRICT dim=17 evals=0 gens=0 feasible_ratio=0.000 elapsed=0.0000s occ=0 out=0 unk=0 sfc=0.00000 dyn=0.00000 duration=0.000[0m
[32m -- [Fsm] ReplanOnce succeed.[0m
[33m[WARN] [1784709457.129860348]:  -- [State2State][IGO] falling back to legacy corridor optimizer.[0m
[0m[INFO] [1784709457.121024388]:  -- [State2State][IGO] attempt pieces=7 population=48 generations=15 budget=0.0450s[0m
[0m[INFO] [1784709457.129848058]:  -- [State2State][IGO] result success=false reason=NO_FEASIBLE_CANDIDATE dim=17 evals=720 gens=15 feasible_ratio=0.000 elapsed=0.0088s occ=50 out=0 unk=212 sfc=0.40000 dyn=22.46871 duration=1.303[0m
[32m -- [Fsm] ReplanOnce succeed.[0m
[33m[WARN] [1784709457.197442027]:  -- [State2State][IGO] falling back to legacy corridor optimizer.[0m
[0m[INFO] [1784709457.187748789]:  -- [State2State][IGO] attempt pieces=6 population=48 generations=15 budget=0.0450s[0m
[0m[INFO] [1784709457.197430797]:  -- [State2State][IGO] result success=false reason=NO_FEASIBLE_CANDIDATE dim=17 evals=720 gens=15 feasible_ratio=0.000 elapsed=0.0097s occ=64 out=0 unk=204 sfc=0.80224 dyn=12.55170 duration=1.335[0m
[32m -- [Fsm] ReplanOnce succeed.[0m
[33m[WARN] [1784709457.263546281]:  -- [State2State][IGO] falling back to legacy corridor optimizer.[0m
[0m[INFO] [1784709457.254338067]:  -- [State2State][IGO] attempt pieces=6 population=48 generations=15 budget=0.0450s[0m
[0m[INFO] [1784709457.263536991]:  -- [State2State][IGO] result success=false reason=NO_FEASIBLE_CANDIDATE dim=17 evals=720 gens=15 feasible_ratio=0.000 elapsed=0.0092s occ=66 out=0 unk=215 sfc=0.59491 dyn=7.55803 duration=1.399[0m
[32m -- [Fsm] ReplanOnce succeed.[0m
[33m[WARN] [1784709457.330123620]:  -- [State2State][IGO] falling back to legacy corridor optimizer.[0m
[0m[INFO] [1784709457.321057308]:  -- [State2State][IGO] attempt pieces=6 population=48 generations=15 budget=0.0450s[0m
[0m[INFO] [1784709457.330112040]:  -- [State2State][IGO] result success=false reason=NO_FEASIBLE_CANDIDATE dim=17 evals=720 gens=15 feasible_ratio=0.000 elapsed=0.0090s occ=68 out=0 unk=164 sfc=0.27586 dyn=31.41531 duration=1.154[0m
[32m -- [Fsm] ReplanOnce succeed.[0m
[33m[WARN] [1784709457.395173874]:  -- [State2State][IGO] falling back to legacy corridor optimizer.[0m
[0m[INFO] [1784709457.387505295]:  -- [State2State][IGO] attempt pieces=6 population=48 generations=15 budget=0.0450s[0m
[0m[INFO] [1784709457.395162784]:  -- [State2State][IGO] result success=false reason=NO_FEASIBLE_CANDIDATE dim=13 evals=720 gens=15 feasible_ratio=0.000 elapsed=0.0076s occ=48 out=0 unk=154 sfc=0.57207 dyn=20.44724 duration=1.007[0m
[32m -- [Fsm] ReplanOnce succeed.[0m
[33m[WARN] [1784709457.463024856]:  -- [State2State][IGO] falling back to legacy corridor optimizer.[0m
[0m[INFO] [1784709457.454395188]:  -- [State2State][IGO] attempt pieces=7 population=48 generations=15 budget=0.0450s[0m
[0m[INFO] [1784709457.463013105]:  -- [State2State][IGO] result success=false reason=NO_FEASIBLE_CANDIDATE dim=17 evals=720 gens=15 feasible_ratio=0.000 elapsed=0.0086s occ=38 out=0 unk=173 sfc=0.33834 dyn=32.17964 duration=1.051[0m
[32m -- [Fsm] ReplanOnce succeed.[0m
[33m[WARN] [1784709457.529845637]:  -- [State2State][IGO] falling back to legacy corridor optimizer.[0m
[0m[INFO] [1784709457.521131208]:  -- [State2State][IGO] attempt pieces=7 population=48 generations=15 budget=0.0450s[0m
[0m[INFO] [1784709457.529834647]:  -- [State2State][IGO] result success=false reason=NO_FEASIBLE_CANDIDATE dim=17 evals=720 gens=15 feasible_ratio=0.000 elapsed=0.0087s occ=37 out=0 unk=161 sfc=0.44617 dyn=19.75557 duration=0.987[0m
[32m -- [Fsm] ReplanOnce succeed.[0m
[33m[WARN] [1784709457.596406976]:  -- [State2State][IGO] falling back to legacy corridor optimizer.[0m
[0m[INFO] [1784709457.587486415]:  -- [State2State][IGO] attempt pieces=6 population=48 generations=15 budget=0.0450s[0m
[0m[INFO] [1784709457.596396456]:  -- [State2State][IGO] result success=false reason=NO_FEASIBLE_CANDIDATE dim=17 evals=720 gens=15 feasible_ratio=0.000 elapsed=0.0089s occ=51 out=0 unk=220 sfc=0.43910 dyn=5.13000 duration=1.350[0m
[32m -- [Fsm] ReplanOnce succeed.[0m
[32m -- [Fsm 20.120] Current state: FOLLOW_TRAJ[0m
[33m[WARN] [1784709457.662062385]:  -- [State2State][IGO] falling back to legacy corridor optimizer.[0m
[0m[INFO] [1784709457.654089134]:  -- [State2State][IGO] attempt pieces=6 population=48 generations=15 budget=0.0450s[0m
[0m[INFO] [1784709457.662050705]:  -- [State2State][IGO] result success=false reason=NO_FEASIBLE_CANDIDATE dim=13 evals=720 gens=15 feasible_ratio=0.000 elapsed=0.0079s occ=39 out=0 unk=160 sfc=0.82025 dyn=24.80814 duration=0.990[0m
[32m -- [Fsm] ReplanOnce succeed.[0m
[33m[WARN] [1784709457.733075469]:  -- [State2State][IGO] falling back to legacy corridor optimizer.[0m
[0m[INFO] [1784709457.720992596]:  -- [State2State][IGO] attempt pieces=7 population=48 generations=15 budget=0.0450s[0m
[0m[INFO] [1784709457.733063639]:  -- [State2State][IGO] result success=false reason=NO_FEASIBLE_CANDIDATE dim=21 evals=720 gens=15 feasible_ratio=0.000 elapsed=0.0120s occ=60 out=0 unk=772 sfc=0.28227 dyn=1.76745 duration=4.155[0m
[32m -- [Fsm] ReplanOnce succeed.[0m
[33m[WARN] [1784709457.796521627]:  -- [State2State][IGO] falling back to legacy corridor optimizer.[0m
[0m[INFO] [1784709457.787470344]:  -- [State2State][IGO] attempt pieces=6 population=48 generations=15 budget=0.0450s[0m
[0m[INFO] [1784709457.796513927]:  -- [State2State][IGO] result success=false reason=NO_FEASIBLE_CANDIDATE dim=17 evals=720 gens=15 feasible_ratio=0.000 elapsed=0.0090s occ=42 out=0 unk=355 sfc=0.23848 dyn=5.43958 duration=1.982[0m
[32m -- [Fsm] ReplanOnce succeed.[0m
[33m[WARN] [1784709457.864112936]:  -- [State2State][IGO] falling back to legacy corridor optimizer.[0m
[0m[INFO] [1784709457.854467217]:  -- [State2State][IGO] attempt pieces=6 population=48 generations=15 budget=0.0450s[0m
[0m[INFO] [1784709457.864102756]:  -- [State2State][IGO] result success=false reason=NO_FEASIBLE_CANDIDATE dim=17 evals=720 gens=15 feasible_ratio=0.000 elapsed=0.0096s occ=26 out=0 unk=354 sfc=0.68792 dyn=11.05201 duration=1.894[0m
[32m -- [Fsm] ReplanOnce succeed.[0m
[33m[WARN] [1784709457.929954577]:  -- [State2State][IGO] falling back to legacy corridor optimizer.[0m
[0m[INFO] [1784709457.920470771]:  -- [State2State][IGO] attempt pieces=6 population=48 generations=15 budget=0.0450s[0m
[0m[INFO] [1784709457.929941987]:  -- [State2State][IGO] result success=false reason=NO_FEASIBLE_CANDIDATE dim=17 evals=720 gens=15 feasible_ratio=0.000 elapsed=0.0094s occ=18 out=0 unk=278 sfc=0.20308 dyn=8.38324 duration=1.475[0m
[32m -- [Fsm] ReplanOnce succeed.[0m
[33m[WARN] [1784709457.996376175]:  -- [State2State][IGO] falling back to legacy corridor optimizer.[0m
[0m[INFO] [1784709457.987710276]:  -- [State2State][IGO] attempt pieces=6 population=48 generations=15 budget=0.0450s[0m
[0m[INFO] [1784709457.996365695]:  -- [State2State][IGO] result success=false reason=NO_FEASIBLE_CANDIDATE dim=17 evals=720 gens=15 feasible_ratio=0.000 elapsed=0.0086s occ=8 out=0 unk=217 sfc=0.40633 dyn=19.09748 duration=1.121[0m
[32m -- [Fsm] ReplanOnce succeed.[0m
[33m[WARN] [1784709458.064012753]:  -- [State2State][IGO] falling back to legacy corridor optimizer.[0m
[0m[INFO] [1784709458.053968340]:  -- [State2State][IGO] attempt pieces=5 population=48 generations=15 budget=0.0450s[0m
[0m[INFO] [1784709458.064004152]:  -- [State2State][IGO] result success=false reason=NO_FEASIBLE_CANDIDATE dim=17 evals=720 gens=15 feasible_ratio=0.000 elapsed=0.0100s occ=0 out=315 unk=29 sfc=750.06410 dyn=9430.40410 duration=1.717[0m
[32m -- [Fsm] ReplanOnce succeed.[0m
[33m[WARN] [1784709458.129744771]:  -- [State2State][IGO] falling back to legacy corridor optimizer.[0m
[0m[INFO] [1784709458.120659269]:  -- [State2State][IGO] attempt pieces=5 population=48 generations=15 budget=0.0450s[0m
[0m[INFO] [1784709458.129732151]:  -- [State2State][IGO] result success=false reason=NO_FEASIBLE_CANDIDATE dim=17 evals=720 gens=15 feasible_ratio=0.000 elapsed=0.0090s occ=20 out=346 unk=68 sfc=219.99226 dyn=486.39420 duration=2.164[0m
[32m -- [Fsm] ReplanOnce succeed.[0m
[33m[WARN] [1784709458.195637251]:  -- [State2State][IGO] falling back to legacy corridor optimizer.[0m
[0m[INFO] [1784709458.187378617]:  -- [State2State][IGO] attempt pieces=7 population=48 generations=15 budget=0.0450s[0m
[0m[INFO] [1784709458.195629351]:  -- [State2State][IGO] result success=false reason=NO_FEASIBLE_CANDIDATE dim=17 evals=720 gens=15 feasible_ratio=0.000 elapsed=0.0082s occ=36 out=0 unk=183 sfc=0.59013 dyn=23.66791 duration=1.092[0m
[32m -- [Fsm] ReplanOnce succeed.[0m
[33m[WARN] [1784709458.264117307]:  -- [State2State][IGO] falling back to legacy corridor optimizer.[0m
[0m[INFO] [1784709458.254059725]:  -- [State2State][IGO] attempt pieces=6 population=48 generations=15 budget=0.0450s[0m
[0m[INFO] [1784709458.264107777]:  -- [State2State][IGO] result success=false reason=NO_FEASIBLE_CANDIDATE dim=21 evals=720 gens=15 feasible_ratio=0.000 elapsed=0.0100s occ=15 out=285 unk=12 sfc=110.23650 dyn=4752.26153 duration=1.556[0m
[32m -- [Fsm] ReplanOnce succeed.[0m
[33m[WARN] [1784709458.329774865]:  -- [State2State][IGO] falling back to legacy corridor optimizer.[0m
[0m[INFO] [1784709458.320844674]:  -- [State2State][IGO] attempt pieces=6 population=48 generations=15 budget=0.0450s[0m
[0m[INFO] [1784709458.329762435]:  -- [State2State][IGO] result success=false reason=NO_FEASIBLE_CANDIDATE dim=17 evals=720 gens=15 feasible_ratio=0.000 elapsed=0.0089s occ=52 out=0 unk=179 sfc=0.25232 dyn=19.67165 duration=1.150[0m
[32m -- [Fsm] ReplanOnce succeed.[0m
[33m[WARN] [1784709458.396059089]:  -- [State2State][IGO] falling back to legacy corridor optimizer.[0m
[0m[INFO] [1784709458.387428581]:  -- [State2State][IGO] attempt pieces=6 population=48 generations=15 budget=0.0450s[0m
[0m[INFO] [1784709458.396048449]:  -- [State2State][IGO] result success=false reason=NO_FEASIBLE_CANDIDATE dim=17 evals=720 gens=15 feasible_ratio=0.000 elapsed=0.0086s occ=67 out=65 unk=80 sfc=1.80071 dyn=110.48379 duration=1.056[0m
[32m -- [Fsm] ReplanOnce succeed.[0m
[33m[WARN] [1784709458.463843758]:  -- [State2State][IGO] falling back to legacy corridor optimizer.[0m
[0m[INFO] [1784709458.453937098]:  -- [State2State][IGO] attempt pieces=6 population=48 generations=15 budget=0.0450s[0m
[0m[INFO] [1784709458.463833298]:  -- [State2State][IGO] result success=false reason=NO_FEASIBLE_CANDIDATE dim=21 evals=720 gens=15 feasible_ratio=0.000 elapsed=0.0099s occ=66 out=189 unk=59 sfc=29.31044 dyn=219.17281 duration=1.566[0m
[32m -- [Fsm] ReplanOnce succeed.[0m
[33m[WARN] [1784709458.520720397]:  -- [State2State][IGO] falling back to legacy corridor optimizer.[0m
[0m[INFO] [1784709458.520657156]:  -- [State2State][IGO] attempt pieces=6 population=48 generations=15 budget=0.0450s[0m
[0m[INFO] [1784709458.520715036]:  -- [State2State][IGO] result success=false reason=CORRIDOR_OVERLAP_NOT_STRICT dim=17 evals=0 gens=0 feasible_ratio=0.000 elapsed=0.0000s occ=0 out=0 unk=0 sfc=0.00000 dyn=0.00000 duration=0.000[0m
[32m -- [Fsm] ReplanOnce succeed.[0m
[33m[WARN] [1784709458.587386724]:  -- [State2State][IGO] falling back to legacy corridor optimizer.[0m
[0m[INFO] [1784709458.587315184]:  -- [State2State][IGO] attempt pieces=6 population=48 generations=15 budget=0.0450s[0m
[0m[INFO] [1784709458.587379234]:  -- [State2State][IGO] result success=false reason=CORRIDOR_OVERLAP_NOT_STRICT dim=17 evals=0 gens=0 feasible_ratio=0.000 elapsed=0.0000s occ=0 out=0 unk=0 sfc=0.00000 dyn=0.00000 duration=0.000[0m
[32m -- [Fsm] ReplanOnce succeed.[0m
[32m -- [Fsm 21.120] Current state: FOLLOW_TRAJ[0m
[33m[WARN] [1784709458.665796812]:  -- [State2State][IGO] falling back to legacy corridor optimizer.[0m
[0m[INFO] [1784709458.654699849]:  -- [State2State][IGO] attempt pieces=6 population=48 generations=15 budget=0.0450s[0m
[0m[INFO] [1784709458.665778242]:  -- [State2State][IGO] result success=false reason=NO_FEASIBLE_CANDIDATE dim=17 evals=720 gens=15 feasible_ratio=0.000 elapsed=0.0110s occ=35 out=413 unk=62 sfc=112.72798 dyn=204.57589 duration=2.543[0m
[32m -- [Fsm] ReplanOnce succeed.[0m
[33m[WARN] [1784709458.729086635]:  -- [State2State][IGO] falling back to legacy corridor optimizer.[0m
[0m[INFO] [1784709458.720679310]:  -- [State2State][IGO] attempt pieces=6 population=48 generations=15 budget=0.0450s[0m
[0m[INFO] [1784709458.729076165]:  -- [State2State][IGO] result success=false reason=NO_FEASIBLE_CANDIDATE dim=13 evals=720 gens=15 feasible_ratio=0.000 elapsed=0.0084s occ=40 out=0 unk=183 sfc=0.33540 dyn=13.10133 duration=1.110[0m
[32m -- [Fsm] ReplanOnce succeed.[0m
[33m[WARN] [1784709458.795623392]:  -- [State2State][IGO] falling back to legacy corridor optimizer.[0m
[0m[INFO] [1784709458.787331078]:  -- [State2State][IGO] attempt pieces=6 population=48 generations=15 budget=0.0450s[0m
[0m[INFO] [1784709458.795610812]:  -- [State2State][IGO] result success=false reason=NO_FEASIBLE_CANDIDATE dim=13 evals=720 gens=15 feasible_ratio=0.000 elapsed=0.0082s occ=39 out=0 unk=168 sfc=0.20062 dyn=20.37161 duration=1.030[0m
[32m -- [Fsm] ReplanOnce succeed.[0m
[33m[WARN] [1784709458.864729975]:  -- [State2State][IGO] falling back to legacy corridor optimizer.[0m
[0m[INFO] [1784709458.853851844]:  -- [State2State][IGO] attempt pieces=6 population=48 generations=15 budget=0.0450s[0m
[0m[INFO] [1784709458.864716625]:  -- [State2State][IGO] result success=false reason=NO_FEASIBLE_CANDIDATE dim=17 evals=720 gens=15 feasible_ratio=0.000 elapsed=0.0108s occ=43 out=563 unk=18 sfc=63.03349 dyn=76.38366 duration=3.117[0m
[32m -- [Fsm] ReplanOnce succeed.[0m
[33m[WARN] [1784709458.929024898]:  -- [State2State][IGO] falling back to legacy corridor optimizer.[0m
[0m[INFO] [1784709458.920590992]:  -- [State2State][IGO] attempt pieces=5 population=48 generations=15 budget=0.0450s[0m
[0m[INFO] [1784709458.929009918]:  -- [State2State][IGO] result success=false reason=NO_FEASIBLE_CANDIDATE dim=13 evals=720 gens=15 feasible_ratio=0.000 elapsed=0.0084s occ=47 out=0 unk=189 sfc=0.98670 dyn=9.15849 duration=1.174[0m
[32m -- [Fsm] ReplanOnce succeed.[0m
[33m[WARN] [1784709458.995106390]:  -- [State2State][IGO] falling back to legacy corridor optimizer.[0m
[0m[INFO] [1784709458.987410312]:  -- [State2State][IGO] attempt pieces=5 population=48 generations=15 budget=0.0450s[0m
[0m[INFO] [1784709458.995098390]:  -- [State2State][IGO] result success=false reason=NO_FEASIBLE_CANDIDATE dim=13 evals=720 gens=15 feasible_ratio=0.000 elapsed=0.0077s occ=41 out=0 unk=174 sfc=0.98670 dyn=32.71220 duration=1.069[0m
[32m -- [Fsm] ReplanOnce succeed.[0m
[general] Total replan num: 94, total length: 47.79026408251149, average computation time: 0.12686737234042555 ms, total optimization time: 1232.6645460000002 ms, dense sampling share: 48.28295045325332%, control point share: 28.173523942660715%
[32mData saved successfully to /root/ws/real_planner/src/General-Planner/src/Planner/general_planner/log/replan_logs/general_latest_log.bin[0m
... logging to /root/.ros/log/d070edd2-856c-11f1-9d45-f068e322ab4c/roslaunch-diffbot-893423.log
Checking log directory for disk usage. This may take a while.
Press Ctrl-C to interrupt
Done checking log file disk usage. Usage is <1GB.
]2;/root/ws/real_planner/src/General-Planner/src/Planner/task_planner/launch/click_demo.launch
[1mstarted roslaunch server http://diffbot:45817/[0m

SUMMARY
========

CLEAR PARAMETERS
 * /fsm_node/
 * /perfect_drone/

PARAMETERS
 * /fsm_node/config_path: /root/ws/real_pla...
 * /perfect_drone/config_name: click.yaml
 * /rosdistro: noetic
 * /rosversion: 1.17.4

NODES
  /
    fsm_node (general_planner/fsm_node)
    perfect_drone (perfect_drone_sim/perfect_drone)

[1mROS_MASTER_URI=http://localhost:11311[0m
]2;/root/ws/real_planner/src/General-Planner/src/Planner/task_planner/launch/click_demo.launch http://localhost:11311
[1mprocess[perfect_drone-1]: started with pid [893455][0m
[1mprocess[fsm_node-2]: started with pid [893456][0m
[fsm_node-2] killing on exit
[perfect_drone-1] killing on exit
shutting down processing monitor...
... shutting down processing monitor complete
[1mdone[0m
