time,replan_id,traj_seq,posi_x,posi_y,posi_z,vel_x,vel_y,vel_z,acc_x,acc_y,acc_z,jerk_x,jerk_y,jerk_z,yaw,yaw_rate,backup
84.429989337921143,1,1,0.074999847463976,0.074999999762190,1.574999999536734,-0.000020355667364,-0.000000031735310,-0.000000061788103,-0.002033704882243,-0.000003170628303,-0.000006167491773,-0.134852375822630,-0.000210240317167,-0.000408201505071,-0.004547480482187,-0.301900988763865,1
84.439985275268555,1,1,0.074999518096690,0.074999999248693,1.574999998537487,-0.000048150821853,-0.000000075069082,-0.000000146024159,-0.003599775112197,-0.000005612195237,-0.000010903410890,-0.178341068195263,-0.000278040950428,-0.000538837659979,-0.008055691626484,-0.399732296200051,1
84.520088672637939,1,1,0.074961663292865,0.074999940231520,1.574999884337236,-0.001264262544691,-0.000001971036526,-0.000003805759750,-0.031039791933066,-0.000048392293135,-0.000093083586438,-0.498539862786389,-0.000777243843374,-0.001483313162903,-0.069876168869330,-1.127157181103360,1
84.569990158081055,1,1,0.074848650199372,0.074999764039529,1.574999545059927,-0.003508726223420,-0.000005470246331,-0.000010513022338,-0.060361187869187,-0.000094105537294,-0.000179870468102,-0.673434634951344,-0.001049911878671,-0.001983757091804,-0.136334016410445,-1.529628647695668,1
84.689991235733032,2,2,0.073771838782768,0.074998085246906,1.574996341259349,-0.016495504684980,-0.000025717160084,-0.000048865583932,-0.163033274788128,-0.000254175480344,-0.000478284046464,-1.021042317308672,-0.001591846338058,-0.002931876427529,-0.370636572063729,-2.337836354491782,1
84.699995756149292,2,2,0.073598470029861,0.074997814957997,1.574995827929141,-0.018178167307768,-0.000028340499283,-0.000053798627505,-0.173372062685620,-0.000270294069530,-0.000507938148710,-1.045571792717307,-0.001630088783980,-0.002995605547245,-0.394314100213225,-2.395042927370983,1
84.710035085678101,2,2,0.073407077375211,0.074997516569094,1.574995261776630,-0.019971956537089,-0.000031137089363,-0.000059050199079,-0.184087813488283,-0.000287000359157,-0.000538537173775,-1.089346899444700,-0.001698335948825,-0.003100581541702,-0.418507693045771,-2.424814501853708,1
84.729997634887695,2,2,0.072970222494689,0.074996835494637,1.574993971467878,-0.023869606633975,-0.000037213683769,-0.000070432293954,-0.206677177613294,-0.000322218092989,-0.000602441653335,-1.172929901274905,-0.001828645234870,-0.003299325656369,-0.467482713727274,-2.481247394754483,1
84.759991884231567,2,2,0.072155871027531,0.074995565887708,1.574991572689813,-0.030614364641981,-0.000047729034753,-0.000090028701507,-0.243629719787234,-0.000379828603292,-0.000705565643711,-1.289130912024296,-0.002009807318270,-0.003571552144390,-0.543110166506466,-2.560275694080815,1
84.769990921020508,2,2,0.071837385096143,0.074995069355238,1.574990636688974,-0.033115297353607,-0.000051628090171,-0.000097263102761,-0.256701249181333,-0.000400207647183,-0.000741697253646,-1.325411954425652,-0.002066370933225,-0.003655417963223,-0.568833269893507,-2.585080469902690,1
84.779990673065186,2,2,0.071493175022345,0.074994532717788,1.574989626361451,-0.035749167562542,-0.000055734400532,-0.000104864194561,-0.270131764325789,-0.000421146364402,-0.000778656737375,-1.360493809669408,-0.002121064966818,-0.003735927489125,-0.594804889509410,-2.609120198300051,1
84.859997272491455,3,3,0.067646736494435,0.074988535964293,1.574978412935584,-0.061990200017548,-0.000096645233229,-0.000179736257836,-0.389020820026630,-0.000606499218780,-0.001100016214825,-1.599293346923383,-0.002493363119863,-0.004263575615042,-0.810466682158385,-2.773757051837922,1
84.879991054534912,3,3,0.066327398453454,0.074986479062837,1.574974593698966,-0.070091261569045,-0.000109275116386,-0.000202589136248,-0.421489248574214,-0.000657118814276,-0.001186291586346,-1.647800880402621,-0.002568988329739,-0.004364563234780,-0.866264792048405,-2.807210141583928,1
84.899987220764160,3,3,0.064839365434715,0.074984159159076,1.574970299678582,-0.078851883274423,-0.000122933280543,-0.000227189140642,-0.454888328348330,-0.000709189332737,-0.001274478027863,-1.692043915459983,-0.002637965013808,-0.004453844645916,-0.922707109955623,-2.837591152019350,1
84.930009841918945,3,3,0.062259461943794,0.074980136985014,1.574962884659980,-0.093272467598061,-0.000145415555723,-0.000267456987163,-0.505832985623530,-0.000788614117345,-0.001408041457765,-1.700879535754251,-0.002651740103804,-0.004441305242416,-1.007677455644181,-2.822331026624557,1
84.960003614425659,3,3,0.059226630653334,0.074975408678164,1.574954209162335,-0.109210487826589,-0.000170263574954,-0.000311684659901,-0.556928438567511,-0.000868273998510,-0.001540911222942,-1.705487658572121,-0.002658924353966,-0.004416480311054,-1.092069190258163,-2.804478083434153,1
85.069998979568481,4,4,0.043466542049904,0.074950838061544,1.574909631666822,-0.180781727444700,-0.000281846037077,-0.000507596961277,-0.744138362555964,-0.001160141854425,-0.002017910765742,-1.690273057978092,-0.002635204175254,-0.004233446872081,-1.396145814560007,-2.719228423983557,1
85.119992017745972,4,4,0.033463654923830,0.074935243155269,1.574881645989890,-0.220086806987510,-0.000343124248447,-0.000613717249952,-0.828014977017337,-0.001290908894455,-0.002226205429925,-1.657803166337118,-0.002584582298736,-0.004078293286312,-1.530656199516088,-2.646882997091517,1
85.150005817413330,4,4,0.026478097134708,0.074924352387670,1.574862206354424,-0.245679033567523,-0.000383023566500,-0.000682347678047,-0.877299520468720,-0.001367745494356,-0.002346708662694,-1.626241509383230,-0.002535376396890,-0.003951391864595,-1.609110035459826,-2.581337306951958,1
85.219988346099854,5,5,0.007044236201164,0.074894054211153,1.574808484578113,-0.310995013826239,-0.000484853825863,-0.000856007037514,-0.988356991266237,-0.001540888590589,-0.002612479926419,-1.546025489949083,-0.002410316372807,-0.003640418089135,-1.784437683216985,-2.429356806824943,1
85.319990634918213,5,5,-0.029250492997400,0.074837469018404,1.574709231196982,-0.417356391663936,-0.000650723403237,-0.001134755714610,-1.136940539095446,-0.001779692474133,-0.002963657869675,-1.448670503841679,-0.002965990395672,-0.004218161901220,-2.016485276048582,-2.202396384933759,1
85.340564966201782,5,5,-0.038079640245261,0.074823700246188,1.574685251780045,-0.441053902655794,-0.000688013642894,-0.001196685158564,-1.166773788387134,-0.001847686375866,-0.003059727275525,-1.450979552813325,-0.003631655605399,-0.005104043774224,-2.061222463399738,-2.146756279816107,1
85.399985313415527,5,5,-0.066398346412175,0.074779413553505,1.574608542942309,-0.512944499240219,-0.000805200290213,-0.001388809345707,-1.252802294485795,-0.002111673652649,-0.003426647356052,-1.440382622281904,-0.005158612163111,-0.007114051988906,-2.184098713157754,-1.989958719453289,1
85.419993162155151,6,6,-0.076913939536614,0.074762873539259,1.574580060314234,-0.538298120755017,-0.000848509879666,-0.001458828164685,-1.281535056670914,-0.002218886197492,-0.003574170237022,-1.431321330471475,-0.005548458298860,-0.007618633419064,-2.223397313348567,-1.938469339144656,1
85.430029630661011,6,6,-0.082381337581936,0.074754244799212,1.574565237523633,-0.551232205724156,-0.000871062082054,-0.001495087743995,-1.295873211738480,-0.002275455029674,-0.003651766915697,-1.425780453220498,-0.005721761182019,-0.007840938206787,-2.242724191698976,-1.912888697140331,1
85.440127372741699,6,6,-0.088013310849590,0.074745332895271,1.574549954444975,-0.564388935939406,-0.000894331298593,-0.001532362076313,-1.310238107352981,-0.002334045059542,-0.003731979076509,-1.419549148358448,-0.005881498072019,-0.008044365961471,-2.261909009175748,-1.887321366462256,1
85.450000286102295,6,6,-0.093649971672370,0.074736387879417,1.574534641260355,-0.577394828597704,-0.000917665849707,-0.001569605365048,-1.324221534865289,-0.002392830582036,-0.003812308887824,-1.412828237518345,-0.006023819169345,-0.008224089890953,-2.280420956132925,-1.862481165720040,1
85.470001935958862,6,6,-0.105465444147954,0.074717546512177,1.574502473290478,-0.604162743165785,-0.000966748168308,-0.001647523721869,-1.352329435913243,-0.002515879394059,-0.003980001716469,-1.397352744442782,-0.006271181855876,-0.008531551545297,-2.317173789558743,-1.812652409819340,1
85.479999542236328,6,6,-0.111572852724538,0.074707755508191,1.574485803275323,-0.617751190072174,-0.000992213670626,-0.001687738883166,-1.366255559197830,-0.002579099182678,-0.004065933766014,-1.388704451071485,-0.006374828815593,-0.008657599925512,-2.335170861211381,-1.787994565372421,1
85.489995241165161,6,6,-0.117816342991287,0.074697707487192,1.574468728165753,-0.631477422389792,-0.001018314230677,-0.001728816105527,-1.380091256510893,-0.002643285528314,-0.004153029889640,-1.379461239101642,-0.006465523522241,-0.008765756691326,-2.352920996561222,-1.763502713913187,1
85.499987363815308,6,6,-0.124195883144940,0.074687398335285,1.574451243148496,-0.645337496114258,-0.001045052963844,-0.001770756911900,-1.393827705792423,-0.002708296190442,-0.004241094051461,-1.369635356594135,-0.006543530332896,-0.008856397104543,-2.370422157849281,-1.739182024833263,1
85.509992361068726,6,6,-0.130722469572932,0.074676805944656,1.574433312991629,-0.659350033560224,-0.001072475411478,-0.001813629811844,-1.407152382081702,-0.002773289651906,-0.004328940786550,-1.293692805487068,-0.006446465261104,-0.008701136074367,-2.387690467605894,-1.712769783857801,1
85.529990434646606,6,6,-0.144190922978963,0.074654795965189,1.574396167684703,-0.687738435404761,-0.001129209835601,-0.001901916334731,-1.431538242270397,-0.002900136564998,-0.004499669594072,-1.146453902478691,-0.006237050795024,-0.008370243602840,-2.421418395135685,-1.660568574196225,1
85.550012350082397,6,6,-0.158249185323776,0.074631597452604,1.574357174688089,-0.716620894938170,-0.001188511464185,-0.001993662875424,-1.453079440253795,-0.003022782952476,-0.004663767395170,-1.006540437744591,-0.006011608339754,-0.008018223071964,-2.454149972319284,-1.609147049069339,1
85.559996604919434,6,6,-0.165476874812455,0.074619579104699,1.574337035186186,-0.731178206582963,-0.001218990123038,-0.002040624879142,-1.462793076279551,-0.003082219562187,-0.004742916150911,-0.939503385797266,-0.005893568011875,-0.007835318063261,-2.470089874334093,-1.583819518937505,1
85.609986305236816,7,6,-0.203874259483797,0.074554670816295,1.574228939479192,-0.805344062380827,-0.001380175868257,-0.002287116177664,-1.501846787220454,-0.003361119577579,-0.005110477938434,-0.630109244182997,-0.005250759811644,-0.006852009828280,-2.546152627823169,-1.460165023898770,1
85.629994153976440,7,7,-0.220289069102292,0.074526376452134,1.574182146729336,-0.835511680612134,-0.001448457995060,-0.002390710654163,-1.513321916080828,-0.003463401214323,-0.005243374129029,-0.518022552228637,-0.004971298071052,-0.006429694775582,-2.574885960404284,-1.412147267598896,1
85.652453422546387,7,7,-0.239435608812104,0.074492964229624,1.574127121770076,-0.869618513036689,-0.001527465782268,-0.002510047268996,-1.523613520379206,-0.003571398286453,-0.005382287224667,-0.399810795081687,-0.004644063884404,-0.005938240211824,-2.606004136981812,-1.359253316937512,1
85.660207509994507,7,7,-0.246224961713917,0.074481011659418,1.574107495161767,-0.881445099798221,-0.001555298891375,-0.002551961368335,-1.526562061683959,-0.003606961761634,-0.005427663506286,-0.360808163224405,-0.004527946769364,-0.005764545813409,-2.616474614460472,-1.341236065883023,1
85.709986448287964,7,7,-0.292000373367279,0.074399031613601,1.573973622501766,-0.957786381985148,-0.001740144765395,-0.002828817578821,-1.539048056542774,-0.003813023840145,-0.005685801602537,-0.207644997689535,-0.003715232355163,-0.004550018678811,-2.680414776473975,-1.228501690449825,1
85.750135421752930,7,7,-0.331696547622579,0.074326057254651,1.573855422832617,-1.019777014851589,-0.001896013459311,-0.003060439655329,-1.549847169529930,-0.003946407360369,-0.005844663284161,-0.325900172815056,-0.002927690325061,-0.003363346956817,-2.727969740895048,-1.141029225017529,1
85.809987545013428,8,8,-0.395522365318144,0.074205412179554,1.573661672782549,-1.113209118754933,-0.002136755034697,-0.003415228978770,-1.573488502410858,-0.004086170046415,-0.005993055070764,-0.455026315611824,-0.001741014043076,-0.001597071933323,-2.792507822756998,-1.016741334362858,1
85.829985380172729,8,8,-0.418099930744584,0.074161861401370,1.573592173625996,-1.144769408353342,-0.002218793182225,-0.003535360191704,-1.582911409137191,-0.004117012124999,-0.006019125623604,-0.486400214667466,-0.001343476735255,-0.001010656011188,-2.812440649640922,-0.976845843089534,1
85.839986085891724,8,8,-0.429627394408574,0.074139466347196,1.573556517231312,-1.160623816695277,-0.002260029095351,-0.003595599925387,-1.587844741247372,-0.004129453984474,-0.006027771213785,-0.499990292212588,-0.001144801703357,-0.000718516422068,-2.822111170784330,-0.957202078340821,1
85.860076427459717,8,8,-0.453264145764932,0.074093230161375,1.573483068474298,-1.192624428862296,-0.002343189509571,-0.003716796913202,-1.598131044899580,-0.004148447345014,-0.006036331308688,-0.523184854849607,-0.000746288461340,-0.000134337448542,-2.840948784639600,-0.918359489012379,1
85.900019645690918,8,8,-0.502182534675715,0.073996319264318,1.573329792030168,-1.256886521888249,-0.002509279126669,-0.003957710777469,-1.619705773357067,-0.004162491800839,-0.006018694595003,-0.553695676331253,0.000041917624638,0.001014243082841,-2.876127069188005,-0.843577641475379,1
85.929991960525513,8,8,-0.540584941285929,0.073919240570748,1.573208470804034,-1.305679312799484,-0.002633896045621,-0.004137470502584,-1.635990088404085,-0.004148692625990,-0.005970170035271,-0.531803800779476,0.000872544935815,0.002213804253370,-2.900638832019557,-0.792289770547494,1
85.939988136291504,8,8,-0.553719196729110,0.073892703287702,1.573166812024837,-1.322060167764324,-0.002675321001592,-0.004197035139404,-1.641263451673610,-0.004138626048910,-0.005946102798925,-0.523110386403679,0.001140692838478,0.002600090771054,-2.908475183864960,-0.775534476172120,1
85.949990749359131,8,8,-0.567024807728321,0.073865737544153,1.573124535724970,-1.338502321739438,-0.002716654627031,-0.004256372452445,-1.646449402387333,-0.004125893715332,-0.005918192516201,-0.513748780436142,0.001404479429598,0.002979612787220,-2.916149072586605,-0.758944580566167,1
85.959989309310913,8,8,-0.580490287379032,0.073838368919551,1.573081682817406,-1.354989960768064,-0.002757833081542,-0.004315390682980,-1.651536653986544,-0.004110551403697,-0.005886532976061,-0.503740977771201,0.001663676873275,0.003352051805865,-2.923655244785140,-0.742535160747482,1
85.989994764328003,8,8,-0.621893071397734,0.073753776811727,1.572949563977966,-1.404766972582180,-0.002880308922007,-0.004490345989914,-1.666158458302997,-0.004049264593377,-0.005769651482329,-0.469944818880948,0.002414670135625,0.004428309174007,-2.945208339460054,-0.694338532752794,1
86.010170698165894,9,8,-0.650574282868966,0.073694845316287,1.572857802327806,-1.438476019307149,-0.002961479252636,-0.004605801509267,-1.675383810119088,-0.003995651102198,-0.005673312367159,-0.444183283090984,0.002897111106348,0.005117314825423,-2.958897584335884,-0.662815485637139,1
86.029989242553711,9,8,-0.679413077232898,0.073635370871655,1.572765412482478,-1.471765954187581,-0.003040070000403,-0.004717192998271,-1.683917565474650,-0.003933681738098,-0.005565407489649,-0.416620929667349,0.003353530812432,0.005767287802377,-2.971732798930011,-0.632540818315929,1
86.039985895156860,9,8,-0.694211438131034,0.073604781426687,1.572717974680819,-1.488621677113681,-0.003079226060735,-0.004772540202001,-1.688009644429299,-0.003899032624223,-0.005506153996925,-0.401901420387630,0.003577221232551,0.006085130857599,-2.977981506973738,-0.617529095445313,1
86.049988269805908,9,8,-0.709184619993799,0.073573789645797,1.572669966987954,-1.505524424209689,-0.003118040260387,-0.004827301303771,-1.691953470958870,-0.003862153622584,-0.005443730371123,-0.386645700843795,0.003796627228096,0.006396409651813,-2.984083448679342,-0.602685872357041,1
86.059989690780640,9,8,-0.724327415051178,0.073542410786907,1.572621413603225,-1.522466248691247,-0.003156475619161,-0.004881423890103,-1.695742204752064,-0.003823101063929,-0.005378225197936,-0.370872088737322,0.004011676752260,0.006701030736918,-2.990037946967633,-0.588016922727829,1
86.119998693466187,9,8,-0.818751321388411,0.073346273138522,1.572319068846311,-1.624829776646616,-0.003377922146232,-0.005191040465895,-1.714936994839271,-0.003545611030112,-0.004924253938158,-0.266078883070716,0.005211127688838,0.008390355106122,-3.022761062484335,-0.503676571387492,1
86.139991998672485,9,8,-0.851583303217502,0.073278029151074,1.572214299861346,-1.659170959861734,-0.003447751029144,-0.005287790224597,-1.719875285171861,-0.003437731168685,-0.004751335507210,-0.227589992596643,0.005576618020126,0.008901351673548,-3.032564010575023,-0.476969268940034,1
86.149987697601318,9,8,-0.868253833472363,0.073243395666704,1.572161208831756,-1.676373356153332,-0.003481832009217,-0.005334834338356,-1.722051306791980,-0.003381103969488,-0.004661126195439,-0.207735028893184,0.005752993566767,0.009147213149756,-3.037266087399056,-0.463879818081611,1
86.159985303878784,9,8,-0.885100053155324,0.073208416834121,1.572107640564308,-1.693600204166923,-0.003515345349486,-0.005380974373245,-1.724027290162811,-0.003322722067775,-0.004568470941867,-0.187482229399673,0.005925204896196,0.009386776497921,-3.041839165365460,-0.450962026467262,1
86.169986963272095,9,8,-0.902125941726074,0.073173090659174,1.572053592379697,-1.710853195469670,-0.003548280461189,-0.005426195385593,-1.725799587018600,-0.003262613213147,-0.004473410903862,-0.166838743434295,0.006093301615702,0.009620119099719,-3.046285846127870,-0.438213290175103,1
86.199991941452026,9,8,-0.954234660353121,0.073065189984226,1.571888819151676,-1.762698490719728,-0.003643353756283,-0.005555981026769,-1.729851652608885,-0.003072510772000,-0.004174698872706,-0.102740128790356,0.006572577830298,0.010282456379559,-3.058871785154321,-0.401018668635288,1
86.210585594177246,10,9,-0.973005161942870,0.073026422463125,1.571829728812798,-1.781029268050950,-0.003675531042386,-0.005599625203373,-1.730816589662244,-0.003002029784056,-0.004064596033187,-0.079370976104363,0.006732920934739,0.010502956478172,-3.063052290937567,-0.388261259043444,1
86.259981870651245,10,9,-1.063094890730728,0.072841339481606,1.571548382540271,-1.866577386213407,-0.003815317715102,-0.005787192865246,-1.731962690427175,-0.002652063910283,-0.003522017118109,0.034168164138649,0.007420177936426,0.011440547564556,-3.080808275061942,-0.331361645088603,1
86.269988059997559,10,9,-1.081859365312632,0.072803030251216,1.571490299003280,-1.883906038423448,-0.003841481775094,-0.005821860016869,-1.731501734166379,-0.002577174532873,-0.003406672576546,0.058007671512349,0.007547408802648,0.011612545615985,-3.084068802860148,-0.320354156947355,1
86.302724838256836,10,9,-1.144458359255228,0.072675939063084,1.571297957534370,-1.940543371676389,-0.003921732934800,-0.005927062815928,-1.728294482037962,-0.002323596718777,-0.003017774406928,0.145556630244500,0.007960183626988,0.012168362905495,-3.093982341891462,-0.286288556518929,1
86.359988927841187,10,9,-1.258410527756436,0.072447808820841,1.570953988700937,-2.039111940570887,-0.004041142816828,-0.006079104536841,-1.711500136605268,-0.001837075092872,-0.002279040617010,0.433168165034527,0.008982881819899,0.013561567744021,-3.109159760779715,-0.244255274592079,1
86.369989395141602,10,9,-1.278888108926199,0.072407305145583,1.570893083121217,-2.056205316910727,-0.004059062718986,-0.006101214469075,-1.706939512233234,-0.001746489297929,-0.002142404603041,0.478689501873741,0.009132018605612,0.013762319886578,-3.111567091174333,-0.237202567272371,1
86.389995336532593,10,9,-1.320364855992474,0.072325763526315,1.570770613803613,-2.090252152947835,-0.004092156239545,-0.006141295574463,-1.696483184142036,-0.001561008298884,-0.001863345097134,0.565770886778125,0.009405280129858,0.014127719494925,-3.116173365105993,-0.223350586549968,1
86.410012960433960,11,9,-1.362543822366364,0.072243552117484,1.570647331220020,-2.124091195801449,-0.004121501616284,-0.006175741233777,-1.684329459150786,-0.001370282015264,-0.001577289276920,0.647746273214761,0.009646125274852,0.014446339363043,-3.120508246970813,-0.209833716587944,1
86.429996490478516,11,10,-1.405327629564971,0.072160926297101,1.570523618042704,-2.157616704803915,-0.004146945053595,-0.006204358552752,-1.670608354846964,-0.001175371393256,-0.001285790155277,0.724636918716842,0.009855158919788,0.014719138706396,-3.124569619932447,-0.196680708470049,1
86.439994096755981,11,10,-1.426982518471734,0.072119408686689,1.570461526024392,-2.174282355648122,-0.004158202105885,-0.006216475999383,-1.663179258339807,-0.001076369243752,-0.001138021708253,0.761306039135975,0.009948285015994,0.014839114310133,-3.126503678617086,-0.190228669457461,1
86.449990272521973,11,10,-1.448799471860495,0.072077791443903,1.570399332139770,-2.190868761027939,-0.004168462958117,-0.006227108377106,-1.655390929316271,-0.000976492580300,-0.000989136168551,0.796800104666975,0.010033934040217,0.014948321070193,-3.128373307635386,-0.183863356910644,1
86.459990262985229,11,10,-1.470791300000989,0.072036058709166,1.570337012667456,-2.207382629898487,-0.004177725051504,-0.006236250826319,-1.647249978822166,-0.000875753112326,-0.000839147337859,0.831163622116856,0.010112286799493,0.015047013804622,-3.130180498751791,-0.177580854034533,1
86.469977140426636,11,10,-1.492918697090547,0.071994293292063,1.570274691160545,-2.223791898648827,-0.004185965776120,-0.006243879565728,-1.638782355521227,-0.000774399767744,-0.000688422052690,0.864360959538647,0.010183345825401,0.015135223941024,-3.131923043801561,-0.171391981848546,1
86.479990005493164,11,10,-1.515267229414943,0.071952342668450,1.570212140062922,-2.240156933634826,-0.004193208156853,-0.006250012583602,-1.629965603639555,-0.000672108236608,-0.000536474953951,0.896541704781204,0.010247502763797,0.015213463686879,-3.133608461846163,-0.165272820156275,1
86.499994277954102,11,10,-1.560401603584743,0.071868345836300,1.570087035062923,-2.272577375465562,-0.004204594528675,-0.006257690960511,-1.611414364462849,-0.000466009060057,-0.000230832088342,0.957614201998132,0.010354937693425,0.015339937304017,-3.136794125377171,-0.153305326059366,1
86.519991159439087,11,10,-1.606168033058890,0.071784185700403,1.569961872089261,-2.304602739054078,-0.004211838406850,-0.006259235170911,-1.591190776221413,-0.000258263080725,0.000076593784830,1.063674781527778,0.010418458580527,0.015401043430128,-3.139762748081298,-0.143644910969233,1
86.570001602172852,11,10,-1.723389185468077,0.071573443547292,1.569649260689580,-2.382749133570079,-0.004211686085573,-0.006236119585075,-1.532114241233120,0.000264861060890,0.000847934599190,1.289706541526446,0.010479432031037,0.015413647713806,-3.146362631468970,-0.120539238725779,1
86.610007762908936,12,10,-1.819923399015773,0.071405277885774,1.569400626195990,-2.442969362907247,-0.004192711196241,-0.006189889096935,-1.477551807751345,0.000683459863187,0.001462462300657,1.432763810731204,0.010434536193339,0.015289824094060,-3.150833167504520,-0.103115369193243,1
86.710275411605835,12,11,-2.072038485265185,0.070990077061795,1.568789900617081,-2.583453492451269,-0.004072282478843,-0.005967433589999,-1.320960915918450,0.001711564956378,0.002962159957928,1.648396481459078,0.010013958388070,0.014540230563970,-3.159144802146681,-0.064394033830903,1
86.769990682601929,12,11,-2.228619565886782,0.070750284792999,1.568439318550975,-2.659406525901040,-0.003952417122531,-0.005764953005764,-1.222812097336055,0.002298809115738,0.003812423376871,1.634755731960773,0.009625729139115,0.013896860827712,-3.162493133999145,-0.047965105956754,1
86.790001392364502,12,11,-2.282077542544199,0.070671669038864,1.568324742235345,-2.683548584158337,-0.003904501014692,-0.005685900557884,-1.190190435018769,0.002489802225180,0.004087897615384,1.625375201977745,0.009461102359155,0.013632665293675,-3.163400617401950,-0.042762071882229,1
86.800563812255859,12,11,-2.310489667738874,0.070630566951328,1.568264913378697,-2.696029872824247,-0.003877675396205,-0.005641962719819,-1.173051971214607,0.002589249721001,0.004231119111008,1.619559819282010,0.009367761492728,0.013484163587342,-3.163838088436169,-0.040076603520582,1
86.819997787475586,13,12,-2.363103786594316,0.070555708661887,1.568156083026970,-2.718521834672299,-0.003825598261602,-0.005557206775583,-1.141692607877156,0.002769548963166,0.004490396136622,1.607407787372612,0.009184947305221,0.013195409984527,-3.164569766351257,-0.035246050303889,1
86.850000858306885,13,12,-2.445175100792160,0.070442215635157,1.567991428427836,-2.752056073389727,-0.003738413650562,-0.005416611612176,-1.093787489957859,0.003040572858419,0.004879165449193,1.585266949633926,0.008876128407255,0.012712432944593,-3.165518744117185,-0.028068911568526,1
86.859992265701294,13,12,-2.472728981341541,0.070405013324053,1.567937549381403,-2.762906585490585,-0.003707589830209,-0.005367225392784,-1.077987583828576,0.003128721525941,0.005005345811432,1.577065022685629,0.008766542186580,0.012542178662010,-3.165787622719610,-0.025754214357628,1
86.869990348815918,13,12,-2.500405706119392,0.070368103240870,1.567884140936687,-2.773605460177340,-0.003675873086858,-0.005316558777833,-1.062262947969272,0.003215806595580,0.005129870421989,1.568478412279233,0.008653702829283,0.012367383526703,-3.166033689478798,-0.023476048785147,1
86.879992485046387,13,12,-2.528201887999290,0.070331497217685,1.567831220139394,-2.784152548311757,-0.003643275627890,-0.005264630946773,-1.046618541090323,0.003301788693675,0.005252683965547,1.559527117003596,0.008537717577575,0.012188203926543,-3.166257269770173,-0.021234635992164,1
86.889989137649536,13,12,-2.556085464169910,0.070295243913091,1.567778857175410,-2.794537213580029,-0.003609844968788,-0.005211517003498,-1.031075001900530,0.003386543411256,0.005373609934467,1.550240713441934,0.008418817276860,0.012004986401912,-3.166458501392268,-0.019032425434700,1
86.899994134902954,13,12,-2.584094810819953,0.070259300025682,1.567726989366387,-2.804775201457103,-0.003575544925965,-0.005157158930333,-1.015613425949942,0.003470162309921,0.005492780066622,1.540625248118430,0.008296933036419,0.011817615417867,-3.166638044473993,-0.016866276519364,1
86.909996747970581,13,12,-2.612199769683351,0.070223711053973,1.567675682261543,-2.814856081955794,-0.003540422502102,-0.005101630806079,-1.000005331047300,0.003552394867522,0.005609800737235,1.584111710306031,0.008143043737967,0.011576640588370,-3.166798601587189,-0.015286048158464,1
86.979993104934692,13,12,-2.811585140979985,0.069985045617414,1.567332965093045,-2.880738679353486,-0.003272728020595,-0.004682020585001,-0.879556872546669,0.004083245113921,0.006359271442397,1.832253392432045,0.007016589386043,0.009830673321923,-3.167508967109773,-0.005193248746352,1
87.010014057159424,14,12,-2.898450821050547,0.069888671569499,1.567195323011941,-2.906306432988778,-0.003147064685053,-0.004486804192545,-0.823551148223272,0.004286446750014,0.006642996069814,1.895042449476797,0.006520456428728,0.009071466689246,-3.167604419184017,-0.001199637964642,1
87.019992351531982,14,13,-2.927495655828176,0.069857479257156,1.567150878237038,-2.914430608192231,-0.003103965180050,-0.004420061384569,-0.804558909976158,0.004350690270011,0.006732263779670,1.910703877672680,0.006354258578976,0.008818298301528,-3.167609970123939,0.000083491800620,1
87.049998044967651,14,13,-3.015299409655035,0.069766328521106,1.567021319741326,-2.937706311253981,-0.002970633391876,-0.004214198090534,-0.746685482886150,0.004533824600059,0.006985429720087,1.943208959885926,0.005851627238859,0.008055890189335,-3.167551089308350,0.003807646935492,1
87.069994211196899,14,13,-3.074188255617369,0.069707842031284,1.566938460022888,-2.952247667263651,-0.002878827937591,-0.004072941296289,-0.707712088148565,0.004647468025019,0.007141432395032,1.953470632129383,0.005514837456607,0.007547591616237,-3.167451105482202,0.006177906923622,1
87.110197067260742,14,13,-3.193426381366850,0.069595919875978,1.566780568168727,-2.979120348920806,-0.002687714524211,-0.003780013743635,-0.629333098438080,0.004855646015935,0.007424539741493,1.914844100947245,0.004858958329626,0.006565139427262,-3.167113230160959,0.010266374500466,1
87.120736598968506,14,13,-3.224859496761326,0.069567863250877,1.566741142229236,-2.985647611063753,-0.002636271277791,-0.003701402174910,-0.609361535637476,0.004906042792276,0.007492526732680,1.875031151787381,0.004704256019730,0.006335993295360,-3.167001298318200,0.010971787507589,1
87.129990816116333,14,13,-3.252516600902037,0.069543676083627,1.566707208580233,-2.991207265019416,-0.002590667842733,-0.003631792678613,-0.592169743620918,0.004948947526845,0.007550229637603,1.840257555580109,0.004567619112092,0.006133842596700,-3.166896934431207,0.011580220030312,1
87.139996290206909,14,13,-3.282475812053717,0.069518002486736,1.566671248016820,-2.997040988811176,-0.002540922738533,-0.003555942052430,-0.573943459617101,0.004993908590545,0.007610507344246,1.802868007063396,0.004419116611400,0.005914379541094,-3.166777820057646,0.012226484883851,1
87.220005512237549,15,14,-3.523949652257087,0.069331045636705,1.566411572527447,-3.037504168620751,-0.002128512065553,-0.002930006306622,-0.441413425803777,0.005299318673028,0.008012780592808,1.512970684781189,0.003210161953825,0.004136125667941,-3.165605054719800,0.016962094930667,1
87.269998311996460,15,14,-3.676329828542178,0.069231316920158,1.566275181887401,-3.057753949885943,-0.001859881037617,-0.002524707113127,-0.370091674167952,0.005440677484026,0.008191571520683,1.341600746227787,0.002444290959790,0.003016331750404,-3.164691562393042,0.019531501418700,1
87.289990663528442,15,14,-3.737534448265043,0.069195223563894,1.566226347422274,-3.064889346294819,-0.001750639732146,-0.002360363352285,-0.343932629429764,0.005486480577815,0.008247406679233,1.275518480866548,0.002137763651559,0.002569440598639,-3.164291564940763,0.020475079114785,1
87.299988031387329,15,14,-3.768192251025205,0.069177996303775,1.566203162573453,-3.068264567658002,-0.001695685086916,-0.002277786305336,-0.331343497452544,0.005507087063018,0.008271979414295,1.243034300652569,0.001984643548142,0.002346465426456,-3.164084589358070,0.020928938094812,1
87.309988737106323,15,14,-3.798891230346680,0.069161315141152,1.566180798703660,-3.071517025513053,-0.001640520062800,-0.002194956376072,-0.319267216210104,0.005525422337186,0.008293306824099,1.172263135020212,0.001682399383410,0.001919032751236,-3.163874351691529,0.021115452942726,1
87.320834159851074,15,14,-3.832220196105524,0.069143849060631,1.566157482603898,-3.074911998621305,-0.001580504544259,-0.002104912004668,-0.306960620360120,0.005541922752818,0.008311650355512,1.097740085652508,0.001362113529014,0.001465997437942,-3.163644299907399,0.021309105496222,1
87.330033540725708,15,14,-3.860521064904245,0.069129543703404,1.566138470112747,-3.077690335817187,-0.001529467078748,-0.002028391260833,-0.297144434127806,0.005553232070616,0.008323408575720,1.036620026628946,0.001097630264829,0.001091773657238,-3.163447528103765,0.021468378933727,1
87.349997043609619,15,14,-3.922021895364772,0.069100117372810,1.566099635226372,-3.083424469247288,-0.001418420876616,-0.001862057907443,-0.277723222530425,0.005569588382782,0.008337339473249,0.910470833490996,0.000545995498737,0.000310883700371,-3.163015605283732,0.021798231503569,1
87.430017232894897,16,15,-4.169571956057788,0.069004451778750,1.565977293139246,-3.103217139491094,-0.000973177095958,-0.001197002517763,-0.222599631571648,0.005533424680768,0.008249038742810,0.489067018829119,-0.001374869829302,-0.002412827227419,-3.161224826311082,0.022903417928179,1
87.440000772476196,16,15,-4.200569244016806,0.068995010019014,1.565965751639421,-3.105416195705805,-0.000917996736057,-0.001114759400113,-0.217935798299956,0.005518647768539,0.008223456917744,0.445395721771467,-0.001583804024921,-0.002709592587221,-3.160995559506531,0.023016966362860,1
87.499986886978149,16,15,-4.387233081432665,0.068949803548975,1.565913563492716,-3.117832251258033,-0.000590504343287,-0.000627336243362,-0.198259717563078,0.005388853615292,0.008011458760609,0.221293439605295,-0.002706579838190,-0.004306531184245,-3.159596811197454,0.023585323469035,1
87.530478954315186,16,15,-4.482390460206515,0.068934290041508,1.565898138235695,-3.123785603607328,-0.000427530610199,-0.000385175761043,-0.192588321881078,0.005298501661871,0.007868844626675,0.152247740582759,-0.003210623681793,-0.005034664459876,-3.158881476828550,0.023331797351658,1
87.549998044967651,16,15,-4.543402663033303,0.068926950079016,1.565892112408801,-3.127518455350510,-0.000324735567234,-0.000232564086917,-0.190008602687307,0.005232925437772,0.007766370488139,0.112654673376220,-0.003504682383210,-0.005459600719771,-3.158427700227177,0.023161204956141,1
87.599987506866455,16,15,-4.699981173941993,0.068917178523273,1.565890071608299,-3.136914155878656,-0.000067811172858,0.000148435084490,-0.186613275452812,0.005040742859564,0.007468895900452,0.026857877363512,-0.004161907136348,-0.006409684004514,-3.157281305057202,0.022697944611393,1
87.689993143081665,17,16,-4.983076675912335,0.068930956943424,1.565932862063488,-3.153760846132352,0.000367722511671,0.000792829863707,-0.189257445655199,0.004624173875862,0.006831284797126,-0.074753991562812,-0.005031637534420,-0.007667575957242,-3.155279286415297,0.021768189796535,1
87.709995746612549,17,16,-5.046197338921952,0.068939230574296,1.565950077064016,-3.157571188848300,0.000459207843200,0.000928022554809,-0.193535762380623,0.004524269406147,0.006705443917515,-0.610277065128937,-0.004738535065157,-0.002014408131765,-3.154846513718388,0.021460694747848,1
87.729993820190430,17,16,-5.109384772080935,0.068949312822591,1.565969978091873,-3.161626459422027,0.000548783627769,0.001062403661548,-0.214955965797057,0.004435881824664,0.006765454633577,-1.492811179838719,-0.004129079352362,0.007583393727334,-3.154421258125971,0.021067794015686,1
87.742332696914673,17,16,-5.148405013138952,0.068956419166442,1.565983602001077,-3.164403341041056,0.000603200502568,0.001146567145483,-0.236122765613954,0.004386822579963,0.006888806247311,-1.925249119570252,-0.003834208185585,0.012264999965359,-3.154162844708464,0.020826487976785,1
87.799988508224487,17,16,-5.331324119082702,0.068998375925398,1.566061683139622,-3.182014125007606,0.000850292637838,0.001572697523809,-0.385020072929335,0.004190794688047,0.008001759011488,-3.003489371403431,-0.003134908292375,0.023737554963881,-3.152994321389658,0.019709397383642,1
87.809992551803589,18,16,-5.363177657153643,0.069007091690221,1.566077821268266,-3.186017339042659,0.000892062200830,0.001653947805666,-0.415372209771936,0.004159587451860,0.008242241924476,-3.058807979142257,-0.003107794889827,0.024277728815031,-3.152798104022005,0.019517367902165,1
87.860014200210571,18,17,-5.523126615399311,0.069056851557481,1.566171370531231,-3.210625612083792,0.001096216095165,0.002096512043280,-0.567251513512106,0.004001849325289,0.009436125691888,-2.906698661022642,-0.003274240139701,0.022288315168665,-3.151845709804139,0.018565217830699,1
87.880015611648560,18,17,-5.587465546793248,0.069079575171258,1.566215223469401,-3.222540497220624,0.001175598583916,0.002289567083315,-0.623343679876230,0.003934688297534,0.009858316276995,-2.689794933267499,-0.003449032061762,0.019796012876030,-3.151478127165127,0.018188177789106,1
88.010004997253418,19,17,-6.012410234374856,0.069264216426180,1.566600636549935,-3.320064262294665,0.001653170973310,0.003650488944224,-0.827577768665971,0.003376369404089,0.010339901552840,-0.487926694593608,-0.005083853051542,-0.012313227592390,-3.149293886695605,0.015387962573891,1
88.059991121292114,19,18,-6.179412601761344,0.069350964454064,1.566795726806205,-3.361753667649811,0.001815400398548,0.004147950343606,-0.834890361260650,0.003110763486755,0.009487970571393,0.175221351214879,-0.005523304828015,-0.021384027592926,-3.148550893697333,0.014345386531858,1
88.069999217987061,19,18,-6.213096724908937,0.069369286700456,1.566837708389200,-3.370097961772709,0.001846253167467,0.004241803189624,-0.832539751823754,0.003055115392891,0.009266180639068,0.293792597959558,-0.005597355720972,-0.022926618950188,-3.148408357097682,0.014141156099753,1
88.102574348449707,19,18,-6.323314362167371,0.069431015166459,1.566980658865744,-3.396996543220390,0.001942762157299,0.004530655288028,-0.817066824678065,0.002869242817927,0.008444888857153,0.643571455749053,-0.005798728811973,-0.027290472026971,-3.147958425711576,0.013483659048414,1
88.109998703002930,19,18,-6.348559776847142,0.069445519008285,1.567014530213969,-3.403045036510931,0.001963906503347,0.004592600430851,-0.812068876741479,0.002826132488898,0.008239654890121,0.702369656950955,-0.005813187548346,-0.027985209734635,-3.147858889242834,0.013327420921776,1
88.159992218017578,19,18,-6.519691490217176,0.069547113850375,1.567253827097231,-3.442611901004718,0.002097898727111,0.004967818940492,-0.767853385881288,0.002533572326485,0.006738900709265,1.053828208540609,-0.005882510983745,-0.031809729423493,-3.147218439550988,0.012300746041892,1
88.169990539550781,19,18,-6.554148387356265,0.069568213959903,1.567303826055629,-3.450235076191583,0.002122934846667,0.005033593481525,-0.757007990917242,0.002474717356706,0.006417851751828,1.115244414640618,-0.005890715018371,-0.032404862021570,-3.147096459983787,0.012100720329172,1
88.210063457489014,20,19,-6.693002119971893,0.069655208324941,1.567510332890305,-3.479613247041463,0.002217366732186,0.005264200560266,-0.707794844022100,0.002238270062163,0.005079317009184,1.333764356423807,-0.005905631470985,-0.034264254824241,-3.146627360947510,0.011316688809464,1
88.239989757537842,20,19,-6.797446566572287,0.069722542896539,1.567669993814684,-3.500176865798670,0.002281706825898,0.005400718297687,-0.665789236853345,0.002061598544313,0.004039780374970,1.469740657313106,-0.005898803860357,-0.035137583527354,-3.146297213500480,0.010749625250636,1
88.299996376037598,20,19,-7.008623998323094,0.069862960036527,1.568000071341270,-3.537344807964471,0.002394821889965,0.005579306517110,-0.570915502484508,0.001709056125845,0.001906935752788,1.678916246208865,-0.005842066844710,-0.035698384213339,-3.145685169469219,0.009660173664361,1
88.310876369476318,20,19,-7.047138650364838,0.069889112133448,1.568060871373147,-3.543457033494624,0.002413069123368,0.005597945657691,-0.552882464852781,0.001645736536973,0.001520472902233,1.636099497640747,-0.005798869104557,-0.035345916992594,-3.145581097002315,0.009473675043533,1
88.319992780685425,20,19,-7.079470107116000,0.069911181793509,1.568111971302236,-3.548430610730474,0.002427834148892,0.005610344145374,-0.538125910335279,0.001593029501303,0.001199614359413,1.600936495925768,-0.005762418095778,-0.035031994741886,-3.145495424312848,0.009318867221777,1
88.360001564025879,20,19,-7.221851643864174,0.070009529795797,1.568337023103364,-3.568718084195338,0.002486999815311,0.005630695690208,-0.476975143847335,0.001365693170096,-0.000171955757909,1.459339593678696,-0.005601773514998,-0.033488100046989,-3.145135946588959,0.008655502713017,1
88.369993686676025,20,19,-7.257534282570732,0.070034447450353,1.568393271570376,-3.573411767849092,0.002500367011872,0.005627312732333,-0.462555339570108,0.001309920898343,-0.000504461054288,1.427097485823686,-0.005561461098251,-0.033062879249608,-3.145050268592523,0.008493875145880,1
88.410061120986938,21,20,-7.401063766486709,0.070135619988047,1.568617982287050,-3.590831821105117,0.002548430084112,0.005581042536262,-0.407791011126009,0.001090344581660,-0.001792878289711,1.309709830726186,-0.005398971070411,-0.031214670374956,-3.144722695565310,0.007862032137282,1
88.479982137680054,21,20,-7.653070026615519,0.070316175583263,1.569002113978975,-3.616286913216216,0.002611704824232,0.005382272880993,-0.322190341976439,0.000722844366848,-0.003849407128515,1.147304353765614,-0.005111806149391,-0.027518430238191,-3.144209793961494,0.006821655905122,1
88.519994735717773,21,20,-7.798009475219391,0.070421198672442,1.569214098729718,-3.628281360513719,0.002636580057397,0.005206868212664,-0.277984775374877,0.000521719294296,-0.004899636203485,1.053258312529719,-0.004937344264619,-0.024730089698484,-3.143947920415476,0.006283027158372,1
88.529997825622559,21,20,-7.834318098821453,0.070447598529928,1.569265935505182,-3.631009886089850,0.002641552715509,0.005156631767785,-0.267583348767270,0.000472557387552,-0.005142957967782,1.026520817159570,-0.004891782330702,-0.023919248051191,-3.143885699238011,0.006157286956284,1
88.539998769760132,21,20,-7.870643971169499,0.070474038738907,1.569317244323989,-3.633635006839456,0.002646034757279,0.005104015851271,-0.257446462092436,0.000423863468363,-0.005378143422348,1.000896143854397,-0.004846330207116,-0.023115711463015,-3.143824745128108,0.006032893728152,1
88.579990148544312,21,20,-8.016156108051600,0.070580146986084,1.569516825834541,-3.643156019871391,0.002659158716940,0.004871292414504,-0.219310028545796,0.000233669763099,-0.006239392339457,0.909098672992211,-0.004665461081817,-0.019974700894871,-3.143593231329064,0.005548586283461,1
88.610603332519531,22,20,-8.127777985230315,0.070661635840129,1.569662928539184,-3.649453152618477,0.002664147321144,0.004671300480394,-0.192411585830759,0.000092959650129,-0.006815098927085,0.849830981572913,-0.004527857238230,-0.017650488138307,-3.143428867547058,0.005192071524885,1
88.639999389648438,22,21,-8.235140594140411,0.070739974943003,1.569797233638474,-3.654749544690763,0.002664942574480,0.004463644500726,-0.168161302977240,-0.000038210652215,-0.007301988041186,0.801354841465404,-0.004396285053740,-0.015485688041940,-3.143281125954442,0.004861290979321,1
88.659990549087524,22,21,-8.308238436682121,0.070793238680247,1.569884990906846,-3.657953219703627,0.002663306074792,0.004314665482430,-0.152431288366485,-0.000125208597116,-0.007597191217420,0.772876041552123,-0.004307078843860,-0.014051853497426,-3.143186132162725,0.004642824084353,1
88.700566053390503,22,21,-8.456776130313559,0.070901151247745,1.570053655366180,-3.663515804188774,0.002654729933971,0.003995624932774,-0.122077458508229,-0.000296303213773,-0.008109835627850,0.725688057948212,-0.004126221120002,-0.011233395396355,-3.143006491364961,0.004216136225607,1
88.759992837905884,22,21,-8.674677678625365,0.071058248469159,1.570276430331479,-3.669516184060001,0.002630016164985,0.003496581632035,-0.080300399605264,-0.000532432389902,-0.008640783464801,0.681674997694578,-0.003823014545055,-0.006728580834691,-3.142771545192132,0.003696720570913,1
88.769991636276245,22,21,-8.711374081956361,0.071084519471876,1.570310960545281,-3.670285162038391,0.002624501933352,0.003409855472742,-0.073517347669682,-0.000570411084901,-0.008704532647975,0.675072236209671,-0.003773336186993,-0.006024723461567,-3.142735001409637,0.003612729250042,1
88.809998750686646,23,21,-8.858262422182033,0.071189021365123,1.570440355196423,-3.672692795353603,0.002598714307457,0.003057519891860,-0.047004380045386,-0.000717446981481,-0.008891445043020,0.650963287095236,-0.003578117518149,-0.003358986301205,-3.142597045491848,0.003286499199173,1
88.840001344680786,23,21,-8.968468349129560,0.071266648842290,1.570528071887966,-3.673812472273345,0.002575600742144,0.002789529805878,-0.027714399496475,-0.000822646302327,-0.008964214383792,0.635298897954851,-0.003435207311716,-0.001513529552357,-3.142501981728727,0.003052160496395,1
88.869993925094604,23,21,-9.078669469878593,0.071343515497484,1.570607703355451,-3.674360082342072,0.002549402383550,0.002520240657038,-0.008868519557184,-0.000923573118897,-0.008983535857601,0.621695572513310,-0.003295084928951,0.000204316464962,-3.142413838960795,0.002826715638166,1
88.910013675689697,23,21,-9.225711691418823,0.071444764058958,1.570701373704309,-3.674221411350176,0.002509853195091,0.002161473353854,0.015699028500432,-0.001051760354557,-0.008932605233181,0.606721697529004,-0.003112058568298,0.002305313624330,-3.142306514481870,0.002539671275158,1
88.979988098144531,23,21,-9.482745681808460,0.071617644901825,1.570830934495811,-3.671653983786584,0.002428891814172,0.001544768304498,0.057476242451431,-0.001258599209045,-0.008656596785424,0.589128932969681,-0.002801545139253,0.005480586613264,-3.142145318839585,0.002075517388623,1
88.989989519119263,23,21,-9.519463590939406,0.071641873282148,1.570845952004175,-3.671049718161205,0.002416164949278,0.001458472984103,0.063359865396122,-0.001286400300179,-0.008599752629890,0.587492693519041,-0.002758049896245,0.005884895443731,-3.142124874132885,0.002013104081225,1
88.999987125396729,23,21,-9.556162036386429,0.071665964401246,1.570860104457625,-3.670386935141896,0.002403166910853,0.001372796730382,0.069226111563512,-0.001313757696555,-0.008538947273238,0.586073411118824,-0.002714772651632,0.006277107632059,-3.142105055703864,0.001951694242247,1
89.020023822784424,24,21,-9.629685414058219,0.071713845769274,1.570885903945774,-3.668882485210168,0.002376306003678,0.001203025492119,0.080944936801285,-0.001367285297812,-0.008405584706192,0.583875625004879,-0.002628629394599,0.007027703980321,-3.142067162377339,0.001831579884453,1
89.199989080429077,24,21,-10.288081977742355,0.072116989194794,1.570974527118540,-3.644854872758547,0.002091759238835,-0.000165453342977,0.186598643811880,-0.001772600985309,-0.006659141099568,0.601039819355090,-0.001883306507133,0.011823862772027,-3.141823497427648,0.000929298322127,1
89.209995985031128,25,21,-10.324547986523953,0.072137833153537,1.570972539897390,-3.642957366693861,0.002073926512442,-0.000231498919783,0.192627310730086,-0.001791246483494,-0.006539943035843,0.603834620146423,-0.001843059510576,0.011996650921131,-3.141814402774998,0.000888454381290,1
89.220572710037231,25,22,-10.363065047077900,0.072159666482038,1.570969728183661,-3.640886310531229,0.002054879988640,-0.000299991228533,0.199029955021442,-0.001810514257636,-0.006412143759105,0.606985320942935,-0.001800634354748,0.012169449791470,-3.141805230046665,0.000846357905588,1
89.239999294281006,25,22,-10.433760200415433,0.072199243893660,1.570962704991718,-3.636904715280965,0.002019371238614,-0.000422247974854,0.210882371768508,-0.001844741264028,-0.006172834747307,0.613292537509431,-0.001722980130948,0.012461104123022,-3.141789516762959,0.000771889432332,1
89.249998092651367,25,22,-10.470111633661780,0.072219341248099,1.570958176879431,-3.634765585275820,0.002000841910084,-0.000483339349568,0.217031493101362,-0.001861768581025,-0.006047553900010,0.616796438370810,-0.001683150997781,0.012598441284969,-3.141781984532054,0.000735009083888,1
89.309991836547852,25,22,-10.687762717930040,0.072335970781781,1.570918756079661,-3.620622444728253,0.001886262111414,-0.000823042507621,0.254352327390778,-0.001955189146644,-0.005268605092348,0.563120369640354,-0.001360837423515,0.013679820177677,-3.141743931943482,0.000565087147389,1
89.320614099502563,25,22,-10.726207463341524,0.072355896584073,1.570909719029949,-3.617890317808349,0.001865419203699,-0.000878225323228,0.259928891744789,-0.001968970075153,-0.005120507205178,0.487423132522829,-0.001235109877394,0.014198224377931,-3.141737928998180,0.000565179824139,1
89.339998483657837,25,22,-10.796288652983080,0.072391685228778,1.570891750651510,-3.612768463541084,0.001827033460352,-0.000974760573961,0.268104330374716,-0.001990829642393,-0.004836855155938,0.357921795522303,-0.001024190549589,0.015047234517228,-3.141726970562604,0.000565498000885,1
89.409991979598999,26,22,-11.048490332376016,0.072514641182857,1.570812570963441,-3.593463521912360,0.001685706541898,-0.001274441703999,0.279079114482611,-0.002040678314636,-0.003701744549608,-0.022283920997981,-0.000445751324134,0.017145143820845,-3.141687307309293,0.000568250009431,1
89.429995536804199,26,23,-11.120313187275467,0.072547950907145,1.570786361264203,-3.587891517036120,0.001644806653255,-0.001345031582286,0.277764859069113,-0.002048386559599,-0.003355177084367,-0.107476188756523,-0.000328255970383,0.017489409447216,-3.141675928692272,0.000569497765118,1
89.489979028701782,26,23,-11.335034476157643,0.072642918246880,1.570700280551761,-3.571555115949226,0.001521515109220,-0.001514434318413,0.264942606770688,-0.002060031112790,-0.002288800762731,-0.306397016450780,-0.000086182412590,0.017923038780729,-3.141641628212825,0.000574469003576,1
89.499992370605469,26,23,-11.370781895832279,0.072658049334482,1.570685005355561,-3.568918137198490,0.001500884913229,-0.001536452855838,0.261745589182776,-0.002060761898363,-0.002109367021081,-0.331847619736440,-0.000060441195322,0.017914843891793,-3.141635871258643,0.000575478409142,1
89.530715465545654,26,23,-11.480308182158721,0.072703187253159,1.570636889899218,-3.561033532504755,0.001437409586927,-0.001593055562687,0.251517051938709,-0.002075542326612,-0.001583449174696,-0.333250138246781,-0.000880844693169,0.016333782519931,-3.141618122771499,0.000579708983181,1
89.579997062683105,26,23,-11.655503656618269,0.072771481741854,1.570556772131060,-3.549041788934400,0.001333598475559,-0.001652228108658,0.235184802611264,-0.002145960433899,-0.000837172137369,-0.328135003575976,-0.001921952610010,0.013992576676500,-3.141589435535816,0.000583985754238,1
89.599988937377930,26,23,-11.726411627382680,0.072797712280109,1.570523590840077,-3.544405138561483,0.001290288151408,-0.001666228313438,0.228666994342514,-0.002187781210736,-0.000566307079541,-0.323661777362983,-0.002253306898169,0.013110281173973,-3.141577750789114,0.000584836980660,1
89.609985589981079,27,24,-11.761836664874892,0.072810502657160,1.570506906010753,-3.542135093303961,0.001268299935726,-0.001671242086771,0.225444498198493,-0.002211055159245,-0.000437375506543,-0.320920936493522,-0.002400465457247,0.012683137570773,-3.141571902402038,0.000585071328726,1
89.619983911514282,27,24,-11.797240855346649,0.072823072606414,1.570490176628847,-3.539897017575085,0.001246070810688,-0.001674988165424,0.222250909780778,-0.002235741448574,-0.000312662475381,-0.317849160486959,-0.002535647635696,0.012265179151273,-3.141566052030651,0.000585178111576,1
89.699989795684814,27,24,-12.079765267376322,0.072915373766855,1.570356147344879,-3.523099993271351,0.001058173972365,-0.001664126835004,0.198129625899959,-0.002470473827343,0.000543810353304,-0.281824477447617,-0.003219211082302,0.009236624827465,-3.141519330059176,0.000581437719397,1
89.740063190460205,27,24,-12.220773852317812,0.072955755536559,1.570290000344648,-3.515354936351515,0.000956613462875,-0.001635289091690,0.189248582954060,-0.002598429124519,0.000886683686396,-0.164312880288132,-0.003151690770656,0.007899012603944,-3.141496271817350,0.000569253863860,1
89.789996147155762,27,24,-12.396089445004487,0.073000222142133,1.570209599226877,-3.506055717978333,0.000822996489637,-0.001581801426494,0.184199745688292,-0.002751197558126,0.001243053492946,-0.042218783845870,-0.002945677866836,0.006404410355593,-3.141468264222823,0.000552084435561,1
89.799987554550171,27,24,-12.431110687980626,0.073008307224345,1.570193857903361,-3.504217050485091,0.000795362032384,-0.001569066543876,0.183885643737811,-0.002780354099345,0.001305651807774,-0.020815882982547,-0.002889882114573,0.006127197418497,-3.141462766515793,0.000548388061998,1
89.819986343383789,28,25,-12.501155695356356,0.073023654038129,1.570162746823852,-3.500540906200301,0.000739187103627,-0.001541765171047,0.183875652882943,-0.002836928113217,0.001422806059144,0.019199976060485,-0.002764819938233,0.005593264667234,-3.141451875177319,0.000540727626106,1
89.840563297271729,28,25,-12.573138857905523,0.073038258078385,1.570131334741914,-3.496750975092649,0.000680243349347,-0.001511344949823,0.184661891197181,-0.002892338254536,0.001532477689440,0.056610950489428,-0.002618590067517,0.005072343612817,-3.141440834123568,0.000532482729762,1
89.849998235702515,28,25,-12.606128093371503,0.073044548122825,1.570117141708571,-3.495005633354784,0.000652833962754,-0.001496661143169,0.185271915624157,-0.002916708613291,0.001579255711613,0.072553562955971,-0.002545907628621,0.004842785103043,-3.141435827657366,0.000528577654597,1
89.899987936019897,28,25,-12.780611457253164,0.073073488212741,1.570044391057973,-3.485620889205318,0.000504018893427,-0.001412145899086,0.190794708619748,-0.003033381667885,0.001792654571599,0.145202547565521,-0.002107664240788,0.003720632910896,-3.141409944225422,0.000506594799428,1
89.943563699722290,28,25,-12.932319455271877,0.073092542167726,1.569984610842476,-3.477842666251631,0.000369891443440,-0.001330511042358,0.152816945922789,-0.003121176403664,0.001953577764870,-1.699738924960818,-0.001874206567777,0.003624717801609,-3.141388485535588,0.000478256475456,1
89.950005054473877,28,25,-12.954720039094079,0.073094860103200,1.569976080609538,-3.476894798217405,0.000349746851905,-0.001317851444760,0.141274538396574,-0.003133067437995,0.001976819592872,-1.880237249490976,-0.001816733617606,0.003590404916205,-3.141385418277070,0.000474036220439,1
90.019986152648926,29,26,-13.197821484787175,0.073111571142463,1.569888893376150,-3.472654979109099,0.000126682540380,-0.001171142055833,-0.029036139387525,-0.003231259162662,0.002208617731844,-2.663626238930299,-0.000915276404438,0.002965788422688,-3.141353859978716,0.000427716596778,1
90.029983520507812,29,26,-13.232542443947562,0.073112676055646,1.569877295352166,-3.473078043905244,0.000094333809431,-0.001148914362529,-0.055547533292708,-0.003239615246694,0.002237681965653,-2.635148781644926,-0.000755350120591,0.002847382425809,-3.141349617152407,0.000421028655133,1
90.051446676254272,29,26,-13.307091978641031,0.073113953389537,1.569853159430758,-3.474867685937002,0.000024664800736,-0.001100258322484,-0.110711836779460,-0.003251996563314,0.002295915798081,-2.487713561839565,-0.000395074783618,0.002576273413226,-3.141340736382191,0.000406613611474,1
90.103573799133301,29,26,-13.488436649181047,0.073110816779328,1.569798980914101,-3.483741407350059,-0.000144976556479,-0.000977395486530,-0.223488608004641,-0.003248459174234,0.002411654211851,-1.787493417135386,0.000552123402177,0.001857061738046,-3.141320461964199,0.000369955637946,1
90.149992704391479,29,26,-13.650418956285007,0.073100600500824,1.569756237342295,-3.495850446580626,-0.000294820072513,-0.000863661103505,-0.294238334766917,-0.003200205760025,0.002484065737963,-1.271194241040945,0.001505812831703,0.001268687873827,-3.141304412980969,0.000321790169775,1
90.159989118576050,29,26,-13.685380668145811,0.073097493642454,1.569747727948559,-3.498853632571163,-0.000326733004891,-0.000838767409566,-0.306428125147101,-0.003184202924556,0.002496136782472,-1.168041365994645,0.001694884250036,0.001146602947838,-3.141301246998926,0.000311630865828,1
90.200004100799561,29,26,-13.825640619731665,0.073081890629579,1.569716174757464,-3.511944329960802,-0.000452595923761,-0.000738096767545,-0.345304165522143,-0.003102059916967,0.002532481318570,-0.782162476460337,0.002396234765206,0.000674375971956,-3.141289579874419,0.000271722715871,1
90.209996223449707,30,26,-13.860753115099209,0.073077213321007,1.569708925456327,-3.515432528841394,-0.000483472686540,-0.000712757717564,-0.352669323963179,-0.003077301942560,0.002538650323876,-0.692312865180060,0.002557911344042,0.000560553968122,-3.141286913445706,0.000261945103279,1
90.280000209808350,30,27,-14.107743448029513,0.073035989346793,1.569665270815237,-3.541334994548548,-0.000691770687326,-0.000534298012248,-0.380810346377646,-0.002862168173607,0.002551125729518,-0.131005651093573,0.003547587308927,-0.000190683224750,-3.141270921129538,0.000195568525755,1
90.299994707107544,30,27,-14.178625216024322,0.073021590785419,1.569655097648751,-3.548965655945194,-0.000748271615735,-0.000483342284266,-0.382018443209472,-0.002788818441627,0.002545305350322,0.008708848744402,0.003786461371998,-0.000390432814251,-3.141267194150534,0.000177291239480,1
90.349982500076294,30,27,-14.356504415504272,0.072980784035173,1.569634105741214,-3.567890017054179,-0.000882710809074,-0.000356814284991,-0.372022526708001,-0.002585589229005,0.002512798765678,0.381299317556875,0.004325818829157,-0.000902147585564,-3.141259533161457,0.000129472642041,1
90.359988927841187,30,27,-14.392227362402632,0.072971821884149,1.569630660714413,-3.571592687619417,-0.000908366979706,-0.000331715129945,-0.367872260118831,-0.002541825215430,0.002503289214135,0.447696113990953,0.004419980987296,-0.000998027329396,-3.141258284273953,0.000120141420715,1
90.369991779327393,30,27,-14.427971800363798,0.072962609201493,1.569627467682673,-3.575248989513985,-0.000933569841470,-0.000306726599513,-0.363073620341038,-0.002497160810734,0.002492836173142,0.511302945773029,0.004509611156395,-0.001091610871614,-3.141257128795400,0.000110903250631,1
90.410001754760742,31,27,-14.571300217224055,0.072923307895165,1.569617178301289,-3.589302557921906,-0.001029781966133,-0.000207959481200,-0.337918296954227,-0.002310202971874,0.002441999011393,0.739261362388388,0.004824668859970,-0.001443797744847,-3.141253417745987,0.000074842560207,1
90.439994335174561,31,28,-14.679100298597209,0.072891405184727,1.569612032678124,-3.599082518742539,-0.001096870137943,-0.000135404490856,-0.313522373500199,-0.002162521215814,0.002395028904310,0.883961573435867,0.005017266261395,-0.001685164799495,-3.141251566414731,0.000048744438581,1
90.459989786148071,31,28,-14.751127045631426,0.072869047187018,1.569609801695876,-3.605169024863137,-0.001139100227412,-0.000087861850294,-0.294984036560014,-0.002061086223116,0.002359815409026,0.968789547971764,0.005125976802122,-0.001835607462535,-3.141250761847360,0.000031789895587,1
90.479999542236328,31,28,-14.823324193886112,0.072845848046033,1.569608513516153,-3.610872482087939,-0.001179309832477,-0.000041019080731,-0.274823154702033,-0.001957553571918,0.002321647123844,1.044855742808428,0.005219640854108,-0.001977961249372,-3.141250292516114,0.000015179166077,1
90.499992609024048,31,28,-14.895570982245685,0.072821885476247,1.569608154747652,-3.616153633400527,-0.001217399066449,0.000004993917876,-0.253243561763134,-0.001852381977239,0.002280746297811,1.112461733221062,0.005298658050472,-0.002112166590234,-3.141250151983114,-0.000001061880176,1
90.510560750961304,31,28,-14.933799236186609,0.072808918037545,1.569608334453122,-3.618779736558433,-0.001236671869662,0.000028976277347,-0.244899658227794,-0.001794492743669,0.002257897902417,0.474651515199359,0.005652861922568,-0.002211065013713,-3.141250204399036,-0.000008834773408,1
90.520000219345093,31,28,-14.967966865556896,0.072797166263786,1.569608708218361,-3.621077832066508,-0.001253353538464,0.000050188285068,-0.242836833837378,-0.001739784741196,0.002236636085370,-0.026034523187343,0.005933393198039,-0.002293147102816,-3.141250320190262,-0.000015687334996,1
90.559994459152222,31,28,-15.112992594892772,0.072745712254763,1.569612479129723,-3.631261864601946,-0.001317934083435,0.000137726798484,-0.275892424917894,-0.001484123027068,0.002138884986788,-1.451545295511290,0.006759053356347,-0.002579216863015,-3.141251515474281,-0.000043847191533,1
90.589991569519043,31,28,-15.222052152038255,0.072705540810571,1.569617561100612,-3.640276595173661,-0.001359359528622,0.000200701878446,-0.327415256596565,-0.001276355081248,0.002059034275281,-1.907947756749219,0.007052422642819,-0.002737458553747,-3.141253135580162,-0.000064036374629,1
90.601564645767212,31,28,-15.264199430873179,0.072689726827496,1.569620020750268,-3.644194881044974,-0.001373655845695,0.000224344349156,-0.349914607786628,-0.001194416620045,0.002027061067462,-1.971268280214261,0.007104008336235,-0.002787625352454,-3.141253920544115,-0.000071611268039,1
90.610001087188721,32,28,-15.294958726324097,0.072678095276963,1.569621985447589,-3.647217553228363,-0.001383480207822,0.000241347359858,-0.366616770825034,-0.001134389686298,0.002003399581523,-1.983369934707792,0.007122617569085,-0.002820788781986,-3.141254547766983,-0.000077059307525,1
90.639994859695435,32,29,-15.404524547367789,0.072636121932716,1.569630112572527,-3.659093281456466,-0.001414301357811,0.000300151408098,-0.424494268854081,-0.000921051527330,0.001917261527934,-1.828644505734926,0.007075623865068,-0.002917936112967,-3.141257143801223,-0.000095915325114,1
90.649989128112793,32,29,-15.441118628489106,0.072621941182973,1.569633207861166,-3.663425722952593,-0.001423154589480,0.000319168210400,-0.442247062321490,-0.000850566185533,0.001887964489449,-1.719534956669930,0.007025992521218,-0.002943927279064,-3.141258133063406,-0.000102021640723,1
90.659987211227417,32,29,-15.477767373904351,0.072607671362176,1.569636492721566,-3.667931063126962,-0.001431308280083,0.000337896255506,-0.458794225903921,-0.000780630291503,0.001858413344687,-1.586958670963983,0.006961918504910,-0.002967128182816,-3.141259183224347,-0.000108041047235,1
90.679987907409668,32,29,-15.551224082885355,0.072578896606875,1.569643618798515,-3.677404516449691,-0.001445539527954,0.000374470455262,-0.487415165604511,-0.000642964305632,0.001798662575964,-1.263234892694298,0.006796125849532,-0.003006020293422,-3.141261462530262,-0.000119817031112,1
90.810011863708496,33,29,-16.033732387962772,0.072387845651714,1.569706407607745,-3.744820485166664,-0.001476580095280,0.000582910727061,-0.504144682095185,0.000123675364990,0.001409745489422,0.821992784419784,0.004946690964550,-0.002941392125260,-3.141281487506868,-0.000185388671404,1
90.849994182586670,33,30,-16.183855587513673,0.072328957262943,1.569730809858884,-3.764201992234375,-0.001467824712718,0.000636931193837,-0.462521398450704,0.000310747573253,0.001292528582454,1.244530710297213,0.004417037005403,-0.002923237491887,-3.141289247928850,-0.000202576351848,1
90.900067329406738,33,30,-16.372891600361708,0.072255937713267,1.569764262148030,-3.785618506476863,-0.001446988932082,0.000697993616443,-0.389510077158117,0.000516360065103,0.001146522121259,1.650043912822563,0.003804659988024,-0.002909965707982,-3.141299892727432,-0.000222253073077,1
90.940029382705688,33,30,-16.524467201740244,0.072198564782005,1.569793040331022,-3.799880796015112,-0.001423387804483,0.000741509526203,-0.324637128589777,0.000662987177978,0.001031834753961,1.596365328668247,0.003530852000331,-0.002833673914221,-3.141308927588505,-0.000229722661012,1
90.949995517730713,33,30,-16.562354999552838,0.072184411936286,1.569800481449556,-3.803037264372186,-0.001416605872384,0.000751652945592,-0.308793663619453,0.000697825388509,0.001003670947166,1.582947978429168,0.003459968427548,-0.002818180571118,-3.141311225609078,-0.000231409532089,1
90.959989786148071,33,30,-16.600378733951082,0.072170289420926,1.569808043328606,-3.806044598005096,-0.001409460013345,0.000761543396962,-0.293040350858705,0.000732046034089,0.000975577414775,1.569527641793501,0.003387930060796,-0.002803964129689,-3.141313546540139,-0.000233031225509,1
90.969989538192749,33,30,-16.638450810259446,0.072156233000858,1.569815706515744,-3.808896547374851,-0.001401971924165,0.000771158507175,-0.277413177566260,0.000765558724150,0.000947605601804,1.556140738319728,0.003314946439399,-0.002791011574597,-3.141315884503771,-0.000234583723384,1
90.979994297027588,33,30,-16.676572435091696,0.072142245142057,1.569823468916775,-3.811594403535907,-0.001394147827372,0.000780499809369,-0.261910810868132,0.000798355840438,0.000919741259141,1.542792124647594,0.003241061414672,-0.002779272795798,-3.141318238991940,-0.000236067024060,1
90.989989280700684,33,30,-16.714682994497849,0.072128350740858,1.569831315666746,-3.814135415762416,-0.001386007424422,0.000789554177208,-0.246556694605593,0.000830378692250,0.000892015528202,1.529508090381566,0.003166439863825,-0.002768714665235,-3.141320605648423,-0.000237478872563,1
91.010007143020630,34,30,-16.791077553765309,0.072100777695768,1.569847295110871,-3.818766068409934,-0.001368761531686,0.000806856153430,-0.216205574928088,0.000892247761273,0.000836780027505,1.503081831151179,0.003014766112403,-0.002750884316531,-3.141325385902191,-0.000240095938151,1
91.030000209808350,34,31,-16.867468528084181,0.072073593923385,1.569863590416984,-3.822790062571310,-0.001350330228608,0.000823037322583,-0.186415637438437,0.000950986053329,0.000781924423714,1.476958155744752,0.002860620248113,-0.002737161363204,-3.141330210010778,-0.000242429797458,1
91.059993028640747,34,31,-16.982202026846934,0.072033534052816,1.569888615033558,-3.827722694514017,-0.001320555934229,0.000845260660635,-0.142698142969743,0.001033265425640,0.000700054867516,1.438367862044188,0.002625237355515,-0.002723398655446,-3.141337527369663,-0.000245405924550,1
91.069996118545532,34,31,-17.020499806834870,0.072020375918223,1.569897105228455,-3.829078427278246,-0.001310089562112,0.000852127491623,-0.128372893430030,0.001059130217517,0.000672826586648,1.425676437603668,0.002545808654531,-0.002720443302174,-3.141339986626781,-0.000246258449777,1
91.101586580276489,34,31,-17.141514210297657,0.071979532633032,1.569924344730647,-3.832428903215766,-0.001275404172157,0.000872025307808,-0.083962313883655,0.001135559969157,0.000586979001469,1.385942572427419,0.002291972359032,-0.002718858831849,-3.141347802582610,-0.000248119947657,1
91.110347747802734,34,31,-17.175095657133177,0.071968401836519,1.569932007331101,-3.833111518143408,-0.001265367784937,0.000877063612925,-0.071875338920907,0.001155313154429,0.000563076078729,1.373106074114117,0.002217029852787,-0.002737352846197,-3.141349968738446,-0.000246339685833,1
91.149998903274536,34,31,-17.327128088370340,0.071919158023744,1.569967198543409,-3.834897464469140,-0.001217903527226,0.000897217400808,-0.018597198076423,0.001236491906853,0.000452934746259,1.313919434295721,0.001877543442830,-0.002816886921832,-3.141359572859324,-0.000238007100855,1
91.159991025924683,34,31,-17.365448479080122,0.071907050330784,1.569976186006589,-3.835017950422741,-0.001205455742439,0.000901602342711,-0.005543632858222,0.001254825924642,0.000424692612389,1.298776972584367,0.001792077581258,-0.002835776725090,-3.141361940288902,-0.000235836002364,1
91.169990062713623,34,31,-17.403795940351188,0.071895059674321,1.569985222134794,-3.835008706698564,-0.001192820225783,0.000905706883897,0.007367142695920,0.001272318221237,0.000396244450566,1.283554649084055,0.001706655245415,-0.002854184198406,-3.141364287496129,-0.000233634682157,1
91.179989099502563,34,31,-17.442140837676540,0.071883196786800,1.569994297446492,-3.834871136198881,-0.001180014681828,0.000909525876996,0.020124799732804,0.001288956236584,0.000367616137022,1.268274543313340,0.001621373199378,-0.002872080292261,-3.141366612437772,-0.000231404739606,1
91.210007190704346,35,31,-17.557236132256300,0.071848364381704,1.570021750982701,-3.833702613197027,-0.001140632437175,0.000919258844041,0.057502763144895,0.001333794332240,0.000280635446923,1.222158559306123,0.001366501519112,-0.002922592837816,-3.141373456022037,-0.000224537828665,1
91.239997386932373,35,32,-17.672181978132670,0.071814761216010,1.570049433631146,-3.831435321321490,-0.001100053770245,0.000926354034577,0.093463547137292,0.001370987399801,0.000192290052252,1.175932365148798,0.001114236679360,-0.002967957221686,-3.141380084052642,-0.000217418194618,1
91.329998731613159,35,32,-18.016500890496651,0.071721419647109,1.570133221525031,-3.818444815820860,-0.000973177409417,0.000931450865965,0.193324404802558,0.001435645522829,-0.000083098411263,1.053099417312637,0.000232616833150,-0.003281970418628,-3.141398592209077,-0.000191494736275,1
91.369992017745972,35,32,-18.169045514756263,0.071683648846700,1.570170370689734,-3.809883121192310,-0.000915703652318,0.000925431092008,0.234525698259456,0.001435462083708,-0.000219607778724,1.006371493928331,-0.000232065046036,-0.003531626673846,-3.141405964057970,-0.000177214972973,1
91.410027027130127,36,32,-18.321374738594276,0.071648135609584,1.570207205826202,-3.799701014606343,-0.000858534023332,0.000913757503227,0.273790531815621,0.001417811760069,-0.000364727261185,0.954396214834693,-0.000640510417066,-0.003705958140349,-3.141412777786483,-0.000163226658767,1
91.439995765686035,36,33,-18.435121608125112,0.071623039538255,1.570234409897799,-3.791073283018896,-0.000816372563621,0.000901148562428,0.301774494664581,0.001394487748697,-0.000477155070713,0.912779050663314,-0.000911153271289,-0.003790649081867,-3.141417515229740,-0.000152955948549,1
91.479989051818848,36,33,-18.586489070647424,0.071591494552532,1.570270027789616,-3.778289623147959,-0.000761418555917,0.000879014656657,0.337123472451810,0.001351544988165,-0.000630096633732,0.854509356999704,-0.001228138482275,-0.003847338687372,-3.141423362730805,-0.000139517437378,1
91.512588500976562,36,33,-18.709470811289656,0.071567384292179,1.570298325055494,-3.766876477755361,-0.000718061544946,0.000856408312488,0.358997377076601,0.001305990784600,-0.000760403222413,-0.002771708542350,-0.001731508886863,-0.004589854842975,-3.141427733275949,-0.000128456272157,1
91.822604894638062,38,35,-19.869296762994001,0.071394299795626,1.570497769201363,-3.745972962306754,-0.000443490503485,0.000343690648671,-0.137350151012116,0.000485438949471,-0.002324555218007,0.033018970816254,-0.001965639030375,-0.001856940997118,-3.141450329529460,-0.000008828489829,1
91.860002279281616,38,35,-20.009483000461231,0.071378036986954,1.570508982493620,-3.750990842094479,-0.000426662371837,0.000255644212005,-0.128550559688703,0.000415750596222,-0.002379286855217,0.426255681245860,-0.001766961072278,-0.001087868846044,-3.141450353600014,0.000007460120823,1
91.989990472793579,38,35,-20.497908549097687,0.071325479233337,1.570521899097286,-3.761609587759877,-0.000386603288717,-0.000057537417344,-0.023985804418023,0.000201004549658,-0.002412468144373,0.988778678056829,-0.001677865033105,0.000263144346595,-3.141445713487641,0.000063832092131,1
91.999991178512573,38,35,-20.535531921074710,0.071321622332506,1.570521203010740,-3.761799751386515,-0.000384676908441,-0.000081651874374,-0.014013292039311,0.000184200240142,-0.002409517114484,1.005167847620727,-0.001682270784137,0.000326717782734,-3.141445054501954,0.000067933582661,1
92.039996385574341,39,36,-20.686021139617665,0.071306362938120,1.570516012666603,-3.761540653110048,-0.000378657298734,-0.000177716455101,0.027317188371160,0.000116694732096,-0.002391573576778,1.057765763514303,-0.001690046060680,0.000566567571856,-3.141442017159692,0.000083762958254,1
92.099989652633667,39,36,-20.911601420273339,0.071283795200120,1.570501070319075,-3.757965995609013,-0.000374692987407,-0.000319977402349,0.092288874652210,0.000015623730646,-0.002347784987205,1.101684070042183,-0.001674059857175,0.000885311105821,-3.141436321270692,0.000105775293850,1
92.130599260330200,39,36,-21.026551614989764,0.071272328649276,1.570490183979202,-3.754647131310355,-0.000374971665901,-0.000391353349422,0.123940802809232,-0.000032979476292,-0.002315390966475,0.968693466103608,-0.001506342688660,0.001223151324311,-3.141432863946358,0.000120140875285,1
92.150001764297485,39,36,-21.099406207124563,0.071265042290522,1.570482153038485,-3.752063887629622,-0.000375889547266,-0.000436053493387,0.141978377231262,-0.000061294291628,-0.002289806124134,0.890702260111428,-0.001412792187494,0.001409496443261,-3.141430444910367,0.000129088816667,1
92.170051336288452,39,36,-21.174603774906331,0.071257491678591,1.570472952071157,-3.749043390958095,-0.000377396465731,-0.000481668033235,0.159072841199680,-0.000088735736365,-0.002259799752953,0.815394473933807,-0.001326226228764,0.001580104473287,-3.141427765244492,0.000138191539918,1
92.219988107681274,40,37,-21.361606326020869,0.071238508364576,1.570446115958514,-3.740154998911570,-0.000383402859537,-0.000592393881244,0.195533690655174,-0.000150368819193,-0.002172012673557,0.650037715521303,-0.001151495658937,0.001915238628534,-3.141420310008554,0.000160245661968,1
92.230633258819580,40,37,-21.401404285998694,0.071234418784243,1.570439688038992,-3.738037569446204,-0.000385067986341,-0.000615402608527,0.202284697426158,-0.000162461814863,-0.002151324942203,0.618728981608330,-0.001121214033470,0.001971211760300,-3.141418579953445,0.000164832313536,1
92.279994487762451,40,37,-21.585665591054283,0.071215191024056,1.570406729743048,-3.727353277705493,-0.000394403478532,-0.000719106381122,0.229551176443375,-0.000214859031985,-0.002048779538909,0.490609105096356,-0.001009237845033,0.002166517089513,-3.141409927761468,0.000185580231872,1
92.319986104965210,40,37,-21.734541888838660,0.071199235732942,1.570376356402980,-3.717843058435014,-0.000403760121766,-0.000799236021912,0.241714558212165,-0.000250172616159,-0.001953450991877,-0.142584410259638,-0.000584098942582,0.002906243367997,-3.141402133974724,0.000206454524699,1
92.331394910812378,40,37,-21.776937045897537,0.071194613479997,1.570367112858075,-3.715101097498006,-0.000406647732797,-0.000821323402265,0.238508971264488,-0.000255741998980,-0.001918408693024,-0.411539811176708,-0.000396680259631,0.003229241055121,-3.141399737686636,0.000213668565110,1
92.340372800827026,40,37,-21.810282143269628,0.071190952193358,1.570359661989101,-3.712978822501864,-0.000408958010826,-0.000838413917609,0.233988153819223,-0.000258709687833,-0.001888406330102,-0.590966068854316,-0.000266945857974,0.003449333787261,-3.141397793960298,0.000219318825484,1
92.379992008209229,40,37,-21.957212426880147,0.071174544941639,1.570325000206699,-3.704331637822996,-0.000419294421109,-0.000910321432994,0.199261518213815,-0.000260404212448,-0.001737213571078,-1.087272413214894,0.000138545229235,0.004101082544437,-3.141388614912102,0.000243963253994,1
92.389988422393799,40,37,-21.994235336225163,0.071170340214215,1.570315813481754,-3.702395016646576,-0.000421889666772,-0.000927482009006,0.188074774549554,-0.000258687230813,-0.001695734574413,-1.146817418891492,0.000202615917802,0.004192668331355,-3.141386145244079,0.000250107168600,1
92.399988889694214,40,37,-22.031253569454940,0.071166108018471,1.570306453685289,-3.700572151669532,-0.000424465753394,-0.000944230080255,0.176401976038727,-0.000256397242056,-0.001653453634572,-1.183942223189471,0.000253153456279,0.004258583888642,-3.141383613327374,0.000256223354129,1
92.409987926483154,41,37,-22.068247106343680,0.071161850996305,1.570296930348819,-3.698867845839588,-0.000427016141667,-0.000960549340329,0.164464430204007,-0.000253666478971,-0.001610642926101,-1.200531544588052,0.000291013101718,0.004300533497650,-3.141381020893764,0.000262308302598,1
92.419987201690674,41,38,-22.105224200541215,0.071157568615030,1.570287245981632,-3.697283414397502,-0.000429537532600,-0.000976438815331,0.152455923915978,-0.000250616891969,-0.001567525433527,-1.198436928084313,0.000317065261209,0.004320223765366,-3.141378367766855,0.000268363183336,1
92.441412448883057,41,38,-22.184382587407047,0.071148311478256,1.570265979336739,-3.694289696789484,-0.000434830305324,-0.001009022616944,0.127297439122234,-0.000243529806841,-0.001475106292820,-1.139216411011705,0.000336959048495,0.004295008876777,-3.141372481682374,0.000281232079250,1
92.540007591247559,41,38,-22.548179525964748,0.071104292112016,1.570159970598581,-3.686425920241942,-0.000458355809784,-0.001135731926015,0.033350581627315,-0.000282234796877,-0.001166044594558,-1.138849927415629,-0.002744451701679,-0.000180096804275,-3.141341852523193,0.000340644112166,1
92.579996585845947,41,38,-22.695586257953480,0.071085702012234,1.570113610468338,-3.686038253355416,-0.000472365540560,-0.001183257210112,-0.014285763772195,-0.000429790311846,-0.001227204936477,-1.189207126450609,-0.004454806241661,-0.002647275073240,-3.141327759804166,0.000363886944839,1
92.609994888305664,42,38,-22.806174564666644,0.071071317295634,1.570077548712953,-3.686984843314506,-0.000487378615082,-0.001221441641601,-0.048083960852246,-0.000574366102049,-0.001323705263659,-1.042124039605860,-0.005105496802414,-0.003685232953167,-3.141316596182516,0.000380228452532,1
92.641564130783081,42,39,-22.922593711761692,0.071055618395480,1.570038310717386,-3.688980610590147,-0.000508110011653,-0.001265171299845,-0.076908771093585,-0.000740316668309,-0.001449501135874,-0.767153411238220,-0.005341426670536,-0.004197892299213,-3.141304335033118,0.000396411818823,1
92.670034885406494,42,39,-23.027657363759936,0.071040831290419,1.570001685932195,-3.691439932756462,-0.000531349098082,-0.001308162353746,-0.094334555487193,-0.000891722598355,-0.001570797648764,-0.448324156041027,-0.005253810782579,-0.004269918458961,-3.141292851595972,0.000410116874878,1
92.680001974105835,42,39,-23.064455908069096,0.071035490000945,1.569988568319301,-3.692400462453822,-0.000540496887229,-0.001324030520483,-0.098198308251513,-0.000943694235028,-0.001613166469240,-0.326263782008235,-0.005170617436098,-0.004226401183118,-3.141288740824747,0.000414715132221,1
92.689997434616089,42,39,-23.101367225061548,0.071030039618491,1.569975253058233,-3.693396188081933,-0.000550185929254,-0.001340364492296,-0.100831968406621,-0.000994863967112,-0.001655067329754,-0.200193933375946,-0.005064705946250,-0.004153132979176,-3.141284573043218,0.000419222274547,1
92.699994087219238,42,39,-23.138292128271218,0.071024489319926,1.569961771161528,-3.694411989310024,-0.000560381790418,-0.001357114780791,-0.102191484561785,-0.001044878999176,-0.001696106306247,-0.071451264318198,-0.004939067058470,-0.004053734978722,-3.141280360328198,0.000423625702815,1
92.790002107620239,42,39,-23.471417417746132,0.070969446914118,1.569832497230304,-3.711132064804119,-0.000664768209977,-0.001516057633928,-0.324422419651755,-0.001196192061079,-0.001754657195937,-3.803880602532302,0.000356318456522,0.001418977229941,-3.141237917928413,0.000517585450305,1
92.809988975524902,43,39,-23.545665667314942,0.070955921139530,1.569801845675502,-3.718385701223981,-0.000688581198947,-0.001550823205734,-0.401663338972799,-0.001185457037478,-0.001723033379908,-3.891202236279640,0.000678901622163,0.001702928042411,-3.141227378453632,0.000536896584896,1
92.860034465789795,43,40,-23.732329111142512,0.070919993474879,1.569722116044401,-3.743239355903781,-0.000746962797807,-0.001634886305401,-0.587290141495108,-0.001148207602012,-0.001638424851635,-3.380359585122358,0.000637757871268,0.001492098903084,-3.141199348258418,0.000582744451513,1
92.890006065368652,43,40,-23.844800962560338,0.070897091992844,1.569672384938461,-3.762270647655734,-0.000781145875970,-0.001683397945237,-0.679409069934182,-0.001134893279407,-0.001601462637328,-2.736168210762261,0.000214265253826,0.000935290071948,-3.141181492988521,0.000608492724162,1
93.009998321533203,44,40,-24.301635375080526,0.070793776677501,1.569458214043435,-3.853839840283285,-0.000965162927639,-0.001899363460324,-0.771032417680701,-0.002280086872869,-0.002213350124898,0.937503098618200,-0.015351192906809,-0.008823089433525,-3.141105424716444,0.000654130086248,1
93.059992074966431,44,41,-24.495242857809096,0.070742356949544,1.569360306790025,-3.890790809269927,-0.001098124212606,-0.002021058924036,-0.699363325714916,-0.003027579584301,-0.002651240421765,1.877289497617527,-0.014011826893839,-0.008383435484949,-3.141072333330505,0.000669521976104,1
93.209996461868286,45,41,-25.085469296925066,0.070537418046646,1.569023435201294,-3.969485055288881,-0.001661615148667,-0.002489582776004,-0.337583697874201,-0.004122553526407,-0.003419934424709,2.532198112272939,-0.000517063506145,-0.001899633593368,-3.140963202133747,0.000809972406325,1
93.239987850189209,45,42,-25.204661064361915,0.070485729375834,1.568947222941431,-3.978472448300389,-0.001785184621122,-0.002592870664226,-0.261815570605446,-0.004107998973209,-0.003463571228974,2.517731793586144,0.001426435452373,-0.001043872026691,-3.140938411035354,0.000843082761583,1
93.249988079071045,45,42,-25.244456524089184,0.070467673279781,1.568921122170557,-3.980964733730880,-0.001826181667733,-0.002627552764537,-0.236679598327282,-0.004090862221153,-0.003472783375589,2.509429640293579,0.001994648460235,-0.000802142473096,-3.140929926317154,0.000853927171010,1
93.259995460510254,45,42,-25.284308888703897,0.070449192603612,1.568894651958190,-3.983207880152631,-0.001867013533882,-0.002662344279898,-0.211614007211687,-0.004068213709865,-0.003479686891488,2.499484703901132,0.002525235231592,-0.000580861774073,-3.140921326432055,0.000864683031242,1
93.340003490447998,45,42,-25.603464239686229,0.070287088806803,1.568670488784402,-3.992309921756833,-0.002180655964451,-0.002940955502343,-0.020321079319526,-0.003732078720257,-0.003461884540086,2.174881357761205,0.005535925026685,0.001129632142620,-3.140848021410859,0.000986474606559,1
93.369994878768921,45,42,-25.723199683105221,0.070220034586435,1.568580733478159,-3.991969644747522,-0.002289991514789,-0.003044192237856,0.042082655406563,-0.003555763131810,-0.003419999384539,1.988842511571357,0.006182409317920,0.001627426192323,-3.140817545297426,0.001045747461234,1
93.539996862411499,46,43,-26.399794650545356,0.069784761391203,1.568015344404171,-3.960482830520921,-0.002797979899274,-0.003597661575430,0.304122029507591,-0.002387958382484,-0.003053789359859,1.103281536540057,0.008139661905175,0.004154949957105,-3.140608187890381,0.001552746200911,1
93.569996595382690,46,43,-26.518467381538194,0.069699784926146,1.567906060631279,-3.950886425856258,-0.002865852225386,-0.003687213237960,0.334867350790291,-0.002133999058936,-0.002910699045120,0.948961747662620,0.008714102061970,0.005281523575623,-3.140558744584359,0.001743217723096,1
93.589998006820679,46,43,-26.597419649211901,0.069642050741286,1.567831738827535,-3.944005451329864,-0.002906778526355,-0.003744340610965,0.352891082851403,-0.001958036171914,-0.002800439363082,0.854441355193872,0.008850027276762,0.005701795714417,-3.140522616617312,0.001869337832463,1
93.639997243881226,47,44,-26.794161966630988,0.069494448180127,1.567641142505072,-3.925383784714503,-0.002993688886397,-0.003877082625846,0.390239350523782,-0.001522030911941,-0.002509181221056,0.645956907814953,0.008415214879600,0.005713720230561,-3.140421325291670,0.002181597887780,1
93.649988174438477,47,44,-26.833363425878446,0.069464461717519,1.567602279763056,-3.921453030826279,-0.003008479719794,-0.003901870713813,0.396506965965238,-0.001438954858815,-0.002452847481676,0.608860305549356,0.008207635140938,0.005554042614986,-3.140399218247077,0.002243479048243,1
93.659998416900635,47,44,-26.872594419285768,0.069434278255704,1.567563102862059,-3.917454380593642,-0.003022475426967,-0.003926147050123,0.402421372979585,-0.001357997415801,-0.002398263676340,0.573166246346858,0.007962792327175,0.005344469593632,-3.140376453099760,0.002305296226911,1
93.689999103546143,47,44,-26.989939040407346,0.069343024210100,1.567444257750069,-3.905138566816522,-0.003059763245951,-0.003995813378139,0.418108952044858,-0.001132468619447,-0.002250516696754,0.474742345631501,0.007021888455655,0.004437610665380,-3.140304523811491,0.002489544048844,1
93.701572656631470,47,44,-27.035104456589274,0.069307540016392,1.567397865261347,-3.900268848511156,-0.003072408719371,-0.004021571192162,0.423407309440037,-0.001054164463093,-0.002202322513389,0.448719164401123,0.005973827828561,0.003191562096747,-3.140275286361156,0.002583502960368,1
93.710010051727295,47,44,-27.067996520176965,0.069281580606035,1.567363856447513,-3.896680240253060,-0.003081134695722,-0.004040095835444,0.427293505052910,-0.001019520729247,-0.002195565746235,0.472281220641735,0.002260613054725,-0.001561050044254,-3.140252717085843,0.002766059008747,1
93.730002880096436,47,44,-27.145814281376182,0.069219777912804,1.567282640957302,-3.888039748803350,-0.003101628854791,-0.004085022969279,0.437255847982548,-0.001058245403902,-0.002334121070790,0.523201396131947,-0.006012864388725,-0.012142088573597,-3.140193168074917,0.003188818903585,1
93.829997062683105,48,45,-27.532316585928896,0.068901834465296,1.566858547321025,-3.841369626385218,-0.003296260612024,-0.004454093004153,0.498887225894606,-0.003353042299980,-0.005707827808251,0.685493762589963,-0.037176435498765,-0.051825372326580,-3.139776066212766,0.005096072205820,1
93.869992017745972,48,45,-27.685547405458063,0.068766897243298,1.566675256249165,-3.820859426249970,-0.003462433401151,-0.004726778366332,0.526926754328036,-0.005011084817666,-0.007996809526045,0.713565248197425,-0.045361474524962,-0.062152629051064,-3.139558741132308,0.005762212591520,1
93.890002012252808,48,45,-27.761894518308399,0.068696550734652,1.566578990381278,-3.810172462207043,-0.003572011231456,-0.004899518530062,0.541286056214389,-0.005952416815673,-0.009282689587133,0.720988542410472,-0.048639542529839,-0.066260971039039,-3.139440292214169,0.006074739816447,1
94.001563310623169,49,45,-28.183450781364783,0.068248142894526,1.565957158162467,-3.746241536041823,-0.004597680999612,-0.006425800144553,0.594149463491180,-0.012951549725529,-0.018773147259172,0.207440681525532,-0.074441554182103,-0.100782427682780,-3.138684791210813,0.007386979260176,1
94.101583003997803,49,46,-28.555153519084939,0.067710724755343,1.565203261227094,-3.686316055591449,-0.006278509177961,-0.008824914199790,0.599725485609203,-0.020712162835809,-0.029268840524767,-0.049497814667333,-0.077494137984742,-0.104691023070682,-3.137900854578873,0.008236543113058,1
94.110006570816040,49,46,-28.586185051947801,0.067657093311387,1.565127873093501,-3.681264821179820,-0.006455692341958,-0.009075126504876,0.599670175426488,-0.021350179515304,-0.030130414318124,0.035618503573106,-0.073997957708889,-0.099883574987707,-3.137831488450281,0.008232417832059,1
94.130032777786255,49,46,-28.659788212286184,0.067523429428388,1.564939956262427,-3.669235515256082,-0.006897562225478,-0.009697823146107,0.602274289571581,-0.022751193901534,-0.032019535310881,0.220398508257678,-0.065986505932604,-0.088874224845964,-3.137666739176630,0.008219928957539,1
94.203562259674072,50,47,-28.927932113420617,0.066950838774704,1.564135063390128,-3.623851669315304,-0.008724216753134,-0.012258679987784,0.638127996743503,-0.026615393235885,-0.037199135490877,0.707793597613416,-0.039982578599488,-0.053214845498546,-3.137064898235221,0.008141700620639,1
94.210011005401611,50,47,-28.951287247706759,0.066894025458010,1.564055237425329,-3.619721769429317,-0.008896663409629,-0.012499645867136,0.642789703261624,-0.026866623055324,-0.037533261325538,0.737716770647817,-0.037942320744900,-0.050422611598792,-3.137012426155146,0.008132412823661,1
94.249998331069946,50,47,-29.095510602175899,0.066516413176542,1.563524899734467,-3.593384791192399,-0.009998093806879,-0.014036397999506,0.675422116429160,-0.028142395855792,-0.039219375100016,0.883292240334552,-0.026091348697107,-0.034222776943115,-3.136688503024607,0.008066078937154,1
94.319992303848267,50,47,-29.345316924289094,0.065746452750189,1.562444783782448,-3.543827331658720,-0.012016643714787,-0.016844669948047,0.741048609727921,-0.029335473216004,-0.040751932762050,0.880482167817958,-0.009156384246279,-0.011214367431055,-3.136129349862745,0.007874922904414,1
94.379991292953491,50,47,-29.556582667917667,0.064972424665783,1.561360486075731,-3.497958853735740,-0.013786621187537,-0.019301079489057,0.785125365249575,-0.029556935157412,-0.040985093917437,0.602037732287498,0.001557895376394,0.003156558621445,-3.135665218888239,0.007594113781639,1
94.419994115829468,51,47,-29.695877518879595,0.064397302677421,1.560555648043009,-3.466110114298111,-0.014965989098688,-0.020935728125369,0.806233936071377,-0.029364039556853,-0.040683437444498,0.458631831404215,0.007993949697951,0.011803163218513,-3.135365295541479,0.007399984900435,1
94.449996232986450,51,47,-29.799501702619018,0.063935124301898,1.559909292330863,-3.441729094625111,-0.015842679011826,-0.022150069189015,0.818641863348824,-0.029056413055778,-0.040238150195877,0.371288933238522,0.012463058025812,0.017814413132240,-3.135145514507150,0.007250764893783,1
94.479986906051636,51,47,-29.902353360316184,0.063446977288594,1.559226976336007,-3.417021366490849,-0.016707873059638,-0.023347989514260,0.828670003803995,-0.028619368428478,-0.039618706764755,0.300034424982117,0.016632898511847,0.023429110265288,-3.134930331412383,0.007098490280420,1
94.500298976898193,51,47,-29.971584736196291,0.063101746674519,1.558744620151419,-3.400131308130770,-0.017285541704553,-0.024147598244576,0.834349515099910,-0.028254314583234,-0.039106152749670,0.260338725264996,0.019291787283225,0.027012654946032,-3.134787217618876,0.006993601344887,1
94.569993495941162,51,47,-30.206519743486464,0.061829605761479,1.556968344926222,-3.341434477348212,-0.019200994210222,-0.026798216890426,0.848997872775902,-0.026617223130411,-0.036828710739291,0.171720795042965,0.027438558537548,0.038011730362910,-3.134312616105167,0.006622848722155,1
94.609997987747192,52,47,-30.339508655452878,0.061040499536280,1.555867267094794,-3.307340936934914,-0.020242725470279,-0.028239596934664,0.855377132570279,-0.025437623546619,-0.035197218896647,0.150521031210316,0.031458345869191,0.043451939531900,-3.134052066760880,0.006402467551635,1
94.669990777969360,52,47,-30.536382174661476,0.059781476266953,1.554111371195924,-3.255757431127921,-0.021708942863602,-0.030268582581981,0.864292839016630,-0.023389997898352,-0.032372981458615,0.153076868202435,0.036637600169215,0.050478501390481,-3.133678124394140,0.006061605319246,1
94.689987659454346,52,47,-30.601313386786615,0.059342743194677,1.553499696699434,-3.238443339853361,-0.022169236917199,-0.030905702128641,0.867436598765568,-0.022642106149474,-0.031342831266454,0.161968987766549,0.038146437691024,0.052530165800242,-3.133558073903135,0.005945228976804,1
94.703563690185547,52,47,-30.645197048146262,0.059039713111691,1.553077268543802,-3.226652246392252,-0.022473070948217,-0.031326317069945,0.869688498319007,-0.022117647058572,-0.030620722538397,0.170056379708434,0.039110771605768,0.053842803749241,-3.133477905029880,0.005865435084095,1
94.779985904693604,52,47,-30.889234571269508,0.057260663178470,1.550597924063490,-3.159631259082346,-0.024044367581110,-0.033502682808961,0.885180775421181,-0.018945277104134,-0.026255698439223,0.242449078567674,0.043668396063907,0.060065952970497,-3.133047139796843,0.005404361517071,1
94.789986133575439,52,47,-30.920787305057633,0.057019273991436,1.550261586762340,-3.150766921569057,-0.024231632888978,-0.033762231021345,0.887666813513392,-0.018506109195430,-0.025651634609658,0.254846136392204,0.044159225958503,0.060738745938911,-3.132993403790694,0.005342536174928,1
94.819996833801270,53,47,-31.014942354663429,0.056283938435539,1.549237091096605,-3.124006963100150,-0.024766916395159,-0.034504411627809,0.895911450573203,-0.017160353082772,-0.023800669163185,0.295407608759642,0.045491805380489,0.062569219028396,-3.132835879162704,0.005154926389077,1
94.879992008209229,53,47,-31.200743150306199,0.054768823387641,1.547126447536673,-3.069671244913356,-0.025713226656840,-0.035817860572895,0.916368986600923,-0.014365430914106,-0.019956250585247,0.389011410249055,0.047548314673918,0.065411405686205,-3.132538077998070,0.004770545285901,1
94.889987945556641,53,47,-31.231383004420138,0.054511073495011,1.546767411176120,-3.060491124294050,-0.025854449208520,-0.036014076986169,0.920341884931817,-0.013888766164691,-0.019300489845180,0.405905315937490,0.047815324906189,0.065783057938583,-3.132490715517352,0.004705291222697,1
94.899985551834106,53,47,-31.261934526315390,0.054251904759421,1.546406403022041,-3.051269337685071,-0.025990909815767,-0.036203742267394,0.924485682817302,-0.013409479722967,-0.018641076375398,0.423100365403878,0.048061449678105,0.066126537513622,-3.132444001537189,0.004639684222207,1
94.910008192062378,53,47,-31.292466894511183,0.053990766695008,1.546042655470713,-3.041982893063043,-0.026122878042635,-0.036387231197330,0.928813386179636,-0.012926673343202,-0.017976768639553,0.440610870685933,0.048287433096177,0.066442860786221,-3.132397835060639,0.004573572776144,1
94.939996957778931,53,47,-31.383274669174007,0.053201759965889,1.544943637059300,-3.013922135527461,-0.026488738235479,-0.036896340401046,0.942828825465416,-0.011469788846616,-0.015971839149422,0.494393463997725,0.048842251138826,0.067225426607237,-3.132263665788340,0.004373665117627,1
95.089990615844727,54,47,-31.824420728790429,0.049127270297882,1.539267863974286,-2.865895758945460,-0.027654959543989,-0.038528777519972,1.037962802010752,-0.004074333025622,-0.005782710103385,0.774093997905522,0.049102432605874,0.067731740123707,-3.131685153893396,0.003327203740803,1
95.099986791610718,54,47,-31.853017419244782,0.048850624467627,1.538882436698429,-2.855480872909594,-0.027693236818989,-0.038583202162203,1.045791833357114,-0.003584066284840,-0.005106375496456,0.792246038239999,0.048983461516771,0.067580119576596,-3.131652255887230,0.003254700146534,1
95.110100030899048,54,47,-31.881839249613950,0.048570407733389,1.538492022893350,-2.844864709630608,-0.027726977692290,-0.038631386866591,1.053895344771909,-0.003089407107411,-0.004423853040954,0.810428331211228,0.048847200326883,0.067405029660303,-3.131619715745235,0.003181005024213,1
95.189987659454346,54,47,-32.105677851718106,0.046349589560692,1.535397371861109,-2.757935668177235,-0.027819376226775,-0.038771616671005,1.124149105573490,0.000754769899620,0.000885069557135,0.945504139494709,0.047237046690932,0.065292017950301,-3.131389193381496,0.002586383724033,1
95.211436986923218,55,47,-32.164568990277878,0.045753180117142,1.534566122085816,-2.733605276037320,-0.027792367210207,-0.038737674595793,1.144784469623643,0.001761740770799,0.002277267020554,0.978479087240802,0.046653111057757,0.064516829090065,-3.131335470830483,0.002422994026238,1
95.279988527297974,55,47,-32.349221288324600,0.043854554053169,1.531919326517932,-2.652751094524656,-0.027563626629195,-0.038432169242194,1.215172580958159,0.004885891586406,0.006601284098224,1.071785406850564,0.044397340323823,0.061503115713963,-3.131187540881168,0.001890101330802,1
95.299985408782959,55,47,-32.402024895751175,0.043304390178498,1.531152186203558,-2.628234968547980,-0.027457094639235,-0.038287930776446,1.236841501628396,0.005766174148475,0.007821058160541,1.095073881144285,0.043635101188410,0.060480103241570,-3.131151326401748,0.001731594842505,1
95.310019493103027,55,47,-32.428331883231394,0.043029207111458,1.530768442198451,-2.615770273253082,-0.027397052273941,-0.038206425935729,1.247883874369427,0.006201978182062,0.008425185441888,1.106024579010561,0.043236073464717,0.059943855468283,-3.131134354352691,0.001651548266444,1
95.439998149871826,56,47,-32.757369192792211,0.039535877357632,1.525894841890900,-2.443902199996563,-0.026241660529508,-0.036626481681171,1.398677915830724,0.011444692229910,0.015707987662295,1.198148280761042,0.037173694949916,0.051753955336223,-3.130986485729616,0.000649226281409,1
95.460003137588501,56,47,-32.805977950441338,0.039013252591951,1.525165341319694,-2.415681526593834,-0.026005341516842,-0.036301983077335,1.422703174860905,0.012177774269309,0.016728974895143,1.203353593663889,0.036111156169988,0.050312160987035,-3.130974880577297,0.000511832326657,1
95.529993534088135,56,47,-32.971498371995942,0.037224970410457,1.522668334678001,-2.313154238169303,-0.025067718765805,-0.035012168732669,1.507032190071486,0.014569250934386,0.020065527151981,1.200950620659112,0.032172104964914,0.044954315310739,-3.130954859920993,0.000070459729415,1
95.559996604919434,56,47,-33.040216944261438,0.036479556336291,1.521627084883695,-2.267399183230743,-0.024616377756125,-0.034390264330523,1.542912454545601,0.015507922558955,0.021378046297013,1.189767913690026,0.030390714193731,0.042525286552482,-3.130955331469367,-0.000100019721174,1
95.619999408721924,57,47,-33.173446179595615,0.035031494168748,1.519603558719077,-2.172700031062553,-0.023633353260344,-0.033033976932292,1.613191403879284,0.017221286344272,0.023779216040869,1.148547948420844,0.026691244755227,0.037470048994093,-3.130970774673805,-0.000407242471567,1
95.639990806579590,57,47,-33.216558116557252,0.034562501266966,1.518947956656059,-2.140221422055694,-0.023283821929575,-0.032551218921047,1.635963667728983,0.017742247721075,0.024511001879017,1.129157339326106,0.025424128536385,0.035735382887081,-3.130979847824069,-0.000499620531192,1
95.649979829788208,57,47,-33.237854525813020,0.034330813500930,1.518624038237892,-2.123823977636879,-0.023105340684569,-0.032304615562174,1.647189457363317,0.017993017070362,0.024863589601859,1.118402920900167,0.024785464449499,0.034860465084267,-3.130985060650396,-0.000543907696129,1
95.670001268386841,57,47,-33.280045402713483,0.033871844965387,1.517982275204437,-2.090621852157879,-0.022740208451495,-0.031799935436126,1.669349293381353,0.018476368510714,0.025543879992891,1.094705181944833,0.023495184296547,0.033091688518909,-3.130996810057733,-0.000628926845727,1
95.720326423645020,57,47,-33.383117067177899,0.032751344941861,1.516415000425141,-2.005255968623473,-0.021782036756246,-0.030474461847293,1.722698859289091,0.019576142271512,0.027095820848950,1.022540016668104,0.020201848959352,0.028569903981671,-3.131033413657832,-0.000820522121145,1
95.789987087249756,57,47,-33.518573295798866,0.031282516019933,1.514359324031926,-1.882864116308784,-0.020373022309131,-0.028522703044452,1.789623438447143,0.020822257468850,0.028864271883300,0.893199179416288,0.015562561181188,0.022183106300330,-3.131098346189752,-0.001033568726013,1
95.809978961944580,58,47,-33.555855589347189,0.030879411972608,1.513794912141155,-1.846911395318499,-0.019953735694972,-0.027941356187390,1.807051381251980,0.021119979035089,0.029289267586838,0.849892135370215,0.014222063560748,0.020334004375482,-3.131119516274978,-0.001083519139774,1
95.820203542709351,58,47,-33.574643569492324,0.030676513973559,1.513510777818805,-1.828392327496406,-0.019737076524357,-0.027640860420749,1.815622602642869,0.021261876171683,0.029492318762500,0.826699286149410,0.013535917457834,0.019386886958993,-3.131130715869057,-0.001107136095468,1
95.929995298385620,58,47,-33.764275862628594,0.028640268916306,1.510657502053661,-1.624616557452974,-0.017335898818451,-0.024306436126047,1.891068437271753,0.022344287956517,0.031062521119272,0.534911332164507,0.006199319890028,0.009232447794343,-3.131263054674925,-0.001278500496095,1
96.009986400604248,59,47,-33.888141001439962,0.027325446228251,1.508813202665475,-1.471901175054998,-0.015534316764569,-0.021799945059061,1.923779654114445,0.022630438835757,0.031509642500052,0.277094940395520,0.000982822935074,0.001980548995990,-3.131367059805696,-0.001308587421392,1
96.019989967346191,59,47,-33.902769307014474,0.027171176470543,1.508596697237195,-1.452642768526736,-0.015307887764157,-0.021484644508282,1.926378835990366,0.022637069739326,0.031524996103820,0.242460442053702,0.000343416345574,0.001089714992160,-3.131380142411257,-0.001306730206698,1
96.069998264312744,59,47,-33.972999299427613,0.026433964962671,1.507561724748994,-1.356080446325213,-0.014176757810764,-0.019908640138218,1.934044106776756,0.022575303287034,0.031469390976973,0.062182970921308,-0.002797500665819,-0.003292819326562,-3.131444918094497,-0.001278713211747,1
96.089989185333252,59,47,-33.999723023147460,0.026155055526637,1.507170002113801,-1.317408292455477,-0.013726081597606,-0.019280288133615,1.934538750048032,0.022507085326780,0.031386384073156,-0.012973393902383,-0.004024164355284,-0.005007469855188,-3.131470290701050,-0.001258777325926,1
96.099988698959351,59,47,-34.012799751538708,0.026018925935539,1.506978776906557,-1.298065129403068,-0.013501233009747,-0.018966704076600,1.934218369644078,0.022463808485749,0.031332063445334,-0.051171086287283,-0.004630836300767,-0.005856156136874,-3.131482819686830,-0.001246933655346,1
96.130625963211060,59,47,-34.051659466159940,0.025615824814245,1.506412392675964,-1.238851747808634,-0.012815501769329,-0.018009978651312,1.930831130836355,0.022293817868610,0.031113283841358,-0.170524373398143,-0.006458824565810,-0.008416158140782,-3.131520375307579,-0.001202877198120,1
96.149995326995850,59,47,-34.075294128347373,0.025371761684277,1.506069364140675,-1.201488190447731,-0.012384951434074,-0.017408990302501,1.926783061323183,0.022157729519114,0.030934866240156,-0.247647857577167,-0.007589148280763,-0.010001304492869,-3.131543354351920,-0.001168975096630,1
96.189994335174561,59,47,-34.121814454245644,0.024894011409471,1.505397649342592,-1.124659535635003,-0.011505340583566,-0.016180476879482,1.913636971958610,0.021808534605866,0.030470740380914,-0.410391771399983,-0.009855038483441,-0.013184347153634,-3.131588482455006,-0.001084143463923,1
96.232094764709473,60,47,-34.167467610642113,0.024428882159962,1.504743348759695,-1.044519307044373,-0.010596713588223,-0.014910437792775,1.892683577043447,0.021345367462301,0.029847729563550,-0.585708810234060,-0.012131018887773,-0.016389491839891,-3.131631864412094,-0.000973294040954,1
96.249997138977051,60,47,-34.185869808958437,0.024242528520739,1.504481104709350,-1.010723344107238,-0.010216459034021,-0.014378627541114,1.881519369602307,0.021119751403860,0.029542413673366,-0.661215763224824,-0.013062633544460,-0.017703965731432,-3.131648817702991,-0.000919429946137,1
96.299989461898804,60,47,-34.234062130652767,0.023757888201508,1.503798810028750,-0.917575960016346,-0.009178002845722,-0.012925334832606,1.843159645230983,0.020404048594486,0.028568771245949,-0.873693155335683,-0.015538071908089,-0.021204807297237,-3.131690730952639,-0.000757483761147,1
96.330562114715576,60,47,-34.261256967693768,0.023486760456015,1.503416907767923,-0.861656031121163,-0.008561701242157,-0.012062165343308,1.814457063748918,0.019907172138154,0.027889521119911,-1.004002841549923,-0.016954786719936,-0.023214381133699,-3.131712430942700,-0.000662873017498,1
96.339997053146362,60,47,-34.269306424242892,0.023406860999389,1.503304334418821,-0.844581162905061,-0.008374629806099,-0.011800058408105,1.804794416500995,0.019745202143925,0.027667650400310,-1.044153699317885,-0.017376301787496,-0.023813252188985,-3.131718551585760,-0.000634574343533,1
96.399987697601318,60,47,-34.316766340179910,0.022939336372131,1.502645327773566,-0.738340081855987,-0.007222898006970,-0.010185283649219,1.734541076382454,0.018626270072257,0.026130137537023,-1.297086871132290,-0.019872574165988,-0.027370560259470,-3.131751436040804,-0.000464591934076,1
96.409989356994629,61,47,-34.324064256466215,0.022868025377072,1.502544762755496,-0.721057772755129,-0.007037609190217,-0.009925323267618,1.721360401429465,0.018425588234508,0.025853636740638,-1.338635134850719,-0.020256503705071,-0.027919568485473,-3.131755948868084,-0.000437924895519,1
96.419989824295044,61,47,-34.331188816464788,0.022798568872361,1.502446799926186,-0.703912213327542,-0.006854376929372,-0.009668198204237,1.707767683930657,0.018221148847606,0.025571758137571,-1.379933082700003,-0.020630777165844,-0.028455342433837,-3.131760196688493,-0.000411739833371,1
96.430043458938599,61,47,-34.338179130094893,0.022730579590134,1.502350893624492,-0.686814587235941,-0.006672249888338,-0.009412574149315,1.693687766355728,0.018011899048581,0.025283047755971,-1.421179349718546,-0.020997229623575,-0.028980508752170,-3.131764205572858,-0.000385896850255,1
96.499990224838257,61,47,-34.382161999857118,0.022306702066974,1.501752653988085,-0.572051568214375,-0.005465675592411,-0.007717781784029,1.584472617730860,0.016460996165678,0.023137726505520,-1.698410430138111,-0.023262910451533,-0.032243803399336,-3.131785240462963,-0.000219443052705,1
96.509987354278564,61,47,-34.387802112317146,0.022252878428117,1.501676647375017,-0.556296521854104,-0.005302276227926,-0.007488083624086,1.567303109739736,0.016227011588759,0.022813320538807,-1.736311760232859,-0.023544508887211,-0.032651959877794,-3.131787324535096,-0.000197560657289,1
96.519987344741821,61,47,-34.393287256004520,0.022200660678438,1.501602898352899,-0.540710207611358,-0.005141180422905,-0.007261579124585,1.549751743036989,0.015990192671518,0.022484807339672,-1.773709181285554,-0.023815220928493,-0.033045062762752,-3.131789192772512,-0.000176148958726,1
96.530009984970093,61,47,-34.398628183581998,0.022149939918206,1.501531253679282,-0.525269868083980,-0.004982143322264,-0.007037925105465,1.531791960082375,0.015750228310236,0.022151754366101,-1.810636735180310,-0.024075344303344,-0.033423542413742,-3.131790852452912,-0.000155172384338,1
96.580000877380371,61,47,-34.423011810163906,0.021920048109691,1.501206391696800,-0.451030233178597,-0.004225347401001,-0.005973017907209,1.436833295458463,0.014517303014756,0.020437929248498,-1.985641801677417,-0.025201749466923,-0.035074031014723,-3.131796123391866,-0.000057689526662,1
96.589997053146362,61,47,-34.427448828730547,0.021878532874049,1.501147700999876,-0.436767490613177,-0.004081495628586,-0.005770478675172,1.416819705388345,0.014264427940545,0.020085912374492,-2.018579421987795,-0.025391828731783,-0.035355184260578,-3.131796609390653,-0.000039629256017,1
96.599987268447876,61,47,-34.431742166714550,0.021838462634920,1.501091045135210,-0.422713427611605,-0.003940251020267,-0.005571570740325,1.396490900172473,0.014009840814116,0.019731346945167,-2.050743630545057,-0.025569806550588,-0.035619471311599,-3.131796917134347,-0.000022054795452,1
96.659999608993530,62,47,-34.454670845572309,0.021626298951822,1.500790919472065,-0.342710288791817,-0.003146091608915,-0.004452425919683,1.267996985397509,0.012448806677028,0.017553847529256,-2.226211557467749,-0.026379161402309,-0.036844357393778,-3.131795288116586,0.000073478457707,1
96.809990882873535,63,47,-34.493112235418593,0.021279488222075,1.500299628757288,-0.178821868798392,-0.001578257629824,-0.002238508172410,0.910598608374951,0.008458273926756,0.011963243792860,-2.492308582399041,-0.026313461961390,-0.036971621188655,-3.131770657271217,0.000237046207913,1
96.840577125549316,63,47,-34.498167331137935,0.021235049806517,1.500236585867589,-0.152140938712956,-0.001331819585529,-0.001889842389679,0.834091897031637,0.007659356119512,0.010840091087779,-2.508278876517984,-0.025907830228652,-0.036442968695023,-3.131763087717960,0.000257212532704,1
96.899990797042847,63,47,-34.505822310306129,0.021168542074677,1.500142172002917,-0.107011170887681,-0.000921844273808,-0.001309270794640,0.685177436099039,0.006152759787593,0.008718579432344,-2.493910661659328,-0.024716111047552,-0.034841535502033,-3.131746937300492,0.000283622669739,1
96.919989347457886,63,47,-34.507828726472418,0.021151303736576,1.500117685187455,-0.093805850843552,-0.000803703913397,-0.001141829180658,0.635483829987010,0.005663597890919,0.008028778144959,-2.474394642580421,-0.024191970061468,-0.034126954452485,-3.131741210966132,0.000288720309803,1
96.940006732940674,63,47,-34.509582358701280,0.021136319053905,1.500096393117619,-0.081579863853804,-0.000695148276226,-0.000987907762238,0.586217478688013,0.005185145097978,0.007353599788432,-2.446898202862414,-0.023603958576625,-0.033321018022683,-3.131735396770604,0.000291910010194,1
96.950000047683716,63,47,-34.510368782751300,0.021129626908692,1.500086881871643,-0.075843250344505,-0.000644502530049,-0.000916074226630,0.561845983867158,0.004950825628020,0.007022759841474,-2.430079776681950,-0.023286370040494,-0.032884236693857,-3.131732474705780,0.000292786521722,1
96.960011720657349,63,47,-34.511100365086612,0.021123418456644,1.500078056711317,-0.070339583777873,-0.000596096878758,-0.000847403508142,0.537609417160155,0.004719344652448,0.006695812881833,-2.411108967154192,-0.022952040438344,-0.032423478866239,-3.131729540951911,0.000293186407021,1
97.009988546371460,64,47,-34.513993931353816,0.021099052767567,1.500043406243842,-0.046435068832359,-0.000388146670613,-0.000552214695431,0.420070947868709,0.003618385246058,0.005139194951219,-2.283095479013255,-0.021037699377396,-0.029770799096203,-3.131714967603993,0.000288024431704,1
97.019986867904663,64,47,-34.514437586602412,0.021095349324181,1.500038136962737,-0.042348647950107,-0.000353013283109,-0.000502309477197,0.397404734800915,0.003410192987603,0.004844527994932,-2.250506388036669,-0.020604946987751,-0.029168455454042,-3.131712099765319,0.000285560032470,1
97.029988765716553,64,47,-34.514841649540294,0.021091985678197,1.500033350394676,-0.038485840527173,-0.000319928091656,-0.000455303629974,0.375068562698594,0.003206339451470,0.004555902536005,-2.215470622947407,-0.020155210971846,-0.028541624128446,-3.131709257942130,0.000282617145557,1
97.039991617202759,64,47,-34.515208238205389,0.021088942412861,1.500029019054938,-0.034844138470277,-0.000288854743655,-0.000411146711410,0.353092072389245,0.003007040534537,0.004273628740160,-2.177947354967259,-0.019688480450516,-0.027890265023771,-3.131706447542913,0.000279196043657,1
97.060564994812012,64,47,-34.515853451988605,0.021083608307132,1.500021425467141,-0.028035538241522,-0.000231091235927,-0.000329035166589,0.309145809333074,0.002612319224887,0.003714280035035,-2.092780194722295,-0.018675056974674,-0.026473300958404,-3.131700788415615,0.000270658980723,1
97.070164203643799,64,47,-34.516108640823248,0.021081507585709,1.500018434168200,-0.025163674550821,-0.000206867279033,-0.000294589261406,0.289263202432060,0.002435425436493,0.003463478851577,-2.049261379640669,-0.018177288533077,-0.025776119354686,-3.131698212326762,0.000265983762906,1
97.119985818862915,64,47,-34.517044316432248,0.021073862934295,1.500007543943374,-0.013192213139654,-0.000106958226232,-0.000152435300643,0.193511644589421,0.001598760396124,0.002276077037773,-1.782889598185946,-0.015336026186133,-0.021783935210430,-3.131685691678748,0.000234650198267,1
97.150382518768311,64,47,-34.517364031933873,0.021071280866337,1.500003863189772,-0.008104549391415,-0.000065153723844,-0.000092901716062,0.142253725339572,0.001161815154358,0.001655109766831,-1.585235215910473,-0.013387104871548,-0.019035152885556,-3.131678927183534,0.000209712877604,1
97.319990634918213,65,47,-34.517704010009766,0.021068572998047,1.500000000000000,0.000000000000007,0.000000000000000,-0.000000000000000,0.000000000000014,0.000000000000000,-0.000000000000000,0.000000000000014,0.000000000000000,-0.000000000000000,-3.131660053498168,-0.000000000000000,1
114.379997014999390,66,48,-34.574999295114424,0.075000344331697,1.575000189802074,0.000070319802429,0.000034315557123,0.000018895101162,0.005246124314499,0.002555671308174,0.001404685277237,0.259017964073836,0.125741455703784,0.068857408553652,-3.140129473935505,-0.419571544917805,1
114.389991044998169,66,48,-34.574998284683225,0.075000837064147,1.575000460911931,0.000136711609588,0.000066628701254,0.000036638239607,0.008142293822163,0.003959711017162,0.002172439868357,0.320329649399074,0.155094942898591,0.084693580606978,-3.144827594897840,-0.520328692622592,1
114.520189046859741,66,48,-34.574725271799082,0.075132260246996,1.575071784632835,0.005980441722870,0.002865114071733,0.001546859046108,0.096295466788646,0.045747018215291,0.024471534517579,0.996861876971255,0.465049592644098,0.243714894134403,-3.290994116529887,-1.676564532482103,1
114.530002593994141,66,48,-34.574661793502948,0.075162650825342,1.575088180201392,0.006974024569316,0.003336695328273,0.001798862409169,0.106285343052145,0.050400349880785,0.026905895698019,1.039075675212370,0.483277886149163,0.252383437486128,-3.307816705772946,-1.751935825604884,1
114.559996843338013,66,48,-34.574399976342768,0.075287643581243,1.575155405206348,0.010648215247007,0.005073850474997,0.002723178958095,0.139306934993374,0.065685383726255,0.034843785060558,1.160900986294086,0.534847783740728,0.276232609009448,-3.363707335423254,-1.972102918144389,1
114.599989891052246,66,48,-34.573849926411135,0.075548964955237,1.575295199976779,0.017188156353124,0.008145105903862,0.004344950285654,0.188715902689582,0.088297860920953,0.046430088156301,1.306862802409035,0.594208184060508,0.302070457021891,-3.448060584281464,-2.241674509426856,1
114.609992504119873,67,49,-34.573668344372251,0.075634952010782,1.575341033017278,0.019141703349814,0.009058241891861,0.004824564511572,0.201956820609118,0.094308027114992,0.049479054751718,1.340504031120830,0.607433802438514,0.307511648885269,-3.470799833228039,-2.304809859247879,1
114.620563745498657,67,49,-34.573454463073588,0.075736089028421,1.575394855022205,0.021351978088117,0.010089290220304,0.005364852762236,0.216308879873093,0.100799638309739,0.052758046762710,1.374835708030771,0.620724824888353,0.312832184761191,-3.495506801211926,-2.369666795406869,1
114.649997234344482,67,49,-34.572726348345128,0.076079396426892,1.575576961543480,0.028327565307934,0.013330119299238,0.007055174907176,0.258110391641316,0.119574263450857,0.062158727965715,1.463945432826041,0.654107511048799,0.325384765551363,-3.567801328248523,-2.540178856991577,1
114.660030364990234,67,49,-34.572428880603148,0.076219275135327,1.575650934193722,0.030991511973208,0.014562979541565,0.007695290889865,0.272941578570151,0.126188930743015,0.065441573957404,1.492177044103391,0.664295439217374,0.328923774200408,-3.593564509294947,-2.594911131683399,1
114.720563411712646,67,49,-34.569996244549749,0.077357046287374,1.576248953370634,0.050342728177701,0.023451499644696,0.012269086239710,0.367897609566438,0.167975487587488,0.085766614236787,1.636555014143581,0.711808018968252,0.336273303441913,-3.758826330892116,-2.790379339407651,1
114.739997148513794,67,49,-34.568946342949204,0.077845422202397,1.576504010239468,0.057804218728413,0.026851184929475,0.013999232346895,0.400063811974029,0.181910220726026,0.092265940565911,1.673004564610238,0.721868746973788,0.332426955319157,-3.812994563334509,-2.783762460216608,1
114.769996643066406,67,49,-34.567024619576976,0.078736071918242,1.576966990536599,0.070566592497482,0.032635228815358,0.016915728687858,0.451016083247636,0.203755770843353,0.102131783735026,1.722490422586063,0.733798904125139,0.325009623876599,-3.896328719926819,-2.771478710776277,1
114.779992818832397,67,49,-34.566296402580214,0.079072601691191,1.577141239807649,0.075161335725530,0.034708721657839,0.017952847251010,0.468308618842092,0.211106503667735,0.105366528087559,1.737192955092436,0.736833130156953,0.322155699559667,-3.924009894077332,-2.766827625443064,1
114.799988269805908,67,49,-34.564697554471280,0.079809813167394,1.577521710838665,0.084874621319615,0.039077588258623,0.020123722022666,0.503318616260895,0.225890005711494,0.111746892219442,1.763983994352208,0.741535106122935,0.315898127728394,-3.979234993842817,-2.756686855935067,1
114.809986114501953,68,50,-34.563823520326231,0.080211927907034,1.577728547166993,0.089995213310894,0.041373147705847,0.021256709753035,0.521016304626945,0.233312709304948,0.114888440827893,1.776090423645505,0.743216875634343,0.312503040533527,-4.006769370576797,-2.751197790780068,1
114.822560787200928,68,50,-34.562650331600416,0.080750757762190,1.578004970144522,0.096686195824368,0.044365145793422,0.022725672431630,0.543434944797631,0.242666588586834,0.118789157492560,1.790113747899889,0.744712854703734,0.307990161217081,-4.041312152271678,-2.743899537895945,1
114.830001831054688,68,50,-34.561915669504138,0.081087672051231,1.578177393859402,0.100779815012127,0.046191579696359,0.023618146476999,0.556784967250843,0.248210636852162,0.121070725709746,1.797791971565366,0.745278915106697,0.305194010552270,-4.061714186534356,-2.739371758065334,1
114.859998464584351,68,50,-34.558633828652276,0.082588364680397,1.578941727218536,0.118295414642772,0.053972880633266,0.027385580685185,0.611128764174123,0.270575919242470,0.130046875821837,1.824144135022058,0.745218473800217,0.293017387922705,-4.143599036905084,-2.719551896106031,1
114.899989843368530,68,50,-34.553394820684510,0.084971115767163,1.580143983473162,0.144201215962688,0.065388406464844,0.032815911750802,0.684600579495162,0.300285612609222,0.141405899599337,1.848166142672080,0.739553725512018,0.274670952781840,-4.251766092559993,-2.689222720247353,1
114.909988641738892,68,50,-34.551918416425316,0.085640071236841,1.580479225488479,0.151138799163112,0.068427853636788,0.034243488642763,0.703033567299687,0.307653089888381,0.144129257738187,1.838606195838851,0.734010166514212,0.270032750658027,-4.278554022204409,-2.668761208977710,1
114.919989585876465,68,50,-34.550371383579943,0.086339939124562,1.580828953861279,0.158261753230519,0.071541361451006,0.035698377467527,0.721372187611025,0.314965132783307,0.146806143001092,1.828639843999723,0.728184385140644,0.265258261055611,-4.305141896448913,-2.648187102454152,1
114.930013656616211,68,50,-34.548748802341983,0.087072842763784,1.581194128282944,0.165582777668095,0.074734309794468,0.037182861332331,0.739647091147834,0.322232491953389,0.149439939845814,1.818387557315242,0.722101746371307,0.260339014228795,-4.331577948356243,-2.627584184361235,1
115.130647182464600,69,51,-34.498269704075831,0.109476748319382,1.591975647789578,0.349016265270740,0.152937683104999,0.071657506883545,1.080386209760129,0.451816260954086,0.190173457038152,1.568171682483192,0.559931166018242,0.141031064668959,-4.817299044219108,-2.200115099836411,1
115.140051841735840,69,51,-34.494938815341314,0.110935358383473,1.592658096842158,0.359247665302264,0.157212153248966,0.073452447129742,1.095078656025979,0.457043411015171,0.191472168360405,1.555814531209474,0.551480430381414,0.135098917188257,-4.837879154504915,-2.175819134780280,1
115.199990034103394,69,51,-34.471383564670319,0.121198824052250,1.597409227171112,0.427631392481538,0.185564059103918,0.085148600380945,1.185848603015918,0.488404347539581,0.198401391299125,1.471286723149555,0.493913968325175,0.095667568778488,-4.963722958066977,-2.024138529315257,1
115.219988346099854,70,52,-34.462592685441486,0.125008061398113,1.599151830759751,0.451638276125798,0.195428611529636,0.089134466671519,1.214969918482969,0.498077530798417,0.200177968527499,1.440953669296072,0.473395675884200,0.081967124088961,-5.003706888370155,-1.974740452271656,1
115.250026226043701,70,52,-34.448471971582059,0.131105076366124,1.601919872886094,0.488776112024745,0.210598496800497,0.095181178712101,1.257545605454121,0.511821006079545,0.202325878759043,1.393495750216625,0.441475860844757,0.060969303685213,-5.061922729839422,-1.901679497396778,1
115.259999275207520,70,52,-34.443534614860724,0.133230911362992,1.602879191087732,0.501386707604230,0.215724688157120,0.097201899693528,1.271362198825870,0.516169764683251,0.202898711788427,1.377250599808631,0.430604428401275,0.053899363487752,-5.080768691274399,-1.877723594738561,1
115.289992809295654,70,52,-34.427918122564968,0.139935387831230,1.605886127601394,0.540131702820566,0.231395283871216,0.103308629820966,1.311922472879950,0.528586286952119,0.204193607642026,1.326980312536619,0.397151988502411,0.032386271264649,-5.136018417096704,-1.806582927555555,1
115.330001354217529,70,52,-34.405244637486277,0.149620209224471,1.610182997314766,0.593651967654537,0.252846851182529,0.111496459711617,1.362553617390248,0.543379695633671,0.204934227142350,1.186899517841870,0.339337614607524,0.005000085426138,-5.206314715504806,-1.706028312470093,1
115.340576410293579,70,52,-34.398891184281403,0.152324158558602,1.611373375747095,0.608124664312264,0.258611010716731,0.113663503630447,1.374881428870077,0.546881743098960,0.204949240146258,1.145032507985983,0.323084866758565,-0.002165917542862,-5.224212029175983,-1.679285099749685,1
115.419987440109253,71,53,-34.346173512249784,0.174610163369919,1.621044693969646,0.720602446642785,0.302932345804947,0.129875252945269,1.453992281864066,0.567752978707394,0.202616481338412,0.854083542959386,0.203234084051219,-0.056763537277297,-5.349802060673412,-1.485849333623902,1
115.450452327728271,71,53,-34.323543081380180,0.184102801769155,1.625094834704485,0.765276153288356,0.320315271198858,0.136017998423400,1.478453861858698,0.573259676866708,0.200565591126343,0.752796675535429,0.158411506961241,-0.077886989656019,-5.393983624950454,-1.415121594048907,1
115.460000991821289,71,53,-34.316167278703979,0.187187929602928,1.626402921248108,0.779429034655319,0.325796830558828,0.137929718669972,1.485496204088284,0.574706022044486,0.199790158786700,0.722147643831611,0.144504322753058,-0.084509225147540,-5.407393705070571,-1.393346001636775,1
115.509998559951782,71,53,-34.275327007658447,0.204197840946448,1.633546809508767,0.854537823090718,0.354681194504185,0.147798758127406,1.517801632136223,0.580142833593107,0.194734281591266,0.582490055051656,0.075052477750505,-0.112193604530330,-5.474264862953154,-1.282810059506145,1
115.529994487762451,71,53,-34.257935529205596,0.211406093850038,1.636540964161294,0.885001911320161,0.366295094809553,0.151670188805042,1.529117007757894,0.581403735827060,0.192485090781095,0.549306928572823,0.051054264667843,-0.112953965182460,-5.499492767900268,-1.240623466840756,1
115.539991617202759,71,53,-34.249011762448930,0.215096966109589,1.638066793943735,0.900315500237834,0.372109675633122,0.153588785138387,1.534525728677070,0.581854070542433,0.191352204905139,0.532780441269391,0.039039249930859,-0.113737424170676,-5.511791015173819,-1.219823234173008,1
115.579998254776001,71,53,-34.211759169808559,0.230449937595189,1.644363348491120,0.962116241804715,0.395406384794202,0.161151966643750,1.554523392282384,0.582453367124718,0.186701898222035,0.467021182620675,-0.009080566887916,-0.119387178118814,-5.558955955420756,-1.138521860972833,1
115.590002298355103,71,53,-34.202056483807759,0.234434648846890,1.645984803565861,0.977690486810289,0.401232479819099,0.163013689664951,1.559113537132496,0.582302372641492,0.185497734777864,0.450663884567435,-0.021105534530028,-0.121391514314781,-5.570246085517311,-1.118677623534011,1
115.600032567977905,71,53,-34.192171718015707,0.238488309337244,1.647629146131676,0.993350838388459,0.407071727125276,0.164868095136652,1.563551593064848,0.582030258293239,0.184269161646130,0.434294714031412,-0.033152533816489,-0.123624002238839,-5.581367491175214,-1.098976247469005,1
115.639988660812378,72,54,-34.151227499611515,0.255217940724063,1.654362587224926,1.056155502050955,0.430288862185814,0.172129598210024,1.579606127758686,0.579748890367859,0.179121044711982,0.369359293021162,-0.080987564009031,-0.134590435364843,-5.623739951446173,-1.022427771518880,1
115.740000009536743,72,54,-34.037646802791009,0.301132098430761,1.672449120362855,1.215704306796131,0.487668779473645,0.189303943285247,1.608049315720392,0.565867819587835,0.163290587890827,0.187510431996826,-0.192192307799776,-0.199386596745255,-5.716995588016760,-0.847653322363721,1
115.759989976882935,72,54,-34.013022200129186,0.310993854704192,1.676265836670157,1.247885417097979,0.498941251842476,0.192527061431530,1.611386784522697,0.561824141230278,0.159099685236614,0.146555615036402,-0.212367305161197,-0.219772161439523,-5.733622109255363,-0.815865408597033,1
115.779995203018188,72,54,-33.987736257876357,0.321087055833965,1.680148780796022,1.280147062075761,0.510136427934882,0.195664474589032,1.613916880110972,0.557373600576854,0.154505311194498,0.106557329656366,-0.232589411320929,-0.239439563912634,-5.749630512541584,-0.784725598299203,1
115.800599575042725,72,54,-33.961018157297922,0.331715566220695,1.684212575422515,1.313419021263251,0.521569388242770,0.198795598308473,1.615696393251542,0.552366853365300,0.149369918792242,0.066344695675474,-0.253419682483320,-0.258929972167339,-5.765474139354125,-0.753353831404411,1
115.810550928115845,73,55,-33.947869751892682,0.336932441650445,1.686197927226841,1.329498043687738,0.527052685386678,0.200268848813350,1.616261432615048,0.549795337079271,0.146747993359638,0.047268485430760,-0.263470586770451,-0.268064109916619,-5.772895708333412,-0.738458060783091,1
115.829994678497314,73,55,-33.921711159980141,0.347284946924140,1.690119698001046,1.360933924007757,0.537692767132786,0.203070675076469,1.616822843114192,0.544481232421959,0.141365710185721,0.010607770716174,-0.283080033733101,-0.285392272266861,-5.786976090307877,-0.709824942048424,1
115.870001554489136,73,55,-33.865969946534285,0.369229227811235,1.698354014774714,1.425607533291531,0.559238747837955,0.208488819933305,1.615776712330326,0.532352359172108,0.129268533494689,-0.062374175267273,-0.323186473803101,-0.318867710058793,-5.814226792508274,-0.652906341551986,1
115.889992237091064,73,55,-33.837148319383374,0.380514726470609,1.702547248384413,1.457893185149238,0.569814932392206,0.211008218758343,1.614175610356381,0.525692851189649,0.122736694700276,-0.097687901908580,-0.343051477287957,-0.334499078014077,-5.827003480694930,-0.625469484426965,1
115.909997701644897,73,55,-33.807660329148966,0.392018593920843,1.706792573285927,1.490163257300636,0.580261473214862,0.213395563373253,1.612010959976950,0.518641537832944,0.115872351635106,-0.099207587321540,-0.360600824573901,-0.354796688554640,-5.839253329840000,-0.600230876957257,1
115.920563220977783,73,55,-33.791826024253716,0.398178234503147,1.709053605215548,1.507189883039874,0.585720920969627,0.214599745735629,1.611084065388659,0.514791109554923,0.112048408223293,-0.076561265928524,-0.368281122546178,-0.368961281870762,-5.845531909215516,-0.588295218031593,1
115.959995508193970,73,55,-33.731141752247936,0.421671082529742,1.717599029794165,1.570678825187257,0.605726563961034,0.218718327162981,1.609496174798801,0.499692988827207,0.096529340086006,-0.008119405934079,-0.397662388839122,-0.416876115251603,-5.867868841518226,-0.544935997482585,1
116.029995441436768,74,56,-33.617249527734565,0.465272954275090,1.733121017529400,1.683390821370834,0.639687201029248,0.224394839836355,1.611570369300111,0.469973802199413,0.064875748075653,0.055710916623039,-0.451755278585747,-0.483775272372318,-5.903447577338289,-0.472576679272666,1
116.041563034057617,74,56,-33.597670129746533,0.472703460097379,1.735720779705390,1.702035484603571,0.645092907354318,0.225112684120680,1.612239745376935,0.464695940056037,0.059227670832027,0.059737880436506,-0.460830292138654,-0.492723987757327,-5.908847792915684,-0.461188015577695,1
116.050058364868164,74,56,-33.583152999965932,0.478200304451817,1.737635219379263,1.715733790835607,0.649023833743074,0.225597973951257,1.612755760327003,0.460752790866045,0.055015345674352,0.061593932483870,-0.467506817744231,-0.498933088629648,-5.912730474660207,-0.452926411599906,1
116.060003280639648,74,56,-33.566008758364703,0.484678122695975,1.739881626343454,1.731777117348354,0.653583168910931,0.226120356880149,1.613374435516189,0.456064123178207,0.050018443263788,0.062608407614394,-0.475331394014658,-0.505817865615981,-5.917187571263687,-0.443364323976024,1
116.089995622634888,74,56,-33.513343627375015,0.504483254750983,1.746683597549921,1.780193153694070,0.667044060549911,0.227390127082584,1.615215599865857,0.441454083127356,0.034564342012409,0.058380958722633,-0.498930416712536,-0.524130150017417,-5.930060599891956,-0.415250869169799,1
116.141574859619141,74,56,-33.419376418966017,0.539463223181062,1.758445516398622,1.863566587457548,0.689138688479452,0.228455222570684,1.617400732934970,0.415188096546548,0.006245035849581,0.020851099351004,-0.515526877761464,-0.577262771140836,-5.950374483768689,-0.373768973468501,1
116.150010108947754,74,56,-33.403596093543456,0.545292155182354,1.760373138715805,1.877213107397557,0.692623221639808,0.228487268022727,1.617540919634585,0.410829026670333,0.001339992811001,0.012288492900227,-0.517833991463669,-0.585408611661584,-5.953501030044097,-0.367400305472209,1
116.199991703033447,74,56,-33.307748654716299,0.580413209938657,1.771782671576032,1.958052756437389,0.712503987239624,0.227805371896208,1.616691999038759,0.384545681548521,-0.028942674361723,-0.049247959091203,-0.534760451972078,-0.623497526663665,-5.970945553632343,-0.331013941947286,1
116.250571489334106,75,57,-33.206644711216860,0.616931585316004,1.783254351253378,2.039729205686967,0.731261207659980,0.225532818832013,1.612262796132849,0.356961342150514,-0.061103992114863,-0.128536952990157,-0.556671166140334,-0.645604093513150,-5.986806129838669,-0.296532008112882,1
116.270001411437988,75,57,-33.166707779347924,0.631206982534507,1.787624218391495,2.071029713834141,0.738091439787091,0.224223358633574,1.609433580848686,0.346054076654057,-0.073695147687246,-0.163027796447445,-0.566113392203278,-0.650066124397254,-5.992444689535386,-0.283911248905408,1
116.309988498687744,75,57,-33.082607537275045,0.660992045678836,1.796524502609934,2.135236205804156,0.751471365011440,0.220755185719505,1.601260461827105,0.323039736653726,-0.099852888975688,-0.267672094241506,-0.580102892296520,-0.669013745924846,-6.003299151429422,-0.259816930678060,1
116.360261917114258,75,57,-32.973252145976645,0.699164672730080,1.807481219951190,2.215297187271574,0.766979620611981,0.214860516917368,1.582098918887081,0.293974574368386,-0.135189258430689,-0.489645698784311,-0.577713246977340,-0.731533068825515,-6.015711079360799,-0.234281669672989,1
116.409995555877686,76,57,-32.861125793086750,0.737663110025813,1.817985161482742,2.293297599238806,0.780884743238474,0.207215736569901,1.552876398619128,0.265134080812655,-0.172490749797060,-0.680996300502076,-0.583196820672879,-0.763831772059074,-6.026770776020482,-0.210737105245768,1
116.420038938522339,76,58,-32.838016226262134,0.745518734120879,1.820057381800146,2.308858047478318,0.783518018028549,0.205444848931450,1.545858256627050,0.259267662564134,-0.180179106107179,-0.716464486067646,-0.585116084065533,-0.767096186555392,-6.028864299718895,-0.206190444879698,1
116.449993610382080,76,58,-32.768163806796828,0.769102826177536,1.826127230841462,2.354827755837667,0.791020913080684,0.199702508045061,1.522879176973347,0.241638629415047,-0.203235346613275,-0.816309247827299,-0.592249919076265,-0.770820336862135,-6.034842303052225,-0.193043223179904,1
116.579996585845947,76,58,-32.449498199384031,0.873760471803460,1.850089571405663,2.544659005066026,0.817373836935824,0.166737522805162,1.386231269524101,0.164091324528949,-0.305292500984532,-1.315826915480561,-0.584507177139112,-0.819521046129297,-6.056698051473735,-0.146202650727671,1
116.639961242675781,77,59,-32.294467951596296,0.923047301133811,1.859509428952145,2.625295796439520,0.826166480387162,0.146956976481217,1.301421372226343,0.129213973677855,-0.354361045101391,-1.502823119595155,-0.580486758968948,-0.809923773728180,-6.064932019691375,-0.128748767601411,1
116.689995527267456,77,59,-32.161514242471547,0.964534155307682,1.866402101469964,2.688480391621935,0.831904128981031,0.128226094435227,1.223255557623148,0.100100452846234,-0.394028538550786,-1.615496356719002,-0.584179074873687,-0.771424487212126,-6.071040768269503,-0.115652826423890,1
116.750000476837158,77,59,-31.998046318141512,1.014612395655821,1.873359638088984,2.759020791573082,0.836883646287300,0.103221106621186,1.129724373031304,0.066532659739571,-0.438978531404736,-1.462708018448290,-0.526575029645052,-0.725767752118954,-6.077629316470153,-0.104697128652812,1
116.789994716644287,77,59,-31.886815143080046,1.048130013858043,1.877129120861263,2.803064090915159,0.839132907347724,0.085095983156657,1.073547987606693,0.046165924411022,-0.467107155518382,-1.350037836979459,-0.493946124199350,-0.678215008682587,-6.081690754550452,-0.098495112640791,1
116.832560062408447,78,59,-31.766551667151699,1.083881949027981,1.880319465828523,2.847566305807765,0.840658094003497,0.064618989340257,1.018247069796865,0.025658376601605,-0.494604529130777,-1.252105809704871,-0.471674539982120,-0.611253751105226,-6.085752733023291,-0.092470972531640,1
116.889991998672485,78,59,-31.601362851844570,1.132192145301099,1.883196569433863,2.904043079230831,0.841363322934985,0.035262239081048,0.949360168287524,-0.000979484626575,-0.526589249097885,-1.152651891123205,-0.458951969898782,-0.498711159610150,-6.090852177582983,-0.085284215846660,1
116.899989366531372,78,59,-31.572280729370419,1.140604040354573,1.883522722691182,2.913477484097844,0.841330600621826,0.029972790655639,0.937905502947207,-0.005565487889202,-0.531466941653296,-1.138887856995138,-0.458504629466825,-0.476916373084113,-6.091699127690289,-0.084143747727754,1
116.919994115829468,78,59,-31.513812581619465,1.157432521630078,1.884015346348972,2.932013430659738,0.841127523980468,0.019248741823201,0.915375205964149,-0.014739504165434,-0.540557866949732,-1.114308521538596,-0.459001391126940,-0.431620131177979,-6.093360304519950,-0.081960337031687,1
116.929992675781250,78,59,-31.484449696717597,1.165842173342798,1.884180721593333,2.941110781051516,0.840957184181291,0.013822495239019,0.904288225252440,-0.019333244125704,-0.544756953773570,-1.103457544110388,-0.459905155064159,-0.408195210349487,-6.094174591337490,-0.080918181393954,1
116.940566062927246,78,59,-31.453308897318387,1.174730763411242,1.884296322870233,2.950608560672354,0.840727092080951,0.008041529315324,0.892679781755657,-0.024201916200162,-0.548938780093826,-1.092993404041410,-0.461306592409932,-0.382905931584878,-6.095024310503071,-0.079852081148362,1
116.949997186660767,78,59,-31.425436856879799,1.182660026460850,1.884347702564961,2.958980526777205,0.840478254698634,0.002846808136140,0.882410439457840,-0.028560695894398,-0.552442511166016,-1.084509650665368,-0.462925763791860,-0.359912157347946,-6.095773174909204,-0.078931723161610,1
116.969993829727173,78,59,-31.366091486771150,1.199460641847343,1.884293712630283,2.976410233827689,0.839814296781549,-0.008268975799492,0.860883422135761,-0.037860480007946,-0.559142694473391,-1.069102354302613,-0.467432887940376,-0.309946539501550,-6.097332801889707,-0.077077161896041,1
116.979996681213379,78,59,-31.336277429918638,1.207858807084004,1.884182982189099,2.984967742595786,0.839412174579085,-0.013876810493584,0.850222732578671,-0.042549477383325,-0.562115365354619,-1.062667805300888,-0.470198131676035,-0.284387410664202,-6.098099336016724,-0.076198737615237,1
116.989991426467896,78,59,-31.306400434170676,1.216246514351201,1.884016159863018,2.993412721613873,0.838963356937433,-0.019508919953765,0.839630097517630,-0.047264231122042,-0.564828746932126,-1.057057195654269,-0.473276927162228,-0.258506852211653,-6.098856691032145,-0.075353748784697,1
116.999985933303833,78,59,-31.276439559195591,1.224629499667203,1.883792913482131,3.001752094293538,0.838467256598262,-0.025166851565682,0.829089535151261,-0.052011258265384,-0.567281866387890,-1.052244573497834,-0.476653049150389,-0.232313373491812,-6.099605764187026,-0.074541534199520,1
117.009987115859985,79,60,-31.246375764213031,1.233012882523261,1.883512792060228,3.009991806262264,0.837923157289098,-0.030851790470969,0.818586175679912,-0.056796647389752,-0.569473104748562,-1.048206796370696,-0.480311140583353,-0.205816073739815,-6.100347375472811,-0.073761584218381,1
117.019985914230347,79,60,-31.216240876795545,1.241387588983914,1.883175837382513,3.018123766377129,0.837331229105884,-0.036555272171140,0.808123131111490,-0.061618217325723,-0.571397364145958,-1.044927826255206,-0.484229933338197,-0.179068496575605,-6.101081088961476,-0.073014713563148,1
117.039992094039917,79,60,-31.155699418298475,1.258126407850939,1.882329934946952,3.034082447702475,0.836001022456862,-0.048018985009021,0.787266604389845,-0.071389903505490,-0.574439085760526,-1.040558884006088,-0.492788624065045,-0.124871008622464,-6.102527650984201,-0.071618690079577,1
117.049995422363281,79,60,-31.125309279420616,1.266485546282630,1.881820824504951,3.041905693128806,0.835262154038323,-0.053771079467049,0.776863769001481,-0.076342289171043,-0.575551377284555,-1.039430529565674,-0.497392693166277,-0.097484929649853,-6.103240803880519,-0.070969904408966,1
117.069994449615479,79,60,-31.064320881186326,1.283173844859160,1.880630260092908,3.057234226838180,0.833635294870631,-0.065297234049930,0.756083238654278,-0.086386052924404,-0.576949890134571,-1.039186691350420,-0.507162945084866,-0.042286172380935,-6.104647911677408,-0.069771265789638,1
117.089995384216309,79,60,-31.003024959787496,1.299828974685572,1.879208852388084,3.072148278278713,0.831805412281952,-0.076841249920583,0.735280065388114,-0.096632750979983,-0.577239797503911,-1.041495657272558,-0.517580575126125,0.013352768874189,-6.106032474863156,-0.068703756279427,1
117.119998931884766,79,60,-30.910523366772811,1.324740192533034,1.876643704441730,3.093736920125570,0.828660246031005,-0.094136498337134,0.703541942533817,-0.113963395067871,-0.574775059227333,-1.086641130109881,-0.687348888427361,0.176574705174135,-6.108153517066570,-0.075390405405417,1
117.139989852905273,79,60,-30.848536854772902,1.341282332934750,1.874647231299365,3.107581795508761,0.826234505809235,-0.105583083684865,0.681431801987824,-0.129210812068955,-0.569969766861137,-1.124476520722557,-0.835299961691805,0.302606867389826,-6.109730443626127,-0.082328263530369,1
117.209993124008179,80,60,-30.629389175334936,1.398751436707484,1.865882436611018,3.152441129124135,0.814782362838271,-0.144417223074804,0.599091369120179,-0.202570927489537,-0.535185423645885,-1.218494497613613,-1.229825142787985,0.673494816424171,-6.116290527014761,-0.104555240724149,1
117.230004310607910,80,61,-30.566190540771828,1.415013002245000,1.862886433918344,3.164183801127438,0.810477126587410,-0.154985497105989,0.574532722670252,-0.228005261967355,-0.520823455424528,-1.235467410219586,-1.310076080406958,0.760655602198399,-6.118440765785202,-0.110317432261340,1
117.299991607666016,80,61,-30.343399689501489,1.471100186260795,1.850811077709920,3.201334993965508,0.791132926560208,-0.189355377760631,0.486763163676736,-0.326883056358587,-0.458483089358980,-1.265521956104736,-1.490743986358790,1.005896867548244,-6.126813347271141,-0.128404265234536,1
117.309997558593750,80,61,-30.311345426666314,1.478999047240186,1.848893753381135,3.206141573953116,0.787787660697163,-0.193891821824107,0.474024043276938,-0.341829608258373,-0.448287715086982,-1.280827742519731,-1.496580547178480,1.031840637541825,-6.128106765961824,-0.130130623112988,1
117.320561408996582,80,61,-30.277450029763447,1.487301750741001,1.846820699885724,3.211077347353414,0.784093035992857,-0.198569405451013,0.460415201027431,-0.357661691319876,-0.437250032211689,-1.295367649233198,-1.500454805360518,1.057593201101364,-6.129490814869181,-0.131895379267115,1
117.359997749328613,80,61,-30.150470686018064,1.517930406278255,1.838660772833911,3.228215679336888,0.768820469727876,-0.214968059929208,0.408481484245321,-0.416841867199218,-0.393852974081206,-1.334548501794510,-1.495966797021414,1.139608493444357,-6.134815377564801,-0.138010222938062,1
117.409998178482056,81,61,-29.988575858279791,1.555819700342226,1.827444131366349,3.246960530584988,0.746122577324977,-0.233202140824269,0.341150813127496,-0.490691985168651,-0.334887262631959,-1.353274973208289,-1.451186008246409,1.213673855751175,-6.141887934222320,-0.144689581790842,1
117.440002918243408,81,62,-29.891004954902218,1.577979372019166,1.820301773915442,3.256587553883160,0.730752709609930,-0.242699096285516,0.300571243953361,-0.533584784130515,-0.297999642064842,-1.349936079137367,-1.405743207725519,1.243376511146634,-6.146281840954616,-0.148121555703477,1
117.480195045471191,81,62,-29.759886011660310,1.606904225037298,1.810319898389865,3.267582041016104,0.708191233260815,-0.253664545889823,0.246648409004600,-0.588547294897698,-0.247485149143994,-1.330632760731685,-1.325782172246339,1.267341932090856,-6.152316608465943,-0.152041626249925,1
117.509989500045776,81,62,-29.662427335063555,1.627737235875446,1.802657912709779,3.274342700237944,0.690078453230209,-0.260474606620012,0.207130670997517,-0.626786295691910,-0.209689816055235,-1.348848192799843,-1.210607530559614,1.256375983277251,-6.156873241340247,-0.152392278181495,1
117.519989728927612,81,62,-29.629673027769904,1.634606638655838,1.800042830770720,3.276346078727081,0.683751045567066,-0.262509008840963,0.193483864191600,-0.638553690275782,-0.197209047000513,-1.380043668920164,-1.143059146035977,1.239737509644839,-6.158390632166128,-0.151079096591211,1
117.529988765716553,81,62,-29.596904844808094,1.641411058330498,1.797408466939038,3.278211167016725,0.677310398968530,-0.264419122220577,0.179539565683469,-0.649651009116740,-0.184896204555903,-1.408820008139625,-1.076963030716673,1.223202356536026,-6.159894645590118,-0.149767066931878,1
117.580066204071045,81,62,-29.432548589477459,1.674492968525399,1.783960630055107,3.285383752608806,0.643561002467447,-0.272178636307153,0.106010845634953,-0.695676465976338,-0.125689013734069,-1.518541515220963,-0.767023871777068,1.141879491229538,-6.167230178029588,-0.143209970771373,1
117.589999437332153,81,62,-29.399904423839164,1.680852076936908,1.781250610177671,3.286361736112774,0.636612788996002,-0.273371225038222,0.090846844859317,-0.703010261956832,-0.114423597483725,-1.533864441020745,-0.709601041508211,1.126037271978038,-6.168646472182235,-0.141911890904211,1
117.619992971420288,82,63,-29.301300900042325,1.699627124932199,1.773004783070627,3.288390812898417,0.615233096028218,-0.276303812013896,0.044282968155705,-0.721782638636998,-0.081360564843458,-1.568121701816092,-0.544112489436120,1.078783350855847,-6.172844201707801,-0.137998471869007,1
117.679999351501465,82,63,-29.103951988391870,1.735229022951046,1.756316189465080,3.288204017187905,0.571126470118974,-0.279299463508894,-0.050696654917848,-0.745300423498523,-0.019403117384696,-1.587084001756441,-0.247110056877525,0.986787685533767,-6.180890734707910,-0.130194244924001,1
117.719994544982910,82,63,-28.972500933817251,1.757472439405805,1.745140725595359,3.284921154801156,0.541169137648712,-0.279303072774981,-0.112310256888422,-0.751610025653748,0.018742415650599,-1.414304157526376,-0.069979314612083,0.914896687051702,-6.185992501663756,-0.124859409831992,1
117.730327367782593,82,63,-28.938567808917181,1.763023601009077,1.742256170356494,3.283686775907552,0.533400645038844,-0.279060972711473,-0.126493147952148,-0.752107443932593,0.028086163188461,-1.331551658531916,-0.026523796676763,0.893909847597704,-6.187275242779105,-0.123448999939404,1
117.809987783432007,83,64,-28.677481018559472,1.803133696149326,1.720186583228356,3.270014249836144,0.473730976137387,-0.274148731137487,-0.209308029424669,-0.742053832344340,0.093301893341198,-0.769546587975372,0.266961415958316,0.747884202759089,-6.196680626553753,-0.112725544181632,1
117.880000829696655,83,64,-28.449092274160499,1.834500200781078,1.701262748289464,3.253811825416327,0.422607702557232,-0.265875186064311,-0.248988617748063,-0.716009814024987,0.141788733616384,-0.379346306620710,0.468790127800131,0.640167777827134,-6.204249380478692,-0.103522449189866,1
117.929987192153931,83,64,-28.286759989695689,1.854741162001300,1.688162406578707,3.240980336669490,0.387453223383977,-0.258017139774499,-0.263068586676800,-0.689498018293045,0.172007108216965,-0.213722905290336,0.590801798707080,0.568117641967872,-6.209245222398142,-0.095922766621012,1
117.939986228942871,83,64,-28.254366493640628,1.858580952162596,1.685591176473171,3.238339596587048,0.380588820213364,-0.256269069828782,-0.265092873862800,-0.683477408520417,0.177617121452163,-0.191261144903206,0.613278681112047,0.554053403639242,-6.210196123702465,-0.094277992839956,1
118.009991645812988,84,64,-28.028324313989863,1.883586513478051,1.668116580665654,3.219434755351395,0.334361294825400,-0.242553238346614,-0.273342083440231,-0.635672446230515,0.213198471950573,-0.048690184760780,0.745260041713976,0.465190069665070,-6.216402080161124,-0.083128713403065,1
118.030574083328247,84,65,-27.962123052615180,1.890334471639560,1.663170411187164,3.213801442171605,0.321438590816196,-0.238068534439688,-0.273959176625280,-0.620011106233231,0.222532043728752,-0.011644304626240,0.776085752601089,0.442028913537748,-6.218080381608885,-0.079972773423497,1
118.040142774581909,84,65,-27.931382190579253,1.893382098482520,1.660902546053116,3.211179600877830,0.315541336776694,-0.235919008726560,-0.273991398031243,-0.612521019867453,0.226712185908781,0.004830713338962,0.789255513047084,0.431683886685640,-6.218838714505630,-0.078524273683991,1
118.069994926452637,84,65,-27.835641285784689,1.902532517053321,1.653962588835028,3.203009677422777,0.297613195084478,-0.228963283048311,-0.273114014954495,-0.588397495495086,0.239135955986120,0.053182400618512,0.825769185097134,0.401056677757392,-6.221116296938514,-0.074082326219446,1
118.079997777938843,84,65,-27.803615709651687,1.905480199191634,1.651684333227661,3.200280674308233,0.291769036391854,-0.226551340625730,-0.272505721909422,-0.580083154319066,0.243098798719914,0.068355764737067,0.836502137800856,0.391329372394559,-6.221850006900287,-0.072620014907883,1
118.090007066726685,84,65,-27.771599101817856,1.908371477337187,1.649429118257681,3.197556951429276,0.286005298456214,-0.224098827645277,-0.271747748417748,-0.571660273308260,0.246967817977906,0.083023427612964,0.846510348847557,0.381853991732654,-6.222569562241604,-0.071169959047033,1
118.130000352859497,84,65,-27.643933785850759,1.919361785954331,1.640668108173200,3.186774935172332,0.263830043505711,-0.213924973708084,-0.266840005412203,-0.537015924523744,0.261622959990739,0.168756904641780,0.885612717160568,0.353260355905928,-6.225293695841352,-0.064960514919180,1
118.140075206756592,84,65,-27.611844043329221,1.921992485640795,1.638526384459380,3.184095759879968,0.258465283382664,-0.211271591204357,-0.265026785310643,-0.528050826483888,0.265150115827695,0.191082062484283,0.894130557788920,0.347016814931558,-6.225940181626610,-0.063391018560415,1
118.229992151260376,85,66,-27.326577323436219,1.943208789363897,1.620641486487077,3.161277959500317,0.214677466141477,-0.186097994460496,-0.240067418379094,-0.445215718135888,0.294010433019514,0.353133506173204,0.939458819902593,0.296325023076718,-6.231034436637002,-0.050146237467576,1
118.260028600692749,85,66,-27.231732664675434,1.949460208908355,1.615185837486760,3.154232904518605,0.201729633961502,-0.177135823888970,-0.228844409064786,-0.416926564505458,0.302680741220324,0.393035418199444,0.943375030885966,0.281135419464029,-6.232478389907984,-0.046028352306407,1
118.289959430694580,85,66,-27.137423065002743,1.955315698236492,1.610020754175925,3.147564531960908,0.189673071074267,-0.167952439702505,-0.216569099463405,-0.388694438927775,0.310878022970938,0.426102010427115,0.942284596221836,0.266716467004296,-6.233796569765424,-0.042077376547381,1
118.300653219223022,85,66,-27.103778220919924,1.957321856216689,1.608242653705933,3.145273302325704,0.185570577727542,-0.164613045335424,-0.211957341534790,-0.378626648723909,0.313703313272731,0.436191446342036,0.939180177809297,0.261863949090823,-6.234239182481057,-0.040849581557505,1
118.319996833801270,85,66,-27.042974144265404,1.960841869528966,1.605117333643646,3.141255517476139,0.178418596498907,-0.158495944238025,-0.203400671995312,-0.360988192194994,0.318725965451984,0.448174025957958,0.884808228178441,0.257348526321934,-6.235052378052528,-0.043213492403286,1
118.329986095428467,85,66,-27.011603897668891,1.962606358135299,1.603549946878657,3.139246053803565,0.174856113048970,-0.155299155424238,-0.198895769339882,-0.352285740522305,0.321284370789133,0.453652000743218,0.857563749168922,0.254838170100851,-6.235490034100629,-0.044404220411623,1
118.400568723678589,85,66,-26.790503494558486,1.974117820196511,1.593403795524786,3.126363735153197,0.151975239800415,-0.132004354691033,-0.165846707409648,-0.298159806013486,0.338562556185156,0.479000849880307,0.680643434100767,0.233839909536561,-6.238906421352359,-0.052234180621208,1
118.410750865936279,86,66,-26.758675947115041,1.975650058488130,1.592077177216636,3.124699770112857,0.148973933796079,-0.128544675232032,-0.160959531923612,-0.291348105839300,0.340926167612881,0.480782746080260,0.657289718525389,0.230364835732860,-6.239443667701163,-0.053279567667550,1
118.429995298385620,86,67,-26.698569130047762,1.978463931932084,1.589666693935959,3.121691234956944,0.143485887345976,-0.121941175097044,-0.151683690850713,-0.279112198772231,0.345294260329597,0.482901687406054,0.614588581122016,0.223510022288646,-6.240487628406904,-0.055197230887145,1
118.440000057220459,86,67,-26.667346360692733,1.979885539308962,1.588464076680908,3.120197923864288,0.140723965794061,-0.118475630313795,-0.146849920019645,-0.273071476090624,0.347511851999655,0.483366748108738,0.593121225601389,0.219802289983449,-6.241044690552606,-0.056164092429348,1
118.459988832473755,86,67,-26.605004632743587,1.982644726097606,1.586165555204437,3.117359078063289,0.135381176820952,-0.111485721207600,-0.137188476034245,-0.261632711990238,0.351829260847428,0.483014477068933,0.551692947870592,0.212108134772168,-6.242186199197135,-0.058034497688515,1
118.469993829727173,86,67,-26.573822992330999,1.983986179272327,1.585067810896730,3.116010702415763,0.132790879669500,-0.107955204981985,-0.132359728945976,-0.256213672277296,0.353931468016475,0.482205915166438,0.531678788443877,0.208118136025735,-6.242771366579048,-0.058939891094028,1
118.479990243911743,86,67,-26.542680591751743,1.985300898106830,1.584006364319188,3.114711654101396,0.130255899418961,-0.104406828513767,-0.127545168070569,-0.250996772645088,0.355991601392309,0.480982888190521,0.512153581132378,0.204041519455435,-6.243364990347320,-0.059824036246318,1
118.489989757537842,86,67,-26.511540544367339,1.986590960139545,1.582980154451570,3.113460256467827,0.127771280664256,-0.100836868265918,-0.122743288020931,-0.245971074928893,0.358011209326702,0.479348878666959,0.493088105021849,0.199875587754625,-6.243967552578260,-0.060687981815174,1
118.559996366500854,86,67,-26.293854170209457,1.994961927174187,1.576809692036966,3.105938711102917,0.111827250873058,-0.075278379493013,-0.094264056311365,-0.207379078718003,0.372440803149724,0.315402730755051,0.642802535989266,0.217057196573258,-6.248080607366258,-0.055209400353669,1
118.579992294311523,86,67,-26.231767225126536,1.997157403298428,1.575379195510800,3.104113653293307,0.107811957594102,-0.067787524636032,-0.088440107192608,-0.194098800320970,0.376817092846435,0.267678224759834,0.684220308471634,0.220336853722583,-6.249165416354069,-0.053318132060603,1
118.680000305175781,87,68,-25.921735368929568,2.007089259577988,1.570521090482935,3.096256113261056,0.092060176770383,-0.029000679069928,-0.071900464890183,-0.119243735950710,0.398668995776339,0.075171854693931,0.784866806295942,0.209529567926807,-6.254100295267124,-0.045952378116803,1
118.689996004104614,87,68,-25.890789705084877,2.008003639045027,1.570251159475865,3.095540913196002,0.090907490058009,-0.025005290018672,-0.071226850516798,-0.111390586583400,0.400747127726664,0.059712872243040,0.786199077223101,0.206214100599267,-6.254556871573731,-0.045407984869256,1
118.759988784790039,87,68,-25.674298052044936,2.014139404516839,1.569494644181351,3.090724772915376,0.085094378708797,0.003569050126558,-0.065359962319704,-0.053678258922938,0.416261040387915,0.128802937227536,0.862785298312342,0.241195537500923,-6.257637646517935,-0.042995619561668,1
118.770001649856567,87,68,-25.643352086119197,2.014988957341174,1.569551293287371,3.090076935893308,0.084600222468080,0.007749466323667,-0.064012808741041,-0.045009925097722,0.418693982215336,0.140136889762961,0.868196935958826,0.244594051135526,-6.258067263025585,-0.042817814749165,1
118.801279783248901,87,68,-25.546731539858943,2.017617497921254,1.569999743113503,3.088148584875271,0.083618566182032,0.020966174073224,-0.059131908370187,-0.017737020170372,0.426449072287787,0.170773879773735,0.872641233847796,0.250002631786974,-6.259400837465775,-0.042519821503007,1
118.829995155334473,88,69,-25.458077886141258,2.020014760066930,1.570778600534576,3.086524216953482,0.083467932955551,0.033314881061349,-0.053898667592580,0.007190556173714,0.433619752693064,0.192758865758609,0.861170785680536,0.248426675311690,-6.260622024907057,-0.042589569376047,1
118.939997434616089,88,69,-25.118833834023746,2.029424869741970,1.577120080358855,3.081895741639978,0.089225425121092,0.082444333521111,-0.027995715604934,0.094116740645693,0.458763647666056,0.337662373550095,0.672836761495458,0.203997960103468,-6.265548292840124,-0.051393330874585,1
119.039997816085815,89,70,-24.810715603186328,2.038917791385586,1.587689732004153,3.081158309556319,0.101499186871245,0.129228134044039,0.016258628118604,0.146094463941975,0.475552589941847,0.518930689798290,0.357669419696803,0.123190461368199,-6.271675207289268,-0.071315070156184,1
119.129996299743652,89,70,-24.533285917578716,2.048678194159072,1.601257811736372,3.084800904547724,0.115672905928233,0.172382865198944,0.065007133112289,0.164001312961886,0.481463800707390,0.538436031795994,0.030563901141833,-0.015623880353880,-6.278991761347891,-0.093979242114245,1
119.179999351501465,89,70,-24.378943403647341,2.054666866433350,1.610478524688400,3.088710586645112,0.123830236065417,0.196391770106244,0.091048114568109,0.160644982375682,0.477915591594083,0.499870415580521,-0.164431235592401,-0.125244123066641,-6.284111655789197,-0.110743871647368,1
119.199991464614868,89,70,-24.317173960994776,2.057174383742641,1.614500187119909,3.090629419337198,0.127003898527747,0.205918579416469,0.100839602742168,0.156585743086047,0.474989747045211,0.479176885258329,-0.241538642510419,-0.167277607171754,-6.286391790197465,-0.117347338542323,1
119.209967374801636,90,71,-24.286339234271420,2.058449021341430,1.616577868374468,3.091658968365269,0.128553220314401,0.210648029928832,0.105563323227172,0.153985624938095,0.473218265046340,0.467802726178239,-0.279745860692549,-0.187855661986639,-6.287578691793069,-0.120620912811417,1
119.219993829727173,90,71,-24.255334733395962,2.059745676894140,1.618713726552157,3.092740734490245,0.130082483928064,0.215383058144550,0.110193680445954,0.150989011870623,0.471232115528114,0.455691552860551,-0.317945300046897,-0.208271679378954,-6.288804557514446,-0.123897144762801,1
119.230010271072388,90,71,-24.224356774702024,2.061055908950634,1.620894281945706,3.093866913200530,0.131577990059525,0.220091446860629,0.114693887238428,0.147614825720016,0.469045397406903,0.442935259680775,-0.355873436212274,-0.228391868163525,-6.290061655274195,-0.127155150302364,1
119.239990949630737,90,71,-24.193465456911952,2.062376723752304,1.623114749279611,3.095033733692838,0.133033245354214,0.224762134524081,0.119049501403689,0.143874492012936,0.466666422646084,0.429581823308957,-0.393438310387401,-0.248176208773734,-6.291347174370150,-0.130388662705995,1
119.279998302459717,90,71,-24.069540903146208,2.067809609706071,1.632477559288416,3.100125157252922,0.138434719181488,0.243213007872532,0.135076280673473,0.125162751764782,0.455191991348091,0.370048728214180,-0.541171043434227,-0.324690004316692,-6.296820851850623,-0.143205391094027,1
119.299992084503174,90,71,-24.007530195858642,2.070601715327576,1.637430844158003,3.102897636295590,0.140824216157287,0.252246666070582,0.142147517229677,0.113621705218321,0.448333003024724,0.336942116996629,-0.613056862202152,-0.361231255613356,-6.299747343785829,-0.149525351694657,1
119.339999198913574,90,71,-23.883275696178575,2.076319595656650,1.647877212087865,3.108844613919019,0.144835145403808,0.269877267560542,0.154895299906964,0.085807174552048,0.432634390590257,0.298612676870245,-0.775408519143780,-0.422920944837245,-6.306051829947417,-0.165571202518270,1
119.389996290206909,90,71,-23.727642248915618,2.083651066927356,1.661901897584003,3.116937829865864,0.148076932045860,0.290948718278587,0.168331422672440,0.042329354138025,0.409670695960638,0.236343239367162,-0.960434368215548,-0.494675869561141,-6.314816939228009,-0.184918518052309,1
119.399987697601318,90,71,-23.696490468875268,2.085132551000852,1.664829320642818,3.118631301407961,0.148451352262250,0.295017082747431,0.170622441401476,0.032559774022363,0.404659852563808,0.222152191734727,-0.994979348163199,-0.508289906578655,-6.316683442895686,-0.188689011954044,1
119.409988403320312,91,72,-23.665291898334086,2.086618701143176,1.667799992816936,3.120348594240172,0.148726661565980,0.299038515203104,0.172770935591581,0.022439304091427,0.399509234349311,0.207407224524310,-1.028738522540113,-0.521670740905979,-6.318589295484597,-0.192431098734045,1
119.429994583129883,91,72,-23.602836014578759,2.089597000538225,1.673861345130991,3.123844255697762,0.148965314309641,0.306924368793207,0.176612874160299,0.001203686122109,0.388811554197236,0.176363202247088,-1.093794288119670,-0.547689629559163,-6.322512904682719,-0.199819994331905,1
119.450001001358032,91,72,-23.540301273215263,2.092576129483019,1.680079100255533,3.127410900792965,0.148766306527815,0.314592071506387,0.179814423310034,-0.021303283746223,0.377601905690643,0.143363966507097,-1.155546434099741,-0.572707040873793,-6.326583586802891,-0.207081721067758,1
119.461048603057861,91,72,-23.505747340026499,2.094217724866831,1.683576741856307,3.129405351552808,0.148459851288540,0.318727558908700,0.181293460784746,-0.034247876253033,0.371202073525937,0.124360880495064,-1.188211173582073,-0.586083363734386,-6.328892722005464,-0.211035758551590,1
119.470000028610229,91,72,-23.477721451286474,2.095545419736777,1.686445223551393,3.131033306913130,0.148105247846103,0.322027421293718,0.182336457251356,-0.045002015067575,0.365907004506672,0.108567220824251,-1.213942075418374,-0.596697585742201,-6.330796434730960,-0.214212269020008,1
119.490008115768433,91,72,-23.415040329023459,2.098498005415684,1.692960655538837,3.134700746133105,0.146958161510240,0.329227365720329,0.184146281652400,-0.069846634654366,0.353736963916022,0.072078061053563,-1.269015273751293,-0.619671375332831,-6.335152607213658,-0.221217924267905,1
119.549995422363281,91,72,-23.226661130675122,2.107141390146135,1.713324010280942,3.145832555527618,0.140417577873833,0.349285755948805,0.186449164681028,-0.149034143999934,0.314182481850423,0.011724931779205,-1.357905531933559,-0.699500289730122,-6.348930609175843,-0.237293349303700,1
119.639998197555542,92,73,-22.942775235318944,2.119007804655793,1.745944873411736,3.162531906363174,0.121379250511080,0.374591736577007,0.183071308943347,-0.275276050466123,0.246771216621268,-0.092553000937823,-1.441022376418396,-0.792041256111290,-6.371269940861991,-0.258883694561970,1
119.659990787506104,92,73,-22.879509312244906,2.121377634665082,1.753482461219645,3.166171797787350,0.115586647005781,0.379366147890108,0.180947957131244,-0.304222378676455,0.230778319608629,-0.120088083561849,-1.454260348490397,-0.807487326264166,-6.376491992089347,-0.263484452486707,1
119.669990777969360,92,73,-22.847838597687161,2.122518046314971,1.757287523093985,3.167975034503619,0.112471612883260,0.381633435048713,0.179675917190545,-0.318794875510823,0.222667771972783,-0.134375603145694,-1.460161661306683,-0.814550983479184,-6.379138221406449,-0.265758954436093,1
119.679992675781250,92,73,-22.816145382391198,2.123626734293009,1.761115400190640,3.169765085968546,0.109210089915240,0.383819577706348,0.178259147065270,-0.333426076404557,0.214487586457286,-0.148991470224668,-1.465582463499896,-0.821181849688484,-6.381807490284403,-0.268016010586649,1
119.689997673034668,92,73,-22.784422995032976,2.124702448130207,1.764966111778706,3.171540863347739,0.105800726121811,0.385924319986186,0.176694033345528,-0.348114341318395,0.206240269431285,-0.163926123061089,-1.470522745705736,-0.827386766521546,-6.384500210565929,-0.270256091834783,1
119.720257759094238,92,73,-22.688374149500120,2.127737693359717,1.776734500575151,3.176791914557448,0.094583799299060,0.391780165454432,0.169040924431804,-0.393981244967110,0.180440734554864,-0.404773701205623,-1.597331186214273,-0.893203334965091,-6.392891549233743,-0.287977370227429,1
119.769994020462036,92,73,-22.530171199829095,2.131920578228889,1.796424747147405,3.184490554523779,0.072903119387953,0.399596282157717,0.136568069296858,-0.479866967045317,0.132854338689434,-0.883093099571091,-1.843423837246018,-1.014070115329275,-6.408119476033493,-0.323800375528735,1
119.789989471435547,92,73,-22.466469806413038,2.133279895924623,1.804440049290565,3.187033632513095,0.062934065333828,0.402047393805273,0.117254831810904,-0.517524568028650,0.112184840508555,-1.045967060700586,-1.921247952613985,-1.052407280930612,-6.414729469018799,-0.337259185954330,1
119.799986839294434,92,73,-22.434602176534462,2.133882886887676,1.808464895281901,3.188152328419938,0.057663582024184,0.403116064108448,0.106417569065914,-0.536907251056271,0.101577043036258,-1.121400636695326,-1.955836545369366,-1.069482068030202,-6.418133909244305,-0.343785598181399,1
119.840009212493896,93,74,-22.306936824796278,2.135739436114001,1.824667737416555,3.191438779244473,0.034577247412507,0.406308705112756,0.056060085543838,-0.617544503670793,0.057604666392543,-1.385181268039347,-2.066695407297476,-1.124503134716438,-6.432395468873759,-0.368558226988686,1
119.850009441375732,93,74,-22.275020658728284,2.136053978987051,1.828733415953403,3.191929149858678,0.028298264043647,0.406828334110298,0.041921874367888,-0.638318416243899,0.046306124965392,-1.441940832819298,-2.087761126773622,-1.135054904178573,-6.436110329425555,-0.374409767977756,1
119.869991779327393,93,74,-22.211225946118745,2.136489246221651,1.836871303704636,3.192471908099074,0.015122594002430,0.407525832683862,0.012053666823301,-0.680402238589433,0.023440627576992,-1.544953542389386,-2.122276778874081,-1.152499888626043,-6.443706326394054,-0.385698748410156,1
119.919984817504883,93,74,-22.051642029031097,2.136350536285107,1.857250007202204,3.191064918011368,-0.021558671786610,0.407249945551465,-0.068604237659773,-0.786212910896569,-0.034104461129986,-1.555626794353661,-2.004492147687347,-1.099267295096167,-6.463513458152050,-0.397990442161662,1
119.929998636245728,93,74,-22.019690980964683,2.136094899911115,1.861326241872820,3.190300901787172,-0.029530933751741,0.406853890564029,-0.083891886324169,-0.805916823834909,-0.044940051064209,-1.497951673127349,-1.931173012216997,-1.065008343395476,-6.467489645591637,-0.396151846706470,1
120.009986400604248,94,75,-21.764892821957414,2.131001743393767,1.893640497296373,3.179256478662902,-0.099587356615830,0.400125710192069,-0.186860754814859,-0.938829316813204,-0.120048418856928,-1.092687393487910,-1.410862376896854,-0.821710026680408,-6.498602938935218,-0.381940002816537,1
120.029994249343872,94,75,-21.701323083932870,2.128819513016301,1.901620854951575,3.175305069998958,-0.118645580133745,0.397562977470055,-0.207845161873438,-0.965913037107645,-0.135953794666773,-1.005909593332460,-1.297565613634693,-0.768737904737436,-6.506210224209986,-0.378517019551920,1
120.039988994598389,94,75,-21.669594239466733,2.127585099697215,1.905587856042833,3.173177953295747,-0.128364468468260,0.396166045801853,-0.217692454258739,-0.978610614623029,-0.143510502701395,-0.964622970843468,-1.243297201448983,-0.743374341447122,-6.509985307227226,-0.376826656234332,1
120.049986839294434,94,75,-21.637879582000210,2.126252584417945,1.909541461532534,3.170953904489997,-0.138209954365208,0.394694475101614,-0.227136023617901,-0.990776158124202,-0.150818982215113,-0.924676228711515,-1.190527110155198,-0.718719823569942,-6.513744454116634,-0.375149061990605,1
120.059989452362061,94,75,-21.606175538766834,2.124820468588366,1.913481492680625,3.168636511451748,-0.148178283591425,0.393150451843829,-0.236190242058364,-1.002425864599021,-0.157887130554223,-0.886043724018560,-1.139215875204924,-0.694757381712967,-6.517488318865528,-0.373484009045336,1
120.069988489151001,94,75,-21.574503424127705,2.123288491389542,1.917404704244470,3.166231111677413,-0.158257931517941,0.391537352733232,-0.244862398385693,-1.013566764492518,-0.164717298368879,-0.848729512860297,-1.089363800095814,-0.671488584433111,-6.521214620687795,-0.371832571396462,1
120.099990367889404,94,75,-21.479626702081994,2.118079689240254,1.929074205844879,3.158519069971778,-0.189134718605053,0.386303544625259,-0.268732232382267,-1.044099808234813,-0.183860590220867,-0.744415448946997,-0.948140802468511,-0.605660943125663,-6.532296594249973,-0.366956784421253,1
120.119990587234497,94,75,-21.416509594628295,2.114086847465056,1.936762885945968,3.152999745001204,-0.210200250789449,0.382507858990840,-0.282974226274398,-1.062080408270074,-0.195563721902913,-0.680394208673382,-0.850752103442551,-0.564990523229804,-6.539597073545380,-0.363079983924754,1
120.149991273880005,94,75,-21.322048490256794,2.107299123770013,1.948147810013595,3.144217858526965,-0.242425136725507,0.376395333802523,-0.302031557061670,-1.085533058962598,-0.211646859394743,-0.591476324507855,-0.714708911253456,-0.507985058638778,-6.550403539832679,-0.357360501812933,1
120.159990787506104,94,75,-21.290623038441780,2.104820601635033,1.951900915072406,3.141168585838289,-0.253314953484062,0.374253872991236,-0.307806328597686,-1.092464969084802,-0.216636180495805,-0.563685614471310,-0.671950821389558,-0.490011388309877,-6.553967562846474,-0.355481011707530,1
120.209991693496704,95,76,-21.133956845377007,2.090775985746511,1.970333468991833,3.125127918876561,-0.308694830951648,0.362844931195878,-0.332758598675613,-1.121049766487719,-0.239022835022673,-0.438015051067651,-0.476341267443809,-0.407408394158974,-6.571510702541030,-0.346284526230594,1
120.279990196228027,95,76,-20.916040649306655,2.066397597041194,1.995124675739764,3.100885334042368,-0.388137405338018,0.345198977990237,-0.358258180535525,-1.146133114702368,-0.264027430051106,-0.297088306555994,-0.248751771702152,-0.310446076166563,-6.595315419642646,-0.333974568053882,1
120.289994001388550,95,76,-20.885037971995857,2.062457355483157,1.998564716352123,3.097286810183334,-0.399615064651481,0.342542370549988,-0.361144471592808,-1.148477990963967,-0.267071562345667,-0.280075808875166,-0.220200709019799,-0.298212868344804,-6.598647894280107,-0.332269085929519,1
120.299989223480225,95,76,-20.854097988346005,2.058405709633770,2.001975113467355,3.093663374257404,-0.411104893312049,0.339858233330564,-0.363862054902505,-1.150540225809686,-0.269992766594496,-0.263823992630473,-0.192594845888757,-0.286369798691752,-6.601960537521744,-0.330578502027089,1
120.350012540817261,95,76,-20.699812127565732,2.036398403837774,2.018631408325317,3.075025091044473,-0.468901460243375,0.325995998401379,-0.383392310292988,-1.160424213477161,-0.284231603172672,-0.506847266857296,-0.200413785012082,-0.282231597073494,-6.618667470088057,-0.337237951153261,1
120.360000848770142,95,76,-20.669110450697740,2.031655921709169,2.021874024953315,3.071168844953007,-0.480504624828479,0.323142333911075,-0.388661762375465,-1.162425767995755,-0.287044282331123,-0.547624017622161,-0.200177627295779,-0.280807849605621,-6.622042531730908,-0.338410015936140,1
120.409986972808838,96,77,-20.516091817332882,2.006180866376380,2.037662324611135,3.050981030177027,-0.538857467274852,0.308446906712983,-0.420463119830123,-1.172240693545366,-0.300849309889044,-0.714825458838079,-0.190113082955515,-0.270750166379521,-6.639089756650110,-0.343430625752652,1
120.419985294342041,96,77,-20.485606085109840,2.000734178464485,2.040731412003742,3.046740619135798,-0.550588189332313,0.305425210551101,-0.427744906123243,-1.174123535733419,-0.303543858536890,-0.741301902225745,-0.186400583473786,-0.268181881570637,-6.642527956111679,-0.344266128202035,1
120.429980278015137,96,77,-20.455173276446541,1.995171978145938,2.043769141786227,3.042427563361656,-0.562333618140705,0.302377724919640,-0.435277863074206,-1.175965935595213,-0.306210960159674,-0.765576969734359,-0.182148773937841,-0.265439103799894,-6.645973076738129,-0.345045106072711,1
120.449999809265137,96,77,-20.394360076486809,1.983679686748259,2.049760251652848,3.033558096168878,-0.585909235248628,0.296195391626467,-0.451039428080407,-1.179514500125197,-0.311465393020342,-0.807818095804820,-0.172052724609847,-0.259436289331610,-6.652894275001096,-0.346436012504491,1
120.513653993606567,96,77,-20.202213185011697,1.943987997188955,2.067972200892667,3.003143390870365,-0.661312121643068,0.275858263305495,-0.505381456467264,-1.189441151705471,-0.327352198866102,-0.875919473622738,-0.172376397443934,-0.247982436439639,-6.675055398915993,-0.349963522495266,1
120.519989490509033,96,77,-20.183193382909035,1.939773580287806,2.069713646180348,2.999923373228787,-0.668852801218830,0.273778937665094,-0.510925537908153,-1.190580654716982,-0.328931987619498,-0.873837226504810,-0.187145537682861,-0.250597672925134,-6.677274430087709,-0.350407942869096,1
120.539975166320801,96,77,-20.123339660053794,1.926167736002548,2.075119402564260,2.989537975061408,-0.692688196556106,0.267154311854830,-0.528301871808340,-1.194748633708725,-0.334012369732381,-0.864248388251941,-0.228677345204276,-0.257441275289745,-6.684290531830221,-0.351647230435601,1
120.570015907287598,96,77,-20.033774697727750,1.904818851299375,2.082992968671220,2.973280594811234,-0.728690144031721,0.257003112744830,-0.553949251978047,-1.202388211751400,-0.341854021802089,-0.841706015036153,-0.277234251410725,-0.263881400729814,-6.694876595694020,-0.353045964263955,1
120.609997272491455,97,77,-19.915351895062617,1.874721098453418,2.092992137862539,2.950471144364717,-0.776996815661494,0.243123588164250,-0.586777064413331,-1.214369035606589,-0.352466478425062,-0.798014833631050,-0.317657477784643,-0.265774933842829,-6.709014910543689,-0.354043188380028,1
120.629996776580811,97,78,-19.856462340171614,1.858938258052409,2.097783645317861,2.938578051674309,-0.801347928472811,0.236021366691401,-0.602471298084706,-1.220837727360768,-0.357767574672182,-0.770899448381548,-0.328192814967116,-0.264064873171527,-6.716097295028579,-0.354171657117662,1
120.669997215270996,97,78,-19.739407285229586,1.825903567125739,2.106935636289543,2.913878194438517,-0.850447218254610,0.221500955170366,-0.632077387761714,-1.234106115016591,-0.368185328922815,-0.707443486988264,-0.331367723910825,-0.255769046843803,-6.730258013144777,-0.353687591417282,1
120.730000972747803,97,78,-19.565726814946327,1.772640558245129,2.119554657715022,2.874729177654716,-0.925052387132870,0.198964119524141,-0.672635586972197,-1.250357951296582,-0.382503536788769,-0.689678866351473,-0.109703359477120,-0.206508067047796,-6.751337358273051,-0.345915861385879,1
120.739999771118164,97,78,-19.537016032780141,1.763328404099233,2.121524951906431,2.867968823601919,-0.937559112748290,0.195129345611531,-0.679581648542841,-1.251115562639677,-0.384503547396261,-0.699388166106199,-0.042157548449288,-0.193559179314729,-6.754784528412791,-0.343581563991297,1
120.759992122650146,97,78,-19.479813980181969,1.744333889642246,2.125349044578231,2.854241213795923,-0.962572136485113,0.187405051718203,-0.693720036522127,-1.250653222340138,-0.388118237973265,-0.713883165640172,0.087142111509071,-0.168145322951564,-6.761606616769082,-0.338859929148579,1
120.769994497299194,97,78,-19.451300969670537,1.734643802232468,2.127204009958534,2.847266901454329,-0.975075644252368,0.183514930980822,-0.700885884847475,-1.249470709909258,-0.389737485487914,-0.718755803663395,0.149005937878293,-0.155669071275618,-6.764983925666245,-0.336470666925617,1
120.799992799758911,97,78,-19.366205729804513,1.704831620845876,2.132533166406068,2.825916603417700,-1.012464099346280,0.171758854617310,-0.722564379370168,-1.242341259429071,-0.393856690795984,-0.724340017562567,0.323615564888678,-0.119193292387783,-6.774968847138893,-0.329195995460557,1
120.809991598129272,98,78,-19.337984855627713,1.694645661842525,2.134230921116886,2.818655282703387,-1.024869515078009,0.167814812417833,-0.729803336073464,-1.238830648241120,-0.394989184488761,-0.723324158212265,0.378267246855512,-0.107347826270751,-6.778248279330104,-0.326734968223395,1
120.819991111755371,98,79,-19.309837621334843,1.684336089509195,2.135889144547888,2.811321827219861,-1.037236829569630,0.163860130110851,-0.737025065259636,-1.234782324657626,-0.396003987194767,-0.720935199506824,0.431189845968089,-0.095658135143124,-6.781502935245816,-0.324255903354053,1
120.869993925094604,98,79,-19.170199914086073,1.630937975659653,2.143585856614969,2.773576988775885,-1.098336223712276,0.143963026696028,-0.772422810757500,-1.207058768137308,-0.399367487635655,-0.689729636197875,0.670893412105212,-0.039514224499344,-6.797401792193759,-0.311587170059641,1
120.879993438720703,98,79,-19.142504225120387,1.619894914172671,2.145005444295854,2.765818812309799,-1.110371957546276,0.139967750639602,-0.779271573206452,-1.200133189039748,-0.399708642206391,-0.679901519481337,0.714031549441595,-0.028745315098001,-6.800504589161156,-0.308999390973418,1
120.889990806579590,98,79,-19.114892372878369,1.608734262840507,2.146384774131511,2.757994348157004,-1.122333748531205,0.135970457252720,-0.786015046203978,-1.192785572885283,-0.399942832226308,-0.668966362523222,0.755624913060443,-0.018130220528386,-6.803580761661852,-0.306394075194142,1
120.899987936019897,98,79,-19.087359079812764,1.597454399134658,2.147724131612897,2.750103031514563,-1.134220029364096,0.131971350541155,-0.792643803883782,-1.185029696446242,-0.400071654078539,-0.656958427917566,0.795709519385442,-0.007666036829953,-6.806630797435841,-0.303770669359014,1
121.009987831115723,99,80,-18.789732896935362,1.465693746308796,2.159825357065174,2.660933721804421,-1.259876058913223,0.088152484409439,-0.811858395433859,-1.100406650651460,-0.394534947097213,0.256778645964382,0.753203960657783,0.106778463368117,-6.837257646985997,-0.253575582627132,1
121.019990444183350,99,80,-18.763158439917557,1.453037376065217,2.160687353269227,2.652827394920376,-1.270844815866413,0.084211799034657,-0.808947031733996,-1.092877610865634,-0.393417269377143,0.324975004550165,0.752359956971342,0.116694431821121,-6.839771859004075,-0.249163717021323,1
121.029994010925293,99,80,-18.736662384347149,1.440270448950314,2.161510068322514,2.644752791759013,-1.281739335919881,0.080282413303926,-0.805364975563801,-1.085353987917365,-0.392200740585767,0.390825612037141,0.751975451088824,0.126520946062895,-6.842242305161268,-0.244777185343415,1
121.039983272552490,99,80,-18.710282113701503,1.427412176763377,2.162292520249789,2.636727972331249,-1.292544217539567,0.076370905626602,-0.801141904258930,-1.077842002198915,-0.390888195389777,0.454273394618730,0.752038445724365,0.136242251785725,-6.844665791322466,-0.240422212779434,1
121.050006151199341,99,80,-18.683899684859991,1.414405636028643,2.163038227689366,2.628723597749141,-1.303307474943204,0.072460828985182,-0.796280324267710,-1.070303700414869,-0.389474447844977,0.515627994554799,0.752538770433558,0.145899640114032,-6.847053274390895,-0.236079432127206,1
121.060015439987183,99,80,-18.657623456672255,1.401304773342733,2.163744138358393,2.620778902448477,-1.313984516884951,0.068569287680855,-0.790821029923922,-1.062765784495846,-0.387965961455391,0.574662117932663,0.753464192976284,0.155451244027543,-6.849395047296037,-0.231766800300047,1
121.080000162124634,99,80,-18.605405659958745,1.374834250821085,2.165037200397406,2.605097055597751,-1.335072705424523,0.060848286461746,-0.778210777404910,-1.047680147397005,-0.384671102625665,0.685885274526530,0.756538166907372,0.174224288489149,-6.853941362232094,-0.223234809979337,1
121.109988927841187,99,80,-18.527627457653008,1.334328721990597,2.166689830074030,2.582090652703220,-1.366150516085814,0.049394477167311,-0.755392027923237,-1.024850016146338,-0.379124056073441,0.824853059157487,0.771622276466199,0.183400588311139,-6.860444019047739,-0.210157573411508,1
121.119987726211548,99,80,-18.501847275471654,1.320617757242652,2.167164794034930,2.574579459817276,-1.376359038876096,0.045612714585401,-0.746968931789480,-1.017082543869736,-0.377333550252206,0.859749075701012,0.782042390658584,0.174883141649455,-6.862522232077255,-0.205540412749400,1
121.410003423690796,101,81,-17.782306497361844,0.882154216381009,2.165123987078478,2.404219851051086,-1.634299652019171,-0.057579574641708,-0.407638233825258,-0.744971238040457,-0.330734941040609,1.279746526672263,1.134722786344150,0.244815526472271,-6.903806379762678,-0.080519014116277,1
121.419988870620728,101,82,-17.758331987613303,0.865806663492675,2.164532900971656,2.400215238042907,-1.641677892162451,-0.060868009443531,-0.394876909719640,-0.733583194604368,-0.328239174077775,1.277517696784952,1.147300317013335,0.255357356140308,-6.904589674660561,-0.076457549061292,1
121.470000982284546,101,82,-17.638745231101669,0.782799690956559,2.161083412474341,2.382056255816773,-1.676911096449970,-0.076943851690363,-0.331360776213578,-0.674785997652532,-0.314102386873971,1.260625796640173,1.201277726014968,0.310486515252481,-6.907915992894849,-0.056718169248142,1
121.510049581527710,101,82,-17.543600631936563,0.715114377323229,2.157753515024625,2.369791696679589,-1.702962103290296,-0.089261833172836,-0.281285721810220,-0.625938293895348,-0.300749549533360,1.235604104070797,1.243973407497311,0.356381514676991,-6.909881174209091,-0.041169146449795,1
121.529987573623657,101,82,-17.496404336131636,0.681036746892523,2.155914446017523,2.364427460083174,-1.715193103468378,-0.095186036302356,-0.256855826947553,-0.600818226029661,-0.293415733069899,1.214871688150151,1.275083269625629,0.379298970830605,-6.910619926492705,-0.032964477751678,1
121.549986839294434,101,82,-17.449167277907591,0.646615698909752,2.153952629746179,2.359532094666065,-1.726952148290710,-0.100976736958040,-0.232768537554899,-0.575038656487571,-0.285598213813106,1.193915897397129,1.302319939496435,0.402512742495577,-6.911198470556623,-0.024923542796313,1
121.559982776641846,101,82,-17.425591849555556,0.629323855980287,2.152929022287390,2.357264721519281,-1.732635196852367,-0.103811389675474,-0.220886327951132,-0.561958483306789,-0.281516261681326,1.183369930742995,1.314496246182757,0.414175806790828,-6.911427842611588,-0.020975191214873,1
121.569999694824219,101,82,-17.401993574650895,0.611942705087634,2.151875250987360,2.355111611829245,-1.738197364344469,-0.106609943622948,-0.209087435047149,-0.548735973816408,-0.277309455919904,1.172750256933543,1.325762228190790,0.425887944494044,-6.911618306837161,-0.017066645637441,1
121.579987525939941,101,82,-17.378479108179114,0.594553071059043,2.150796584043023,2.353081411660110,-1.743612254938984,-0.109358486962175,-0.197426220853204,-0.535440902189310,-0.272996939000408,1.162101231304657,1.336087725232380,0.437585870362241,-6.911769509602082,-0.013215716237081,1
121.609996795654297,102,82,-17.307949671558433,0.541994331683097,2.147393957675336,2.347675304230148,-1.759074441363699,-0.117348488887209,-0.163037275896258,-0.494940736153511,-0.259337955260740,1.129721398844868,1.361839391237208,0.472736168074286,-6.911995699073995,-0.001930062455986,1
121.659990072250366,102,83,-17.190762749828185,0.453462881000590,2.141213416259583,2.340913443704899,-1.782103112511092,-0.129698545496351,-0.107936909769365,-0.426113760460480,-0.234249439777738,1.074254222546578,1.388357615225123,0.530765355930654,-6.911640916371598,0.015926575445340,1
121.669989109039307,102,83,-17.167358855981181,0.435620792750725,2.139904808530374,2.339887599360408,-1.786294774953355,-0.132014308354297,-0.097251082121245,-0.412214496376655,-0.228884492952819,1.062897759391184,1.391376593543872,0.542213560210494,-6.911464460803849,0.019356698730465,1
121.699991464614868,102,83,-17.097197969765787,0.381850201037197,2.135843665233669,2.337443114173653,-1.798034652816829,-0.138632034821768,-0.065880257618925,-0.370383395702663,-0.212107254033875,1.028242828720499,1.396196564075422,0.576088718180431,-6.910732551564032,0.029364106522534,1
121.709993839263916,102,83,-17.073819999376823,0.363846430905429,2.134446433848133,2.336834934595162,-1.801669572290563,-0.140725060240167,-0.055784878677870,-0.356381205713093,-0.206396121266562,0.990185280172444,1.403356871307506,0.565737060293786,-6.910423951532463,0.032329235246600,1
121.720312356948853,102,83,-17.049714573158081,0.345240599840491,2.132983747677057,2.336311433030667,-1.805271417688082,-0.142824443494472,-0.045768064592070,-0.341869059125918,-0.200611952314604,0.951906134052970,1.409834348052090,0.555747725557663,-6.910074830988870,0.035345422201755,1
121.729994297027588,102,83,-17.027092092946003,0.327742810745711,2.131591334955648,2.335912307403312,-1.808515836064598,-0.144741217604847,-0.036719301677673,-0.328190609131841,-0.195272212666959,0.917111563165060,1.415027310114550,0.547197372913673,-6.909718989048994,0.038140620591984,1
121.749989986419678,102,83,-16.980388944341961,0.291515703162243,2.128658749820725,2.335356776518359,-1.814794895799851,-0.148537583699787,-0.019072609585879,-0.299808809368124,-0.184487894513833,0.848643421811253,1.423113741192849,0.531977737650910,-6.908899470954188,0.043802132741438,1
121.801692962646484,103,83,-16.859652615805434,0.197318840216799,2.120744515758017,2.335431819272002,-1.828388775516316,-0.157378446576082,0.020621214645908,-0.225996929540255,-0.157721255959033,0.691423076291010,1.428577745864763,0.506648303422884,-6.906269908833071,0.057751706118993,1
121.810684204101562,103,83,-16.838652711010369,0.180869956835901,2.119323136302996,2.335644849936062,-1.830363088288639,-0.158776149259224,0.026726911295588,-0.213156742869857,-0.153177420836201,0.666812750876321,1.427400769616447,0.504137438603593,-6.905740162490320,0.060076245545478,1
121.830010414123535,103,84,-16.793509998106110,0.145459633480266,2.116226748382064,2.336282683500055,-1.834216094198179,-0.161642467273494,0.039121336008179,-0.185611231515216,-0.143473951309402,0.616478007306250,1.422880415807979,0.500475263043514,-6.904531657292059,0.064970650521544,1
121.859991073608398,103,84,-16.723444205309974,0.090389833016637,2.111318207098167,2.337721673782343,-1.839143096295821,-0.165719497810928,0.056512862779690,-0.143117606470620,-0.128501278682017,0.544959788473575,1.410762880228182,0.499163611571583,-6.902473186466565,0.072289215903068,1
121.919953346252441,103,84,-16.583150195519703,-0.020095413536791,2.101168375350443,2.342015067535431,-1.845213834136839,-0.172518189054358,0.085703945146641,-0.060232425914255,-0.097574531623749,0.452211456122672,1.312014728564922,0.584177360206731,-6.897744801972360,0.083756268146449,1
121.949998140335083,103,84,-16.512743005750952,-0.075556739929508,2.095943747157854,2.344792192713344,-1.846447423329560,-0.175169227472653,0.099092272387195,-0.022408369273450,-0.078347292729474,0.438930514191438,1.207081504456376,0.693575795210655,-6.895179469173565,0.086989926882480,1
121.989990711212158,103,84,-16.418884302346026,-0.149406762779342,2.088883330374935,2.349101345171054,-1.846413261185952,-0.177712790801513,0.116281492931499,0.023263957768174,-0.048012098549816,0.420534416587799,1.079121921084692,0.819865739837123,-6.891617185989878,0.091123828733908,1
121.999993324279785,103,84,-16.395381823825034,-0.167873937502882,2.087103516652758,2.350285394002195,-1.846127088018552,-0.178151536291212,0.120464134536724,0.033907090411238,-0.039669045486383,0.415784634828428,1.049130460820258,0.848132262655379,-6.890700702530122,0.092127318547200,1
122.022575378417969,104,85,-16.342279409881037,-0.209550012573239,2.083072287327381,2.353110625723603,-1.845099571449306,-0.178825903384679,0.129729638870713,0.056857551166054,-0.019838255258716,0.404816769492168,0.984279101282935,0.907234334790648,-6.888595221643308,0.094347971319081,1
122.030009984970093,104,85,-16.324783590276603,-0.223264204327499,2.081742471937556,2.354086141866957,-1.844649906680346,-0.178948139691264,0.132725219059532,0.064097885323251,-0.013026652078413,0.401127581089320,0.963778248709758,0.925291206359454,-6.887891200666375,0.095065450111328,1
122.119995355606079,104,85,-16.112361131987651,-0.388889721190333,2.065704943449933,2.367581938528788,-1.835284435468387,-0.176122187655535,0.165335843757648,0.141695475467793,0.077708832531573,0.217394157172611,0.850659688887514,1.019499711074252,-6.878944074391937,0.105041614354423,1
122.130004167556763,104,85,-16.088656134826333,-0.407251497381295,2.063946231365714,2.369246472109537,-1.833823153020502,-0.175293703325548,0.167162041781234,0.150350034971083,0.087807078915521,0.148014449107391,0.878433271949365,0.998474898419924,-6.877884018169559,0.106777909614259,1
122.159996509552002,104,85,-16.017521257233263,-0.462180488558661,2.058732676821134,2.374297084543849,-1.828907211459280,-0.172220181956277,0.168678401325043,0.177827284156857,0.116849855606899,-0.042664739441948,0.951308042612496,0.939091930621556,-6.874605519538933,0.111799020657363,1
122.229998350143433,105,86,-15.850910244781335,-0.589715750425028,2.047015079315332,2.385687501039596,-1.814019531505976,-0.161842191597191,0.152651991139971,0.248851887669072,0.178265185137518,-0.394430426996795,1.065456422741463,0.819863238883380,-6.866397641184173,0.122457221909288,1
122.280000209808350,105,86,-15.731440414958257,-0.680086130420405,2.039162250444077,2.392746680325202,-1.800225064325109,-0.151934306934158,0.128211411523554,0.303230201113676,0.217449826356902,-0.573886222994913,1.104077081509619,0.749336645251592,-6.860103831380053,0.129160678834220,1
122.289990186691284,105,86,-15.707530059041179,-0.698055450901197,2.037655369217642,2.393998404681697,-1.797140564266010,-0.149724757308086,0.122329762539339,0.314280432548142,0.224871617624448,-0.603251029590342,1.107928917232746,0.736543765212854,-6.858807226874202,0.130409165602614,1
122.299988269805908,105,86,-15.683588651519401,-0.716007518959990,2.036169770085942,2.395190852866347,-1.793942938188245,-0.147439867337935,0.116160038078154,0.325371794041308,0.232173330845439,-0.630593587828633,1.110568666726091,0.724145311091948,-6.857497265233263,0.131628342259078,1
122.339983940124512,105,86,-15.587706519478347,-0.787484564770320,2.030466459138731,2.399372311093544,-1.780086563202955,-0.137562362247785,0.093921425862384,0.366426544988658,0.262062251823903,-0.483769591798498,0.944734631219446,0.768664233362654,-6.852192740749107,0.133588046793742,1
122.350421190261841,105,86,-15.562661506153296,-0.806041520451342,2.029045267194611,2.400326789451724,-1.776211813032939,-0.134785427636359,0.089059971390111,0.376072246632429,0.270135364559911,-0.448083513277981,0.903975381336762,0.778360001531344,-6.850796128198683,0.134060745402384,1
122.370001077651978,105,86,-15.515642265154547,-0.840749725883799,2.026458697217840,2.401988984112891,-1.768679095735522,-0.129345392146480,0.080918073636804,0.393046616170400,0.285538792798988,-0.384148589434761,0.830322436490062,0.794420566228025,-6.848162612360151,0.134906164989328,1
122.379998683929443,105,86,-15.491624143711295,-0.858412503422171,2.025179955633570,2.402779295851147,-1.764708681228504,-0.126450863704494,0.077234003903373,0.401166081168863,0.293517412564474,-0.353009928337883,0.794114964351000,0.801568347538632,-6.846811808666626,0.135316904054404,1
122.389995813369751,105,86,-15.467599446108100,-0.876034346984483,2.023930611184406,2.403534279911899,-1.760659080507295,-0.123476366403716,0.073856372093151,0.408927841818352,0.301563612800389,-0.322877006290507,0.758836372476735,0.808018411696877,-6.845457033885881,0.135713499759996,1
122.399990558624268,105,86,-15.443573096835028,-0.893611136231709,2.022711693401409,2.404256817777597,-1.756534624725287,-0.120421857676706,0.070775702066649,0.416339772212246,0.309668912299593,-0.293745917509463,0.724480367968658,0.813780174595492,-6.844098689361400,0.136095882502230,1
122.450030088424683,106,87,-15.323183165874411,-0.980970961418082,2.017090706481011,2.407487889846161,-1.734862870693787,-0.103897917689264,0.059460478999568,0.448530531984825,0.350930135451748,-0.162529096655454,0.565781487846962,0.832661784633684,-6.837244517694458,0.137798037279581,1
122.529991626739502,106,87,-15.130494481276866,-1.118217451224088,2.009975830109047,2.411897053813664,-1.697411054231675,-0.073169163323036,0.051993866528403,0.486532069117953,0.417433201590874,-0.086245923958253,0.453892195240140,0.814236098279902,-6.826114498819767,0.141502287362054,1
122.549998044967651,106,87,-15.082231926556998,-1.152077782889555,2.008596629818334,2.412918741894724,-1.687585816250649,-0.064656111123584,0.050084660449090,0.495740223559884,0.433566549244223,-0.104225169238825,0.465978147201440,0.798447077286326,-6.823268950190346,0.142950996078745,1
122.629988908767700,107,88,-14.889069263138435,-1.285443655415781,2.004878467013470,2.416529027606239,-1.646412992477138,-0.027493829745832,0.039506198831391,0.533840661773751,0.494617082391612,-0.155109557578618,0.477374924329965,0.725422677844300,-6.811632456455736,0.147719908615909,1
122.660008430480957,107,88,-14.816513165372401,-1.334622779888297,2.004279239671216,2.417643124162985,-1.630174279155793,-0.012324272577455,0.034663310236821,0.548051103812338,0.515929058307356,-0.166995381869942,0.468337876967275,0.694201169126216,-6.807177127436799,0.149086940557106,1
122.669999837875366,107,88,-14.792354076221150,-1.350884244129462,2.004181964835078,2.417981092283221,-1.624674775915215,-0.007134570007658,0.032978207322262,0.552709308894431,0.522811694396276,-0.170234836946656,0.463925603967705,0.683375970654307,-6.805685393307596,0.149490830040994,1
122.719987630844116,107,88,-14.671445200442117,-1.431399242667527,2.004492472973204,2.419415372288525,-1.596481050070861,0.019831163804666,0.024750286576414,0.574655893512432,0.555658593879543,-0.122617674699768,0.381280817756417,0.635518869393813,-6.798182466888600,0.149786004600488,1
122.739995002746582,107,88,-14.623036557960162,-1.463223617442215,2.005001269578850,2.419889393203419,-1.584912126985478,0.031074044390429,0.022801058257570,0.581659227736213,0.568214973621777,-0.073291379846584,0.319484689695508,0.619382730897628,-6.795193756569257,0.148983730742466,1
122.762568235397339,107,88,-14.568409024145719,-1.498849560945503,2.005848603779803,2.420389649650885,-1.571707131574012,0.044055909513471,0.021705769446392,0.588127155747880,0.581968392492352,-0.025037808902798,0.254416113452477,0.598839450333349,-6.791841467904066,0.148039557472808,1
122.770138740539551,107,88,-14.550081368765156,-1.510733548279373,2.006198918836951,2.420553427015689,-1.567246776789410,0.048479633418615,0.021571560580731,0.589974677690278,0.586474827546910,-0.010551101674144,0.233664738985472,0.591416413755701,-6.790721753169481,0.147713562597501,1
122.779997110366821,107,88,-14.526216456306189,-1.526156085834335,2.006705467922197,2.420765875987065,-1.561419379617868,0.054290179650400,0.021555522555844,0.592148333739894,0.592256319268816,0.007064562153931,0.207439279342511,0.581365138237670,-6.789267588021361,0.147282132973950,1
122.800561904907227,108,88,-14.476429322809048,-1.558140860136846,2.007948004904049,2.421213037025634,-1.549201829762130,0.066591200221327,0.022043261688758,0.595874403722666,0.603985510681311,0.039387098457778,0.155565143114270,0.559040342345298,-6.786248216962422,0.146356805068360,1
122.810003042221069,108,89,-14.453569906969829,-1.572740141648668,2.008603680506243,2.421423096495352,-1.543569644986208,0.072318120455911,0.022476908513480,0.597235970872281,0.609212463580232,0.052277772820970,0.133004708191828,0.548198825681594,-6.784868531002362,0.145920504963666,1
122.819993019104004,108,89,-14.429378238035909,-1.588130910210693,2.009356645753173,2.421650465235747,-1.537596878515915,0.078431444776729,0.023061928396992,0.598448952777165,0.614630160186834,0.064620657281117,0.109972185865786,0.536335714168390,-6.783413092530484,0.145450938361588,1
122.829989433288574,108,89,-14.405168676048980,-1.603471812254543,2.010171497391094,2.421884425509631,-1.531609270512614,0.084602285186525,0.023764192545010,0.599436659168836,0.619930755856874,0.075663480058123,0.087775951377939,0.524074231664557,-6.781961452371069,0.144972958092814,1
122.980001688003540,108,89,-14.041531766716616,-1.826478828631408,2.030104742892413,2.426649218483441,-1.441762615004477,0.182729831972784,0.040776876481188,0.592289810247098,0.682900712503655,0.116626482339161,-0.157766097333004,0.307027783548151,-6.760873566134157,0.135108321510533,1
123.020000696182251,109,90,-13.944434975204016,-1.883675554166487,2.037963097200623,2.428367813243216,-1.418209284809835,0.210272996175576,0.044987642784106,0.585146945288086,0.693852734320041,0.091474511976800,-0.197677819027412,0.239969193341798,-6.755532775026298,0.131936620654552,1
123.090001583099365,109,90,-13.774331968600912,-1.981530232781853,2.054394405951006,2.431686602675323,-1.377776506768831,0.259331018432378,0.048941273979254,0.569513175449143,0.706322315967688,0.015152191827753,-0.244338710320659,0.114870374202914,-6.746492467425020,0.126345072790960,1
123.120347499847412,109,90,-13.700520554079587,-2.023077430473904,2.062589395473422,2.433172181917569,-1.360609305788278,0.280808437476719,0.048751374471691,0.561903997821902,0.708954532606932,-0.028552054311513,-0.256442964081407,0.058478972967513,-6.742697964324377,0.123669329264783,1
123.149989366531372,109,90,-13.628372062861853,-2.063164619765906,2.071225164872300,2.434597939588980,-1.344066543779006,0.301841709310180,0.047205362531263,0.554180488381614,0.709859942485301,-0.076620170602477,-0.263958357531733,0.002462082413209,-6.739072303475851,0.120952608730488,1
123.169991731643677,109,90,-13.579665016397245,-2.089938620372618,2.077404709080659,2.435524517132167,-1.333034642786558,0.316038534878662,0.045323973240286,0.548869895796356,0.709527267989687,-0.111851708028510,-0.266741214168457,-0.035776388120362,-6.736671220642579,0.119128498930834,1
123.199992895126343,109,90,-13.506578939389547,-2.129684147130539,2.087204997279627,2.436825581748237,-1.316688749457288,0.337299745769178,0.041129961271851,0.540843977350614,0.707587704719409,-0.168461234988737,-0.267691920930835,-0.093606674167136,-6.733138214855802,0.116406306401107,1
123.220028400421143,110,91,-13.457746729042659,-2.155957099573443,2.094105017681844,2.437613195143657,-1.305906073832648,0.351455575302270,0.037356136792285,0.535491779850005,0.705323345994828,-0.208524999153571,-0.266307168843785,-0.132443118920749,-6.730824034069073,0.114597393402313,1
123.299991130828857,110,91,-13.262730441072954,-2.258691348684841,2.124448701779150,2.439753495207611,-1.263922794008357,0.407266182346003,0.013852904743728,0.514843339384870,0.688522941681106,-0.382684838467638,-0.246594776857754,-0.287634695756667,-6.721947014323776,0.107450956195761,1
123.349990129470825,110,91,-13.140735813911597,-2.321248049868627,2.145665866750368,2.439925246631214,-1.238482937175309,0.441294771842130,-0.007851182808879,0.502909730800058,0.671891182175341,-0.486883288512371,-0.229413945114327,-0.377658012529280,-6.716694591971743,0.102663929586691,1
123.379989624023438,110,91,-13.067543923904211,-2.358177211120221,2.159205287576525,2.439460784448839,-1.223496897358806,0.461273450332509,-0.023443565607037,0.496230346059306,0.659752562245146,-0.552988221116891,-0.215458278349241,-0.431539113520423,-6.713657177361902,0.099836201109543,1
123.411568880081177,111,92,-12.990529810311964,-2.396564265525152,2.174097096220078,2.438433009678636,-1.207932498154399,0.481881389781055,-0.042032011323778,0.489692872358319,0.645236034204195,-0.624693684429667,-0.198207729511051,-0.487828074750601,-6.710551246197589,0.096896395514105,1
123.439994812011719,111,92,-12.921228124171209,-2.430706902497682,2.188055105742657,2.436976826737718,-1.194089032580371,0.500020621564662,-0.060725292186057,0.484302822241801,0.630654240817826,-0.690579879609974,-0.180701476713259,-0.537917361758941,-6.707833860277060,0.094281652796117,1
123.569989919662476,111,92,-12.605238228213569,-2.581890897421317,2.258153635505590,2.421731696060384,-1.131965933111601,0.576108951056262,-0.196839064959717,0.484507342654899,0.517162243409786,-1.660695379305906,0.361110269712145,-1.492852636986167,-6.696473047678522,0.078872239535811,1
123.579993247985840,111,92,-12.581025287370187,-2.593188945744859,2.263941711177477,2.419678463271229,-1.127100879285613,0.581205810967610,-0.213835991911861,0.488346444405873,0.501840802117469,-1.736278894876401,0.405518204488991,-1.568999844495965,-6.695691054566223,0.077491234123782,1
123.589990615844727,111,92,-12.556844120767931,-2.604433316830398,2.269777473378719,2.417452592163563,-1.122197417709500,0.586143695004113,-0.231533804708802,0.492598001010897,0.485815209601565,-1.802433225735552,0.443994220385526,-1.635103584746085,-6.694923142008275,0.076122702984062,1
123.619992256164551,112,93,-12.484429656288118,-2.637877015395619,2.287573696306491,2.409670289412890,-1.107204786601561,0.599958527095526,-0.287993497126491,0.507277091945089,0.434417356200774,-1.948888298119504,0.526722368711744,-1.777936913396584,-6.692700153465371,0.072087435476342,1
123.730074644088745,112,93,-12.221362350030015,-2.756562372763907,2.355845198975283,2.365653325319353,-1.047977423638210,0.636903114473242,-0.520738953205460,0.569408883188512,0.254845276011070,-2.658778304282896,0.592189698831252,-0.391376073314292,-6.685491009548323,0.061608225558448,1
123.739994049072266,112,93,-12.197920846700933,-2.766930320789209,2.362175846903733,2.360353959632342,-1.042299581009284,0.639418624919211,-0.547936500974050,0.575312076183214,0.252964967240962,-2.820829966687834,0.597332674173820,0.006037448268353,-6.684880261458993,0.061524065483557,1
123.759996414184570,112,93,-12.150820536397731,-2.787663381429461,2.375016896874004,2.348810487266547,-1.030672003304714,0.644528327961614,-0.607118374880867,0.587278701970313,0.260235345738176,-3.082411575476982,0.596821194749450,0.696908636546300,-6.683651431872312,0.061337726661499,1
123.789992094039917,112,93,-12.080653689236632,-2.818312224031301,2.394471145828599,2.329170061887061,-1.012790431647569,0.652775782257616,-0.703644040401033,0.604871502736279,0.293571053325057,-3.325278825906342,0.571647044664947,1.477013496649163,-6.681816256126277,0.061016606457533,1
123.799989223480225,112,93,-12.057402731656477,-2.828407620279981,2.401012423542513,2.321968129375920,-1.006714674996103,0.655788088907330,-0.737127479961378,0.610518187042444,0.309348737653240,-3.370005382305914,0.557487523900720,1.674228378270667,-6.681206807553425,0.060898458465828,1
123.909985303878784,113,94,-11.807203955730355,-2.935337761248692,2.475464506008352,2.220601588169786,-0.936666139279935,0.702372737478006,-1.097440358174153,0.657772315142917,0.545363884310061,-2.864674429262611,0.271328563957998,1.922119000097751,-6.674596527979990,0.058664451927285,1
123.919990301132202,113,94,-11.785042767568207,-2.944675916134293,2.482519177538815,2.209481464919121,-0.930072213057648,0.707919867885497,-1.125239638658054,0.660334619051618,0.563009619230228,-2.692692202020588,0.240732772527656,1.607342428504846,-6.674013357848650,0.057914868434998,1
123.940587282180786,113,94,-11.739781807588729,-2.963690015161407,2.497220010831563,2.185761441599687,-0.916426416135013,0.719811635958332,-1.177076391432939,0.664622397154462,0.589737206466592,-2.342233342440435,0.175135810612857,0.996473106273419,-6.672836396793812,0.056386444974456,1
123.959998369216919,113,94,-11.697574188546291,-2.981355165654080,2.511305884711700,2.162489994989110,-0.903495111492539,0.731413924067657,-1.219385975464286,0.667401365942187,0.603854976268687,-2.017749041174743,0.110837996521785,0.465044379116489,-6.671755605307888,0.054963682059692,1
123.969999313354492,113,94,-11.676010095170364,-2.990356934895462,2.518650452139257,2.150197712615647,-0.896815964415735,0.737471528904793,-1.238740226133444,0.668341174188578,0.607209193403400,-1.853353373244928,0.077059835232455,0.207605612552197,-6.671209590365895,0.054237578139466,1
124.019998550415039,114,95,-11.570083152093837,-3.034361549739919,2.556281044265344,2.086278282857227,-0.863373855033614,0.767594190816201,-1.311487306806345,0.667914533254561,0.588296437948262,-1.067488678965655,-0.094327136823494,-0.921043387783829,-6.668587221636687,0.050676550177426,1
124.059994935989380,114,95,-11.487699340085598,-3.068360117620247,2.587440338232960,2.033127102293694,-0.836771634845211,0.790183715787212,-1.342513085725705,0.661436792839656,0.536468210006314,-0.493023577290535,-0.228610760403707,-1.645390987153093,-6.666615913203885,0.047911290052039,1
124.069996833801270,114,95,-11.467429512142763,-3.076697168803264,2.595370986132467,2.019675741562573,-0.830167361474052,0.795464939503494,-1.346767430729499,0.658987243168624,0.519212103496705,-0.358231694997363,-0.261063617538794,-1.803346397056351,-6.666140068575602,0.047231277658418,1
124.079996109008789,114,95,-11.447302079687764,-3.084965144608450,2.603350518143850,2.006193653864584,-0.823591707500775,0.800563891021115,-1.349691704084920,0.656217197092412,0.500428144012259,-0.227330255928524,-0.292890293003535,-1.952339529068711,-6.665671180452660,0.046556151582079,1
124.160028219223022,114,95,-11.291060541499952,-3.148808612261191,2.668833834171084,1.898733067503806,-0.772371255887607,0.833246968538637,-1.318310276687299,0.618538091740821,0.303927427398909,1.007574691379533,-0.656384842823423,-2.877041937316957,-6.662156363390651,0.041332209354297,1
124.169998884201050,114,95,-11.272192919390209,-3.156479579523335,2.677157087259243,1.885639779233662,-0.766236791540643,0.836133167413056,-1.307668584766926,0.611819552615931,0.274837282289389,1.124821529447203,-0.690470095093856,-2.956384771311718,-6.661747367786094,0.040702447961898,1
124.329986572265625,115,96,-10.986273541768091,-3.271763600311774,2.812284066388528,1.695476812919622,-0.678360273325528,0.839033119409672,-1.056332718519755,0.484834025091026,-0.247880567552410,1.664167465134921,-0.777013895416440,-3.319678770581393,-6.656009965600136,0.031198319290411,1
124.362560272216797,115,96,-10.931600894324689,-3.293605756185570,2.839461790393039,1.661937746911738,-0.662972087784900,0.829212977965274,-1.003691055539886,0.460367162005794,-0.354608799062339,1.556577119557765,-0.721383176010456,-3.226150543416885,-6.655023400467196,0.029389168732756,1
124.370524168014526,115,96,-10.918394333462732,-3.298872158479636,2.846055418889581,1.653991787432740,-0.659327712266531,0.826286275974289,-0.991434883915566,0.454688037714129,-0.380190313251772,1.520093047350965,-0.704326539116866,-3.196450840927602,-6.654791033183834,0.028954278901912,1
124.400573730468750,115,96,-10.869133912761235,-3.318482333499667,2.870698799116444,1.624862509340874,-0.645971969484465,0.813437562715716,-0.948175202201251,0.434608255265780,-0.474313792150751,1.351369267943932,-0.629516925592249,-3.062596308304293,-6.653945330069481,0.027340426623011,1
124.449993133544922,116,97,-10.789964276653055,-3.349888006585097,2.910260035538505,1.579514418577834,-0.625203344159264,0.786365159170037,-0.890014740272930,0.407126027507270,-0.618917709267059,0.986738406154333,-0.477543029938473,-2.776983754094251,-6.652657930586733,0.024778086828659,1
124.489998102188110,116,97,-10.727479889886981,-3.374577613197088,2.941193650553056,1.544608721000014,-0.609261962026093,0.759455954282460,-0.857439769957720,0.390804777522780,-0.724542971569482,0.635372797608612,-0.336416121793837,-2.497491701374333,-6.651706769295876,0.022787685834704,1
124.521575689315796,116,97,-10.679131217069802,-3.393622697171879,2.964800529542976,1.517804110266248,-0.597071004270596,0.735372100368203,-0.841690466317394,0.381895718165172,-0.799616625775659,0.371003257621899,-0.231360659704671,-2.255143218676328,-6.651010744517795,0.021324004461601,1
124.539994955062866,116,97,-10.651314305717868,-3.404556733977670,2.978208792617498,1.502353671919997,-0.590071965399228,0.720268136620193,-0.836273341192389,0.378192496140068,-0.839795763330561,0.215704364374528,-0.170236813508547,-2.106294751406377,-6.650625481158700,0.020507293878251,1
124.559993982315063,116,97,-10.621435702782689,-3.416282172319189,2.992442759094524,1.485660476563024,-0.582537962147891,0.703062875440349,-0.833717893009801,0.375474812993382,-0.880256761854822,0.038589050979486,-0.101147693083755,-1.939120949556050,-6.650224084739345,0.019637173139753,1
124.589995145797729,116,97,-10.577239496247277,-3.433590348062568,3.013130878777219,1.460624210888216,-0.571302865038833,0.675820045640186,-0.836685880563211,0.374037621807326,-0.934564259194944,-0.238084542314883,0.005799435366283,-1.679749228222686,-6.649654139004763,0.018364200323719,1
124.609959125518799,117,98,-10.548247769659589,-3.444920853720935,3.026434057220947,1.443861338636008,-0.563829913949615,0.656840073663308,-0.843310854841549,0.374872431121122,-0.966337225790651,-0.425854415975037,0.077859099639027,-1.502943194309256,-6.649295798669483,0.017538635876017,1
124.629997968673706,117,98,-10.519484070971478,-3.456144090927171,3.039400549914633,1.426864017506032,-0.556297347948170,0.637185796477106,-0.853736594698907,0.377155851777233,-0.994657109503895,-0.614529286221984,0.149925399229370,-1.323228219486732,-6.648952499541226,0.016727208648194,1
124.659987449645996,117,98,-10.477078813123525,-3.472657284334775,3.058057073930012,1.400941767671552,-0.544902887881387,0.606801108591158,-0.876354312056271,0.383245307199915,-1.030279488463403,-0.892448339326529,0.255559012078322,-1.052124938422232,-6.648468665250129,0.015545158667470,1
124.679988861083984,117,98,-10.449234876403814,-3.483478959532480,3.069986385105828,1.383223082274502,-0.537181845941631,0.585995931556323,-0.896008395034663,0.389039979285414,-1.049513008461395,-1.071831095593778,0.323456089306946,-0.871192776802443,-6.648165440885600,0.014778372765918,1
124.729998588562012,117,98,-10.381206274100292,-3.509848829104715,3.097963508728327,1.336851677905744,-0.517238411229292,0.532621371356743,-0.964462816401527,0.410764331078196,-1.080615552506793,-1.751600507819587,0.576344407015772,-0.346123609325208,-6.647469629507479,0.013151887926848,1
124.749995231628418,117,98,-10.354668670286179,-3.520109054173020,3.108397830006458,1.317196613159188,-0.508902283477288,0.510957547382228,-1.002233224365069,0.423305451878746,-1.085400950976402,-2.016617122981247,0.674484337429862,-0.134960075336703,-6.647212356762598,0.012581160306120,1
124.759989738464355,117,98,-10.341554025087891,-3.525174145799826,3.113450489250341,1.307076905978851,-0.504637054617882,0.500104181259005,-1.022958443776932,0.430257766408610,-1.086246844799491,-2.128369330236552,0.715883031166305,-0.034909236954748,-6.647088019214187,0.012299863557913,1
124.779990673065186,117,98,-10.315618781027446,-3.535180319599174,3.123235788644619,1.286177916100664,-0.495883433652896,0.478384118218829,-1.067457585957821,0.445291263967458,-1.085026202333831,-2.312829667336795,0.784253178855698,0.154619030841304,-6.646847578198594,0.011744876760808,1
124.829999923706055,118,99,-10.252683070149818,-3.559405143786353,3.145808046334653,1.229768349123805,-0.472584083858163,0.424497724745621,-1.190621000629829,0.487296273510691,-1.066588995490291,-2.565974652955790,0.878344753584520,0.568919071018792,-6.646294044577365,0.010403495199381,1
124.869989395141602,118,99,-10.204484792906234,-3.577904475891849,3.161937496631216,1.180089918290950,-0.452389597011587,0.382376556302355,-1.294061019089660,0.522736625835496,-1.038198762784166,-2.582379416338944,0.884911063121804,0.842824950576141,-6.645898651074276,0.009378429769015,1
124.889987707138062,118,99,-10.181146635555841,-3.586846009804523,3.169378114445837,1.153696298228143,-0.441759422225359,0.361790515323655,-1.345310888388392,0.540290773456970,-1.020133023912408,-2.537444387845206,0.868591585001508,0.961934890770395,-6.645716078970497,0.008881648212600,1
124.909995794296265,118,99,-10.158336810113369,-3.595575173064526,3.176413732967748,1.126284751291164,-0.430780350797758,0.341579070793631,-1.393019854677232,0.556544048869856,-1.000140328495010,-2.001297371406920,0.671222824269667,1.000829443137665,-6.645543907285013,0.008266145059097,1
124.930018663406372,118,99,-10.136068551343888,-3.604087679114283,3.183053512048577,1.098051681830824,-0.419524476015675,0.321754130133234,-1.424572935996937,0.566847518225634,-0.980271853992016,-1.194221973824740,0.374110045969101,0.988488786617069,-6.645385712879474,0.007540631255713,1
124.979996919631958,118,99,-10.082984308688836,-3.624342594700747,3.197931270351214,1.025919917730539,-0.390932041119573,0.274010658910814,-1.453297329759551,0.574165231135527,-0.929614015459711,-0.161067499447463,-0.005317298237175,1.059700194025377,-6.645051958099610,0.005841434993451,1
124.999985694885254,118,99,-10.062768397908405,-3.632041987994596,3.203224000516472,0.996848551167104,-0.379460067035454,0.255644637718552,-1.455172884982576,0.573570248272013,-0.907867109339152,-0.049988549442663,-0.045586620814087,1.118529387595271,-6.644941584649447,0.005206632319052,1
125.020023584365845,119,100,-10.043086547823581,-3.639530217862481,3.208165670042201,0.967681871844755,-0.367976778945545,0.237682654107283,-1.456133787984739,0.572648884991482,-0.884761999178826,-0.064458713208482,-0.039542598949454,1.189391057678567,-6.644843419660733,0.004595936024181,1
125.033568859100342,119,100,-10.030113097044271,-3.644461873690466,3.211304371621340,0.947951196005260,-0.360223341977246,0.225809427671550,-1.457412073208957,0.572265960611049,-0.868297300885770,-0.130976913936629,-0.014533993603803,1.242321446215084,-6.644783879116486,0.004197667988841,1
125.079995155334473,119,100,-9.987677188251364,-3.660568806353530,3.220873713720771,0.880009064208859,-0.333619059939380,0.186905617781343,-1.472989053393027,0.575130392803771,-0.806088536341902,-0.584790692597246,0.154406638611516,1.440173432013397,-6.644619149817468,0.002921624885683,1
125.140036582946777,119,100,-9.937522997965717,-3.679555060259181,3.230697161305706,0.790054355309385,-0.298638201329736,0.141258113472844,-1.531198664903314,0.592976170552957,-0.711916359105136,-1.349306054141594,0.438192709611297,1.691133377719283,-6.644466797136295,0.002528481054532,1
125.149998426437378,119,100,-9.929728619192209,-3.682500620159042,3.232069340028565,0.774731611554988,-0.292708489027780,0.134250481590356,-1.545197516800881,0.597548206083315,-0.694883037902752,-1.459507234470874,0.479097337628354,1.728186685097098,-6.644441488943914,0.002552072702267,1
125.242576122283936,120,101,-9.864846388515412,-3.706965203066471,3.241758363560802,0.624435550056008,-0.234967415642538,0.077733548908488,-1.707394899224880,0.651981687156013,-0.522586082740636,-1.810551312178854,0.610405450309720,1.953760712575388,-6.644198334432467,0.002670719489305,1
125.250008583068848,120,101,-9.860252286896465,-3.708693649127089,3.242321849962264,0.611694904446017,-0.230104534839561,0.073903236454558,-1.720716235976468,0.656468916964387,-0.508037825309707,-1.771996614189202,0.596299054185232,1.960459404390846,-6.644178476286628,0.002672368694474,1
125.299991130828857,120,101,-9.831861911223458,-3.719363387018241,3.245422075680720,0.523651052748774,-0.196612054164321,0.050965538303116,-1.797579650501430,0.681974290377988,-0.409823341558659,-1.217270593162935,0.392423468329261,1.954318060601374,-6.644045164243305,0.002653048713444,1
125.350047826766968,120,101,-9.807925382460711,-3.728344448945055,3.247499562632164,0.432305960290341,-0.162142080871597,0.032813909424844,-1.849000767055187,0.692177302207714,-0.317121298967919,-0.842644126620382,0.021102854435842,1.751394990679521,-6.655412564956281,-0.450962382049236,1
125.529990434646606,121,102,-9.760591017122049,-3.746581051344887,3.249806256603860,0.092460464900467,-0.043503975712118,0.000487807291412,-1.894832588834657,0.595558122382947,-0.061078830711941,0.264232799215046,-0.980676288118269,1.124293316337359,-6.860531819726106,-1.680623949814338,1
125.570003986358643,121,102,-9.758404905061429,-3.747855824098586,3.249788575481162,0.016903226570412,-0.020490117130526,-0.001086872647687,-1.880481993796356,0.553966257475553,-0.018386902613595,0.450977340507181,-1.096439121429484,1.010499520705987,-6.930414579798699,-1.809921132897184,1
125.610561370849609,122,103,-9.759260329659352,-3.748243738254184,3.249740300348898,-0.058940438327462,0.001044590813910,-0.001032010143441,-1.858565971183572,0.507300082195941,0.020350972653081,0.627748224512085,-1.203159601035169,0.900797928896728,-7.006227345680235,-1.926344004932495,1
125.702575206756592,122,103,-9.772458031412508,-3.746163393180072,3.249840764737626,-0.226774182484104,0.042323830029788,0.004321586366877,-1.783944116490690,0.386800721594138,0.092507082368995,0.983515124656847,-1.404999406546639,0.672386570486391,-7.193694540345944,-2.130258811483077,1
125.710603237152100,122,103,-9.774336270380774,-3.745811218890597,3.249878503229238,-0.241065879349149,0.045384169956126,0.005085827309329,-1.775941080102411,0.375489806548224,0.097833829288676,1.009895846893794,-1.412407829407901,0.654484154629650,-7.210785278530380,-2.126843611232998,1
125.719993591308594,122,103,-9.776678124072895,-3.745368685563384,3.249930663986432,-0.257697621355881,0.048847755152296,0.006033072211992,-1.766314880497949,0.362186993135214,0.103882260872725,1.040245429470660,-1.420844594060348,0.633779846256918,-7.230737413092704,-2.122608791786853,1
125.730012655258179,122,103,-9.779348096230191,-3.744861411817579,3.249996418812097,-0.275339186361835,0.052404571499584,0.007105161467666,-1.755734378806255,0.347909528851242,0.110121745925088,1.072028191518003,-1.429575696521209,0.611967790808139,-7.251977115275155,-2.117805034509223,1
125.810564041137695,123,104,-9.807124878922467,-3.739637308288177,3.250975627090453,-0.413026863348168,0.075721599198873,0.017777634743264,-1.659706163240497,0.230208377502723,0.152641089522320,1.305838521376038,-1.489847074697006,0.446690748214351,-7.420711846139171,-2.068443646179824,1
125.859997987747192,123,104,-9.829543527722311,-3.735642937644459,3.252049474384845,-0.493425220187206,0.085269129359903,0.025830675825641,-1.592007470522421,0.155829679749247,0.172403091205857,1.430820277542667,-1.518290485104373,0.353908128502477,-7.522010872634651,-2.028696967624461,1
125.879998922348022,123,104,-9.839728875548547,-3.733908355526835,3.252601048815319,-0.524977142787537,0.088081487767628,0.029347244857036,-1.562919233622303,0.125364006380847,0.179122465058845,1.477538302296708,-1.527999956824923,0.318177212563029,-7.562406935486956,-2.010572522447618,1
125.910004377365112,123,104,-9.856177894562846,-3.731215890786260,3.253563634302529,-0.571198033778249,0.091153284844331,0.034857286965855,-1.517585912547073,0.079328481322192,0.187888723807016,1.542842843449536,-1.538973476852701,0.266571273028371,-7.622226934297066,-1.966376616973062,1
125.919997692108154,123,104,-9.861961436916333,-3.730301284171751,3.253921390905336,-0.586286011662500,0.091869142992836,0.036747905640514,-1.502066721073598,0.063938897797655,0.190469296424523,1.563062538819215,-1.541042913650561,0.249941715956577,-7.641752493957929,-1.941451271187075,1
125.949992418289185,123,104,-9.880215821939510,-3.727523824895024,3.255110404548387,-0.630628833928267,0.093092934794758,0.042566161132118,-1.454305686660456,0.017635107764234,0.197234208904146,1.620775819280622,-1.546076508680994,0.201487954441489,-7.698868838766572,-1.867006892611633,1
126.039997577667236,124,105,-9.942664143525922,-3.719261756351702,3.259760723587580,-0.754746619141486,0.088406367791161,0.060948856019058,-1.301515564601653,-0.121845654295055,0.209259878770927,1.768031351923601,-1.550754668158613,0.068875959001030,-7.856968461698973,-1.646971624613948,1
126.199990034103394,124,105,-10.078839332418772,-3.707730291427290,3.272203101097636,-0.939670102017709,0.049235205354059,0.094478552185841,-1.008381127431969,-0.365417124993770,0.205489416383085,1.846376744065704,-1.468513325172809,-0.099028571256338,-8.087586283657826,-1.222835990457489,1
126.210011243820190,125,106,-10.088304249257899,-3.707255587181811,3.273159984486498,-0.949680470460059,0.045500487548231,0.096532253600163,-0.989883569082501,-0.380092649573660,0.204455412945144,1.846083966742808,-1.461011599253635,-0.107358852164731,-8.099702473802898,-1.195823734250253,1
126.240001440048218,125,106,-10.117223844558460,-3.706068435703721,3.276146611551310,-0.978538808748959,0.033447052732629,0.102612295385157,-0.934533987867812,-0.423576159369749,0.200869533835999,1.844780697586929,-1.438711192960285,-0.131588254193506,-8.134368010480975,-1.116130594804728,1
126.249999523162842,125,106,-10.127053287408017,-3.705755453214416,3.277182505305197,-0.987789726097605,0.029140527124382,0.104613802508648,-0.916093438406946,-0.437922870609162,0.199514667902664,1.844199785768132,-1.431321234693407,-0.139430309664471,-8.145395632748782,-1.089954341564904,1
126.269991159439087,125,106,-10.146982149750908,-3.705262284480599,3.279313662794695,-1.005736117673131,0.020100355876914,0.108573676055380,-0.879236920774280,-0.466391034735212,0.196573093777465,1.842810975489128,-1.416594598190269,-0.154761938599873,-8.166667668473616,-1.038192657638153,1
126.289991617202759,125,106,-10.167270487322114,-3.704955437164176,3.281524264251921,-1.022952586772537,0.010490087158823,0.112473228731278,-0.842396775447812,-0.494576364905324,0.193328322219876,1.841110491987900,-1.401914713604794,-0.169634284871433,-8.186920407923218,-0.987188800992141,1
126.310177326202393,125,106,-10.188087370627844,-3.704846365331115,3.283833626848625,-1.039580972429664,0.000222608783072,0.116339890689740,-0.805233674122800,-0.522758868258015,0.189749151553303,1.843252616516839,-1.393984882031882,-0.185683170702573,-8.206305488322620,-0.930969734417994,1
126.369991540908813,125,106,-10.251644954971479,-3.705817906590855,3.291124926134019,-1.084439515501978,-0.033536581022102,0.127328014690741,-0.694529895211977,-0.605938533858447,0.177171626783984,1.856871016693665,-1.385797824555207,-0.233870490517119,-8.256672451813451,-0.754942600957904,1
126.389991998672485,125,106,-10.273470938817486,-3.706611704175984,3.293706695004815,-1.097959001000853,-0.045932659278904,0.130823795629767,-0.657362564320482,-0.633610708504375,0.172344961379447,1.859580652065621,-1.381167642464560,-0.248671421542127,-8.271205699874512,-0.698536489746528,1
126.399992465972900,125,106,-10.284483339766712,-3.707102953369892,3.295023538798451,-1.104439775970615,-0.052337929494610,0.132534730562664,-0.638761073711896,-0.647409574548322,0.169822261630952,1.860594629663399,-1.378503873912511,-0.255830301954519,-8.278052256563900,-0.670794724524329,1
126.410562038421631,126,107,-10.296187871203003,-3.707692350961293,3.296433297071166,-1.111084900232799,-0.059255191199864,0.134314613270535,-0.619097895087152,-0.661958547878512,0.167080021590988,1.861420981566253,-1.375439202672214,-0.263220748573122,-8.284986328439953,-0.641817977519795,1
126.520572900772095,126,107,-10.421756288804220,-3.718520247717300,3.312158501161528,-1.167925593188913,-0.140325146792724,0.150962183657226,-0.413945219540439,-0.811293777569529,0.134742488381935,1.899580945354034,-1.361774186113415,-0.285645729237926,-8.339730664219285,-0.355766007814013,1
126.559996366500854,126,107,-10.468102907397004,-3.724696934398484,3.318212010763529,-1.182750545687320,-0.173377185781477,0.156067777585131,-0.337692346463943,-0.865653861513158,0.124644409242203,1.966031593476838,-1.393480302857023,-0.228009403378419,-8.351756441784989,-0.255154457291650,1
126.569998264312744,126,107,-10.479948654508217,-3.726474480212140,3.319779106843721,-1.186029376824378,-0.182104747846666,0.157303219420256,-0.317956870828159,-0.879620129535393,0.122431069321981,1.980334197007838,-1.399225142012725,-0.214680849353124,-8.354184490416291,-0.230440935004151,1
126.609987735748291,127,108,-10.527611184839742,-3.734475196829273,3.326165435539576,-1.197147392371533,-0.218404445673003,0.162041000471438,-0.237765102839576,-0.935904169720441,0.114838047389231,2.027644525060274,-1.413347925355890,-0.166370337092254,-8.361472092329478,-0.134902461856653,1
126.639995574951172,127,108,-10.563631730772517,-3.741456553128523,3.331078769536026,-1.203364979008938,-0.247124848047323,0.165416876422920,-0.176517851935959,-0.978358512461795,0.110324933781652,2.053186603998303,-1.415063183968218,-0.135128442322788,-8.364488808538464,-0.066657830686200,1
126.730713367462158,127,108,-10.673267106812002,-3.768076252944806,3.346524646044410,-1.210870387936936,-0.341663730870494,0.174981670952468,0.011128520515088,-1.104729529083359,0.101892380649872,2.052614037099502,-1.328453283305857,-0.041384853992451,-8.361918519921121,0.113305624614483,1
126.779994726181030,127,108,-10.732887953803290,-3.786281934469164,3.355271442058626,-1.207848883190020,-0.397677233686750,0.179976863940233,0.111078829571497,-1.167533969180403,0.101271757417908,2.002497264899830,-1.220930832998540,0.013261285030839,-8.354360184154775,0.192435014171821,1
126.789955615997314,127,108,-10.744913075771022,-3.790301177174864,3.357069155238432,-1.206643306518042,-0.409366847278549,0.180986405288783,0.130970902906446,-1.179589179030509,0.101448990748123,1.991591401390420,-1.199660718398610,0.022212198929797,-8.352367157070130,0.207704506716524,1
126.799993038177490,127,108,-10.757018018557540,-3.794469888496218,3.358890950179495,-1.205228521786705,-0.421267240746597,0.182005977702831,0.150905595949439,-1.191524018829010,0.101714370864102,1.980346144233103,-1.178376402636804,0.030552006995868,-8.350206090816467,0.222845932108402,1
126.809989452362061,128,109,-10.769058399915165,-3.798740882398505,3.360715488437757,-1.203621209610123,-0.433237020603748,0.183024437506379,0.170645404744260,-1.203198500976921,0.102058526129522,1.968896242684200,-1.157326093619951,0.038192590926233,-8.347904028084388,0.237679941940472,1
126.833565235137939,128,109,-10.797381002143361,-3.809290893429705,3.365058578724157,-1.199053858778226,-0.461918380871854,0.185442503823646,0.216733355856194,-1.229901440873497,0.103148125536420,1.940927185217586,-1.108250186368322,0.053659602158138,-8.341897364425238,0.271691186032027,1
126.940010547637939,128,109,-10.923404215771441,-3.865640339686264,3.385395677721190,-1.165241095920847,-0.598739675212165,0.196800401526491,0.416195866317722,-1.338828487329740,0.110160739045113,1.808115660112444,-1.010230792795896,0.043648740582780,-8.305712037847687,0.395892017833369,1
126.989998340606689,128,109,-10.981095027696368,-3.897264013050905,3.395371661983984,-1.142204752465157,-0.666933519399651,0.202343776317836,0.504905691139237,-1.389611759989976,0.111274946484291,1.739386745270711,-1.014341990668881,0.001346383535211,-8.284881762576427,0.436856185874395,1
127.009991407394409,129,110,-11.003827985623724,-3.910877137490450,3.399439370527667,-1.131764495897681,-0.694918286114965,0.204567684555499,0.539381070935239,-1.409802025151115,0.111138873409431,1.709094903353234,-1.004341670683795,-0.014896952850514,-8.275993947584910,0.452127580006305,1
127.050002098083496,129,110,-11.048659795682553,-3.939819664312695,3.407712780152109,-1.108833014381477,-0.752119387296959,0.208993918041183,0.606480871763180,-1.449304300952364,0.109909305746549,1.644157904193005,-0.966497277254199,-0.046336725108923,-8.257322776413064,0.480779498971485,1
127.060724496841431,129,110,-11.060514207837615,-3.947967882358144,3.409960054572290,-1.102235770702015,-0.767715054173532,0.210169614343029,0.624012731305381,-1.459594623909389,0.109368423098573,1.625846034596671,-0.952616999601139,-0.054533839543557,-8.252128539781094,0.488025686984971,1
127.109992265701294,129,110,-11.114030613117311,-3.987582359664953,3.420446311984900,-1.069553212470146,-0.840753010573967,0.215476859609201,0.701985214240038,-1.504514357783965,0.105759190634526,1.541774087317873,-0.847755162152917,-0.094184974303529,-8.227311574697826,0.517841815132031,1
127.129988670349121,129,110,-11.135274685521589,-4.004695670871721,3.424775930590500,-1.055210212191841,-0.871000772940747,0.217571363510272,0.732528068681315,-1.520640759344337,0.103666516183726,1.512984627900327,-0.765778230476397,-0.115139542239649,-8.216863368275098,0.527123596109972,1
127.139993429183960,129,110,-11.145795895298951,-4.013486899307663,3.426958056692223,-1.047805257357703,-0.886253532354842,0.218602682036552,0.747592654082968,-1.528103107227762,0.102461906204778,1.498167412149766,-0.725972376816925,-0.125646534789099,-8.211566691090091,0.531586890825059,1
127.189996480941772,129,110,-11.197223688956923,-4.059726534496285,3.438014005806655,-1.008582415665305,-0.963490512452131,0.223547095193714,0.820583232705205,-1.559641298140611,0.094865808730044,1.420242803450433,-0.538637972564185,-0.178154765314567,-8.184460909467429,0.552080159173514,1
127.200794219970703,130,110,-11.208065488551194,-4.070220617343782,3.440433194206508,-0.999639918007471,-0.980361023119746,0.224560781841865,0.835823034034877,-1.565251105537181,0.092881208735193,1.402612709799114,-0.500617823938780,-0.189452723146836,-8.178478078539351,0.556108963586089,1
127.239990711212158,130,111,-11.246591887245689,-4.109854415464591,3.449304534585176,-0.965817863020302,-1.042063672416336,0.228045403037307,0.889513884703880,-1.582268080558551,0.084655395942730,1.336397499051366,-0.369423646823704,-0.230181994334316,-8.156411052933937,0.569551262123883,1
127.249987840652466,130,111,-11.256203305854017,-4.120351945727770,3.451588689285755,-0.956858139582464,-1.057900873463388,0.228880098726759,0.902788081024291,-1.585801945270031,0.082302578080341,1.318979648254070,-0.337610344989794,-0.240475383890539,-8.150701011873638,0.572683022933333,1
127.310619115829468,130,111,-11.312502221011412,-4.187407625101187,3.465605358619443,-0.899773123851916,-1.154541241942640,0.233389469147600,0.979365506947426,-1.600849640140739,0.065801992488069,1.192619906975029,-0.183590641323503,-0.312197779671846,-8.115477117788965,0.586734306250573,1
127.329989671707153,130,111,-11.329755401266119,-4.210084721604489,3.470140659052846,-0.880572082909126,-1.185601215951868,0.234603821480830,1.001851156019534,-1.604302963118388,0.059393865248611,1.128244423278155,-0.171824462899503,-0.348586344442112,-8.104103952590775,0.586866794312763,1
127.339988708496094,130,111,-11.338510419455572,-4.222020392771948,3.472489493733505,-0.870498189732521,-1.201651924378386,0.235180006600720,1.012972004829060,-1.605981133887380,0.055819379315723,1.096158844582642,-0.163587683527833,-0.366218178200187,-8.098235611014649,0.586848813010707,1
127.349989414215088,130,111,-11.347164973399787,-4.234117806993727,3.474844133171452,-0.860313708801679,-1.217720511390109,0.235719629429486,1.023776755551151,-1.607570028182726,0.052072014501739,1.064812387566136,-0.153946941149548,-0.383094965674719,-8.092367183484320,0.586772052535538,1
127.359988451004028,130,111,-11.355716534698342,-4.246375109897373,3.477203809963606,-0.850023470426098,-1.233803332400830,0.236220910909069,1.034270916936511,-1.609055615454379,0.048159877168175,1.034190737175098,-0.142957407147026,-0.399229757848614,-8.086500237104786,0.586636523595515,1
127.400565147399902,130,111,-11.389343127386034,-4.297761753804969,3.486823337089834,-0.807240277734159,-1.299192948463441,0.237829591982436,1.073817195767205,-1.613758860810269,0.030742277793002,0.916959325779006,-0.085607125047470,-0.457419883633964,-8.062717981983560,0.585483579177267,1
127.459991455078125,131,112,-11.435388381152917,-4.377820881302715,3.500994549866368,-0.741900383852563,-1.395182377907843,0.238806846972337,1.123651367739771,-1.615580596538375,0.001495625052895,0.763569531532014,0.029854040783544,-0.523219347394932,-8.028016086279488,0.582048477214780,1
127.609995603561401,132,112,-11.533655441360851,-4.605209815082591,3.536521640211709,-0.566102034834631,-1.635712925267562,0.232689209179196,1.211278334663540,-1.580418427596565,-0.085715890843661,0.409923406377343,0.455911233765340,-0.626222974592702,-7.942719198887593,0.549372732041580,1
127.669989109039307,132,113,-11.565424541093648,-4.706168580439600,3.550304585213302,-0.492769318352747,-1.729606064597840,0.226409766276349,1.232201478442448,-1.548015073363296,-0.123746910582095,0.289973227309205,0.622327323270608,-0.638888550213420,-7.910268119489878,0.532340055523223,1
127.739994525909424,132,113,-11.596886495378826,-4.831004706068682,3.565814589863361,-0.405883935283218,-1.836370947234886,0.216184212168520,1.249683396807973,-1.504008217032101,-0.168170975007836,0.254183774869803,0.477377108607112,-0.620997692081313,-7.873745168715518,0.510271466866724,1
127.769989252090454,132,113,-11.608497639287274,-4.886761205014667,3.572220598558237,-0.368282997997884,-1.881293648853760,0.210862630526006,1.257535610609799,-1.492118664985254,-0.186594486045200,0.268001591185800,0.321829665941356,-0.607750028627076,-7.858592781011277,0.500043528131163,1
127.869990587234497,133,114,-11.638993348528258,-5.082316399893716,3.592274464073058,-0.241169401924221,-2.029494679052629,0.189225459763182,1.284531174990575,-1.476281963695885,-0.245592393508171,0.258373306951541,0.054444852973670,-0.574621063567009,-7.810314822792238,0.465347435384279,1
127.979992389678955,133,114,-11.657697548787789,-5.314473993696960,3.611475333191283,-0.098466743236207,-2.191003637634146,0.158669234767357,1.308041536260289,-1.448585112478153,-0.311601502524476,0.151347739048705,0.595629172767671,-0.646142252950299,-7.761711499650598,0.415382643363605,1
128.019996404647827,134,115,-11.660588501686773,-5.403274521468773,3.617566415639573,-0.046034877931052,-2.248414002782896,0.145680774936275,1.312890837609618,-1.420172724019894,-0.337895169651972,0.089367601513290,0.819068331081678,-0.666405000232938,-7.745483055406666,0.395997661275804,1
128.059965133666992,134,115,-11.661379016781865,-5.494266436219761,3.623112105169866,0.006492939898398,-2.304469901966806,0.131640107816581,1.315062353320935,-1.383533542586968,-0.364740911121852,0.017804118444263,1.008983998361372,-0.675075641974222,-7.730039036994012,0.376837443102166,1
128.069989919662476,134,115,-11.661247840098758,-5.517438155332766,3.624413358643030,0.019677045674974,-2.318288433898864,0.127949637678699,1.315144540942794,-1.373202713588205,-0.371511477798214,-0.001492274734146,1.051706164830416,-0.675547407003340,-7.726285168932412,0.372064270881219,1
128.079993963241577,134,115,-11.660985188554587,-5.540698396321897,3.625674639455206,0.032833093335497,-2.331972373519074,0.124199306488943,1.315031222652906,-1.362476274211228,-0.378269154598754,-0.021243537151247,1.092455701831620,-0.675366592309623,-7.722586880536308,0.367314233430847,1
128.089992761611938,134,115,-11.660591165689681,-5.564083241679820,3.626897461871544,0.045980428553410,-2.345540233811453,0.120383320255534,1.314718134887006,-1.351357085654846,-0.385018449721442,-0.041458761542675,1.131346232334693,-0.674549876492455,-7.718937860828892,0.362579581479960,1
128.099992036819458,134,115,-11.660065676116080,-5.587604311963904,3.628081847340864,0.059124241777188,-2.358995640544823,0.116499713618869,1.314200607651027,-1.339857505145789,-0.391756780400472,-0.062127978319296,1.168440115875271,-0.673111526697486,-7.715335946295074,0.357857709570443,1
128.109997987747192,134,115,-11.659408340822900,-5.611274049144927,3.629227755434404,0.072269369554630,-2.372341554513368,0.112544248307016,1.313289080815079,-1.327712825092810,-0.399113404915948,-0.120219193450719,1.259106045526323,-0.797716294719691,-7.711782076541931,0.352526482687781,1
128.169994115829468,134,115,-11.652716228911258,-5.755944447726344,3.635226679723266,0.150644959718741,-2.449431315178122,0.086752914335994,1.296203367363060,-1.237422349668511,-0.466981624771205,-0.440926115531268,1.729325767656303,-1.430636594140047,-7.691577171451010,0.321215076856336,1
128.200094223022461,134,115,-11.647596778638309,-5.830225070131076,3.637619610037039,0.189439127628511,-2.485864773025232,0.072010095661950,1.280758922435634,-1.182448074302453,-0.513824674980688,-0.583280190826128,1.918466758159530,-1.673972393040622,-7.682138982014973,0.305954895642365,1
128.209998369216919,135,115,-11.645657681350983,-5.854904906080062,3.638307381345563,0.202095526885672,-2.497481725120031,0.066837456667967,1.274761427158908,-1.163166914940637,-0.530755410312873,-0.627529527788203,1.974287152053910,-1.743879659013031,-7.679133112189696,0.300998900758112,1
128.300230979919434,135,116,-11.622321243979465,-6.084736580641694,3.641947664640172,0.314060103216309,-2.593811892589797,0.011145727989566,1.201732831294558,-0.966393676832014,-0.710026224413534,-0.974812634731699,2.348310213891377,-2.168303038603241,-7.653963182284339,0.257346043117108,1
128.329999923706055,135,116,-11.612443642762337,-6.162370237627262,3.641955378398615,0.349414091644522,-2.621555264943050,-0.010943381055879,1.173843697637723,-0.898019949250321,-0.773686137445149,-0.900767067653872,2.244987103907930,-2.105566188603284,-7.646412369099170,0.249944016357472,1
128.369991302490234,135,116,-11.597540510643883,-6.267906290978766,3.640876848722554,0.395660885922779,-2.655710565264243,-0.043541192050090,1.139481095058143,-0.811001662850359,-0.855798905480702,-0.821522132082927,2.107121919477055,-1.996441079837976,-7.636617372067665,0.239874920132764,1
128.379990339279175,135,116,-11.593527261914778,-6.294502301389952,3.640398340790467,0.407014348086065,-2.663715411043591,-0.052198061599114,1.131348974940714,-0.790102249173517,-0.875607010046518,-0.805205941643809,2.072989178294837,-1.965115651831396,-7.634231448514869,0.237331266758358,1
128.389994621276855,135,116,-11.589399092884877,-6.321188782075156,3.639832021335942,0.418292107366085,-2.671516279279767,-0.061055252306966,1.123369924195242,-0.769534628132565,-0.895102544356577,-0.790216887652849,2.038997049302088,-1.932259225307533,-7.631870004718478,0.234776112118724,1
128.400617599487305,136,116,-11.584892562368868,-6.349609978083104,3.639132577043751,0.430180802216147,-2.679576300524229,-0.070671817317354,1.115054095437861,-0.748066295430378,-0.915435575428062,-0.775725191038512,2.003083351686823,-1.895763990536572,-7.629390555673094,0.232051533524442,1
128.409997224807739,136,116,-11.580808368990983,-6.374777953388420,3.638429116731426,0.440606435323476,-2.686505753974960,-0.079341832042804,1.107832831256958,-0.729424791635905,-0.933062052957135,-0.764117623106626,1.971532894579428,-1.862205976187420,-7.627225156313828,0.229635797691211,1
128.500037908554077,136,117,-11.536735792368908,-6.619396871988381,3.627286979082450,0.537369363177656,-2.744594043352889,-0.170424975509461,1.042392139607912,-0.565260046559097,-1.084430828940820,-0.704292763271440,1.677969644807510,-1.484365331438537,-7.607607322231452,0.205981975446505,1
128.510618686676025,136,117,-11.530992055369151,-6.648466822997392,3.625422841813002,0.548359577528238,-2.750485314475982,-0.181981508067284,1.035171973838698,-0.548811930495692,-1.100093318179364,-0.660666978019112,1.430551028372789,-1.476161276467587,-7.605454793813645,0.200882650123167,1
128.569990634918213,136,117,-11.496630881950951,-6.812700275047140,3.612628265442691,0.608774550740448,-2.781281357926175,-0.249845510738985,1.001580409224211,-0.499787505721754,-1.184677190420824,-0.492703578099855,0.294838662316385,-1.350697934971082,-7.594372146923451,0.172582565202196,1
128.589994430541992,136,117,-11.484253484485587,-6.868435495811586,3.607391667110245,0.628713273407789,-2.791239798894435,-0.273809010314067,0.992032722048986,-0.496836676094452,-1.211011020800141,-0.464063838301767,0.007693245908846,-1.280046620453890,-7.591013471043117,0.163241563268074,1
128.599986314773560,136,117,-11.477921857550987,-6.896350713070001,3.604595067492125,0.638602791061854,-2.796206024333724,-0.285972829025243,0.987445995844569,-0.497402776920939,-1.223603931866091,-0.454517482331456,-0.119212779644125,-1.240013219809590,-7.589405490554451,0.158612125657699,1
128.649999380111694,137,118,-11.444757929588615,-7.036824341200209,3.588737773525402,0.687428443963765,-2.821458503704267,-0.348625401130702,0.965115354412503,-0.516454501000038,-1.279832007921340,-0.449958128724614,-0.601802623578604,-0.997438973549412,-7.582045673115418,0.135806754930208,1
128.679992437362671,137,118,-11.423707795720649,-7.121683737795804,3.577701478389227,0.716169412688872,-2.837248919067390,-0.387434665677183,0.951252692998088,-0.537375681044231,-1.307177959302426,-0.477931044125587,-0.780407711444348,-0.822805794129454,-7.578173673614750,0.122422868931943,1
128.700007200241089,137,118,-11.409185353101845,-7.178573875616919,3.569684974958931,0.735109140070959,-2.848165354284570,-0.413751473699928,0.941404157704370,-0.553826596890397,-1.322389893705189,-0.507679222273705,-0.858392660701877,-0.696166853984774,-7.575811945355706,0.113614530584550,1
128.719998836517334,137,118,-11.394300960665086,-7.235628710545598,3.561147719950412,0.753831343988286,-2.859434234223245,-0.440324321439120,0.931590762336442,-0.574653700179777,-1.335604787818283,-0.477013183208388,-1.213894665742890,-0.622957530498841,-7.573655885690958,0.102093521539197,1
128.759999036788940,137,118,-11.363406912291435,-7.350482263066642,3.542459757438506,0.790720513989767,-2.883544255440611,-0.494199560661474,0.912883451688862,-0.634186880046308,-1.356798599096205,-0.469761707630361,-1.718544527527553,-0.426251858225253,-7.570023775000091,0.079647839759858,1
128.789993286132812,137,118,-11.339281151250889,-7.437265990546746,3.527024440817450,0.817886475445593,-2.903376598129065,-0.535061136979279,0.898332398192244,-0.689287390405167,-1.366882453909327,-0.505899249951726,-1.933874207996746,-0.241380776438761,-7.567880167022764,0.063363721888178,1
128.810039043426514,138,118,-11.322706199653862,-7.495607488848822,3.516023827563367,0.835790040609119,-2.917588331324576,-0.562500750550853,0.887799735389219,-0.728892287006209,-1.370353537187516,-0.547072661131364,-2.008896035193649,-0.103158889208685,-7.566716802663557,0.052742042673669,1
128.879996061325073,138,119,-11.262098557890054,-7.701611601196889,3.473321429471247,0.896396859719790,-2.973519606223077,-0.658188675780630,0.842220492043848,-0.868933999108237,-1.358855572298935,-0.775383021629617,-1.909223762664508,0.446473401650458,-7.564281227009649,0.017313670159143,1
128.889990329742432,138,119,-11.253097579282370,-7.731374177789005,3.466675367891852,0.904775033938537,-2.982298681804578,-0.671746064122619,0.834266778230726,-0.887757816737857,-1.353971460316942,-0.816522918548298,-1.856205685333616,0.531065193920007,-7.564132482608298,0.012460232116675,1
128.909991025924683,138,119,-11.234835700432475,-7.791202235531835,3.452969930903283,0.921292152340100,-3.000421204660515,-0.698708836412526,0.817142484123339,-0.924730570949610,-1.341645774845417,-0.890164346674606,-1.945043701776366,0.700954318795201,-7.563979854418221,0.002770302915284,1
128.921570539474487,138,119,-11.224115697690833,-7.825999547949317,3.444791506184827,0.930691421983993,-3.011260267177908,-0.714191426909206,0.806613758568304,-0.948124108257981,-1.332958622721044,-0.929442983774226,-2.091147365557611,0.800124681978388,-7.563980146390246,-0.002806258703676,1
128.989986658096313,138,119,-11.158603740962350,-8.034365954723903,3.392857876513491,0.983491315715508,-3.081427141899014,-0.803050086058488,0.733411698633407,-1.106131324720442,-1.257593448990906,-1.226265884998716,-2.374373051720700,1.406368600302822,-7.565256225850741,-0.033989548534828,1
128.999986648559570,138,119,-11.148731900689372,-8.065237372565120,3.384764352989639,0.990763624960866,-3.092607268640333,-0.815554793857035,0.720898517606263,-1.129739585558911,-1.243082419901915,-1.276461732408367,-2.344417931248247,1.495657911870557,-7.565617710255518,-0.038293144401054,1
129.009986400604248,139,120,-11.138788443900442,-8.096220291663068,3.376546911813002,0.997907928930153,-3.104021181112941,-0.827909339366820,0.707878051945395,-1.152969501769965,-1.227680802124716,-1.327810870537674,-2.299082501149099,1.584597079220875,-7.566021888041909,-0.042531681258049,1
129.019997835159302,139,120,-11.128764140886490,-8.127349702119812,3.368198297658490,1.004926396736155,-3.115676653609434,-0.840117560015799,0.694325272722632,-1.175695375250724,-1.211375457087088,-1.380182728168832,-2.239207796097210,1.673114050772202,-7.566468594604149,-0.046709512707732,1
129.069996833801270,139,120,-11.077680602880834,-8.284646064381768,3.324715802069427,1.037805626616700,-3.177087568476084,-0.898412920026916,0.618605107111626,-1.276705206024590,-1.116885538403781,-1.650150933771692,-1.753525415945054,2.102158588848025,-7.569308174074713,-0.066604645061385,1
129.079991579055786,139,120,-11.067277379120609,-8.316464300029351,3.315680961440053,1.043905098838805,-3.189933393332522,-0.909469535537522,0.601839957556513,-1.293596350458659,-1.095463358311373,-1.704621162347263,-1.624977560475094,2.184285750185405,-7.569992827260847,-0.070387186185450,1
129.089992046356201,139,120,-11.056808282214947,-8.348429312091492,3.306531649701107,1.049837495033429,-3.202948652361982,-0.920313849859405,0.584521618929158,-1.309167096496155,-1.073215458315307,-1.758921468922807,-1.487724638361603,2.264926315454949,-7.570715368600346,-0.074106965032721,1
129.130008459091187,139,120,-11.014349694159801,-8.477659745826669,3.268870700698263,1.071759708575893,-3.256334222474677,-0.961326820220222,0.509638470824141,-1.353346704223783,-0.972903847034762,-1.984426857838528,-0.666480461350525,2.788163977537649,-7.574017732682155,-0.091520892182690,1
129.230574131011963,140,121,-10.904349182268801,-8.812003121240155,3.167794811513266,1.112120144601149,-3.392396926404687,-1.043275150129230,0.285255104702699,-1.321219515100770,-0.643072741781200,-2.448021254692432,1.207863560196627,3.615579935623462,-7.585263532373320,-0.130223574784432,1
129.240021228790283,140,121,-10.893829427494591,-8.844113456733243,3.157909701503450,1.114705474827548,-3.404823764058833,-1.049189046281325,0.261964003421473,-1.309110279532468,-0.608751823943757,-2.482042755735486,1.354667141771396,3.648478928346947,-7.586508369658457,-0.133271550484014,1
129.339957237243652,140,121,-10.781550169199566,-9.190630740955100,3.050631389445762,1.127766206886298,-3.526575041921681,-1.091651099425641,-0.016464371221216,-1.107229319432568,-0.245502319475898,-3.483628103454715,2.557417526352213,3.366832823006581,-7.600655436519096,-0.131236044285000,1
129.440005064010620,141,122,-10.669432082333326,-9.548543622495924,2.940715243030953,1.106906879614394,-3.623488905174607,-1.100626944602535,-0.410167012024300,-0.822034793441013,0.054347055076911,-4.075612545274613,3.046343048755876,2.662544779545784,-7.611475466471428,-0.085570624279495,1
129.450045824050903,141,122,-10.658339521044308,-9.584966261914165,2.929667560447049,1.102583677344082,-3.631588664318685,-1.099948075004684,-0.450925662954258,-0.791346811256541,0.080778900266777,-4.040812656756126,3.065713548781338,2.602781839022412,-7.612312454688355,-0.081156565928467,1
129.469996452331543,141,122,-10.636436559503261,-9.657574767226912,2.907741602627779,1.092789301930367,-3.646764971504134,-1.097826053278717,-0.530533856522158,-0.729900944732605,0.131562709089521,-3.930651034571887,3.091031091422678,2.489075139305998,-7.613844849050318,-0.072476846167045,1
129.499990463256836,141,122,-10.603915493063502,-9.767270277909235,2.874883586114357,1.075143104550997,-3.667264718913833,-1.092784704474432,-0.644825311776803,-0.636981218056044,0.203798424179934,-3.673133094833739,3.099233182247189,2.329837140294675,-7.615825772605699,-0.059656888125114,1
129.509990453720093,141,122,-10.593196907915940,-9.803974201457654,2.863966318920179,1.068518319372605,-3.673471079090357,-1.090633752954531,-0.679420982018722,-0.603442222810353,0.226039122629657,-3.248812442913779,3.604556746214075,2.119360179894064,-7.616453233318952,-0.065896333088900,1
129.519986629486084,141,122,-10.582549520826532,-9.840727024931287,2.853075011587579,1.061570572280806,-3.679315656927953,-1.088271505984657,-0.709905166526152,-0.565072161382349,0.246228773643847,-2.855416481014134,4.063564636063457,1.922232373819837,-7.617142852866510,-0.072039193126737,1
129.529985427856445,141,122,-10.571970534990326,-9.877545069461055,2.842205707456992,1.054335436757093,-3.684755780146227,-1.085716406945396,-0.736624763220388,-0.522347114071643,0.264523047643795,-2.494127202099294,4.474172862704691,1.739192365145851,-7.617893129856671,-0.077995789800456,1
129.539994955062866,141,122,-10.561455687808403,-9.914448737668797,2.831353025365323,1.046843784697244,-3.689753245895798,-1.082984754796146,-0.759905857050828,-0.475705332793922,0.281069398562735,-2.163203813644545,4.838891538489642,1.569529602223030,-7.618702788733458,-0.083769777464915,1
129.549989938735962,141,122,-10.551030557802655,-9.951351584178969,2.820542646806511,1.039145436181035,-3.694260801045846,-1.080099660961435,-0.779997850500725,-0.425703095718329,0.295964474092736,-1.861842692410297,5.159206097492361,1.413012857765265,-7.619568122698351,-0.089348478334837,1
129.660052299499512,142,123,-10.441656473395160,-10.359247960542218,2.703694988865485,0.946906307230099,-3.705485065307113,-1.041627759939476,-0.863752889422200,0.243388249132457,0.384481027897899,-0.067978887865217,6.381885044509752,0.384889748028778,-7.632308382171912,-0.138371759064018,1
129.670037269592285,142,123,-10.432244932585931,-10.396233045340043,2.693313842542970,0.938279589823733,-3.702737500266303,-1.037770382943223,-0.864133031281528,0.306884455469800,0.388101825546629,-0.010333408905655,6.333477278992341,0.341459784762905,-7.633706727375129,-0.141693741512068,1
129.680005311965942,142,123,-10.422935274158636,-10.433124918396318,2.682988885910738,0.929666364139097,-3.699364936844573,-1.033885536090985,-0.864001359552116,0.369695101225923,0.391315554047963,0.034766756377529,6.266202649371875,0.304370526293297,-7.635134855512919,-0.144823362782951,1
129.719998598098755,142,123,-10.386444223780696,-10.580716783955488,2.641955396674017,0.895180625859781,-3.679687013904407,-1.018005152880932,-0.858945380230579,0.609488977759970,0.403877235194331,0.272189522200235,5.549521633639069,0.457356759206470,-7.641226579208403,-0.163099876623713,1
129.779998064041138,142,123,-10.334267094715202,-10.800210887322233,2.581624397594141,0.844352804408328,-3.634015696487884,-0.992632694381104,-0.832662653204684,0.898834579252157,0.446582465193801,0.542749447403296,4.141058580270823,0.927945113599548,-7.652014183029113,-0.195032520121132,1
129.789994716644287,142,123,-10.325868106664513,-10.836492423216274,2.571724100103818,0.836056522767645,-3.624827175470377,-0.988121130526143,-0.827168069610374,0.939181047664918,0.456149357835664,0.555242653046573,3.932313593484319,0.985199464592376,-7.653986346940793,-0.199501208771575,1
129.799961090087891,142,123,-10.317576643959999,-10.872571520331389,2.561898934994723,0.827840343570774,-3.615275008888030,-0.983525168759263,-0.821603957808648,0.977364014885083,0.466230221577725,0.560123960954754,3.731200107979721,1.036898979496975,-7.655995846021987,-0.203714320747951,1
129.844782114028931,143,124,-10.281288933623953,-11.033577361261120,2.518300953766589,0.791568869756576,-3.568006925027081,-0.961521197747451,-0.797323446885352,1.125692719702070,0.516911387827392,0.504099031410028,2.909632042326137,1.208867975734549,-7.665502435690746,-0.219672920078331,1
129.855576038360596,143,124,-10.272791142519559,-11.072023981082305,2.507952733997976,0.782991449292298,-3.555690284788656,-0.955870706127095,-0.792033889499726,1.156129390100516,0.530115328695524,0.475172961087110,2.731173185188844,1.236882608437511,-7.667890622103188,-0.222785492659326,1
129.864841938018799,143,124,-10.265569961014174,-11.104920662449191,2.499118653682580,0.775672544067700,-3.544862589601866,-0.950905310544777,-0.787760819318489,1.180748973007491,0.541672853510126,0.446610752154351,2.583720481485476,1.257192458410665,-7.669966422410905,-0.225231215996921,1
129.874833106994629,143,124,-10.257858598948781,-11.140281996588026,2.489644342022227,0.767822881509254,-3.532937992472882,-0.945429769616512,-0.783466312089804,1.205795510375749,0.554329002192916,0.412419275776517,2.430532924918602,1.275410927435160,-7.672229169282742,-0.227634422693094,1
129.884831666946411,143,124,-10.250221114280931,-11.175543099549841,2.480219999601488,0.760009909994101,-3.520763641204693,-0.939823673442365,-0.779526969317521,1.229354113783405,0.567156245224398,0.375147314853078,2.283180371244465,1.289999350152556,-7.674516029975663,-0.229795762642777,1
129.894829273223877,143,124,-10.242661372582113,-11.210682168574223,2.470852126724902,0.752234230333846,-3.508360723634936,-0.934088523416873,-0.775973586049900,1.251469110481231,0.580112219032940,0.335268326839767,2.141622988424539,1.301131179882568,-7.676823338353902,-0.231713832846671,1
129.904823780059814,143,124,-10.235181509327408,-11.245685315457404,2.461545120819729,0.744494524519436,-3.495747708479495,-0.928224989191341,-0.772778756787127,1.272136369125139,0.593276586034694,0.315345635609674,1.982849662148155,1.358353273282241,-7.679135492319766,-0.228182407744939,1
129.924826383590698,143,124,-10.220444026547842,-11.315351523845825,2.443098991747438,0.729100856814388,-3.469928918733873,-0.916072234923563,-0.766369357796617,1.308282286680294,0.622535628546207,0.326329900861452,1.636358360420707,1.562496468555264,-7.683512746949223,-0.209489630268607,1
