[32m -- [Fsm-Test] Begin.[0m
 -- [Fsm-Test] Load config from: /root/ws/real_planner/src/General-Planner/src/Planner/general_planner/config/click_real_highspeed.yaml
Load config file: /root/ws/real_planner/src/General-Planner/src/Planner/general_planner/config/click_real_highspeed.yaml
[0;32m Load param fsm/timer_en success: [0;0m1
[0;33m Load param fsm/auto_start failed, use default value: [0;0m0
[0;32m Load param fsm/click_goal_en success: [0;0m1
[0;32m Load param fsm/click_goal_3d_en success: [0;0m1
[0;32m Load param fsm/click_yaw_en success: [0;0m1
[0;32m Load param fsm/replan_rate success: [0;0m15
[0;32m Load param fsm/click_height success: [0;0m1.5
[0;32m Load param fsm/cmd_topic success: [0;0m/planning/pos_cmd
[0;32m Load param fsm/mpc_cmd_topic success: [0;0m/planning_cmd/poly_traj
[0;33m Load param fsm/publish_so3_cmd failed, use default value: [0;0m0
[0;33m Load param fsm/so3_cmd_topic failed, use default value: [0;0m/planning/so3_cmd
[0;33m Load param fsm/so3_kR failed, use default value: [0;0m[0 0 0 ]
[0;33m Load param fsm/so3_kOm failed, use default value: [0;0m[0 0 0 ]
[0;32m Load param traj_opt/flatness/mass success: [0;0m1.64
[0;32m Load param traj_opt/flatness/dh success: [0;0m0.35
[0;32m Load param traj_opt/flatness/dv success: [0;0m0.35
[0;32m Load param traj_opt/flatness/grav success: [0;0m9.81
[0;32m Load param traj_opt/flatness/cp success: [0;0m0.001
[0;32m Load param traj_opt/flatness/v_eps success: [0;0m0.0001
[0;32m Load param fsm/click_goal_topic success: [0;0m/goal
[0;32m Load param fsm/click_goal_3d_topic success: [0;0m/goal_3d
[0;33m Load param fsm/task_mode failed, use default value: [0;0mstate2state
[0;33m Load param fsm/planning_backend failed, use default value: [0;0m
[0;33m Load param general_planner/backend failed, use default value: [0;0m
[0;33m Load param general_planner/plain_traj_en failed, use default value: [0;0m0
[0;32m Load param general_planner/esdf_traj_en success: [0;0m0
[0;33m Load param fsm/task_planner_en failed, use default value: [0;0m0
[0;33m Load param fsm/task_mode_topic failed, use default value: [0;0m/planning/task_mode
[0;33m Load param fsm/tracking_target_odom_topic failed, use default value: [0;0m/tracking/target_odom
[0;33m Load param fsm/tracking_target_prediction_topic failed, use default value: [0;0m/tracking/target_prediction
[0;33m Load param fsm/tracking_use_target_prediction_path failed, use default value: [0;0m1
[0;33m Load param fsm/perching_surface_odom_topic failed, use default value: [0;0m/perching/surface_odom
[0;33m Load param fsm/dynamic_takeoff_start_delay failed, use default value: [0;0m0
[0;33m Load param general_planner/tracking_perching/enable failed, use default value: [0;0m0
[0;33m Load param fsm/tracking_prediction_horizon failed, use default value: [0;0m4
[0;33m Load param fsm/tracking_prediction_dt failed, use default value: [0;0m0.25
[0;33m Load param fsm/tracking_prediction_use_kinodynamic failed, use default value: [0;0m1
[0;33m Load param fsm/tracking_prediction_accel failed, use default value: [0;0m3
[0;33m Load param fsm/tracking_prediction_vmax failed, use default value: [0;0m4
[0;33m Load param fsm/tracking_prediction_rho_accel failed, use default value: [0;0m1
[0;33m Load param fsm/tracking_prediction_max_time failed, use default value: [0;0m0.03
[0;33m Load param fsm/tracking_static_position_epsilon failed, use default value: [0;0m0.05
[0;33m Load param fsm/tracking_static_velocity_epsilon failed, use default value: [0;0m0.05
[0;33m Load param fsm/tracking_static_yaw_epsilon failed, use default value: [0;0m0.05
[0;33m Load param fsm/tracking_static_replan_remaining_time failed, use default value: [0;0m0.8
[0;33m Load param fsm/tracking_static_task_position_epsilon failed, use default value: [0;0m0.12
[0;33m Load param fsm/tracking_static_task_velocity_epsilon failed, use default value: [0;0m0.1
[0;33m Load param fsm/tracking_static_prediction_filter_velocity_epsilon failed, use default value: [0;0m0.08
[0;33m Load param fsm/tracking_static_safety_check_horizon failed, use default value: [0;0m1.5
[0;33m Load param fsm/tracking_static_safety_check_dt failed, use default value: [0;0m0.12
[0;33m Load param fsm/tracking_static_replan_log_period failed, use default value: [0;0m1
[0;33m Load param fsm/tracking_plan_from_rest_max_failures failed, use default value: [0;0m4
[0;33m Load param fsm/tracking_plan_from_rest_failure_backoff failed, use default value: [0;0m0.5
[0;33m Load param fsm/tracking_plan_from_rest_limited_backoff failed, use default value: [0;0m2
[0;33m Load param fsm/tracking_static_finish_on_plan_failure failed, use default value: [0;0m0
[0;33m Load param fsm/perception_replan_check_en failed, use default value: [0;0m0
[0;32m Load param fsm/perception_replan_check_rate success: [0;0m60
[0;32m Load param fsm/perception_replan_check_horizon success: [0;0m2
[0;32m Load param fsm/perception_replan_check_dt success: [0;0m0.06
[0;32m Load param fsm/perception_replan_min_interval success: [0;0m0.08
[0;32m Load param fsm/perception_replan_consecutive_hits success: [0;0m1
[0;33m Load param fsm/perception_replan_unknown_as_occupied failed, use default value: [0;0m0
[0;32m Load param fsm/perception_replan_emergency_horizon success: [0;0m0.45
[0;33m Load param fsm/perception_replan_log_period failed, use default value: [0;0m0.5
[0;32m Load param general_planner/dynamic_obstacle_layer/enable success: [0;0m0
[0;32m Load param general_planner/dynamic_obstacle_layer/cloud_topic success: [0;0m/cloud_registered
[0;32m Load param general_planner/dynamic_obstacle_layer/cloud_queue_size success: [0;0m3
[0;32m Load param general_planner/dynamic_obstacle_layer/odom_timeout success: [0;0m0.2
[0;33m Load param fsm/task_timeout failed, use default value: [0;0m0.6
[0;33m Load param fsm/state2state_plan_from_rest_max_failures failed, use default value: [0;0m0
[0;33m Load param fsm/state2state_clear_goal_on_plan_failure failed, use default value: [0;0m0
[0;33m Load param fsm/diagnostic_log_en failed, use default value: [0;0m1
[0;33m Load param fsm/diagnostic_event_topic failed, use default value: [0;0m/planning/diagnostics/events
[0;33m Load param general_planner/swarm/enable failed, use default value: [0;0m0
[0;33m Load param general_planner/swarm/drone_id failed, use default value: [0;0m-1
[0;33m Load param general_planner/swarm/des_clearance failed, use default value: [0;0m0.75
[0;33m Load param general_planner/swarm/broadcast_enable failed, use default value: [0;0m1
[0;33m Load param general_planner/swarm/traj_broadcast_topic failed, use default value: [0;0m/swarm/trajectory
[0;33m Load param general_planner/swarm/state_broadcast_topic failed, use default value: [0;0m/swarm/state
[0;33m Load param general_planner/swarm/formation/reference_enable failed, use default value: [0;0m0
[0;33m Load param general_planner/swarm/formation/reference_topic failed, use default value: [0;0m/swarm/formation_reference
[0;33m Load param general_planner/swarm/traj_topics failed, use default value: [0;0m[]
[0;33m Load param general_planner/swarm/traj_ids failed, use default value: [0;0m[]
[0;32m Load param general_planner/yaw_dot_max success: [0;0m3
[0;32m Load param general_planner/visualization_en success: [0;0m1
[0;32m Load param rog_map/resolution success: [0;0m0.15
Load config file: /root/ws/real_planner/src/General-Planner/src/Planner/general_planner/config/click_real_highspeed.yaml
[0;32m Load param rog_map/esdf/resolution success: [0;0m0.1
[0;32m Load param rog_map/esdf/enable success: [0;0m0
[0;32m Load param rog_map/esdf/local_update_box success: [0;0m[5 5 3 ]
[0;32m Load param rog_map/load_pcd_en success: [0;0m0
[0;32m Load param rog_map/map_sliding/enable success: [0;0m1
[0;32m Load param rog_map/map_sliding/threshold success: [0;0m0.3
[0;32m Load param rog_map/fix_map_origin success: [0;0m[0 0 1.5 ]
[0;32m Load param rog_map/frontier_extraction_en success: [0;0m0
[0;32m Load param rog_map/ros_callback/enable success: [0;0m1
[0;32m Load param rog_map/ros_callback/cloud_topic success: [0;0m/cloud_registered
[0;32m Load param rog_map/ros_callback/odom_topic success: [0;0m/lidar_slam/odom
[0;32m Load param rog_map/ros_callback/odom_timeout success: [0;0m2
[0;32m Load param rog_map/visualization/enable success: [0;0m1
[0;32m Load param rog_map/visualization/use_dynamic_reconfigure success: [0;0m0
[0;32m Load param rog_map/visualization/pub_unknown_map_en success: [0;0m0
[0;32m Load param rog_map/visualization/frame_id success: [0;0mworld
[0;32m Load param rog_map/visualization/time_rate success: [0;0m2
[0;32m Load param rog_map/visualization/frame_rate success: [0;0m0
[0;32m Load param rog_map/visualization/range success: [0;0m[20 20 4 ]
[0;32m Load param rog_map/resolution success: [0;0m0.15
[0;32m Load param rog_map/inflation_resolution success: [0;0m0.15
[0;32m Load param rog_map/unk_inflation_en success: [0;0m0
[0;32m Load param rog_map/unk_inflation_step success: [0;0m1
[0;32m Load param rog_map/inflation_step success: [0;0m3
[0;32m Load param rog_map/intensity_thresh success: [0;0m-10
[0;32m Load param rog_map/map_size success: [0;0m[50 50 6 ]
[0;32m Load param rog_map/point_filt_num success: [0;0m1
[0;32m Load param rog_map/raycasting/enable success: [0;0m0
[0;32m Load param rog_map/raycasting/batch_update_size success: [0;0m1
[0;32m Load param rog_map/raycasting/unk_thresh success: [0;0m1
[0;32m Load param rog_map/raycasting/p_hit success: [0;0m0.9
[0;32m Load param rog_map/raycasting/p_miss success: [0;0m0.49
[0;32m Load param rog_map/raycasting/p_min success: [0;0m0.12
[0;32m Load param rog_map/raycasting/p_max success: [0;0m0.98
[0;32m Load param rog_map/raycasting/p_occ success: [0;0m0.85
[0;32m Load param rog_map/raycasting/p_free success: [0;0m0.499
[0;32m Load param rog_map/raycasting/p_free success: [0;0m0.499
[0;32m Load param rog_map/raycasting/ray_range success: [0;0m[0.5 100 ]
[0;32m Load param rog_map/raycasting/local_update_box success: [0;0m[100 100 5 ]
[0;32m Load param rog_map/virtual_ground_height success: [0;0m-0.1
[0;32m Load param rog_map/virtual_ceil_height success: [0;0m2.5
[32m -- [RM-Config] inflation_resolution: 0.15[0m
 -- [ROG-Map] Init, resetMapSize: ORIGIN_AT_CORNER.
 -- [ROG-Map] Init, resetMapSize: virtual_ceil_height: 1.875, virtual_ground_height: 0.375.
[34m	[ROG] n_free: 1[0m
[34m	[ROG] n_occ: 1[0m
[34m	[ROG] l_hit: 2.19722[0m
[34m	[ROG] l_miss: -0.0400053[0m
[34m	[ROG] l_min: -1.99243[0m
[34m	[ROG] l_max: 3.89182[0m
[34m	[ROG] l_occ: 1.7346[0m
[34m	[ROG] l_free: -0.00399995[0m
[33m -- [Inf-Map] Clear all local map.[0m
[32m -- [CounterMap] Init successfully -- .[0m
[32m	resolution: 0.15[0m
[32m	map_sliding_en: 1[0m
[32m	local_map_size_i: 341 341  49[0m
[32m	local_map_size_d: 51.15 51.15  7.35[0m
[33m -- [Inf-Map] Clear all local map.[0m
[32m -- [InfMap] Init successfully -- .[0m
[32m	resolution: 0.15[0m
[32m	map_sliding_en: 1[0m
[32m	local_map_size_i: 341 341  49[0m
[32m	local_map_size_d: 51.15 51.15  7.35[0m
[ProbMap] virtual_ceil_height: 1.8
[ProbMap] virtual_ground_height: 0.3
[33m -- [Prob-Map] Clear all local map.[0m
[32m -- [ProbMap] Init successfully -- .[0m
[32m	resolution: 0.15[0m
[32m	map_sliding_en: 1[0m
[32m	local_map_size_i: 333 333  41[0m
[32m	local_map_size_d: 49.95 49.95  6.15[0m
[33m -- [Inf-Map] Clear all local map.[0m
Load config file: /root/ws/real_planner/src/General-Planner/src/Planner/general_planner/config/click_real_highspeed.yaml
Load config file: /root/ws/real_planner/src/General-Planner/src/Planner/general_planner/config/click_real_highspeed.yaml
[0;32m Load param traj_opt/switch/print_optimizer_log success: [0;0m0
[0;32m Load param traj_opt/flatness/mass success: [0;0m1.64
[0;32m Load param traj_opt/flatness/dh success: [0;0m0.35
[0;32m Load param traj_opt/flatness/dv success: [0;0m0.35
[0;32m Load param traj_opt/flatness/grav success: [0;0m9.81
[0;32m Load param traj_opt/flatness/cp success: [0;0m0.001
[0;32m Load param traj_opt/flatness/v_eps success: [0;0m0.0001
[0;32m Load param traj_opt/switch/save_log_en success: [0;0m0
[0;32m Load param traj_opt/exp_traj/pos_constraint_type success: [0;0m1
[0;33m Load param traj_opt/exp_traj/piece_num failed, use default value: [0;0m1
[0;33m Load param traj_opt/exp_traj/uniform_time_en failed, use default value: [0;0m0
[0;32m Load param traj_opt/exp_traj/block_energy_cost success: [0;0m0
[0;32m Load param traj_opt/exp_traj/opt_accuracy success: [0;0m5e-06
[0;32m Load param traj_opt/exp_traj/integral_reso success: [0;0m15
[0;32m Load param traj_opt/exp_traj/smooth_eps success: [0;0m0.01
[0;32m Load param traj_opt/exp_traj/convex_hull_en success: [0;0m1
[0;32m Load param traj_opt/exp_traj/convex_hull_basis success: [0;0m0
[0;32m Load param traj_opt/exp_traj/convex_hull_subdivision_depth success: [0;0m2
[0;32m Load param traj_opt/exp_traj/convex_hull_cost_version success: [0;0m2
[0;32m Load param traj_opt/exp_traj/convex_hull_alm_en success: [0;0m0
[0;32m Load param traj_opt/exp_traj/convex_hull_alm_warm_start_en success: [0;0m1
[0;32m Load param traj_opt/exp_traj/convex_hull_alm_warm_start_accuracy success: [0;0m0.001
[0;32m Load param traj_opt/exp_traj/convex_hull_alm_active_set_en success: [0;0m0
[0;32m Load param traj_opt/exp_traj/convex_hull_alm_active_set_margin success: [0;0m0.05
[0;32m Load param traj_opt/exp_traj/convex_hull_adaptive_en success: [0;0m1
[0;32m Load param traj_opt/exp_traj/convex_hull_refine_derivative_constraints success: [0;0m0
[0;32m Load param traj_opt/exp_traj/convex_hull_alm_max_outer_iterations success: [0;0m8
[0;32m Load param traj_opt/exp_traj/convex_hull_refine_margin success: [0;0m0.05
[0;32m Load param traj_opt/exp_traj/convex_hull_derivative_refine_margin success: [0;0m0.05
[0;32m Load param traj_opt/exp_traj/convex_hull_alm_position_scale success: [0;0m0.25
[0;32m Load param traj_opt/exp_traj/convex_hull_alm_initial_penalty success: [0;0m300000
[0;32m Load param traj_opt/exp_traj/convex_hull_alm_penalty_growth success: [0;0m5
[0;32m Load param traj_opt/exp_traj/convex_hull_alm_progress_ratio success: [0;0m0.5
[0;32m Load param traj_opt/exp_traj/convex_hull_alm_constraint_tolerance success: [0;0m0.01
[0;32m Load param traj_opt/exp_traj/convex_hull_alm_require_certification success: [0;0m1
[0;33m Load param traj_opt/exp_traj/init_profile_vel_ratio failed, use default value: [0;0m0.65
[0;33m Load param traj_opt/exp_traj/init_duration_scale failed, use default value: [0;0m1.25
[0;33m Load param traj_opt/exp_traj/terminal_vel_ratio failed, use default value: [0;0m0
[0;32m Load param traj_opt/exp_traj/igo/enable success: [0;0m1
[0;32m Load param traj_opt/exp_traj/igo/fallback_to_legacy success: [0;0m1
[0;32m Load param traj_opt/exp_traj/igo/antithetic success: [0;0m1
[0;32m Load param traj_opt/exp_traj/igo/unknown_as_occupied success: [0;0m0
[0;32m Load param traj_opt/exp_traj/igo/population success: [0;0m48
[0;32m Load param traj_opt/exp_traj/igo/generations success: [0;0m15
[0;32m Load param traj_opt/exp_traj/igo/threads success: [0;0m4
[0;32m Load param traj_opt/exp_traj/igo/seed success: [0;0m7
[0;32m Load param traj_opt/exp_traj/igo/hull_subdivision_depth success: [0;0m1
[0;32m Load param traj_opt/exp_traj/igo/no_feasible_expand_generations success: [0;0m3
[0;32m Load param traj_opt/exp_traj/igo/snapshot_max_voxels success: [0;0m1000000
[0;32m Load param traj_opt/exp_traj/igo/elite_ratio success: [0;0m0.25
[0;32m Load param traj_opt/exp_traj/igo/mean_learning_rate success: [0;0m0.8
[0;32m Load param traj_opt/exp_traj/igo/covariance_learning_rate success: [0;0m0.2
[0;32m Load param traj_opt/exp_traj/igo/initial_sigma success: [0;0m0.65
[0;32m Load param traj_opt/exp_traj/igo/min_eigenvalue success: [0;0m1e-06
[0;32m Load param traj_opt/exp_traj/igo/max_condition_number success: [0;0m1e+06
[0;32m Load param traj_opt/exp_traj/igo/covariance_expand_factor success: [0;0m1.6
[0;32m Load param traj_opt/exp_traj/igo/time_min_scale success: [0;0m0.45
[0;32m Load param traj_opt/exp_traj/igo/time_max_scale success: [0;0m2.75
[0;32m Load param traj_opt/exp_traj/igo/spatial_margin success: [0;0m0.02
[0;32m Load param traj_opt/exp_traj/igo/sample_dt success: [0;0m0.02
[0;32m Load param traj_opt/exp_traj/igo/sfc_tolerance success: [0;0m1e-06
[0;32m Load param traj_opt/exp_traj/igo/dynamic_tolerance success: [0;0m0.02
[0;32m Load param traj_opt/exp_traj/igo/energy_weight success: [0;0m0.01
[0;32m Load param traj_opt/exp_traj/igo/guide_weight success: [0;0m0.05
[0;32m Load param traj_opt/exp_traj/igo/unknown_weight success: [0;0m0.02
[0;32m Load param traj_opt/exp_traj/igo/replan_budget_ratio success: [0;0m0.45
[0;32m Load param traj_opt/exp_traj/igo/plan_from_rest_budget success: [0;0m0.2
[0;32m Load param traj_opt/boundary/max_vel success: [0;0m15
[0;32m Load param traj_opt/boundary/max_acc success: [0;0m20
[0;32m Load param traj_opt/boundary/max_jerk success: [0;0m120
[0;32m Load param traj_opt/boundary/max_omg success: [0;0m3.5
[0;32m Load param traj_opt/boundary/max_acc_thr success: [0;0m22
[0;32m Load param traj_opt/boundary/min_acc_thr success: [0;0m6
[0;32m Load param traj_opt/boundary/penna_margin success: [0;0m0.05
[0;33m Load param traj_opt/exp_traj/penna_scale failed, use default value: [0;0m-1
[0;32m Load param traj_opt/exp_traj/penna_t success: [0;0m200000
[0;33m Load param traj_opt/exp_traj/penna_ts failed, use default value: [0;0m-1
[0;32m Load param traj_opt/exp_traj/penna_pos success: [0;0m5e+07
[0;32m Load param traj_opt/exp_traj/penna_vel success: [0;0m1e+07
[0;32m Load param traj_opt/exp_traj/penna_acc success: [0;0m1e+07
[0;32m Load param traj_opt/exp_traj/penna_jerk success: [0;0m-100000
[0;32m Load param traj_opt/exp_traj/penna_attract success: [0;0m1000
[0;32m Load param traj_opt/exp_traj/penna_guide_path success: [0;0m0
[0;33m Load param traj_opt/exp_traj/penna_guide_vel failed, use default value: [0;0m-1
[0;32m Load param traj_opt/exp_traj/penna_guide_z_tube success: [0;0m1e+07
[0;32m Load param traj_opt/exp_traj/guide_z_tube_radius success: [0;0m0
[0;32m Load param traj_opt/exp_traj/guide_path_tube_radius success: [0;0m0.05
[0;32m Load param traj_opt/exp_traj/guide_path_z_tube_radius success: [0;0m0.05
[0;32m Load param traj_opt/exp_traj/guide_path_huber_delta success: [0;0m0.4
[0;32m Load param traj_opt/exp_traj/guide_path_time_gradient_en success: [0;0m0
[0;32m Load param traj_opt/exp_traj/penna_omg success: [0;0m5e+06
[0;32m Load param traj_opt/exp_traj/penna_thr success: [0;0m2e+06
Load config file: /root/ws/real_planner/src/General-Planner/src/Planner/general_planner/config/click_real_highspeed.yaml
[0;32m Load param traj_opt/switch/print_optimizer_log success: [0;0m0
[0;32m Load param traj_opt/flatness/mass success: [0;0m1.64
[0;32m Load param traj_opt/flatness/dh success: [0;0m0.35
[0;32m Load param traj_opt/flatness/dv success: [0;0m0.35
[0;32m Load param traj_opt/flatness/grav success: [0;0m9.81
[0;32m Load param traj_opt/flatness/cp success: [0;0m0.001
[0;32m Load param traj_opt/flatness/v_eps success: [0;0m0.0001
[0;32m Load param traj_opt/switch/save_log_en success: [0;0m0
[0;32m Load param traj_opt/backup_traj/pos_constraint_type success: [0;0m1
[0;32m Load param traj_opt/backup_traj/piece_num success: [0;0m2
[0;32m Load param traj_opt/backup_traj/uniform_time_en success: [0;0m1
[0;32m Load param traj_opt/backup_traj/block_energy_cost success: [0;0m0
[0;32m Load param traj_opt/backup_traj/opt_accuracy success: [0;0m1e-06
[0;32m Load param traj_opt/backup_traj/integral_reso success: [0;0m12
[0;32m Load param traj_opt/backup_traj/smooth_eps success: [0;0m0.01
Failed to find match for field 'intensity'.
[0;33m Load param traj_opt/backup_traj/convex_hull_en failed, use default value: [0;0m0
[0;33m Load param traj_opt/backup_traj/convex_hull_basis failed, use default value: [0;0m0
[0;33m Load param traj_opt/backup_traj/convex_hull_subdivision_depth failed, use default value: [0;0m0
[0;33m Load param traj_opt/backup_traj/convex_hull_cost_version failed, use default value: [0;0m1
[0;33m Load param traj_opt/backup_traj/convex_hull_alm_en failed, use default value: [0;0m0
[0;33m Load param traj_opt/backup_traj/convex_hull_alm_warm_start_en failed, use default value: [0;0m1
[0;33m Load param traj_opt/backup_traj/convex_hull_alm_warm_start_accuracy failed, use default value: [0;0m0.001
[33m[WARN] [1784709563.658897457]: PerfectDrone is waiting for the first odometry snapshot before rendering[0m
[0;33m Load param traj_opt/backup_traj/convex_hull_alm_active_set_en failed, use default value: [0;0m0
[0;33m Load param traj_opt/backup_traj/convex_hull_alm_active_set_margin failed, use default value: [0;0m0.05
[0;33m Load param traj_opt/backup_traj/convex_hull_adaptive_en failed, use default value: [0;0m1
[0;33m Load param traj_opt/backup_traj/convex_hull_refine_derivative_constraints failed, use default value: [0;0m0
[0;33m Load param traj_opt/backup_traj/convex_hull_alm_max_outer_iterations failed, use default value: [0;0m4
[0;33m Load param traj_opt/backup_traj/convex_hull_refine_margin failed, use default value: [0;0m0.05
[0;33m Load param traj_opt/backup_traj/convex_hull_derivative_refine_margin failed, use default value: [0;0m0.05
[0;33m Load param traj_opt/backup_traj/convex_hull_alm_position_scale failed, use default value: [0;0m0.25
[0;33m Load param traj_opt/backup_traj/convex_hull_alm_initial_penalty failed, use default value: [0;0m300000
[0;33m Load param traj_opt/backup_traj/convex_hull_alm_penalty_growth failed, use default value: [0;0m5
[0;33m Load param traj_opt/backup_traj/convex_hull_alm_progress_ratio failed, use default value: [0;0m0.5
[0;33m Load param traj_opt/backup_traj/convex_hull_alm_constraint_tolerance failed, use default value: [0;0m0.01
[0;33m Load param traj_opt/backup_traj/convex_hull_alm_require_certification failed, use default value: [0;0m1
[0;33m Load param traj_opt/backup_traj/init_profile_vel_ratio failed, use default value: [0;0m0.65
[0;33m Load param traj_opt/backup_traj/init_duration_scale failed, use default value: [0;0m1.25
[0;33m Load param traj_opt/backup_traj/terminal_vel_ratio failed, use default value: [0;0m0
[0;33m Load param traj_opt/backup_traj/igo/enable failed, use default value: [0;0m0
[0;33m Load param traj_opt/backup_traj/igo/fallback_to_legacy failed, use default value: [0;0m1
[0;33m Load param traj_opt/backup_traj/igo/antithetic failed, use default value: [0;0m1
[0;33m Load param traj_opt/backup_traj/igo/unknown_as_occupied failed, use default value: [0;0m1
[0;33m Load param traj_opt/backup_traj/igo/population failed, use default value: [0;0m24
[0;33m Load param traj_opt/backup_traj/igo/generations failed, use default value: [0;0m5
[0;33m Load param traj_opt/backup_traj/igo/threads failed, use default value: [0;0m4
[0;33m Load param traj_opt/backup_traj/igo/seed failed, use default value: [0;0m7
[0;33m Load param traj_opt/backup_traj/igo/hull_subdivision_depth failed, use default value: [0;0m1
[0;33m Load param traj_opt/backup_traj/igo/no_feasible_expand_generations failed, use default value: [0;0m3
[0;33m Load param traj_opt/backup_traj/igo/snapshot_max_voxels failed, use default value: [0;0m1000000
[0;33m Load param traj_opt/backup_traj/igo/elite_ratio failed, use default value: [0;0m0.25
[0;33m Load param traj_opt/backup_traj/igo/mean_learning_rate failed, use default value: [0;0m0.8
[0;33m Load param traj_opt/backup_traj/igo/covariance_learning_rate failed, use default value: [0;0m0.2
[0;33m Load param traj_opt/backup_traj/igo/initial_sigma failed, use default value: [0;0m0.65
[0;33m Load param traj_opt/backup_traj/igo/min_eigenvalue failed, use default value: [0;0m1e-06
[0;33m Load param traj_opt/backup_traj/igo/max_condition_number failed, use default value: [0;0m1e+06
[0;33m Load param traj_opt/backup_traj/igo/covariance_expand_factor failed, use default value: [0;0m1.6
[0;33m Load param traj_opt/backup_traj/igo/time_min_scale failed, use default value: [0;0m0.45
[0;33m Load param traj_opt/backup_traj/igo/time_max_scale failed, use default value: [0;0m2.75
[0;33m Load param traj_opt/backup_traj/igo/spatial_margin failed, use default value: [0;0m0.02
[0;33m Load param traj_opt/backup_traj/igo/sample_dt failed, use default value: [0;0m0.03
[0;33m Load param traj_opt/backup_traj/igo/sfc_tolerance failed, use default value: [0;0m1e-06
[0;33m Load param traj_opt/backup_traj/igo/dynamic_tolerance failed, use default value: [0;0m0.02
[0;33m Load param traj_opt/backup_traj/igo/energy_weight failed, use default value: [0;0m0.01
[0;33m Load param traj_opt/backup_traj/igo/guide_weight failed, use default value: [0;0m0.05
[0;33m Load param traj_opt/backup_traj/igo/unknown_weight failed, use default value: [0;0m0.02
[0;33m Load param traj_opt/backup_traj/igo/replan_budget_ratio failed, use default value: [0;0m0.45
[0;33m Load param traj_opt/backup_traj/igo/plan_from_rest_budget failed, use default value: [0;0m0.15
[0;32m Load param traj_opt/boundary/max_vel success: [0;0m15
[0;32m Load param traj_opt/boundary/max_acc success: [0;0m20
[0;32m Load param traj_opt/boundary/max_jerk success: [0;0m120
[0;32m Load param traj_opt/boundary/max_omg success: [0;0m3.5
[0;32m Load param traj_opt/boundary/max_acc_thr success: [0;0m22
[0;32m Load param traj_opt/boundary/min_acc_thr success: [0;0m6
[0;32m Load param traj_opt/boundary/penna_margin success: [0;0m0.05
[0;33m Load param traj_opt/backup_traj/penna_scale failed, use default value: [0;0m-1
[0;32m Load param traj_opt/backup_traj/penna_t success: [0;0m50000
[0;32m Load param traj_opt/backup_traj/penna_ts success: [0;0m1e+06
[0;32m Load param traj_opt/backup_traj/penna_pos success: [0;0m1e+08
[0;32m Load param traj_opt/backup_traj/penna_vel success: [0;0m1e+07
[0;32m Load param traj_opt/backup_traj/penna_acc success: [0;0m1e+07
[0;32m Load param traj_opt/backup_traj/penna_jerk success: [0;0m-1e+07
[0;33m Load param traj_opt/backup_traj/penna_attract failed, use default value: [0;0m-1
[0;33m Load param traj_opt/backup_traj/penna_guide_path failed, use default value: [0;0m-1
[0;33m Load param traj_opt/backup_traj/penna_guide_vel failed, use default value: [0;0m-1
[0;32m Load param traj_opt/backup_traj/penna_guide_z_tube success: [0;0m5e+06
[0;32m Load param traj_opt/backup_traj/guide_z_tube_radius success: [0;0m0
[0;33m Load param traj_opt/backup_traj/guide_path_tube_radius failed, use default value: [0;0m0.25
[0;33m Load param traj_opt/backup_traj/guide_path_z_tube_radius failed, use default value: [0;0m0.1
[0;33m Load param traj_opt/backup_traj/guide_path_huber_delta failed, use default value: [0;0m0.25
[0;33m Load param traj_opt/backup_traj/guide_path_time_gradient_en failed, use default value: [0;0m0
[0;32m Load param traj_opt/backup_traj/penna_omg success: [0;0m5e+06
[0;32m Load param traj_opt/backup_traj/penna_thr success: [0;0m2e+06
Load config file: /root/ws/real_planner/src/General-Planner/src/Planner/general_planner/config/click_real_highspeed.yaml
[0;32m Load param traj_opt/switch/print_optimizer_log success: [0;0m0
[0;32m Load param traj_opt/flatness/mass success: [0;0m1.64
[0;32m Load param traj_opt/flatness/dh success: [0;0m0.35
[0;32m Load param traj_opt/flatness/dv success: [0;0m0.35
[0;32m Load param traj_opt/flatness/grav success: [0;0m9.81
[0;32m Load param traj_opt/flatness/cp success: [0;0m0.001
[0;32m Load param traj_opt/flatness/v_eps success: [0;0m0.0001
[0;32m Load param traj_opt/switch/save_log_en success: [0;0m0
[0;33m Load param traj_opt/esdf_traj/pos_constraint_type failed, use default value: [0;0m2
[0;33m Load param traj_opt/esdf_traj/piece_num failed, use default value: [0;0m1
[0;33m Load param traj_opt/esdf_traj/uniform_time_en failed, use default value: [0;0m0
[0;32m Load param traj_opt/esdf_traj/block_energy_cost success: [0;0m0
[0;32m Load param traj_opt/esdf_traj/opt_accuracy success: [0;0m5e-06
[0;32m Load param traj_opt/esdf_traj/integral_reso success: [0;0m15
[0;32m Load param traj_opt/esdf_traj/smooth_eps success: [0;0m0.01
[0;33m Load param traj_opt/esdf_traj/convex_hull_en failed, use default value: [0;0m0
[0;33m Load param traj_opt/esdf_traj/convex_hull_basis failed, use default value: [0;0m0
[0;33m Load param traj_opt/esdf_traj/convex_hull_subdivision_depth failed, use default value: [0;0m0
[0;33m Load param traj_opt/esdf_traj/convex_hull_cost_version failed, use default value: [0;0m1
[0;33m Load param traj_opt/esdf_traj/convex_hull_alm_en failed, use default value: [0;0m0
[0;33m Load param traj_opt/esdf_traj/convex_hull_alm_warm_start_en failed, use default value: [0;0m1
[0;33m Load param traj_opt/esdf_traj/convex_hull_alm_warm_start_accuracy failed, use default value: [0;0m0.001
[0;33m Load param traj_opt/esdf_traj/convex_hull_alm_active_set_en failed, use default value: [0;0m0
[0;33m Load param traj_opt/esdf_traj/convex_hull_alm_active_set_margin failed, use default value: [0;0m0.05
[0;33m Load param traj_opt/esdf_traj/convex_hull_adaptive_en failed, use default value: [0;0m1
[0;33m Load param traj_opt/esdf_traj/convex_hull_refine_derivative_constraints failed, use default value: [0;0m0
[0;33m Load param traj_opt/esdf_traj/convex_hull_alm_max_outer_iterations failed, use default value: [0;0m4
[0;33m Load param traj_opt/esdf_traj/convex_hull_refine_margin failed, use default value: [0;0m0.05
[0;33m Load param traj_opt/esdf_traj/convex_hull_derivative_refine_margin failed, use default value: [0;0m0.05
[0;33m Load param traj_opt/esdf_traj/convex_hull_alm_position_scale failed, use default value: [0;0m0.25
[0;33m Load param traj_opt/esdf_traj/convex_hull_alm_initial_penalty failed, use default value: [0;0m300000
[0;33m Load param traj_opt/esdf_traj/convex_hull_alm_penalty_growth failed, use default value: [0;0m5
[0;33m Load param traj_opt/esdf_traj/convex_hull_alm_progress_ratio failed, use default value: [0;0m0.5
[0;33m Load param traj_opt/esdf_traj/convex_hull_alm_constraint_tolerance failed, use default value: [0;0m0.01
[0;33m Load param traj_opt/esdf_traj/convex_hull_alm_require_certification failed, use default value: [0;0m1
[0;33m Load param traj_opt/esdf_traj/init_profile_vel_ratio failed, use default value: [0;0m0.65
[0;33m Load param traj_opt/esdf_traj/init_duration_scale failed, use default value: [0;0m1.25
[0;33m Load param traj_opt/esdf_traj/terminal_vel_ratio failed, use default value: [0;0m0
[0;33m Load param traj_opt/esdf_traj/igo/enable failed, use default value: [0;0m0
[0;33m Load param traj_opt/esdf_traj/igo/fallback_to_legacy failed, use default value: [0;0m1
[0;33m Load param traj_opt/esdf_traj/igo/antithetic failed, use default value: [0;0m1
[0;33m Load param traj_opt/esdf_traj/igo/unknown_as_occupied failed, use default value: [0;0m1
[0;33m Load param traj_opt/esdf_traj/igo/population failed, use default value: [0;0m24
[0;33m Load param traj_opt/esdf_traj/igo/generations failed, use default value: [0;0m5
[0;33m Load param traj_opt/esdf_traj/igo/threads failed, use default value: [0;0m4
[0;33m Load param traj_opt/esdf_traj/igo/seed failed, use default value: [0;0m7
[0;33m Load param traj_opt/esdf_traj/igo/hull_subdivision_depth failed, use default value: [0;0m1
[0;33m Load param traj_opt/esdf_traj/igo/no_feasible_expand_generations failed, use default value: [0;0m3
[0;33m Load param traj_opt/esdf_traj/igo/snapshot_max_voxels failed, use default value: [0;0m1000000
[0;33m Load param traj_opt/esdf_traj/igo/elite_ratio failed, use default value: [0;0m0.25
[0;33m Load param traj_opt/esdf_traj/igo/mean_learning_rate failed, use default value: [0;0m0.8
[0;33m Load param traj_opt/esdf_traj/igo/covariance_learning_rate failed, use default value: [0;0m0.2
[0;33m Load param traj_opt/esdf_traj/igo/initial_sigma failed, use default value: [0;0m0.65
[0;33m Load param traj_opt/esdf_traj/igo/min_eigenvalue failed, use default value: [0;0m1e-06
[0;33m Load param traj_opt/esdf_traj/igo/max_condition_number failed, use default value: [0;0m1e+06
[0;33m Load param traj_opt/esdf_traj/igo/covariance_expand_factor failed, use default value: [0;0m1.6
[0;33m Load param traj_opt/esdf_traj/igo/time_min_scale failed, use default value: [0;0m0.45
[0;33m Load param traj_opt/esdf_traj/igo/time_max_scale failed, use default value: [0;0m2.75
[0;33m Load param traj_opt/esdf_traj/igo/spatial_margin failed, use default value: [0;0m0.02
[0;33m Load param traj_opt/esdf_traj/igo/sample_dt failed, use default value: [0;0m0.03
[0;33m Load param traj_opt/esdf_traj/igo/sfc_tolerance failed, use default value: [0;0m1e-06
[0;33m Load param traj_opt/esdf_traj/igo/dynamic_tolerance failed, use default value: [0;0m0.02
[0;33m Load param traj_opt/esdf_traj/igo/energy_weight failed, use default value: [0;0m0.01
[0;33m Load param traj_opt/esdf_traj/igo/guide_weight failed, use default value: [0;0m0.05
[0;33m Load param traj_opt/esdf_traj/igo/unknown_weight failed, use default value: [0;0m0.02
[0;33m Load param traj_opt/esdf_traj/igo/replan_budget_ratio failed, use default value: [0;0m0.45
[0;33m Load param traj_opt/esdf_traj/igo/plan_from_rest_budget failed, use default value: [0;0m0.15
[0;32m Load param traj_opt/boundary/max_vel success: [0;0m15
[0;32m Load param traj_opt/boundary/max_acc success: [0;0m20
[0;32m Load param traj_opt/boundary/max_jerk success: [0;0m120
[0;32m Load param traj_opt/boundary/max_omg success: [0;0m3.5
[0;32m Load param traj_opt/boundary/max_acc_thr success: [0;0m22
[0;32m Load param traj_opt/boundary/min_acc_thr success: [0;0m6
[0;32m Load param traj_opt/boundary/penna_margin success: [0;0m0.05
[0;33m Load param traj_opt/esdf_traj/penna_scale failed, use default value: [0;0m-1
[0;32m Load param traj_opt/esdf_traj/penna_t success: [0;0m12000
[0;33m Load param traj_opt/esdf_traj/penna_ts failed, use default value: [0;0m-1
[0;32m Load param traj_opt/esdf_traj/penna_pos success: [0;0m5e+06
[0;32m Load param traj_opt/esdf_traj/penna_vel success: [0;0m500000
[0;32m Load param traj_opt/esdf_traj/penna_acc success: [0;0m500000
[0;32m Load param traj_opt/esdf_traj/penna_jerk success: [0;0m500000
[0;33m Load param traj_opt/esdf_traj/penna_attract failed, use default value: [0;0m-1
[0;33m Load param traj_opt/esdf_traj/penna_guide_path failed, use default value: [0;0m-1
[0;33m Load param traj_opt/esdf_traj/penna_guide_vel failed, use default value: [0;0m-1
[0;33m Load param traj_opt/esdf_traj/penna_guide_z_tube failed, use default value: [0;0m-1
[0;33m Load param traj_opt/esdf_traj/guide_z_tube_radius failed, use default value: [0;0m-1
[0;33m Load param traj_opt/esdf_traj/guide_path_tube_radius failed, use default value: [0;0m0.25
[0;33m Load param traj_opt/esdf_traj/guide_path_z_tube_radius failed, use default value: [0;0m0.1
[0;33m Load param traj_opt/esdf_traj/guide_path_huber_delta failed, use default value: [0;0m0.25
[0;33m Load param traj_opt/esdf_traj/guide_path_time_gradient_en failed, use default value: [0;0m0
[0;32m Load param traj_opt/esdf_traj/penna_omg success: [0;0m500000
[0;32m Load param traj_opt/esdf_traj/penna_thr success: [0;0m100000
Load config file: /root/ws/real_planner/src/General-Planner/src/Planner/general_planner/config/click_real_highspeed.yaml
[0;32m Load param traj_opt/switch/print_optimizer_log success: [0;0m0
[0;32m Load param traj_opt/flatness/mass success: [0;0m1.64
[0;32m Load param traj_opt/flatness/dh success: [0;0m0.35
[0;32m Load param traj_opt/flatness/dv success: [0;0m0.35
[0;32m Load param traj_opt/flatness/grav success: [0;0m9.81
[0;32m Load param traj_opt/flatness/cp success: [0;0m0.001
[0;32m Load param traj_opt/flatness/v_eps success: [0;0m0.0001
[0;32m Load param traj_opt/switch/save_log_en success: [0;0m0
[0;33m Load param traj_opt/plain_traj/pos_constraint_type failed, use default value: [0;0m2
[0;33m Load param traj_opt/plain_traj/piece_num failed, use default value: [0;0m1
[0;33m Load param traj_opt/plain_traj/uniform_time_en failed, use default value: [0;0m0
[0;33m Load param traj_opt/plain_traj/block_energy_cost failed, use default value: [0;0m0
[0;33m Load param traj_opt/plain_traj/opt_accuracy failed, use default value: [0;0m1e-05
[0;33m Load param traj_opt/plain_traj/integral_reso failed, use default value: [0;0m10
[0;33m Load param traj_opt/plain_traj/smooth_eps failed, use default value: [0;0m0.01
[0;33m Load param traj_opt/plain_traj/convex_hull_en failed, use default value: [0;0m0
[0;33m Load param traj_opt/plain_traj/convex_hull_basis failed, use default value: [0;0m0
[0;33m Load param traj_opt/plain_traj/convex_hull_subdivision_depth failed, use default value: [0;0m0
[0;33m Load param traj_opt/plain_traj/convex_hull_cost_version failed, use default value: [0;0m1
[0;33m Load param traj_opt/plain_traj/convex_hull_alm_en failed, use default value: [0;0m0
[0;33m Load param traj_opt/plain_traj/convex_hull_alm_warm_start_en failed, use default value: [0;0m1
[0;33m Load param traj_opt/plain_traj/convex_hull_alm_warm_start_accuracy failed, use default value: [0;0m0.001
[0;33m Load param traj_opt/plain_traj/convex_hull_alm_active_set_en failed, use default value: [0;0m0
[0;33m Load param traj_opt/plain_traj/convex_hull_alm_active_set_margin failed, use default value: [0;0m0.05
[0;33m Load param traj_opt/plain_traj/convex_hull_adaptive_en failed, use default value: [0;0m1
[0;33m Load param traj_opt/plain_traj/convex_hull_refine_derivative_constraints failed, use default value: [0;0m0
[0;33m Load param traj_opt/plain_traj/convex_hull_alm_max_outer_iterations failed, use default value: [0;0m4
[0;33m Load param traj_opt/plain_traj/convex_hull_refine_margin failed, use default value: [0;0m0.05
[0;33m Load param traj_opt/plain_traj/convex_hull_derivative_refine_margin failed, use default value: [0;0m0.05
[0;33m Load param traj_opt/plain_traj/convex_hull_alm_position_scale failed, use default value: [0;0m0.25
[0;33m Load param traj_opt/plain_traj/convex_hull_alm_initial_penalty failed, use default value: [0;0m300000
[0;33m Load param traj_opt/plain_traj/convex_hull_alm_penalty_growth failed, use default value: [0;0m5
[0;33m Load param traj_opt/plain_traj/convex_hull_alm_progress_ratio failed, use default value: [0;0m0.5
[0;33m Load param traj_opt/plain_traj/convex_hull_alm_constraint_tolerance failed, use default value: [0;0m0.01
[0;33m Load param traj_opt/plain_traj/convex_hull_alm_require_certification failed, use default value: [0;0m1
[0;33m Load param traj_opt/plain_traj/init_profile_vel_ratio failed, use default value: [0;0m0.65
[0;33m Load param traj_opt/plain_traj/init_duration_scale failed, use default value: [0;0m1.25
[0;33m Load param traj_opt/plain_traj/terminal_vel_ratio failed, use default value: [0;0m0
[0;33m Load param traj_opt/plain_traj/igo/enable failed, use default value: [0;0m0
[0;33m Load param traj_opt/plain_traj/igo/fallback_to_legacy failed, use default value: [0;0m1
[0;33m Load param traj_opt/plain_traj/igo/antithetic failed, use default value: [0;0m1
[0;33m Load param traj_opt/plain_traj/igo/unknown_as_occupied failed, use default value: [0;0m1
[0;33m Load param traj_opt/plain_traj/igo/population failed, use default value: [0;0m24
[0;33m Load param traj_opt/plain_traj/igo/generations failed, use default value: [0;0m5
[0;33m Load param traj_opt/plain_traj/igo/threads failed, use default value: [0;0m4
[0;33m Load param traj_opt/plain_traj/igo/seed failed, use default value: [0;0m7
[0;33m Load param traj_opt/plain_traj/igo/hull_subdivision_depth failed, use default value: [0;0m1
[0;33m Load param traj_opt/plain_traj/igo/no_feasible_expand_generations failed, use default value: [0;0m3
[0;33m Load param traj_opt/plain_traj/igo/snapshot_max_voxels failed, use default value: [0;0m1000000
[0;33m Load param traj_opt/plain_traj/igo/elite_ratio failed, use default value: [0;0m0.25
[0;33m Load param traj_opt/plain_traj/igo/mean_learning_rate failed, use default value: [0;0m0.8
[0;33m Load param traj_opt/plain_traj/igo/covariance_learning_rate failed, use default value: [0;0m0.2
[0;33m Load param traj_opt/plain_traj/igo/initial_sigma failed, use default value: [0;0m0.65
[0;33m Load param traj_opt/plain_traj/igo/min_eigenvalue failed, use default value: [0;0m1e-06
[0;33m Load param traj_opt/plain_traj/igo/max_condition_number failed, use default value: [0;0m1e+06
[0;33m Load param traj_opt/plain_traj/igo/covariance_expand_factor failed, use default value: [0;0m1.6
[0;33m Load param traj_opt/plain_traj/igo/time_min_scale failed, use default value: [0;0m0.45
[0;33m Load param traj_opt/plain_traj/igo/time_max_scale failed, use default value: [0;0m2.75
[0;33m Load param traj_opt/plain_traj/igo/spatial_margin failed, use default value: [0;0m0.02
[0;33m Load param traj_opt/plain_traj/igo/sample_dt failed, use default value: [0;0m0.03
[0;33m Load param traj_opt/plain_traj/igo/sfc_tolerance failed, use default value: [0;0m1e-06
[0;33m Load param traj_opt/plain_traj/igo/dynamic_tolerance failed, use default value: [0;0m0.02
[0;33m Load param traj_opt/plain_traj/igo/energy_weight failed, use default value: [0;0m0.01
[0;33m Load param traj_opt/plain_traj/igo/guide_weight failed, use default value: [0;0m0.05
[0;33m Load param traj_opt/plain_traj/igo/unknown_weight failed, use default value: [0;0m0.02
[0;33m Load param traj_opt/plain_traj/igo/replan_budget_ratio failed, use default value: [0;0m0.45
[0;33m Load param traj_opt/plain_traj/igo/plan_from_rest_budget failed, use default value: [0;0m0.15
[0;32m Load param traj_opt/boundary/max_vel success: [0;0m15
[0;32m Load param traj_opt/boundary/max_acc success: [0;0m20
[0;32m Load param traj_opt/boundary/max_jerk success: [0;0m120
[0;32m Load param traj_opt/boundary/max_omg success: [0;0m3.5
[0;32m Load param traj_opt/boundary/max_acc_thr success: [0;0m22
[0;32m Load param traj_opt/boundary/min_acc_thr success: [0;0m6
[0;32m Load param traj_opt/boundary/penna_margin success: [0;0m0.05
[0;33m Load param traj_opt/plain_traj/penna_scale failed, use default value: [0;0m-1
[0;33m Load param traj_opt/plain_traj/penna_t failed, use default value: [0;0m-1
[0;33m Load param traj_opt/plain_traj/penna_ts failed, use default value: [0;0m-1
[0;33m Load param traj_opt/plain_traj/penna_pos failed, use default value: [0;0m-1
[0;33m Load param traj_opt/plain_traj/penna_vel failed, use default value: [0;0m-1
[0;33m Load param traj_opt/plain_traj/penna_acc failed, use default value: [0;0m-1
[0;33m Load param traj_opt/plain_traj/penna_jerk failed, use default value: [0;0m-1
[0;33m Load param traj_opt/plain_traj/penna_attract failed, use default value: [0;0m-1
[0;33m Load param traj_opt/plain_traj/penna_guide_path failed, use default value: [0;0m-1
[0;33m Load param traj_opt/plain_traj/penna_guide_vel failed, use default value: [0;0m-1
[0;33m Load param traj_opt/plain_traj/penna_guide_z_tube failed, use default value: [0;0m-1
[0;33m Load param traj_opt/plain_traj/guide_z_tube_radius failed, use default value: [0;0m-1
[0;33m Load param traj_opt/plain_traj/guide_path_tube_radius failed, use default value: [0;0m0.25
[0;33m Load param traj_opt/plain_traj/guide_path_z_tube_radius failed, use default value: [0;0m0.1
[0;33m Load param traj_opt/plain_traj/guide_path_huber_delta failed, use default value: [0;0m0.25
[0;33m Load param traj_opt/plain_traj/guide_path_time_gradient_en failed, use default value: [0;0m0
[0;33m Load param traj_opt/plain_traj/penna_omg failed, use default value: [0;0m-1
[0;33m Load param traj_opt/plain_traj/penna_thr failed, use default value: [0;0m-1
[0;32m Load param general_planner/print_log success: [0;0m0
[0;32m Load param general_planner/detailed_log_en success: [0;0m0
[0;32m Load param general_planner/visualization_en success: [0;0m1
[0;32m Load param general_planner/backup_traj_en success: [0;0m1
[0;32m Load param general_planner/esdf_traj_en success: [0;0m0
[0;33m Load param general_planner/plain_traj_en failed, use default value: [0;0m0
[0;32m Load param general_planner/esdf_safe_distance success: [0;0m0.3
[0;32m Load param general_planner/goal_vel_en success: [0;0m0
[0;32m Load param general_planner/goal_yaw_en success: [0;0m0
[0;32m Load param general_planner/visual_process success: [0;0m0
[0;32m Load param general_planner/use_fov_cut success: [0;0m0
[0;32m Load param general_planner/frontend_in_known_free success: [0;0m0
[0;32m Load param general_planner/safe_corridor_line_max_length success: [0;0m15
[0;32m Load param general_planner/sensing_horizon success: [0;0m-1
[0;32m Load param general_planner/obs_skip_num success: [0;0m2
[0;32m Load param general_planner/replan_forward_dt success: [0;0m0.1
[0;32m Load param general_planner/corridor_bound_dis success: [0;0m2
[0;32m Load param general_planner/corridor_line_max_length success: [0;0m2
[0;32m Load param general_planner/planning_horizon success: [0;0m15
[0;32m Load param general_planner/receding_dis success: [0;0m8
[0;32m Load param general_planner/robot_r success: [0;0m0.2
[0;32m Load param general_planner/frontend_astar_time_out success: [0;0m0.35
[0;32m Load param general_planner/over_wall_search_en success: [0;0m1
[0;32m Load param general_planner/over_wall_max_climb success: [0;0m3
[0;32m Load param general_planner/over_wall_height_step success: [0;0m0.3
[0;32m Load param general_planner/over_wall_min_blocked_span success: [0;0m0.8
[0;32m Load param general_planner/over_wall_min_progress_gain success: [0;0m0.5
[0;32m Load param general_planner/over_wall_forward_ratio success: [0;0m0.9
[0;32m Load param general_planner/dynamic_obstacle_layer/enable success: [0;0m0
[0;32m Load param general_planner/dynamic_obstacle_layer/ttl success: [0;0m0.35
[0;32m Load param general_planner/dynamic_obstacle_layer/voxel_size success: [0;0m0.2
[0;32m Load param general_planner/dynamic_obstacle_layer/inflation_radius success: [0;0m0.4
[0;32m Load param general_planner/dynamic_obstacle_layer/line_check_step success: [0;0m0.05
[0;32m Load param general_planner/dynamic_obstacle_layer/max_points_per_frame success: [0;0m30000
[0;32m Load param general_planner/dynamic_obstacle_layer/local_half_size success: [0;0m[12 12 3 ]
[0;32m Load param general_planner/state2state/direct_line_frontend_enable success: [0;0m1
[0;32m Load param general_planner/state2state/altitude_guard_enable success: [0;0m1
[0;32m Load param general_planner/state2state/altitude_band success: [0;0m0.25
[0;32m Load param general_planner/state2state/altitude_escape_enable success: [0;0m1
[0;32m Load param general_planner/state2state/altitude_escape_band success: [0;0m3.5
[0;32m Load param general_planner/state2state/over_goal_guard_enable success: [0;0m1
[0;32m Load param general_planner/state2state/over_goal_tolerance success: [0;0m0.25
[0;32m Load param general_planner/state2state/near_goal_radius success: [0;0m2
[0;32m Load param general_planner/state2state/accept_exp_without_backup_near_goal success: [0;0m1
[0;32m Load param general_planner/unknown_goal_reveal_en success: [0;0m1
[0;32m Load param general_planner/iris_iter_num success: [0;0m2
[0;32m Load param general_planner/ellipsoid_optimizer success: [0;0mclassic
[0;32m Load param general_planner/ellipsoid_optimizer_fallback success: [0;0m0
[0;32m Load param general_planner/yaw_mode success: [0;0m1
[0;32m Load param general_planner/mpc_horizon success: [0;0m15
[0;32m Load param general_planner/yaw_dot_max success: [0;0m3
[0;33m Load param general_planner/se3_aggressive/enable failed, use default value: [0;0m1
[0;33m Load param general_planner/se3_aggressive/piece_num failed, use default value: [0;0m4
[0;33m Load param general_planner/se3_aggressive/reference_speed failed, use default value: [0;0m3
[0;33m Load param general_planner/se3_aggressive/min_duration failed, use default value: [0;0m0.5
[0;33m Load param general_planner/se3_aggressive/max_duration failed, use default value: [0;0m8
[0;33m Load param general_planner/se3_aggressive/horiz_half_len failed, use default value: [0;0m0.35
[0;33m Load param general_planner/se3_aggressive/vert_half_len failed, use default value: [0;0m0.12
[0;33m Load param general_planner/se3_aggressive/safe_margin failed, use default value: [0;0m0.05
[0;33m Load param general_planner/se3_aggressive/max_vel failed, use default value: [0;0m8
[0;33m Load param general_planner/se3_aggressive/thrust_acc_min failed, use default value: [0;0m4
[0;33m Load param general_planner/se3_aggressive/thrust_acc_max failed, use default value: [0;0m20
[0;33m Load param general_planner/se3_aggressive/body_rate_max failed, use default value: [0;0m5
[0;33m Load param general_planner/se3_aggressive/yaw_rate_max failed, use default value: [0;0m3
[0;33m Load param general_planner/se3_aggressive/weight_time failed, use default value: [0;0m10
[0;33m Load param general_planner/se3_aggressive/weight_corridor failed, use default value: [0;0m10000
[0;33m Load param general_planner/se3_aggressive/weight_vel failed, use default value: [0;0m1000
[0;33m Load param general_planner/se3_aggressive/weight_thrust failed, use default value: [0;0m1000
[0;33m Load param general_planner/se3_aggressive/weight_body_rate failed, use default value: [0;0m1000
[0;33m Load param general_planner/se3_aggressive/use_yaw failed, use default value: [0;0m0
[0;33m Load param general_planner/se3_aggressive/yaw_heading_to_velocity failed, use default value: [0;0m1
[0;33m Load param general_planner/se3_aggressive/use_corridor failed, use default value: [0;0m1
[0;33m Load param general_planner/se3_aggressive/runtime_check_enable failed, use default value: [0;0m1
[0;33m Load param general_planner/se3_aggressive/use_numeric_shape_gradient failed, use default value: [0;0m1
[0;33m Load param general_planner/tracking/distance failed, use default value: [0;0m2.2
[0;33m Load param general_planner/tracking/distance_tolerance failed, use default value: [0;0m0.8
[0;33m Load param general_planner/tracking/distance_lower_tolerance failed, use default value: [0;0m0.8
[0;33m Load param general_planner/tracking/distance_upper_tolerance failed, use default value: [0;0m0.8
[0;33m Load param general_planner/tracking/height_offset failed, use default value: [0;0m0.7
[0;33m Load param general_planner/tracking/height_tolerance failed, use default value: [0;0m0.6
[0;33m Load param general_planner/tracking/safe_distance failed, use default value: [0;0m0.35
[0;33m Load param general_planner/tracking/hard_safe_distance failed, use default value: [0;0m0.22
[0;33m Load param general_planner/tracking/narrow_passage_enable failed, use default value: [0;0m1
[0;33m Load param general_planner/tracking/narrow_passage_clearance_threshold failed, use default value: [0;0m0.38
[0;33m Load param general_planner/tracking/narrow_passage_soft_safe_distance_scale failed, use default value: [0;0m0.65
[0;33m Load param general_planner/tracking/visibility_safe_distance failed, use default value: [0;0m0.25
[0;33m Load param general_planner/tracking/visibility_cone_ratio failed, use default value: [0;0m0.12
[0;33m Load param general_planner/tracking/visibility_angle_clearance failed, use default value: [0;0m0.0872665
[0;33m Load param general_planner/tracking/adaptive_occlusion_enable failed, use default value: [0;0m1
[0;33m Load param general_planner/tracking/adaptive_occlusion_activation_distance failed, use default value: [0;0m0.25
[0;33m Load param general_planner/tracking/adaptive_occlusion_max_weight_scale failed, use default value: [0;0m12
[0;33m Load param general_planner/tracking/adaptive_occlusion_recovery_oe_scale failed, use default value: [0;0m8
[0;33m Load param general_planner/tracking/adaptive_occlusion_od_far_weight_scale failed, use default value: [0;0m4
[0;33m Load param general_planner/tracking/adaptive_occlusion_distance_upper_scale failed, use default value: [0;0m0.65
[0;33m Load param general_planner/tracking/adaptive_occlusion_min_horizontal_upper failed, use default value: [0;0m0.85
[0;33m Load param general_planner/tracking/adaptive_occlusion_postcheck_enable failed, use default value: [0;0m1
[0;33m Load param general_planner/tracking/reacquire_distance failed, use default value: [0;0m6
[0;33m Load param general_planner/tracking/min_commit_duration failed, use default value: [0;0m0.8
[0;33m Load param general_planner/tracking/low_speed_velocity_threshold failed, use default value: [0;0m0.25
[0;33m Load param general_planner/tracking/angular_hysteresis failed, use default value: [0;0m0.35
[0;33m Load param general_planner/tracking/runtime_manager_enable failed, use default value: [0;0m1
[0;33m Load param general_planner/tracking/anti_rollback_enable failed, use default value: [0;0m1
[0;33m Load param general_planner/tracking/anti_rollback_horizon failed, use default value: [0;0m1
[0;33m Load param general_planner/tracking/anti_rollback_dt failed, use default value: [0;0m0.25
[0;33m Load param general_planner/tracking/anti_rollback_margin failed, use default value: [0;0m0.35
[0;33m Load param general_planner/tracking/keep_old_horizon failed, use default value: [0;0m1
[0;33m Load param general_planner/tracking/keep_old_safety_dt failed, use default value: [0;0m0.05
[0;33m Load param general_planner/tracking/keep_old_short_safety_grace_enable failed, use default value: [0;0m1
[0;33m Load param general_planner/tracking/keep_old_short_safety_grace_horizon failed, use default value: [0;0m0.25
[0;33m Load param general_planner/tracking/keep_old_min_remaining failed, use default value: [0;0m0.45
[0;33m Load param general_planner/tracking/keep_old_min_speed failed, use default value: [0;0m0.15
[0;33m Load param general_planner/tracking/keep_old_min_displacement failed, use default value: [0;0m0.04
[0;33m Load param general_planner/tracking/keep_old_min_progress_ratio failed, use default value: [0;0m0.1
[0;33m Load param general_planner/tracking/keep_old_max_tracking_error_scale failed, use default value: [0;0m1.25
[0;33m Load param general_planner/tracking/max_consecutive_keep_old failed, use default value: [0;0m2
[0;33m Load param general_planner/tracking/no_motion_guard_enable failed, use default value: [0;0m1
[0;33m Load param general_planner/tracking/no_motion_check_horizon failed, use default value: [0;0m0.35
[0;33m Load param general_planner/tracking/no_motion_min_displacement failed, use default value: [0;0m0.04
[0;33m Load param general_planner/tracking/motion_3d_enable failed, use default value: [0;0m1
[0;33m Load param general_planner/tracking/vertical_motion_threshold failed, use default value: [0;0m0.12
[0;33m Load param general_planner/tracking/no_motion_min_displacement_z failed, use default value: [0;0m0.04
[0;33m Load param general_planner/tracking/keep_old_min_progress_3d_ratio failed, use default value: [0;0m0.08
[0;33m Load param general_planner/tracking/no_motion_target_speed_threshold failed, use default value: [0;0m0.25
[0;33m Load param general_planner/tracking/commit_start_time_tolerance failed, use default value: [0;0m0.05
[0;33m Load param general_planner/tracking/detour_grace_enable failed, use default value: [0;0m1
[0;33m Load param general_planner/tracking/detour_grace_horizon failed, use default value: [0;0m1.2
[0;33m Load param general_planner/tracking/detour_max_tracking_error_scale failed, use default value: [0;0m2.5
[0;33m Load param general_planner/tracking/anti_rollback_eval_after_prefix failed, use default value: [0;0m1
[0;33m Load param general_planner/tracking/candidate_angle_step failed, use default value: [0;0m0.392699
[0;33m Load param general_planner/tracking/candidate_radius_num failed, use default value: [0;0m3
[0;33m Load param general_planner/tracking/visibility_samples failed, use default value: [0;0m5
[0;33m Load param general_planner/tracking/recovery_enable failed, use default value: [0;0m1
[0;33m Load param general_planner/tracking/recovery_horizon failed, use default value: [0;0m1.5
[0;33m Load param general_planner/tracking/recovery_distance_tolerance_scale failed, use default value: [0;0m1.8
[0;33m Load param general_planner/tracking/recovery_height_tolerance_scale failed, use default value: [0;0m1.8
[0;33m Load param general_planner/tracking/recovery_time_scale failed, use default value: [0;0m1.4
[0;33m Load param general_planner/tracking/recovery_reduce_visible_region_weight failed, use default value: [0;0m0.3
[0;33m Load param general_planner/tracking/recovery_reduce_target_forward_weight failed, use default value: [0;0m0.5
[0;33m Load param general_planner/tracking/soft_recovery_enable failed, use default value: [0;0m1
[0;33m Load param general_planner/tracking/soft_recovery_margin failed, use default value: [0;0m0.2
[0;33m Load param general_planner/tracking/soft_recovery_hold_duration failed, use default value: [0;0m0.8
[0;33m Load param general_planner/tracking/reacquire_recovery_enable failed, use default value: [0;0m1
[0;33m Load param general_planner/tracking/reacquire_recovery_horizon failed, use default value: [0;0m0.8
[0;33m Load param general_planner/tracking/reacquire_transit_enable failed, use default value: [0;0m1
[0;33m Load param general_planner/tracking/reacquire_transit_horizon_scale failed, use default value: [0;0m0.6
[0;33m Load param general_planner/tracking/reacquire_transit_max_horizon failed, use default value: [0;0m2.5
[0;33m Load param general_planner/tracking/reacquire_visible_region_weight_scale failed, use default value: [0;0m0
[0;33m Load param general_planner/tracking/reacquire_fov_relax_enable failed, use default value: [0;0m1
[0;33m Load param general_planner/tracking/reacquire_fov_deferred_strict_enable failed, use default value: [0;0m1
[0;33m Load param general_planner/tracking/reacquire_fov_entry_distance failed, use default value: [0;0m6
[0;33m Load param general_planner/tracking/reacquire_min_progress_distance failed, use default value: [0;0m0.5
[0;33m Load param general_planner/tracking/reacquire_min_progress_ratio failed, use default value: [0;0m0.1
[0;33m Load param general_planner/tracking/reacquire_fov_range_grace failed, use default value: [0;0m8
[0;33m Load param general_planner/tracking/reacquire_fov_angular_grace_deg failed, use default value: [0;0m8
[0;33m Load param general_planner/tracking/optimizer_commit_safety_precheck_enable failed, use default value: [0;0m1
[0;33m Load param general_planner/tracking/retry_without_corridor_enable failed, use default value: [0;0m1
[0;33m Load param general_planner/tracking/fallback_relax_enable failed, use default value: [0;0m1
[0;33m Load param general_planner/tracking/fallback_distance_tolerance_scale failed, use default value: [0;0m1.6
[0;33m Load param general_planner/tracking/fallback_height_tolerance_scale failed, use default value: [0;0m1.5
[0;33m Load param general_planner/tracking/fallback_candidate_radius_extra failed, use default value: [0;0m2
[0;33m Load param general_planner/tracking/fallback_candidate_angle_step_scale failed, use default value: [0;0m0.5
[0;33m Load param general_planner/tracking/fallback_search_horizon_scale failed, use default value: [0;0m1.3
[0;33m Load param general_planner/tracking/frontend_elastic_enable failed, use default value: [0;0m1
[0;33m Load param general_planner/tracking/frontend_elastic_distance_tolerance_scale failed, use default value: [0;0m2
[0;33m Load param general_planner/tracking/frontend_elastic_height_tolerance_scale failed, use default value: [0;0m2
[0;33m Load param general_planner/tracking/frontend_partial_guide_enable failed, use default value: [0;0m1
[0;33m Load param general_planner/tracking/frontend_partial_min_duration failed, use default value: [0;0m0.45
[0;33m Load param general_planner/tracking/frontend_partial_min_samples failed, use default value: [0;0m2
[0;33m Load param general_planner/tracking/weight_od_near failed, use default value: [0;0m20
[0;33m Load param general_planner/tracking/weight_od_far failed, use default value: [0;0m5
[0;33m Load param general_planner/tracking/weight_od_vertical failed, use default value: [0;0m8
[0;33m Load param general_planner/tracking/weight_oa failed, use default value: [0;0m5
[0;33m Load param general_planner/tracking/weight_oe failed, use default value: [0;0m1
[0;33m Load param general_planner/tracking/weight_relative_velocity failed, use default value: [0;0m1
[0;33m Load param general_planner/tracking/weight_tangent_velocity failed, use default value: [0;0m5
[0;33m Load param general_planner/tracking/weight_viewpoint_attractor failed, use default value: [0;0m50
[0;33m Load param general_planner/tracking/weight_visible_region failed, use default value: [0;0m3
[0;33m Load param general_planner/tracking/weight_fov failed, use default value: [0;0m20
[0;33m Load param general_planner/tracking/weight_target_forward failed, use default value: [0;0m15
[0;33m Load param general_planner/tracking/static_distance_tolerance_scale failed, use default value: [0;0m0.35
[0;33m Load param general_planner/tracking/static_height_tolerance_scale failed, use default value: [0;0m0.5
[0;33m Load param general_planner/tracking/static_tangent_weight_scale failed, use default value: [0;0m3
[0;33m Load param general_planner/tracking/static_tail_speed_epsilon failed, use default value: [0;0m0.08
[0;33m Load param general_planner/tracking/fov_horizontal_deg failed, use default value: [0;0m90
[0;33m Load param general_planner/tracking/fov_vertical_deg failed, use default value: [0;0m60
[0;33m Load param general_planner/tracking/fov_range failed, use default value: [0;0m4
[0;33m Load param general_planner/tracking/target_front_margin failed, use default value: [0;0m0.15
[0;33m Load param general_planner/tracking/fov_commit_check_enable failed, use default value: [0;0m1
[0;33m Load param general_planner/tracking/fov_check_strict failed, use default value: [0;0m1
[0;33m Load param general_planner/tracking/fov_check_dt failed, use default value: [0;0m0.03
[0;33m Load param general_planner/tracking/fov_range_grace_enable failed, use default value: [0;0m1
[0;33m Load param general_planner/tracking/fov_range_grace failed, use default value: [0;0m0.9
[0;33m Load param general_planner/tracking/fov_keep_old_angular_grace_deg failed, use default value: [0;0m5
[0;33m Load param general_planner/tracking/fov_keep_old_violation_ratio_grace failed, use default value: [0;0m0.25
[0;33m Load param general_planner/tracking/fov_range_margin failed, use default value: [0;0m0.05
[0;33m Load param general_planner/tracking/fov_front_margin failed, use default value: [0;0m0.05
[0;33m Load param general_planner/tracking/fov_check_first_commit failed, use default value: [0;0m1
[0;33m Load param general_planner/tracking/keep_old_requires_fov failed, use default value: [0;0m1
[0;33m Load param general_planner/tracking/frontend_fov_feasibility_enable failed, use default value: [0;0m1
[0;33m Load param general_planner/tracking/frontend_yaw_rate_feasibility_enable failed, use default value: [0;0m1
[0;33m Load param general_planner/tracking/frontend_fov_range_margin failed, use default value: [0;0m0.05
[0;33m Load param general_planner/tracking/frontend_yaw_rate_margin failed, use default value: [0;0m0.1
[0;33m Load param general_planner/tracking/frontend_obstacle_recovery_enable failed, use default value: [0;0m1
[0;33m Load param general_planner/tracking/frontend_grid_neighbor_mode failed, use default value: [0;0m26
[0;33m Load param general_planner/tracking/frontend_over_wall_enable failed, use default value: [0;0m1
[0;33m Load param general_planner/tracking/frontend_over_wall_max_climb failed, use default value: [0;0m2
[0;33m Load param general_planner/tracking/frontend_side_pass_enable failed, use default value: [0;0m1
[0;33m Load param general_planner/tracking/frontend_side_pass_width failed, use default value: [0;0m1.5
[0;33m Load param general_planner/tracking/frontend_reacquire_relax_yaw_rate failed, use default value: [0;0m1
[0;33m Load param general_planner/tracking/joint_sample_dt failed, use default value: [0;0m0.05
[0;33m Load param general_planner/tracking/dense_joint_sample_enable failed, use default value: [0;0m1
[0;33m Load param general_planner/tracking/unknown_as_occupied failed, use default value: [0;0m0
[0;33m Load param general_planner/tracking/frontend_astar failed, use default value: [0;0m1
[0;33m Load param general_planner/tracking/use_visible_region failed, use default value: [0;0m1
[0;33m Load param general_planner/tracking/use_snap failed, use default value: [0;0m0
[0;33m Load param general_planner/perching/robot_l failed, use default value: [0;0m0.28
[0;33m Load param general_planner/perching/v_plus failed, use default value: [0;0m0.8
[0;33m Load param general_planner/perching/pre_contact_distance failed, use default value: [0;0m0.55
[0;33m Load param general_planner/perching/terminal_relax_time failed, use default value: [0;0m0.35
[0;33m Load param general_planner/perching/safe_distance failed, use default value: [0;0m0
[0;33m Load param general_planner/perching/platform_radius failed, use default value: [0;0m0.35
[0;33m Load param general_planner/perching/robot_radius failed, use default value: [0;0m0.25
[0;33m Load param general_planner/perching/platform_clearance failed, use default value: [0;0m0.05
[0;33m Load param general_planner/perching/thrust_nominal failed, use default value: [0;0m9.81
[0;33m Load param general_planner/perching/thrust_range failed, use default value: [0;0m2
[0;33m Load param general_planner/perching/weight_nu failed, use default value: [0;0m0.01
[0;33m Load param general_planner/perching/weight_tau_f failed, use default value: [0;0m0.001
[0;33m Load param general_planner/perching/min_duration failed, use default value: [0;0m0.6
[0;33m Load param general_planner/perching/max_duration failed, use default value: [0;0m4
[0;33m Load param general_planner/perching/reference_speed failed, use default value: [0;0m2
[0;33m Load param general_planner/perching/relative_z_min failed, use default value: [0;0m0.1
[0;33m Load param general_planner/perching/relative_z_max failed, use default value: [0;0m3
[0;33m Load param general_planner/perching/weight_relative_height failed, use default value: [0;0m1
[0;33m Load param general_planner/perching/visual_min_distance failed, use default value: [0;0m0.2
[0;33m Load param general_planner/perching/visual_activation_distance failed, use default value: [0;0m3
[0;33m Load param general_planner/perching/visual_fx failed, use default value: [0;0m1
[0;33m Load param general_planner/perching/visual_fy failed, use default value: [0;0m1
[0;33m Load param general_planner/perching/terminal_pos_tolerance failed, use default value: [0;0m0.15
[0;33m Load param general_planner/perching/terminal_vel_tolerance failed, use default value: [0;0m0.5
[0;33m Load param general_planner/perching/contact_time_margin failed, use default value: [0;0m0.15
[0;33m Load param general_planner/perching/contact_distance_tolerance failed, use default value: [0;0m0.12
[0;33m Load param general_planner/perching/max_replan_fail_keep failed, use default value: [0;0m3
[0;33m Load param general_planner/perching/rotate_surface_with_yaw_rate failed, use default value: [0;0m1
[0;33m Load param general_planner/perching/frontend_astar failed, use default value: [0;0m1
[0;33m Load param general_planner/perching/use_dynamics_terminal_accel failed, use default value: [0;0m1
[0;33m Load param general_planner/perching/contact_occupancy_allowance_enable failed, use default value: [0;0m1
[0;33m Load param general_planner/perching/contact_linefree_allowance_enable failed, use default value: [0;0m1
[0;33m Load param general_planner/perching/contact_occupancy_normal_tolerance failed, use default value: [0;0m0.2
[0;33m Load param general_planner/perching/contact_occupancy_tangent_margin failed, use default value: [0;0m0.15
[0;33m Load param general_planner/perching/duration_margin failed, use default value: [0;0m0.2
[0;33m Load param general_planner/perching/duration_tolerance failed, use default value: [0;0m0.15
[0;33m Load param general_planner/perching/allow_long_standalone failed, use default value: [0;0m0
[0;33m Load param general_planner/perching/time_upper_bound_weight failed, use default value: [0;0m5000
[0;33m Load param general_planner/perching/duration_seed_weight failed, use default value: [0;0m50
[0;33m Load param general_planner/perching/max_piece_duration failed, use default value: [0;0m1.2
[0;33m Load param general_planner/perching/min_piece_num failed, use default value: [0;0m3
[0;33m Load param general_planner/perching/max_piece_num failed, use default value: [0;0m8
[0;33m Load param general_planner/perching/multi_point_guide_enable failed, use default value: [0;0m1
[0;33m Load param general_planner/perching/moving_guide_sample_num failed, use default value: [0;0m4
[0;33m Load param general_planner/perching/tau_f_seed_limit failed, use default value: [0;0m1.3
[0;33m Load param general_planner/perching/reset_surface_time failed, use default value: [0;0m1
[0;33m Load param general_planner/takeoff/robot_l failed, use default value: [0;0m0.28
[0;33m Load param general_planner/takeoff/robot_radius failed, use default value: [0;0m0.25
[0;33m Load param general_planner/takeoff/platform_radius failed, use default value: [0;0m0.35
[0;33m Load param general_planner/takeoff/platform_clearance failed, use default value: [0;0m0.05
[0;33m Load param general_planner/takeoff/release_contact_time failed, use default value: [0;0m0.2
[0;33m Load param general_planner/takeoff/escape_distance failed, use default value: [0;0m1
[0;33m Load param general_planner/takeoff/escape_height failed, use default value: [0;0m0.8
[0;33m Load param general_planner/takeoff/reference_speed failed, use default value: [0;0m1.5
[0;33m Load param general_planner/takeoff/min_duration failed, use default value: [0;0m0.6
[0;33m Load param general_planner/takeoff/max_duration failed, use default value: [0;0m3
[0;33m Load param general_planner/takeoff/safe_distance failed, use default value: [0;0m0.35
[0;33m Load param general_planner/takeoff/piece_num failed, use default value: [0;0m3
[0;33m Load param general_planner/takeoff/frontend_astar failed, use default value: [0;0m1
[0;33m Load param general_planner/takeoff/use_tangent_release_velocity failed, use default value: [0;0m0
[0;33m Load param general_planner/takeoff/weight_eta failed, use default value: [0;0m1
[0;33m Load param general_planner/takeoff/weight_tau_f failed, use default value: [0;0m0.001
[0;33m Load param general_planner/takeoff/platform_clearance_after_release failed, use default value: [0;0m0.08
[0;33m Load param general_planner/tracking_perching/enable failed, use default value: [0;0m1
[0;33m Load param general_planner/tracking_perching/auto_trigger_enable failed, use default value: [0;0m0
[0;33m Load param general_planner/tracking_perching/require_external_request failed, use default value: [0;0m1
[0;33m Load param general_planner/tracking_perching/readiness_min_distance failed, use default value: [0;0m0.5
[0;33m Load param general_planner/tracking_perching/readiness_max_distance failed, use default value: [0;0m3
[0;33m Load param general_planner/tracking_perching/readiness_max_relative_speed failed, use default value: [0;0m2
[0;33m Load param general_planner/tracking_perching/readiness_max_lateral_speed failed, use default value: [0;0m1.5
[0;33m Load param general_planner/tracking_perching/readiness_max_required_duration failed, use default value: [0;0m3
[0;33m Load param general_planner/tracking_perching/readiness_min_prediction_time failed, use default value: [0;0m1.2
[0;33m Load param general_planner/tracking_perching/readiness_hold_cycles failed, use default value: [0;0m3
[0;33m Load param general_planner/tracking_perching/handover_delay failed, use default value: [0;0m0
[0;33m Load param general_planner/tracking_perching/prefix_ratio failed, use default value: [0;0m0.4
[0;33m Load param general_planner/tracking_perching/reference_speed failed, use default value: [0;0m2
[0;33m Load param general_planner/tracking_perching/max_seed_duration failed, use default value: [0;0m3
[0;33m Load param general_planner/tracking_perching/use_tracking_suffix failed, use default value: [0;0m1
[0;33m Load param general_planner/tracking_perching/stitch_prefix failed, use default value: [0;0m1
[0;33m Load param general_planner/tracking_perching/commit_only_after_candidate_check failed, use default value: [0;0m1
[0;33m Load param general_planner/tracking_perching/abort_to_tracking_enable failed, use default value: [0;0m1
[0;33m Load param general_planner/swarm/enable failed, use default value: [0;0m0
[0;33m Load param general_planner/swarm/drone_id failed, use default value: [0;0m-1
[0;33m Load param general_planner/swarm/clearance failed, use default value: [0;0m0.75
[0;33m Load param general_planner/swarm/des_clearance failed, use default value: [0;0m0.75
[0;33m Load param general_planner/swarm/weight failed, use default value: [0;0m0
[0;33m Load param general_planner/swarm/horizontal_scale failed, use default value: [0;0m1
[0;33m Load param general_planner/swarm/vertical_scale failed, use default value: [0;0m2
[0;33m Load param general_planner/swarm/activation_scale failed, use default value: [0;0m1.5
[0;33m Load param general_planner/swarm/time_horizon failed, use default value: [0;0m5
[0;33m Load param general_planner/swarm/stale_timeout failed, use default value: [0;0m1
[0;33m Load param general_planner/swarm/formation/enable failed, use default value: [0;0m0
[0;33m Load param general_planner/swarm/formation/weight failed, use default value: [0;0m0
[0;33m Load param general_planner/swarm/formation/num failed, use default value: [0;0m0
[0;33m Load param general_planner/swarm/formation/offsets failed, use default value: [0;0m[]
[0;33m Load param general_planner/swarm/formation/start failed, use default value: [0;0m[0 0 0 ]
[0;33m Load param general_planner/swarm/formation/end failed, use default value: [0;0m[1 0 0 ]
[0;33m Load param general_planner/swarm/formation/time_horizon failed, use default value: [0;0m5
[0;33m Load param general_planner/swarm/formation/stale_timeout failed, use default value: [0;0m1
[0;32m Load param rog_map/resolution success: [0;0m0.15
[38;2;050;205;050m -- [Viz] Set resolution_ to 0.15
[0m[38;2;050;205;050m -- [Viz] Set visualization_en_ to true
[0mLoad config file: /root/ws/real_planner/src/General-Planner/src/Planner/general_planner/config/click_real_highspeed.yaml
[0;32m Load param astar/map_voxel_num success: [0;0m[500 500 100 ]
[0;32m Load param astar/allow_diag success: [0;0m1
[0;32m Load param astar/debug_visualization_en success: [0;0m0
[0;32m Load param astar/heu_type success: [0;0m2
[0;32m Load param astar/visual_process success: [0;0m0
[32m -- [RM] Init Astar-map.[0m
[34m	map index size: 250 250  50[0m
[34m	map vox_num: 501 501 101[0m
[33m -- [Fsm] 2D CLICK GOAL ENABLED: /goal (z falls back to click_height=1.5).[0m
[33m -- [Fsm] 3D CLICK GOAL ENABLED: /goal_3d (message z is preserved).[0m
[33m -- [ROGMapCore] cur_pose out of map range, reset the map.[0m
[33m -- [ROGMapCore] Sliding to map center at:  -30 -0.5  1.5[0m
[0m[INFO] [1784709565.284428115]:  -- [Fsm] Active task executor: plugin=state2state, mission=single_task, task=state2state, backend=corridor, resolved_backend=corridor[0m
[33m -- [Fsm] Wait for goal.[0m
[32m -- [Fsm 1.010] Current state: INIT[0m
[33m -- [Fsm] Wait for goal.[0m
[32m -- [Fsm 2.010] Current state: INIT[0m
[33m -- [Fsm] Wait for goal.[0m
[32m -- [Fsm 3.010] Current state: INIT[0m
[33m -- [Fsm] Wait for goal.[0m
[32m -- [Fsm 4.010] Current state: INIT[0m
[33m -- [Fsm] Wait for goal.[0m
[32m -- [Fsm 5.010] Current state: INIT[0m
[33m -- [Fsm] Wait for goal.[0m
[32m -- [Fsm 6.020] Current state: INIT[0m
[33m -- [Fsm] Wait for goal.[0m
[32m -- [Fsm 7.030] Current state: INIT[0m
[33m -- [Fsm] Wait for goal.[0m
[32m -- [Fsm 8.040] Current state: INIT[0m
[33m -- [Fsm] Wait for goal.[0m
[32m -- [Fsm 9.040] Current state: INIT[0m
[33m -- [Fsm] Wait for goal.[0m
[32m -- [Fsm 10.050] Current state: INIT[0m
[33m -- [Fsm] Wait for goal.[0m
[32m -- [Fsm 11.060] Current state: INIT[0m
[33m -- [Fsm] Wait for goal.[0m
[32m -- [Fsm 12.060] Current state: INIT[0m
[33m -- [Fsm] Wait for goal.[0m
[32m -- [Fsm 13.070] Current state: INIT[0m
[33m -- [Fsm] Wait for goal.[0m
[32m -- [Fsm 14.080] Current state: INIT[0m
[33m -- [Fsm] Wait for goal.[0m
[32m -- [Fsm 15.080] Current state: INIT[0m
[33m -- [Fsm] Wait for goal.[0m
[32m -- [Fsm 16.090] Current state: INIT[0m
[33m -- [Fsm] Wait for goal.[0m
[32m -- [Fsm 17.090] Current state: INIT[0m
[33m -- [Fsm] Wait for goal.[0m
[32m -- [Fsm 18.100] Current state: INIT[0m
[33m -- [Fsm] Wait for goal.[0m
[32m -- [Fsm 19.110] Current state: INIT[0m
[33m -- [Fsm] Wait for goal.[0m
[32m -- [Fsm 20.110] Current state: INIT[0m
[33m -- [Fsm] Wait for goal.[0m
[32m -- [Fsm 21.120] Current state: INIT[0m
[33m -- [Fsm] Wait for goal.[0m
[32m -- [Fsm 22.130] Current state: INIT[0m
[33m -- [Fsm] Wait for goal.[0m
[32m -- [Fsm 23.140] Current state: INIT[0m
[33m -- [Fsm] Wait for goal.[0m
[32m -- [Fsm 24.140] Current state: INIT[0m
[33m -- [Fsm] Wait for goal.[0m
[32m -- [Fsm 25.150] Current state: INIT[0m
[32m -- [Fsm] Get goal at [0m64.831 -8.768  1.500
[32m -- [Fsm] Receive click goal at: [64.831 -8.768  1.500]; goal yaw: 0.000 deg[0m
[38;2;000;128;000m -- [Fsm]: [MainFsmCallback] change state from [INIT] to [WAIT_GOAL].
[0m[38;2;000;128;000m -- [Fsm]: [MainFsmCallback] change state from [WAIT_GOAL] to [GENERATE_TRAJ].
[0m[0m[INFO] [1784709590.848744247]:  -- [State2State][IGO] attempt pieces=5 population=48 generations=15 budget=0.2000s[0m
[0m[INFO] [1784709590.860103444]:  -- [State2State][IGO] result success=true reason=FEASIBLE_ARCHIVE dim=13 evals=720 gens=15 feasible_ratio=0.125 elapsed=0.0113s occ=0 out=0 unk=594 sfc=0.00000 dyn=0.00000 duration=3.325[0m
[0m[INFO] [1784709590.860331355]:  -- [GeneralPlanner] in [PlanFromRest] GenerateExpTrajectory SUCCESS.[0m
[38;2;000;128;000m -- [Fsm]: [MainFsmCallback] change state from [GENERATE_TRAJ] to [FOLLOW_TRAJ].
[0m[0m[INFO] [1784709590.951948864]:  -- [State2State][IGO] attempt pieces=5 population=48 generations=15 budget=0.0450s[0m
[0m[INFO] [1784709590.979090417]:  -- [State2State][IGO] result success=true reason=FEASIBLE_ARCHIVE dim=9 evals=720 gens=15 feasible_ratio=0.583 elapsed=0.0271s occ=0 out=0 unk=469 sfc=0.00000 dyn=0.00000 duration=2.495[0m
[32m -- [Fsm] ReplanOnce succeed.[0m
[0m[INFO] [1784709591.018596763]:  -- [State2State][IGO] attempt pieces=5 population=48 generations=15 budget=0.0450s[0m
[0m[INFO] [1784709591.047539258]:  -- [State2State][IGO] result success=true reason=FEASIBLE_ARCHIVE dim=13 evals=720 gens=15 feasible_ratio=0.062 elapsed=0.0289s occ=0 out=0 unk=590 sfc=0.00000 dyn=0.00000 duration=3.033[0m
[32m -- [Fsm] ReplanOnce succeed.[0m
[33m[WARN] [1784709591.122861425]:  -- [State2State][IGO] falling back to legacy corridor optimizer.[0m
[0m[INFO] [1784709591.085311572]:  -- [State2State][IGO] attempt pieces=5 population=48 generations=15 budget=0.0450s[0m
[0m[INFO] [1784709591.122846245]:  -- [State2State][IGO] result success=false reason=NO_FEASIBLE_CANDIDATE dim=13 evals=720 gens=15 feasible_ratio=0.000 elapsed=0.0375s occ=61 out=0 unk=535 sfc=0.00000 dyn=0.00000 duration=3.000[0m
[32m -- [Fsm] ReplanOnce succeed.[0m
[33m[WARN] [1784709591.163325427]:  -- [State2State][IGO] falling back to legacy corridor optimizer.[0m
[0m[INFO] [1784709591.151940980]:  -- [State2State][IGO] attempt pieces=5 population=48 generations=15 budget=0.0450s[0m
[0m[INFO] [1784709591.163310497]:  -- [State2State][IGO] result success=false reason=NO_FEASIBLE_CANDIDATE dim=13 evals=720 gens=15 feasible_ratio=0.000 elapsed=0.0113s occ=0 out=0 unk=388 sfc=0.00000 dyn=2.56953 duration=1.937[0m
[32m -- [Fsm] ReplanOnce succeed.[0m
[33m[WARN] [1784709591.236835712]:  -- [State2State][IGO] falling back to legacy corridor optimizer.[0m
[0m[INFO] [1784709591.218558349]:  -- [State2State][IGO] attempt pieces=5 population=48 generations=15 budget=0.0450s[0m
[0m[INFO] [1784709591.236825981]:  -- [State2State][IGO] result success=false reason=NO_FEASIBLE_CANDIDATE dim=13 evals=720 gens=15 feasible_ratio=0.000 elapsed=0.0182s occ=0 out=0 unk=418 sfc=0.00000 dyn=0.90518 duration=2.087[0m
[32m -- [Fsm] ReplanOnce succeed.[0m
[33m[WARN] [1784709591.295424576]:  -- [State2State][IGO] falling back to legacy corridor optimizer.[0m
[0m[INFO] [1784709591.285507879]:  -- [State2State][IGO] attempt pieces=5 population=48 generations=15 budget=0.0450s[0m
[0m[INFO] [1784709591.295413786]:  -- [State2State][IGO] result success=false reason=NO_FEASIBLE_CANDIDATE dim=9 evals=720 gens=15 feasible_ratio=0.000 elapsed=0.0099s occ=0 out=0 unk=234 sfc=0.00000 dyn=11.33118 duration=1.163[0m
[32m -- [Fsm] ReplanOnce succeed.[0m
[33m[WARN] [1784709591.363315132]:  -- [State2State][IGO] falling back to legacy corridor optimizer.[0m
[0m[INFO] [1784709591.352186767]:  -- [State2State][IGO] attempt pieces=5 population=48 generations=15 budget=0.0450s[0m
[0m[INFO] [1784709591.363302492]:  -- [State2State][IGO] result success=false reason=NO_FEASIBLE_CANDIDATE dim=13 evals=720 gens=15 feasible_ratio=0.000 elapsed=0.0111s occ=0 out=0 unk=320 sfc=0.46494 dyn=5.89516 duration=1.596[0m
[32m -- [Fsm] ReplanOnce succeed.[0m
[32m -- [Fsm 26.160] Current state: FOLLOW_TRAJ[0m
[0m[INFO] [1784709591.418914626]:  -- [State2State][IGO] attempt pieces=5 population=48 generations=15 budget=0.0450s[0m
[0m[INFO] [1784709591.429501328]:  -- [State2State][IGO] result success=true reason=FEASIBLE_ARCHIVE dim=13 evals=720 gens=15 feasible_ratio=0.167 elapsed=0.0106s occ=0 out=0 unk=402 sfc=0.00000 dyn=0.00000 duration=2.006[0m
[32m -- [Fsm] ReplanOnce succeed.[0m
[33m[WARN] [1784709591.504433902]:  -- [State2State][IGO] falling back to legacy corridor optimizer.[0m
[0m[INFO] [1784709591.485386843]:  -- [State2State][IGO] attempt pieces=5 population=48 generations=15 budget=0.0450s[0m
[0m[INFO] [1784709591.504420622]:  -- [State2State][IGO] result success=false reason=NO_FEASIBLE_CANDIDATE dim=13 evals=720 gens=15 feasible_ratio=0.000 elapsed=0.0190s occ=0 out=0 unk=375 sfc=0.03204 dyn=1.45624 duration=1.868[0m
[32m -- [Fsm] ReplanOnce succeed.[0m
[33m[WARN] [1784709591.567725008]:  -- [State2State][IGO] falling back to legacy corridor optimizer.[0m
[0m[INFO] [1784709591.552743877]:  -- [State2State][IGO] attempt pieces=5 population=48 generations=15 budget=0.0450s[0m
[0m[INFO] [1784709591.567708727]:  -- [State2State][IGO] result success=false reason=NO_FEASIBLE_CANDIDATE dim=13 evals=720 gens=15 feasible_ratio=0.000 elapsed=0.0149s occ=0 out=0 unk=265 sfc=0.16240 dyn=11.04308 duration=1.318[0m
[32m -- [Fsm] ReplanOnce succeed.[0m
[33m[WARN] [1784709591.631150594]:  -- [State2State][IGO] falling back to legacy corridor optimizer.[0m
[0m[INFO] [1784709591.619020543]:  -- [State2State][IGO] attempt pieces=5 population=48 generations=15 budget=0.0450s[0m
[0m[INFO] [1784709591.631139664]:  -- [State2State][IGO] result success=false reason=NO_FEASIBLE_CANDIDATE dim=13 evals=720 gens=15 feasible_ratio=0.000 elapsed=0.0121s occ=0 out=0 unk=252 sfc=0.00000 dyn=6.65458 duration=1.255[0m
[32m -- [Fsm] ReplanOnce succeed.[0m
[33m[WARN] [1784709591.698420037]:  -- [State2State][IGO] falling back to legacy corridor optimizer.[0m
[0m[INFO] [1784709591.685542090]:  -- [State2State][IGO] attempt pieces=5 population=48 generations=15 budget=0.0450s[0m
[0m[INFO] [1784709591.698407907]:  -- [State2State][IGO] result success=false reason=NO_FEASIBLE_CANDIDATE dim=13 evals=720 gens=15 feasible_ratio=0.000 elapsed=0.0128s occ=21 out=0 unk=188 sfc=0.35506 dyn=13.47045 duration=1.038[0m
[32m -- [Fsm] ReplanOnce succeed.[0m
[33m[WARN] [1784709591.762404147]:  -- [State2State][IGO] falling back to legacy corridor optimizer.[0m
[0m[INFO] [1784709591.752325759]:  -- [State2State][IGO] attempt pieces=5 population=48 generations=15 budget=0.0450s[0m
[0m[INFO] [1784709591.762393037]:  -- [State2State][IGO] result success=false reason=NO_FEASIBLE_CANDIDATE dim=13 evals=720 gens=15 feasible_ratio=0.000 elapsed=0.0100s occ=28 out=0 unk=207 sfc=0.22935 dyn=7.47360 duration=1.172[0m
[32m -- [Fsm] ReplanOnce succeed.[0m
[33m[WARN] [1784709591.829243097]:  -- [State2State][IGO] falling back to legacy corridor optimizer.[0m
[0m[INFO] [1784709591.819161809]:  -- [State2State][IGO] attempt pieces=5 population=48 generations=15 budget=0.0450s[0m
[0m[INFO] [1784709591.829232497]:  -- [State2State][IGO] result success=false reason=NO_FEASIBLE_CANDIDATE dim=13 evals=720 gens=15 feasible_ratio=0.000 elapsed=0.0100s occ=74 out=0 unk=171 sfc=0.33885 dyn=4.36917 duration=1.221[0m
[32m -- [Fsm] ReplanOnce succeed.[0m
[33m[WARN] [1784709591.894083183]:  -- [State2State][IGO] falling back to legacy corridor optimizer.[0m
[0m[INFO] [1784709591.885691246]:  -- [State2State][IGO] attempt pieces=5 population=48 generations=15 budget=0.0450s[0m
[0m[INFO] [1784709591.894071963]:  -- [State2State][IGO] result success=false reason=NO_FEASIBLE_CANDIDATE dim=13 evals=720 gens=15 feasible_ratio=0.000 elapsed=0.0083s occ=63 out=0 unk=157 sfc=0.23942 dyn=9.86522 duration=1.097[0m
[32m -- [Fsm] ReplanOnce succeed.[0m
[33m[WARN] [1784709591.960312329]:  -- [State2State][IGO] falling back to legacy corridor optimizer.[0m
[0m[INFO] [1784709591.952274015]:  -- [State2State][IGO] attempt pieces=5 population=48 generations=15 budget=0.0450s[0m
[0m[INFO] [1784709591.960294799]:  -- [State2State][IGO] result success=false reason=NO_FEASIBLE_CANDIDATE dim=13 evals=720 gens=15 feasible_ratio=0.000 elapsed=0.0080s occ=61 out=0 unk=151 sfc=0.29172 dyn=13.49494 duration=1.055[0m
[32m -- [Fsm] ReplanOnce succeed.[0m
[33m[WARN] [1784709592.027358079]:  -- [State2State][IGO] falling back to legacy corridor optimizer.[0m
[0m[INFO] [1784709592.019318875]:  -- [State2State][IGO] attempt pieces=5 population=48 generations=15 budget=0.0450s[0m
[0m[INFO] [1784709592.027345519]:  -- [State2State][IGO] result success=false reason=NO_FEASIBLE_CANDIDATE dim=13 evals=720 gens=15 feasible_ratio=0.000 elapsed=0.0080s occ=42 out=0 unk=178 sfc=0.29645 dyn=9.26930 duration=1.096[0m
[32m -- [Fsm] ReplanOnce succeed.[0m
[33m[WARN] [1784709592.094210718]:  -- [State2State][IGO] falling back to legacy corridor optimizer.[0m
[0m[INFO] [1784709592.086145933]:  -- [State2State][IGO] attempt pieces=5 population=48 generations=15 budget=0.0450s[0m
[0m[INFO] [1784709592.094199547]:  -- [State2State][IGO] result success=false reason=NO_FEASIBLE_CANDIDATE dim=13 evals=720 gens=15 feasible_ratio=0.000 elapsed=0.0080s occ=54 out=0 unk=163 sfc=0.63825 dyn=22.81416 duration=1.079[0m
[32m -- [Fsm] ReplanOnce succeed.[0m
[33m[WARN] [1784709592.160867444]:  -- [State2State][IGO] falling back to legacy corridor optimizer.[0m
[0m[INFO] [1784709592.152759240]:  -- [State2State][IGO] attempt pieces=5 population=48 generations=15 budget=0.0450s[0m
[0m[INFO] [1784709592.160855814]:  -- [State2State][IGO] result success=false reason=NO_FEASIBLE_CANDIDATE dim=13 evals=720 gens=15 feasible_ratio=0.000 elapsed=0.0081s occ=70 out=0 unk=142 sfc=0.00000 dyn=21.00237 duration=1.054[0m
[32m -- [Fsm] ReplanOnce succeed.[0m
[33m[WARN] [1784709592.227744243]:  -- [State2State][IGO] falling back to legacy corridor optimizer.[0m
[0m[INFO] [1784709592.219522638]:  -- [State2State][IGO] attempt pieces=5 population=48 generations=15 budget=0.0450s[0m
[0m[INFO] [1784709592.227731552]:  -- [State2State][IGO] result success=false reason=NO_FEASIBLE_CANDIDATE dim=13 evals=720 gens=15 feasible_ratio=0.000 elapsed=0.0082s occ=66 out=0 unk=151 sfc=0.06694 dyn=21.49786 duration=1.080[0m
[32m -- [Fsm] ReplanOnce succeed.[0m
[33m[WARN] [1784709592.293978227]:  -- [State2State][IGO] falling back to legacy corridor optimizer.[0m
[0m[INFO] [1784709592.286152484]:  -- [State2State][IGO] attempt pieces=6 population=48 generations=15 budget=0.0450s[0m
[0m[INFO] [1784709592.293968957]:  -- [State2State][IGO] result success=false reason=NO_FEASIBLE_CANDIDATE dim=13 evals=720 gens=15 feasible_ratio=0.000 elapsed=0.0078s occ=48 out=0 unk=146 sfc=0.28378 dyn=21.39708 duration=0.967[0m
[32m -- [Fsm] ReplanOnce succeed.[0m
[33m[WARN] [1784709592.360670914]:  -- [State2State][IGO] falling back to legacy corridor optimizer.[0m
[0m[INFO] [1784709592.352485349]:  -- [State2State][IGO] attempt pieces=5 population=48 generations=15 budget=0.0450s[0m
[0m[INFO] [1784709592.360661164]:  -- [State2State][IGO] result success=false reason=NO_FEASIBLE_CANDIDATE dim=13 evals=720 gens=15 feasible_ratio=0.000 elapsed=0.0082s occ=48 out=0 unk=155 sfc=0.95168 dyn=20.33728 duration=1.009[0m
[32m -- [Fsm] ReplanOnce succeed.[0m
[32m -- [Fsm 27.160] Current state: FOLLOW_TRAJ[0m
[33m[WARN] [1784709592.427322891]:  -- [State2State][IGO] falling back to legacy corridor optimizer.[0m
[0m[INFO] [1784709592.419358927]:  -- [State2State][IGO] attempt pieces=5 population=48 generations=15 budget=0.0450s[0m
[0m[INFO] [1784709592.427311411]:  -- [State2State][IGO] result success=false reason=NO_FEASIBLE_CANDIDATE dim=13 evals=720 gens=15 feasible_ratio=0.000 elapsed=0.0079s occ=48 out=0 unk=166 sfc=0.40674 dyn=16.03847 duration=1.063[0m
[32m -- [Fsm] ReplanOnce succeed.[0m
[33m[WARN] [1784709592.494203379]:  -- [State2State][IGO] falling back to legacy corridor optimizer.[0m
[0m[INFO] [1784709592.486111575]:  -- [State2State][IGO] attempt pieces=6 population=48 generations=15 budget=0.0450s[0m
[0m[INFO] [1784709592.494192669]:  -- [State2State][IGO] result success=false reason=NO_FEASIBLE_CANDIDATE dim=13 evals=720 gens=15 feasible_ratio=0.000 elapsed=0.0080s occ=68 out=0 unk=152 sfc=0.86982 dyn=26.36278 duration=1.093[0m
[32m -- [Fsm] ReplanOnce succeed.[0m
[33m[WARN] [1784709592.560858446]:  -- [State2State][IGO] falling back to legacy corridor optimizer.[0m
[0m[INFO] [1784709592.552510690]:  -- [State2State][IGO] attempt pieces=5 population=48 generations=15 budget=0.0450s[0m
[0m[INFO] [1784709592.560847976]:  -- [State2State][IGO] result success=false reason=NO_FEASIBLE_CANDIDATE dim=13 evals=720 gens=15 feasible_ratio=0.000 elapsed=0.0083s occ=46 out=0 unk=174 sfc=0.11688 dyn=15.43394 duration=1.097[0m
[32m -- [Fsm] ReplanOnce succeed.[0m
[33m[WARN] [1784709592.628470310]:  -- [State2State][IGO] falling back to legacy corridor optimizer.[0m
[0m[INFO] [1784709592.619757001]:  -- [State2State][IGO] attempt pieces=5 population=48 generations=15 budget=0.0450s[0m
[0m[INFO] [1784709592.628459810]:  -- [State2State][IGO] result success=false reason=NO_FEASIBLE_CANDIDATE dim=13 evals=720 gens=15 feasible_ratio=0.000 elapsed=0.0087s occ=50 out=0 unk=239 sfc=0.50281 dyn=6.09089 duration=1.439[0m
[32m -- [Fsm] ReplanOnce succeed.[0m
[33m[WARN] [1784709592.695213267]:  -- [State2State][IGO] falling back to legacy corridor optimizer.[0m
[0m[INFO] [1784709592.686084586]:  -- [State2State][IGO] attempt pieces=6 population=48 generations=15 budget=0.0450s[0m
[0m[INFO] [1784709592.695202547]:  -- [State2State][IGO] result success=false reason=NO_FEASIBLE_CANDIDATE dim=13 evals=720 gens=15 feasible_ratio=0.000 elapsed=0.0091s occ=47 out=0 unk=486 sfc=0.64000 dyn=2.94665 duration=2.661[0m
[32m -- [Fsm] ReplanOnce succeed.[0m
[33m[WARN] [1784709592.760749306]:  -- [State2State][IGO] falling back to legacy corridor optimizer.[0m
[0m[INFO] [1784709592.752684882]:  -- [State2State][IGO] attempt pieces=5 population=48 generations=15 budget=0.0450s[0m
[0m[INFO] [1784709592.760738536]:  -- [State2State][IGO] result success=false reason=NO_FEASIBLE_CANDIDATE dim=13 evals=720 gens=15 feasible_ratio=0.000 elapsed=0.0080s occ=27 out=0 unk=160 sfc=0.55539 dyn=20.29268 duration=0.930[0m
[32m -- [Fsm] ReplanOnce succeed.[0m
[33m[WARN] [1784709592.828643112]:  -- [State2State][IGO] falling back to legacy corridor optimizer.[0m
[0m[INFO] [1784709592.819538371]:  -- [State2State][IGO] attempt pieces=6 population=48 generations=15 budget=0.0450s[0m
[0m[INFO] [1784709592.828633772]:  -- [State2State][IGO] result success=false reason=NO_FEASIBLE_CANDIDATE dim=13 evals=720 gens=15 feasible_ratio=0.000 elapsed=0.0091s occ=27 out=0 unk=381 sfc=1.12343 dyn=4.21613 duration=2.036[0m
[32m -- [Fsm] ReplanOnce succeed.[0m
[33m[WARN] [1784709592.903090821]:  -- [State2State][IGO] falling back to legacy corridor optimizer.[0m
[0m[INFO] [1784709592.885499353]:  -- [State2State][IGO] attempt pieces=5 population=48 generations=15 budget=0.0450s[0m
[0m[INFO] [1784709592.903078141]:  -- [State2State][IGO] result success=false reason=NO_FEASIBLE_CANDIDATE dim=17 evals=720 gens=15 feasible_ratio=0.000 elapsed=0.0175s occ=13 out=0 unk=568 sfc=0.04051 dyn=2.83834 duration=2.898[0m
[32m -- [Fsm] ReplanOnce succeed.[0m
[0m[INFO] [1784709592.952147500]:  -- [State2State][IGO] attempt pieces=5 population=48 generations=15 budget=0.0450s[0m
[0m[INFO] [1784709592.967391472]:  -- [State2State][IGO] result success=true reason=FEASIBLE_ARCHIVE dim=13 evals=720 gens=15 feasible_ratio=0.000 elapsed=0.0152s occ=0 out=0 unk=442 sfc=0.00000 dyn=0.00000 duration=2.204[0m
[32m -- [Fsm] ReplanOnce succeed.[0m
[33m[WARN] [1784709593.035231636]:  -- [State2State][IGO] falling back to legacy corridor optimizer.[0m
[0m[INFO] [1784709593.018984458]:  -- [State2State][IGO] attempt pieces=5 population=48 generations=15 budget=0.0450s[0m
[0m[INFO] [1784709593.035221476]:  -- [State2State][IGO] result success=false reason=NO_FEASIBLE_CANDIDATE dim=13 evals=720 gens=15 feasible_ratio=0.000 elapsed=0.0162s occ=0 out=0 unk=535 sfc=0.27583 dyn=2.47507 duration=2.668[0m
[32m -- [Fsm] ReplanOnce succeed.[0m
[33m[WARN] [1784709593.095245997]:  -- [State2State][IGO] falling back to legacy corridor optimizer.[0m
[0m[INFO] [1784709593.086020155]:  -- [State2State][IGO] attempt pieces=6 population=48 generations=15 budget=0.0450s[0m
[0m[INFO] [1784709593.095236067]:  -- [State2State][IGO] result success=false reason=NO_FEASIBLE_CANDIDATE dim=13 evals=720 gens=15 feasible_ratio=0.000 elapsed=0.0092s occ=0 out=0 unk=389 sfc=0.00837 dyn=3.28625 duration=1.939[0m
[32m -- [Fsm] ReplanOnce succeed.[0m
[33m[WARN] [1784709593.162865819]:  -- [State2State][IGO] falling back to legacy corridor optimizer.[0m
[0m[INFO] [1784709593.153151964]:  -- [State2State][IGO] attempt pieces=5 population=48 generations=15 budget=0.0450s[0m
[0m[INFO] [1784709593.162855299]:  -- [State2State][IGO] result success=false reason=NO_FEASIBLE_CANDIDATE dim=13 evals=720 gens=15 feasible_ratio=0.000 elapsed=0.0097s occ=0 out=0 unk=308 sfc=0.86053 dyn=2.87661 duration=1.536[0m
[32m -- [Fsm] ReplanOnce succeed.[0m
[33m[WARN] [1784709593.228711989]:  -- [State2State][IGO] falling back to legacy corridor optimizer.[0m
[0m[INFO] [1784709593.219429477]:  -- [State2State][IGO] attempt pieces=5 population=48 generations=15 budget=0.0450s[0m
[0m[INFO] [1784709593.228703199]:  -- [State2State][IGO] result success=false reason=NO_FEASIBLE_CANDIDATE dim=13 evals=720 gens=15 feasible_ratio=0.000 elapsed=0.0092s occ=2 out=0 unk=272 sfc=0.61670 dyn=11.20795 duration=1.364[0m
[32m -- [Fsm] ReplanOnce succeed.[0m
[33m[WARN] [1784709593.296045189]:  -- [State2State][IGO] falling back to legacy corridor optimizer.[0m
[0m[INFO] [1784709593.286257814]:  -- [State2State][IGO] attempt pieces=6 population=48 generations=15 budget=0.0450s[0m
[0m[INFO] [1784709593.296036449]:  -- [State2State][IGO] result success=false reason=NO_FEASIBLE_CANDIDATE dim=17 evals=720 gens=15 feasible_ratio=0.000 elapsed=0.0097s occ=1 out=0 unk=218 sfc=0.66082 dyn=15.94206 duration=1.091[0m
[32m -- [Fsm] ReplanOnce succeed.[0m
[33m[WARN] [1784709593.362333062]:  -- [State2State][IGO] falling back to legacy corridor optimizer.[0m
[0m[INFO] [1784709593.352708037]:  -- [State2State][IGO] attempt pieces=6 population=48 generations=15 budget=0.0450s[0m
[0m[INFO] [1784709593.362322452]:  -- [State2State][IGO] result success=false reason=NO_FEASIBLE_CANDIDATE dim=17 evals=720 gens=15 feasible_ratio=0.000 elapsed=0.0096s occ=36 out=0 unk=240 sfc=0.65033 dyn=13.60570 duration=1.377[0m
[32m -- [Fsm] ReplanOnce succeed.[0m
[32m -- [Fsm 28.170] Current state: FOLLOW_TRAJ[0m
[33m[WARN] [1784709593.428389143]:  -- [State2State][IGO] falling back to legacy corridor optimizer.[0m
[0m[INFO] [1784709593.419578365]:  -- [State2State][IGO] attempt pieces=5 population=48 generations=15 budget=0.0450s[0m
[0m[INFO] [1784709593.428377153]:  -- [State2State][IGO] result success=false reason=NO_FEASIBLE_CANDIDATE dim=13 evals=720 gens=15 feasible_ratio=0.000 elapsed=0.0088s occ=38 out=0 unk=188 sfc=0.53828 dyn=8.34795 duration=1.126[0m
[32m -- [Fsm] ReplanOnce succeed.[0m
[33m[WARN] [1784709593.494664666]:  -- [State2State][IGO] falling back to legacy corridor optimizer.[0m
[0m[INFO] [1784709593.486515282]:  -- [State2State][IGO] attempt pieces=6 population=48 generations=15 budget=0.0450s[0m
[0m[INFO] [1784709593.494654816]:  -- [State2State][IGO] result success=false reason=NO_FEASIBLE_CANDIDATE dim=13 evals=720 gens=15 feasible_ratio=0.000 elapsed=0.0081s occ=43 out=0 unk=180 sfc=0.68070 dyn=8.85483 duration=1.110[0m
[32m -- [Fsm] ReplanOnce succeed.[0m
[33m[WARN] [1784709593.565114797]:  -- [State2State][IGO] falling back to legacy corridor optimizer.[0m
[0m[INFO] [1784709593.552951246]:  -- [State2State][IGO] attempt pieces=6 population=48 generations=15 budget=0.0450s[0m
[0m[INFO] [1784709593.565093157]:  -- [State2State][IGO] result success=false reason=NO_FEASIBLE_CANDIDATE dim=17 evals=720 gens=15 feasible_ratio=0.000 elapsed=0.0121s occ=133 out=0 unk=620 sfc=0.03415 dyn=0.28566 duration=3.761[0m
[32m -- [Fsm] ReplanOnce succeed.[0m
[33m[WARN] [1784709593.630442303]:  -- [State2State][IGO] falling back to legacy corridor optimizer.[0m
[0m[INFO] [1784709593.619925063]:  -- [State2State][IGO] attempt pieces=6 population=48 generations=15 budget=0.0450s[0m
[0m[INFO] [1784709593.630430803]:  -- [State2State][IGO] result success=false reason=NO_FEASIBLE_CANDIDATE dim=17 evals=720 gens=15 feasible_ratio=0.000 elapsed=0.0105s occ=71 out=0 unk=311 sfc=0.46000 dyn=3.69754 duration=1.903[0m
[32m -- [Fsm] ReplanOnce succeed.[0m
[33m[WARN] [1784709593.698560449]:  -- [State2State][IGO] falling back to legacy corridor optimizer.[0m
[0m[INFO] [1784709593.686619939]:  -- [State2State][IGO] attempt pieces=6 population=48 generations=15 budget=0.0450s[0m
[0m[INFO] [1784709593.698546879]:  -- [State2State][IGO] result success=false reason=NO_FEASIBLE_CANDIDATE dim=17 evals=720 gens=15 feasible_ratio=0.000 elapsed=0.0119s occ=91 out=0 unk=440 sfc=0.57591 dyn=0.35132 duration=2.650[0m
[32m -- [Fsm] ReplanOnce succeed.[0m
[33m[WARN] [1784709593.761738421]:  -- [State2State][IGO] falling back to legacy corridor optimizer.[0m
[0m[INFO] [1784709593.753021912]:  -- [State2State][IGO] attempt pieces=6 population=48 generations=15 budget=0.0450s[0m
[0m[INFO] [1784709593.761725121]:  -- [State2State][IGO] result success=false reason=NO_FEASIBLE_CANDIDATE dim=13 evals=720 gens=15 feasible_ratio=0.000 elapsed=0.0087s occ=39 out=0 unk=156 sfc=0.74830 dyn=23.36735 duration=0.969[0m
[32m -- [Fsm] ReplanOnce succeed.[0m
[33m[WARN] [1784709593.829278272]:  -- [State2State][IGO] falling back to legacy corridor optimizer.[0m
[0m[INFO] [1784709593.819742309]:  -- [State2State][IGO] attempt pieces=7 population=48 generations=15 budget=0.0450s[0m
[0m[INFO] [1784709593.829266352]:  -- [State2State][IGO] result success=false reason=NO_FEASIBLE_CANDIDATE dim=17 evals=720 gens=15 feasible_ratio=0.000 elapsed=0.0095s occ=71 out=0 unk=194 sfc=0.07975 dyn=15.23303 duration=1.322[0m
[32m -- [Fsm] ReplanOnce succeed.[0m
[33m[WARN] [1784709593.896234070]:  -- [State2State][IGO] falling back to legacy corridor optimizer.[0m
[0m[INFO] [1784709593.886289253]:  -- [State2State][IGO] attempt pieces=6 population=48 generations=15 budget=0.0450s[0m
[0m[INFO] [1784709593.896219960]:  -- [State2State][IGO] result success=false reason=NO_FEASIBLE_CANDIDATE dim=17 evals=720 gens=15 feasible_ratio=0.000 elapsed=0.0099s occ=34 out=0 unk=215 sfc=0.13968 dyn=14.65032 duration=1.239[0m
[32m -- [Fsm] ReplanOnce succeed.[0m
[33m[WARN] [1784709593.962841585]:  -- [State2State][IGO] falling back to legacy corridor optimizer.[0m
[0m[INFO] [1784709593.952921009]:  -- [State2State][IGO] attempt pieces=6 population=48 generations=15 budget=0.0450s[0m
[0m[INFO] [1784709593.962828115]:  -- [State2State][IGO] result success=false reason=NO_FEASIBLE_CANDIDATE dim=17 evals=720 gens=15 feasible_ratio=0.000 elapsed=0.0099s occ=42 out=0 unk=428 sfc=0.74361 dyn=3.25499 duration=2.343[0m
[32m -- [Fsm] ReplanOnce succeed.[0m
[33m[WARN] [1784709594.032698881]:  -- [State2State][IGO] falling back to legacy corridor optimizer.[0m
[0m[INFO] [1784709594.020774072]:  -- [State2State][IGO] attempt pieces=6 population=48 generations=15 budget=0.0450s[0m
[0m[INFO] [1784709594.032682811]:  -- [State2State][IGO] result success=false reason=NO_FEASIBLE_CANDIDATE dim=17 evals=720 gens=15 feasible_ratio=0.000 elapsed=0.0119s occ=28 out=0 unk=236 sfc=0.24543 dyn=14.98547 duration=1.314[0m
[32m -- [Fsm] ReplanOnce succeed.[0m
[33m[WARN] [1784709594.085943806]:  -- [State2State][IGO] falling back to legacy corridor optimizer.[0m
[0m[INFO] [1784709594.085858285]:  -- [State2State][IGO] attempt pieces=7 population=48 generations=15 budget=0.0450s[0m
[0m[INFO] [1784709594.085938396]:  -- [State2State][IGO] result success=false reason=CORRIDOR_OVERLAP_NOT_STRICT dim=17 evals=0 gens=0 feasible_ratio=0.000 elapsed=0.0000s occ=0 out=0 unk=0 sfc=0.00000 dyn=0.00000 duration=0.000[0m
[32m -- [Fsm] ReplanOnce succeed.[0m
[33m[WARN] [1784709594.164420098]:  -- [State2State][IGO] falling back to legacy corridor optimizer.[0m
[0m[INFO] [1784709594.152610540]:  -- [State2State][IGO] attempt pieces=6 population=48 generations=15 budget=0.0450s[0m
[0m[INFO] [1784709594.164401728]:  -- [State2State][IGO] result success=false reason=NO_FEASIBLE_CANDIDATE dim=17 evals=720 gens=15 feasible_ratio=0.000 elapsed=0.0117s occ=1 out=0 unk=362 sfc=0.56431 dyn=2.18141 duration=1.809[0m
[32m -- [Fsm] ReplanOnce succeed.[0m
[33m[WARN] [1784709594.229340720]:  -- [State2State][IGO] falling back to legacy corridor optimizer.[0m
[0m[INFO] [1784709594.219417864]:  -- [State2State][IGO] attempt pieces=7 population=48 generations=15 budget=0.0450s[0m
[0m[INFO] [1784709594.229326820]:  -- [State2State][IGO] result success=false reason=NO_FEASIBLE_CANDIDATE dim=17 evals=720 gens=15 feasible_ratio=0.000 elapsed=0.0099s occ=0 out=0 unk=209 sfc=0.75050 dyn=24.81696 duration=1.041[0m
[32m -- [Fsm] ReplanOnce succeed.[0m
[33m[WARN] [1784709594.286259179]:  -- [State2State][IGO] falling back to legacy corridor optimizer.[0m
[0m[INFO] [1784709594.286206759]:  -- [State2State][IGO] attempt pieces=7 population=48 generations=15 budget=0.0450s[0m
[0m[INFO] [1784709594.286253389]:  -- [State2State][IGO] result success=false reason=CORRIDOR_OVERLAP_NOT_STRICT dim=13 evals=0 gens=0 feasible_ratio=0.000 elapsed=0.0000s occ=0 out=0 unk=0 sfc=0.00000 dyn=0.00000 duration=0.000[0m
[32m -- [Fsm] ReplanOnce succeed.[0m
[33m[WARN] [1784709594.362997461]:  -- [State2State][IGO] falling back to legacy corridor optimizer.[0m
[0m[INFO] [1784709594.352842413]:  -- [State2State][IGO] attempt pieces=6 population=48 generations=15 budget=0.0450s[0m
[0m[INFO] [1784709594.362983331]:  -- [State2State][IGO] result success=false reason=NO_FEASIBLE_CANDIDATE dim=13 evals=720 gens=15 feasible_ratio=0.000 elapsed=0.0101s occ=28 out=0 unk=170 sfc=0.79572 dyn=25.52408 duration=0.984[0m
[32m -- [Fsm] ReplanOnce succeed.[0m
[32m -- [Fsm 29.180] Current state: FOLLOW_TRAJ[0m
[33m[WARN] [1784709594.430704891]:  -- [State2State][IGO] falling back to legacy corridor optimizer.[0m
[0m[INFO] [1784709594.419418806]:  -- [State2State][IGO] attempt pieces=5 population=48 generations=15 budget=0.0450s[0m
[0m[INFO] [1784709594.430692611]:  -- [State2State][IGO] result success=false reason=NO_FEASIBLE_CANDIDATE dim=17 evals=720 gens=15 feasible_ratio=0.000 elapsed=0.0112s occ=53 out=0 unk=208 sfc=0.64527 dyn=12.37114 duration=1.298[0m
[32m -- [Fsm] ReplanOnce succeed.[0m
[33m[WARN] [1784709594.495358082]:  -- [State2State][IGO] falling back to legacy corridor optimizer.[0m
[0m[INFO] [1784709594.486218171]:  -- [State2State][IGO] attempt pieces=6 population=48 generations=15 budget=0.0450s[0m
[0m[INFO] [1784709594.495347242]:  -- [State2State][IGO] result success=false reason=NO_FEASIBLE_CANDIDATE dim=13 evals=720 gens=15 feasible_ratio=0.000 elapsed=0.0091s occ=35 out=0 unk=185 sfc=0.28856 dyn=23.91322 duration=1.095[0m
[32m -- [Fsm] ReplanOnce succeed.[0m
[33m[WARN] [1784709594.562915732]:  -- [State2State][IGO] falling back to legacy corridor optimizer.[0m
[0m[INFO] [1784709594.552813845]:  -- [State2State][IGO] attempt pieces=6 population=48 generations=15 budget=0.0450s[0m
[0m[INFO] [1784709594.562901612]:  -- [State2State][IGO] result success=false reason=NO_FEASIBLE_CANDIDATE dim=17 evals=720 gens=15 feasible_ratio=0.000 elapsed=0.0101s occ=29 out=0 unk=177 sfc=0.21906 dyn=32.21318 duration=1.023[0m
[32m -- [Fsm] ReplanOnce succeed.[0m
[33m[WARN] [1784709594.628551949]:  -- [State2State][IGO] falling back to legacy corridor optimizer.[0m
[0m[INFO] [1784709594.619616649]:  -- [State2State][IGO] attempt pieces=6 population=48 generations=15 budget=0.0450s[0m
[0m[INFO] [1784709594.628542999]:  -- [State2State][IGO] result success=false reason=NO_FEASIBLE_CANDIDATE dim=13 evals=720 gens=15 feasible_ratio=0.000 elapsed=0.0089s occ=26 out=0 unk=193 sfc=0.72352 dyn=16.29689 duration=1.088[0m
[32m -- [Fsm] ReplanOnce succeed.[0m
[33m[WARN] [1784709594.694740030]:  -- [State2State][IGO] falling back to legacy corridor optimizer.[0m
[0m[INFO] [1784709594.686099872]:  -- [State2State][IGO] attempt pieces=6 population=48 generations=15 budget=0.0450s[0m
[0m[INFO] [1784709594.694728960]:  -- [State2State][IGO] result success=false reason=NO_FEASIBLE_CANDIDATE dim=13 evals=720 gens=15 feasible_ratio=0.000 elapsed=0.0086s occ=17 out=0 unk=301 sfc=0.71147 dyn=9.54363 duration=1.586[0m
[32m -- [Fsm] ReplanOnce succeed.[0m
[33m[WARN] [1784709594.763836030]:  -- [State2State][IGO] falling back to legacy corridor optimizer.[0m
[0m[INFO] [1784709594.752561045]:  -- [State2State][IGO] attempt pieces=5 population=48 generations=15 budget=0.0450s[0m
[0m[INFO] [1784709594.763821620]:  -- [State2State][IGO] result success=false reason=NO_FEASIBLE_CANDIDATE dim=13 evals=720 gens=15 feasible_ratio=0.000 elapsed=0.0112s occ=5 out=0 unk=386 sfc=0.84976 dyn=1.68898 duration=1.950[0m
[32m -- [Fsm] ReplanOnce succeed.[0m
[33m[WARN] [1784709594.829045384]:  -- [State2State][IGO] falling back to legacy corridor optimizer.[0m
[0m[INFO] [1784709594.819436160]:  -- [State2State][IGO] attempt pieces=6 population=48 generations=15 budget=0.0450s[0m
[0m[INFO] [1784709594.829034224]:  -- [State2State][IGO] result success=false reason=NO_FEASIBLE_CANDIDATE dim=13 evals=720 gens=15 feasible_ratio=0.000 elapsed=0.0096s occ=0 out=0 unk=371 sfc=0.40112 dyn=1.79396 duration=1.850[0m
[32m -- [Fsm] ReplanOnce succeed.[0m
[33m[WARN] [1784709594.898421577]:  -- [State2State][IGO] falling back to legacy corridor optimizer.[0m
[0m[INFO] [1784709594.885658581]:  -- [State2State][IGO] attempt pieces=5 population=48 generations=15 budget=0.0450s[0m
[0m[INFO] [1784709594.898409136]:  -- [State2State][IGO] result success=false reason=NO_FEASIBLE_CANDIDATE dim=17 evals=720 gens=15 feasible_ratio=0.000 elapsed=0.0127s occ=1 out=0 unk=391 sfc=0.12144 dyn=2.83539 duration=1.953[0m
[32m -- [Fsm] ReplanOnce succeed.[0m
[33m[WARN] [1784709594.965760165]:  -- [State2State][IGO] falling back to legacy corridor optimizer.[0m
[0m[INFO] [1784709594.952315615]:  -- [State2State][IGO] attempt pieces=5 population=48 generations=15 budget=0.0450s[0m
[0m[INFO] [1784709594.965742065]:  -- [State2State][IGO] result success=false reason=NO_FEASIBLE_CANDIDATE dim=17 evals=720 gens=15 feasible_ratio=0.000 elapsed=0.0134s occ=3 out=0 unk=358 sfc=0.00000 dyn=4.27961 duration=1.798[0m
[32m -- [Fsm] ReplanOnce succeed.[0m
[33m[WARN] [1784709595.031620213]:  -- [State2State][IGO] falling back to legacy corridor optimizer.[0m
[0m[INFO] [1784709595.019025279]:  -- [State2State][IGO] attempt pieces=5 population=48 generations=15 budget=0.0450s[0m
[0m[INFO] [1784709595.031609483]:  -- [State2State][IGO] result success=false reason=NO_FEASIBLE_CANDIDATE dim=17 evals=720 gens=15 feasible_ratio=0.000 elapsed=0.0126s occ=0 out=0 unk=302 sfc=0.00000 dyn=9.13337 duration=1.504[0m
[32m -- [Fsm] ReplanOnce succeed.[0m
[33m[WARN] [1784709595.097965553]:  -- [State2State][IGO] falling back to legacy corridor optimizer.[0m
[0m[INFO] [1784709595.085733542]:  -- [State2State][IGO] attempt pieces=5 population=48 generations=15 budget=0.0450s[0m
[0m[INFO] [1784709595.097953213]:  -- [State2State][IGO] result success=false reason=NO_FEASIBLE_CANDIDATE dim=13 evals=720 gens=15 feasible_ratio=0.000 elapsed=0.0122s occ=0 out=0 unk=345 sfc=0.00000 dyn=4.08677 duration=1.722[0m
[32m -- [Fsm] ReplanOnce succeed.[0m
[33m[WARN] [1784709595.164705426]:  -- [State2State][IGO] falling back to legacy corridor optimizer.[0m
[0m[INFO] [1784709595.152153073]:  -- [State2State][IGO] attempt pieces=5 population=48 generations=15 budget=0.0450s[0m
[0m[INFO] [1784709595.164690016]:  -- [State2State][IGO] result success=false reason=NO_FEASIBLE_CANDIDATE dim=17 evals=720 gens=15 feasible_ratio=0.000 elapsed=0.0125s occ=57 out=513 unk=24 sfc=72.68609 dyn=66.30699 duration=2.966[0m
[32m -- [Fsm] ReplanOnce succeed.[0m
[33m[WARN] [1784709595.229395786]:  -- [State2State][IGO] falling back to legacy corridor optimizer.[0m
[0m[INFO] [1784709595.218885776]:  -- [State2State][IGO] attempt pieces=5 population=48 generations=15 budget=0.0450s[0m
[0m[INFO] [1784709595.229386855]:  -- [State2State][IGO] result success=false reason=NO_FEASIBLE_CANDIDATE dim=13 evals=720 gens=15 feasible_ratio=0.000 elapsed=0.0105s occ=75 out=0 unk=151 sfc=0.30091 dyn=25.59456 duration=1.126[0m
[32m -- [Fsm] ReplanOnce succeed.[0m
[33m[WARN] [1784709595.301953437]:  -- [State2State][IGO] falling back to legacy corridor optimizer.[0m
[0m[INFO] [1784709595.285588258]:  -- [State2State][IGO] attempt pieces=5 population=48 generations=15 budget=0.0450s[0m
[0m[INFO] [1784709595.301943997]:  -- [State2State][IGO] result success=false reason=NO_FEASIBLE_CANDIDATE dim=17 evals=720 gens=15 feasible_ratio=0.000 elapsed=0.0163s occ=89 out=0 unk=317 sfc=0.79729 dyn=6.48333 duration=2.023[0m
[32m -- [Fsm] ReplanOnce succeed.[0m
[33m[WARN] [1784709595.365833631]:  -- [State2State][IGO] falling back to legacy corridor optimizer.[0m
[0m[INFO] [1784709595.352114660]:  -- [State2State][IGO] attempt pieces=5 population=48 generations=15 budget=0.0450s[0m
[0m[INFO] [1784709595.365814121]:  -- [State2State][IGO] result success=false reason=NO_FEASIBLE_CANDIDATE dim=13 evals=720 gens=15 feasible_ratio=0.000 elapsed=0.0137s occ=0 out=0 unk=353 sfc=0.18540 dyn=6.63223 duration=1.758[0m
[32m -- [Fsm] ReplanOnce succeed.[0m
[32m -- [Fsm 30.190] Current state: FOLLOW_TRAJ[0m
[33m[WARN] [1784709595.429095011]:  -- [State2State][IGO] falling back to legacy corridor optimizer.[0m
[0m[INFO] [1784709595.418981364]:  -- [State2State][IGO] attempt pieces=5 population=48 generations=15 budget=0.0450s[0m
[0m[INFO] [1784709595.429081241]:  -- [State2State][IGO] result success=false reason=NO_FEASIBLE_CANDIDATE dim=13 evals=720 gens=15 feasible_ratio=0.000 elapsed=0.0101s occ=21 out=0 unk=209 sfc=0.21280 dyn=9.53002 duration=1.146[0m
[32m -- [Fsm] ReplanOnce succeed.[0m
[33m[WARN] [1784709595.495639192]:  -- [State2State][IGO] falling back to legacy corridor optimizer.[0m
[0m[INFO] [1784709595.485592586]:  -- [State2State][IGO] attempt pieces=5 population=48 generations=15 budget=0.0450s[0m
[0m[INFO] [1784709595.495624042]:  -- [State2State][IGO] result success=false reason=NO_FEASIBLE_CANDIDATE dim=13 evals=720 gens=15 feasible_ratio=0.000 elapsed=0.0100s occ=22 out=0 unk=217 sfc=0.00000 dyn=11.67038 duration=1.192[0m
[32m -- [Fsm] ReplanOnce succeed.[0m
[33m[WARN] [1784709595.563048400]:  -- [State2State][IGO] falling back to legacy corridor optimizer.[0m
[0m[INFO] [1784709595.552262019]:  -- [State2State][IGO] attempt pieces=5 population=48 generations=15 budget=0.0450s[0m
[0m[INFO] [1784709595.563032530]:  -- [State2State][IGO] result success=false reason=NO_FEASIBLE_CANDIDATE dim=17 evals=720 gens=15 feasible_ratio=0.000 elapsed=0.0107s occ=49 out=0 unk=218 sfc=0.05578 dyn=12.56466 duration=1.332[0m
[32m -- [Fsm] ReplanOnce succeed.[0m
[33m[WARN] [1784709595.627782430]:  -- [State2State][IGO] falling back to legacy corridor optimizer.[0m
[0m[INFO] [1784709595.618913551]:  -- [State2State][IGO] attempt pieces=5 population=48 generations=15 budget=0.0450s[0m
[0m[INFO] [1784709595.627774570]:  -- [State2State][IGO] result success=false reason=NO_FEASIBLE_CANDIDATE dim=13 evals=720 gens=15 feasible_ratio=0.000 elapsed=0.0088s occ=0 out=0 unk=217 sfc=0.00000 dyn=7.38832 duration=1.081[0m
[32m -- [Fsm] ReplanOnce succeed.[0m
[33m[WARN] [1784709595.694375922]:  -- [State2State][IGO] falling back to legacy corridor optimizer.[0m
[0m[INFO] [1784709595.685763324]:  -- [State2State][IGO] attempt pieces=5 population=48 generations=15 budget=0.0450s[0m
[0m[INFO] [1784709595.694364522]:  -- [State2State][IGO] result success=false reason=NO_FEASIBLE_CANDIDATE dim=13 evals=720 gens=15 feasible_ratio=0.000 elapsed=0.0086s occ=44 out=0 unk=199 sfc=0.00000 dyn=11.09397 duration=1.209[0m
[32m -- [Fsm] ReplanOnce succeed.[0m
[33m[WARN] [1784709595.760448780]:  -- [State2State][IGO] falling back to legacy corridor optimizer.[0m
[0m[INFO] [1784709595.752333626]:  -- [State2State][IGO] attempt pieces=5 population=48 generations=15 budget=0.0450s[0m
[0m[INFO] [1784709595.760438400]:  -- [State2State][IGO] result success=false reason=NO_FEASIBLE_CANDIDATE dim=13 evals=720 gens=15 feasible_ratio=0.000 elapsed=0.0081s occ=38 out=0 unk=167 sfc=0.36492 dyn=23.69441 duration=1.021[0m
[32m -- [Fsm] ReplanOnce succeed.[0m
[33m[WARN] [1784709595.827066283]:  -- [State2State][IGO] falling back to legacy corridor optimizer.[0m
[0m[INFO] [1784709595.819135130]:  -- [State2State][IGO] attempt pieces=5 population=48 generations=15 budget=0.0450s[0m
[0m[INFO] [1784709595.827055503]:  -- [State2State][IGO] result success=false reason=NO_FEASIBLE_CANDIDATE dim=13 evals=720 gens=15 feasible_ratio=0.000 elapsed=0.0079s occ=49 out=0 unk=185 sfc=0.05004 dyn=17.93948 duration=1.165[0m
[32m -- [Fsm] ReplanOnce succeed.[0m
[33m[WARN] [1784709595.893671205]:  -- [State2State][IGO] falling back to legacy corridor optimizer.[0m
[0m[INFO] [1784709595.885867493]:  -- [State2State][IGO] attempt pieces=5 population=48 generations=15 budget=0.0450s[0m
[0m[INFO] [1784709595.893661485]:  -- [State2State][IGO] result success=false reason=NO_FEASIBLE_CANDIDATE dim=13 evals=720 gens=15 feasible_ratio=0.000 elapsed=0.0078s occ=50 out=0 unk=184 sfc=0.25850 dyn=15.38503 duration=1.165[0m
[32m -- [Fsm] ReplanOnce succeed.[0m
[33m[WARN] [1784709595.961076752]:  -- [State2State][IGO] falling back to legacy corridor optimizer.[0m
[0m[INFO] [1784709595.952392314]:  -- [State2State][IGO] attempt pieces=6 population=48 generations=15 budget=0.0450s[0m
[0m[INFO] [1784709595.961062872]:  -- [State2State][IGO] result success=false reason=NO_FEASIBLE_CANDIDATE dim=17 evals=720 gens=15 feasible_ratio=0.000 elapsed=0.0086s occ=48 out=0 unk=220 sfc=0.29346 dyn=6.94926 duration=1.333[0m
[32m -- [Fsm] ReplanOnce succeed.[0m
[33m[WARN] [1784709596.027763394]:  -- [State2State][IGO] falling back to legacy corridor optimizer.[0m
[0m[INFO] [1784709596.019150027]:  -- [State2State][IGO] attempt pieces=6 population=48 generations=15 budget=0.0450s[0m
[0m[INFO] [1784709596.027749084]:  -- [State2State][IGO] result success=false reason=NO_FEASIBLE_CANDIDATE dim=17 evals=720 gens=15 feasible_ratio=0.000 elapsed=0.0086s occ=56 out=0 unk=197 sfc=0.00000 dyn=17.89510 duration=1.262[0m
[32m -- [Fsm] ReplanOnce succeed.[0m
[33m[WARN] [1784709596.093901742]:  -- [State2State][IGO] falling back to legacy corridor optimizer.[0m
[0m[INFO] [1784709596.085950479]:  -- [State2State][IGO] attempt pieces=6 population=48 generations=15 budget=0.0450s[0m
[0m[INFO] [1784709596.093890412]:  -- [State2State][IGO] result success=false reason=NO_FEASIBLE_CANDIDATE dim=13 evals=720 gens=15 feasible_ratio=0.000 elapsed=0.0079s occ=49 out=0 unk=154 sfc=0.00000 dyn=15.68028 duration=1.009[0m
[32m -- [Fsm] ReplanOnce succeed.[0m
[33m[WARN] [1784709596.160360201]:  -- [State2State][IGO] falling back to legacy corridor optimizer.[0m
[0m[INFO] [1784709596.152669740]:  -- [State2State][IGO] attempt pieces=5 population=48 generations=15 budget=0.0450s[0m
[0m[INFO] [1784709596.160350241]:  -- [State2State][IGO] result success=false reason=NO_FEASIBLE_CANDIDATE dim=13 evals=720 gens=15 feasible_ratio=0.000 elapsed=0.0077s occ=55 out=0 unk=179 sfc=0.00000 dyn=11.67556 duration=1.163[0m
[32m -- [Fsm] ReplanOnce succeed.[0m
[33m[WARN] [1784709596.227434465]:  -- [State2State][IGO] falling back to legacy corridor optimizer.[0m
[0m[INFO] [1784709596.219374842]:  -- [State2State][IGO] attempt pieces=6 population=48 generations=15 budget=0.0450s[0m
[0m[INFO] [1784709596.227423365]:  -- [State2State][IGO] result success=false reason=NO_FEASIBLE_CANDIDATE dim=13 evals=720 gens=15 feasible_ratio=0.000 elapsed=0.0080s occ=58 out=0 unk=160 sfc=0.21836 dyn=21.18355 duration=1.085[0m
[32m -- [Fsm] ReplanOnce succeed.[0m
[33m[WARN] [1784709596.294980731]:  -- [State2State][IGO] falling back to legacy corridor optimizer.[0m
[0m[INFO] [1784709596.286149283]:  -- [State2State][IGO] attempt pieces=6 population=48 generations=15 budget=0.0450s[0m
[0m[INFO] [1784709596.294970791]:  -- [State2State][IGO] result success=false reason=NO_FEASIBLE_CANDIDATE dim=17 evals=720 gens=15 feasible_ratio=0.000 elapsed=0.0088s occ=45 out=0 unk=173 sfc=0.00000 dyn=13.00756 duration=1.086[0m
[32m -- [Fsm] ReplanOnce succeed.[0m
[33m[WARN] [1784709596.362138796]:  -- [State2State][IGO] falling back to legacy corridor optimizer.[0m
[0m[INFO] [1784709596.352784344]:  -- [State2State][IGO] attempt pieces=7 population=48 generations=15 budget=0.0450s[0m
[0m[INFO] [1784709596.362125586]:  -- [State2State][IGO] result success=false reason=NO_FEASIBLE_CANDIDATE dim=21 evals=720 gens=15 feasible_ratio=0.000 elapsed=0.0093s occ=41 out=0 unk=194 sfc=0.00000 dyn=20.53360 duration=1.168[0m
[32m -- [Fsm] ReplanOnce succeed.[0m
[32m -- [Fsm 31.190] Current state: FOLLOW_TRAJ[0m
[33m[WARN] [1784709596.429082329]:  -- [State2State][IGO] falling back to legacy corridor optimizer.[0m
[0m[INFO] [1784709596.419493085]:  -- [State2State][IGO] attempt pieces=7 population=48 generations=15 budget=0.0450s[0m
[0m[INFO] [1784709596.429071089]:  -- [State2State][IGO] result success=false reason=NO_FEASIBLE_CANDIDATE dim=21 evals=720 gens=15 feasible_ratio=0.000 elapsed=0.0095s occ=40 out=0 unk=185 sfc=0.19523 dyn=13.80294 duration=1.119[0m
[32m -- [Fsm] ReplanOnce succeed.[0m
[33m[WARN] [1784709596.494163329]:  -- [State2State][IGO] falling back to legacy corridor optimizer.[0m
[0m[INFO] [1784709596.486288047]:  -- [State2State][IGO] attempt pieces=6 population=48 generations=15 budget=0.0450s[0m
[0m[INFO] [1784709596.494153269]:  -- [State2State][IGO] result success=false reason=NO_FEASIBLE_CANDIDATE dim=13 evals=720 gens=15 feasible_ratio=0.000 elapsed=0.0078s occ=59 out=0 unk=174 sfc=0.29141 dyn=12.05717 duration=1.162[0m
[32m -- [Fsm] ReplanOnce succeed.[0m
[33m[WARN] [1784709596.561350104]:  -- [State2State][IGO] falling back to legacy corridor optimizer.[0m
[0m[INFO] [1784709596.552745436]:  -- [State2State][IGO] attempt pieces=7 population=48 generations=15 budget=0.0450s[0m
[0m[INFO] [1784709596.561339334]:  -- [State2State][IGO] result success=false reason=NO_FEASIBLE_CANDIDATE dim=17 evals=720 gens=15 feasible_ratio=0.000 elapsed=0.0086s occ=43 out=0 unk=172 sfc=0.16948 dyn=15.14801 duration=1.069[0m
[32m -- [Fsm] ReplanOnce succeed.[0m
[33m[WARN] [1784709596.627997404]:  -- [State2State][IGO] falling back to legacy corridor optimizer.[0m
[0m[INFO] [1784709596.619315267]:  -- [State2State][IGO] attempt pieces=7 population=48 generations=15 budget=0.0450s[0m
[0m[INFO] [1784709596.627987814]:  -- [State2State][IGO] result success=false reason=NO_FEASIBLE_CANDIDATE dim=17 evals=720 gens=15 feasible_ratio=0.000 elapsed=0.0086s occ=36 out=0 unk=171 sfc=0.83746 dyn=19.05152 duration=1.028[0m
[32m -- [Fsm] ReplanOnce succeed.[0m
[33m[WARN] [1784709596.694854927]:  -- [State2State][IGO] falling back to legacy corridor optimizer.[0m
[0m[INFO] [1784709596.685873637]:  -- [State2State][IGO] attempt pieces=6 population=48 generations=15 budget=0.0450s[0m
[0m[INFO] [1784709596.694844247]:  -- [State2State][IGO] result success=false reason=NO_FEASIBLE_CANDIDATE dim=17 evals=720 gens=15 feasible_ratio=0.000 elapsed=0.0089s occ=44 out=0 unk=185 sfc=0.64899 dyn=22.82856 duration=1.139[0m
[32m -- [Fsm] ReplanOnce succeed.[0m
[33m[WARN] [1784709596.763521071]:  -- [State2State][IGO] falling back to legacy corridor optimizer.[0m
[0m[INFO] [1784709596.752438957]:  -- [State2State][IGO] attempt pieces=6 population=48 generations=15 budget=0.0450s[0m
[0m[INFO] [1784709596.763508761]:  -- [State2State][IGO] result success=false reason=NO_FEASIBLE_CANDIDATE dim=17 evals=720 gens=15 feasible_ratio=0.000 elapsed=0.0110s occ=79 out=0 unk=461 sfc=0.89196 dyn=2.45213 duration=2.694[0m
[32m -- [Fsm] ReplanOnce succeed.[0m
[33m[WARN] [1784709596.827975807]:  -- [State2State][IGO] falling back to legacy corridor optimizer.[0m
[0m[INFO] [1784709596.819154139]:  -- [State2State][IGO] attempt pieces=6 population=48 generations=15 budget=0.0450s[0m
[0m[INFO] [1784709596.827966227]:  -- [State2State][IGO] result success=false reason=NO_FEASIBLE_CANDIDATE dim=17 evals=720 gens=15 feasible_ratio=0.000 elapsed=0.0088s occ=28 out=0 unk=185 sfc=0.19488 dyn=21.27409 duration=1.060[0m
[32m -- [Fsm] ReplanOnce succeed.[0m
[33m[WARN] [1784709596.897564768]:  -- [State2State][IGO] falling back to legacy corridor optimizer.[0m
[0m[INFO] [1784709596.885944501]:  -- [State2State][IGO] attempt pieces=6 population=48 generations=15 budget=0.0450s[0m
[0m[INFO] [1784709596.897550478]:  -- [State2State][IGO] result success=false reason=NO_FEASIBLE_CANDIDATE dim=17 evals=720 gens=15 feasible_ratio=0.000 elapsed=0.0116s occ=61 out=0 unk=346 sfc=0.56574 dyn=3.29374 duration=2.031[0m
[32m -- [Fsm] ReplanOnce succeed.[0m
[33m[WARN] [1784709596.963574134]:  -- [State2State][IGO] falling back to legacy corridor optimizer.[0m
[0m[INFO] [1784709596.952785323]:  -- [State2State][IGO] attempt pieces=6 population=48 generations=15 budget=0.0450s[0m
[0m[INFO] [1784709596.963549074]:  -- [State2State][IGO] result success=false reason=NO_FEASIBLE_CANDIDATE dim=13 evals=720 gens=15 feasible_ratio=0.000 elapsed=0.0107s occ=40 out=0 unk=321 sfc=0.56574 dyn=1.44817 duration=1.801[0m
[32m -- [Fsm] ReplanOnce succeed.[0m
[33m[WARN] [1784709597.037291190]:  -- [State2State][IGO] falling back to legacy corridor optimizer.[0m
[0m[INFO] [1784709597.019274972]:  -- [State2State][IGO] attempt pieces=5 population=48 generations=15 budget=0.0450s[0m
[0m[INFO] [1784709597.037276510]:  -- [State2State][IGO] result success=false reason=NO_FEASIBLE_CANDIDATE dim=17 evals=720 gens=15 feasible_ratio=0.000 elapsed=0.0180s occ=53 out=0 unk=798 sfc=0.73035 dyn=1.43976 duration=4.251[0m
[32m -- [Fsm] ReplanOnce succeed.[0m
[33m[WARN] [1784709597.102612401]:  -- [State2State][IGO] falling back to legacy corridor optimizer.[0m
[0m[INFO] [1784709597.086009152]:  -- [State2State][IGO] attempt pieces=5 population=48 generations=15 budget=0.0450s[0m
[0m[INFO] [1784709597.102594371]:  -- [State2State][IGO] result success=false reason=NO_FEASIBLE_CANDIDATE dim=17 evals=720 gens=15 feasible_ratio=0.000 elapsed=0.0165s occ=30 out=0 unk=892 sfc=0.00000 dyn=0.40597 duration=4.605[0m
[32m -- [Fsm] ReplanOnce succeed.[0m
[33m[WARN] [1784709597.168828558]:  -- [State2State][IGO] falling back to legacy corridor optimizer.[0m
[0m[INFO] [1784709597.152730972]:  -- [State2State][IGO] attempt pieces=7 population=48 generations=15 budget=0.0450s[0m
[0m[INFO] [1784709597.168808118]:  -- [State2State][IGO] result success=false reason=NO_FEASIBLE_CANDIDATE dim=21 evals=720 gens=15 feasible_ratio=0.000 elapsed=0.0160s occ=17 out=0 unk=662 sfc=0.46994 dyn=1.61473 duration=3.388[0m
[32m -- [Fsm] ReplanOnce succeed.[0m
[33m[WARN] [1784709597.234195719]:  -- [State2State][IGO] falling back to legacy corridor optimizer.[0m
[0m[INFO] [1784709597.219688693]:  -- [State2State][IGO] attempt pieces=7 population=48 generations=15 budget=0.0450s[0m
[0m[INFO] [1784709597.234181049]:  -- [State2State][IGO] result success=false reason=NO_FEASIBLE_CANDIDATE dim=25 evals=720 gens=15 feasible_ratio=0.000 elapsed=0.0145s occ=4 out=0 unk=610 sfc=0.14264 dyn=0.71455 duration=3.064[0m
[32m -- [Fsm] ReplanOnce succeed.[0m
[33m[WARN] [1784709597.299377858]:  -- [State2State][IGO] falling back to legacy corridor optimizer.[0m
[0m[INFO] [1784709597.286183692]:  -- [State2State][IGO] attempt pieces=5 population=48 generations=15 budget=0.0450s[0m
[0m[INFO] [1784709597.299364408]:  -- [State2State][IGO] result success=false reason=NO_FEASIBLE_CANDIDATE dim=17 evals=720 gens=15 feasible_ratio=0.000 elapsed=0.0131s occ=3 out=0 unk=289 sfc=0.23718 dyn=13.37484 duration=1.455[0m
[32m -- [Fsm] ReplanOnce succeed.[0m
[33m[WARN] [1784709597.363175929]:  -- [State2State][IGO] falling back to legacy corridor optimizer.[0m
[0m[INFO] [1784709597.353040152]:  -- [State2State][IGO] attempt pieces=6 population=48 generations=15 budget=0.0450s[0m
[0m[INFO] [1784709597.363162759]:  -- [State2State][IGO] result success=false reason=NO_FEASIBLE_CANDIDATE dim=17 evals=720 gens=15 feasible_ratio=0.000 elapsed=0.0101s occ=18 out=0 unk=217 sfc=0.57122 dyn=18.41055 duration=1.168[0m
[32m -- [Fsm] ReplanOnce succeed.[0m
[general] Total replan num: 98, total length: 63.68381080674364, average computation time: 0.12803596938775508 ms, total optimization time: 1085.2807050000001 ms, dense sampling share: 48.44986606483526%, control point share: 28.44815489463621%
[32mData saved successfully to /root/ws/real_planner/src/General-Planner/src/Planner/general_planner/log/replan_logs/general_latest_log.bin[0m
... logging to /root/.ros/log/d070edd2-856c-11f1-9d45-f068e322ab4c/roslaunch-diffbot-898679.log
Checking log directory for disk usage. This may take a while.
Press Ctrl-C to interrupt
Done checking log file disk usage. Usage is <1GB.
]2;/root/ws/real_planner/src/General-Planner/src/Planner/task_planner/launch/click_demo.launch
[1mstarted roslaunch server http://diffbot:39643/[0m

SUMMARY
========

CLEAR PARAMETERS
 * /fsm_node/
 * /perfect_drone/

PARAMETERS
 * /fsm_node/config_path: /root/ws/real_pla...
 * /perfect_drone/config_name: click.yaml
 * /rosdistro: noetic
 * /rosversion: 1.17.4

NODES
  /
    fsm_node (general_planner/fsm_node)
    perfect_drone (perfect_drone_sim/perfect_drone)

[1mROS_MASTER_URI=http://localhost:11311[0m
]2;/root/ws/real_planner/src/General-Planner/src/Planner/task_planner/launch/click_demo.launch http://localhost:11311
[1mprocess[perfect_drone-1]: started with pid [898710][0m
[1mprocess[fsm_node-2]: started with pid [898711][0m
[fsm_node-2] killing on exit
[perfect_drone-1] killing on exit
shutting down processing monitor...
... shutting down processing monitor complete
[1mdone[0m
