[32m -- [Fsm-Test] Begin.[0m
 -- [Fsm-Test] Load config from: /root/ws/real_planner/src/General-Planner/src/Planner/general_planner/config/click_real_highspeed.yaml
Load config file: /root/ws/real_planner/src/General-Planner/src/Planner/general_planner/config/click_real_highspeed.yaml
[0;32m Load param fsm/timer_en success: [0;0m1
[0;33m Load param fsm/auto_start failed, use default value: [0;0m0
[0;32m Load param fsm/click_goal_en success: [0;0m1
[0;32m Load param fsm/click_goal_3d_en success: [0;0m1
[0;32m Load param fsm/click_yaw_en success: [0;0m1
[0;32m Load param fsm/replan_rate success: [0;0m15
[0;32m Load param fsm/click_height success: [0;0m1.5
[0;32m Load param fsm/cmd_topic success: [0;0m/planning/pos_cmd
[0;32m Load param fsm/mpc_cmd_topic success: [0;0m/planning_cmd/poly_traj
[0;33m Load param fsm/publish_so3_cmd failed, use default value: [0;0m0
[0;33m Load param fsm/so3_cmd_topic failed, use default value: [0;0m/planning/so3_cmd
[0;33m Load param fsm/so3_kR failed, use default value: [0;0m[0 0 0 ]
[0;33m Load param fsm/so3_kOm failed, use default value: [0;0m[0 0 0 ]
[0;32m Load param traj_opt/flatness/mass success: [0;0m1.64
[0;32m Load param traj_opt/flatness/dh success: [0;0m0.35
[0;32m Load param traj_opt/flatness/dv success: [0;0m0.35
[0;32m Load param traj_opt/flatness/grav success: [0;0m9.81
[0;32m Load param traj_opt/flatness/cp success: [0;0m0.001
[0;32m Load param traj_opt/flatness/v_eps success: [0;0m0.0001
[0;32m Load param fsm/click_goal_topic success: [0;0m/goal
[0;32m Load param fsm/click_goal_3d_topic success: [0;0m/goal_3d
[0;33m Load param fsm/task_mode failed, use default value: [0;0mstate2state
[0;33m Load param fsm/planning_backend failed, use default value: [0;0m
[0;33m Load param general_planner/backend failed, use default value: [0;0m
[0;33m Load param general_planner/plain_traj_en failed, use default value: [0;0m0
[0;32m Load param general_planner/esdf_traj_en success: [0;0m0
[0;33m Load param fsm/task_planner_en failed, use default value: [0;0m0
[0;33m Load param fsm/task_mode_topic failed, use default value: [0;0m/planning/task_mode
[0;33m Load param fsm/tracking_target_odom_topic failed, use default value: [0;0m/tracking/target_odom
[0;33m Load param fsm/tracking_target_prediction_topic failed, use default value: [0;0m/tracking/target_prediction
[0;33m Load param fsm/tracking_use_target_prediction_path failed, use default value: [0;0m1
[0;33m Load param fsm/perching_surface_odom_topic failed, use default value: [0;0m/perching/surface_odom
[0;33m Load param fsm/dynamic_takeoff_start_delay failed, use default value: [0;0m0
[0;33m Load param general_planner/tracking_perching/enable failed, use default value: [0;0m0
[0;33m Load param fsm/tracking_prediction_horizon failed, use default value: [0;0m4
[0;33m Load param fsm/tracking_prediction_dt failed, use default value: [0;0m0.25
[0;33m Load param fsm/tracking_prediction_use_kinodynamic failed, use default value: [0;0m1
[0;33m Load param fsm/tracking_prediction_accel failed, use default value: [0;0m3
[0;33m Load param fsm/tracking_prediction_vmax failed, use default value: [0;0m4
[0;33m Load param fsm/tracking_prediction_rho_accel failed, use default value: [0;0m1
[0;33m Load param fsm/tracking_prediction_max_time failed, use default value: [0;0m0.03
[0;33m Load param fsm/tracking_static_position_epsilon failed, use default value: [0;0m0.05
[0;33m Load param fsm/tracking_static_velocity_epsilon failed, use default value: [0;0m0.05
[0;33m Load param fsm/tracking_static_yaw_epsilon failed, use default value: [0;0m0.05
[0;33m Load param fsm/tracking_static_replan_remaining_time failed, use default value: [0;0m0.8
[0;33m Load param fsm/tracking_static_task_position_epsilon failed, use default value: [0;0m0.12
[0;33m Load param fsm/tracking_static_task_velocity_epsilon failed, use default value: [0;0m0.1
[0;33m Load param fsm/tracking_static_prediction_filter_velocity_epsilon failed, use default value: [0;0m0.08
[0;33m Load param fsm/tracking_static_safety_check_horizon failed, use default value: [0;0m1.5
[0;33m Load param fsm/tracking_static_safety_check_dt failed, use default value: [0;0m0.12
[0;33m Load param fsm/tracking_static_replan_log_period failed, use default value: [0;0m1
[0;33m Load param fsm/tracking_plan_from_rest_max_failures failed, use default value: [0;0m4
[0;33m Load param fsm/tracking_plan_from_rest_failure_backoff failed, use default value: [0;0m0.5
[0;33m Load param fsm/tracking_plan_from_rest_limited_backoff failed, use default value: [0;0m2
[0;33m Load param fsm/tracking_static_finish_on_plan_failure failed, use default value: [0;0m0
[0;33m Load param fsm/perception_replan_check_en failed, use default value: [0;0m0
[0;32m Load param fsm/perception_replan_check_rate success: [0;0m60
[0;32m Load param fsm/perception_replan_check_horizon success: [0;0m2
[0;32m Load param fsm/perception_replan_check_dt success: [0;0m0.06
[0;32m Load param fsm/perception_replan_min_interval success: [0;0m0.08
[0;32m Load param fsm/perception_replan_consecutive_hits success: [0;0m1
[0;33m Load param fsm/perception_replan_unknown_as_occupied failed, use default value: [0;0m0
[0;32m Load param fsm/perception_replan_emergency_horizon success: [0;0m0.45
[0;33m Load param fsm/perception_replan_log_period failed, use default value: [0;0m0.5
[0;32m Load param general_planner/dynamic_obstacle_layer/enable success: [0;0m0
[0;32m Load param general_planner/dynamic_obstacle_layer/cloud_topic success: [0;0m/cloud_registered
[0;32m Load param general_planner/dynamic_obstacle_layer/cloud_queue_size success: [0;0m3
[0;32m Load param general_planner/dynamic_obstacle_layer/odom_timeout success: [0;0m0.2
[0;33m Load param fsm/task_timeout failed, use default value: [0;0m0.6
[0;33m Load param fsm/state2state_plan_from_rest_max_failures failed, use default value: [0;0m0
[0;33m Load param fsm/state2state_clear_goal_on_plan_failure failed, use default value: [0;0m0
[0;33m Load param fsm/diagnostic_log_en failed, use default value: [0;0m1
[0;33m Load param fsm/diagnostic_event_topic failed, use default value: [0;0m/planning/diagnostics/events
[0;33m Load param general_planner/swarm/enable failed, use default value: [0;0m0
[0;33m Load param general_planner/swarm/drone_id failed, use default value: [0;0m-1
[0;33m Load param general_planner/swarm/des_clearance failed, use default value: [0;0m0.75
[0;33m Load param general_planner/swarm/broadcast_enable failed, use default value: [0;0m1
[0;33m Load param general_planner/swarm/traj_broadcast_topic failed, use default value: [0;0m/swarm/trajectory
[0;33m Load param general_planner/swarm/state_broadcast_topic failed, use default value: [0;0m/swarm/state
[0;33m Load param general_planner/swarm/formation/reference_enable failed, use default value: [0;0m0
[0;33m Load param general_planner/swarm/formation/reference_topic failed, use default value: [0;0m/swarm/formation_reference
[0;33m Load param general_planner/swarm/traj_topics failed, use default value: [0;0m[]
[0;33m Load param general_planner/swarm/traj_ids failed, use default value: [0;0m[]
[0;32m Load param general_planner/yaw_dot_max success: [0;0m3
[0;32m Load param general_planner/visualization_en success: [0;0m1
[0;32m Load param rog_map/resolution success: [0;0m0.15
Load config file: /root/ws/real_planner/src/General-Planner/src/Planner/general_planner/config/click_real_highspeed.yaml
[0;32m Load param rog_map/esdf/resolution success: [0;0m0.1
[0;32m Load param rog_map/esdf/enable success: [0;0m0
[0;32m Load param rog_map/esdf/local_update_box success: [0;0m[5 5 3 ]
[0;32m Load param rog_map/load_pcd_en success: [0;0m0
[0;32m Load param rog_map/map_sliding/enable success: [0;0m1
[0;32m Load param rog_map/map_sliding/threshold success: [0;0m0.3
[0;32m Load param rog_map/fix_map_origin success: [0;0m[0 0 1.5 ]
[0;32m Load param rog_map/frontier_extraction_en success: [0;0m0
[0;32m Load param rog_map/ros_callback/enable success: [0;0m1
[0;32m Load param rog_map/ros_callback/cloud_topic success: [0;0m/cloud_registered
[0;32m Load param rog_map/ros_callback/odom_topic success: [0;0m/lidar_slam/odom
[0;32m Load param rog_map/ros_callback/odom_timeout success: [0;0m2
[0;32m Load param rog_map/visualization/enable success: [0;0m1
[0;32m Load param rog_map/visualization/use_dynamic_reconfigure success: [0;0m0
[0;32m Load param rog_map/visualization/pub_unknown_map_en success: [0;0m0
[0;32m Load param rog_map/visualization/frame_id success: [0;0mworld
[0;32m Load param rog_map/visualization/time_rate success: [0;0m2
[0;32m Load param rog_map/visualization/frame_rate success: [0;0m0
[0;32m Load param rog_map/visualization/range success: [0;0m[20 20 4 ]
[0;32m Load param rog_map/resolution success: [0;0m0.15
[0;32m Load param rog_map/inflation_resolution success: [0;0m0.15
[0;32m Load param rog_map/unk_inflation_en success: [0;0m0
[0;32m Load param rog_map/unk_inflation_step success: [0;0m1
[0;32m Load param rog_map/inflation_step success: [0;0m3
[0;32m Load param rog_map/intensity_thresh success: [0;0m-10
[0;32m Load param rog_map/map_size success: [0;0m[50 50 6 ]
[0;32m Load param rog_map/point_filt_num success: [0;0m1
[0;32m Load param rog_map/raycasting/enable success: [0;0m0
[0;32m Load param rog_map/raycasting/batch_update_size success: [0;0m1
[0;32m Load param rog_map/raycasting/unk_thresh success: [0;0m1
[0;32m Load param rog_map/raycasting/p_hit success: [0;0m0.9
[0;32m Load param rog_map/raycasting/p_miss success: [0;0m0.49
[0;32m Load param rog_map/raycasting/p_min success: [0;0m0.12
[0;32m Load param rog_map/raycasting/p_max success: [0;0m0.98
[0;32m Load param rog_map/raycasting/p_occ success: [0;0m0.85
[0;32m Load param rog_map/raycasting/p_free success: [0;0m0.499
[0;32m Load param rog_map/raycasting/p_free success: [0;0m0.499
[0;32m Load param rog_map/raycasting/ray_range success: [0;0m[0.5 100 ]
[0;32m Load param rog_map/raycasting/local_update_box success: [0;0m[100 100 5 ]
[0;32m Load param rog_map/virtual_ground_height success: [0;0m-0.1
[0;32m Load param rog_map/virtual_ceil_height success: [0;0m2.5
[32m -- [RM-Config] inflation_resolution: 0.15[0m
 -- [ROG-Map] Init, resetMapSize: ORIGIN_AT_CORNER.
 -- [ROG-Map] Init, resetMapSize: virtual_ceil_height: 1.875, virtual_ground_height: 0.375.
[34m	[ROG] n_free: 1[0m
[34m	[ROG] n_occ: 1[0m
[34m	[ROG] l_hit: 2.19722[0m
[34m	[ROG] l_miss: -0.0400053[0m
[34m	[ROG] l_min: -1.99243[0m
[34m	[ROG] l_max: 3.89182[0m
[34m	[ROG] l_occ: 1.7346[0m
[34m	[ROG] l_free: -0.00399995[0m
[33m -- [Inf-Map] Clear all local map.[0m
[32m -- [CounterMap] Init successfully -- .[0m
[32m	resolution: 0.15[0m
[32m	map_sliding_en: 1[0m
[32m	local_map_size_i: 341 341  49[0m
[32m	local_map_size_d: 51.15 51.15  7.35[0m
[33m -- [Inf-Map] Clear all local map.[0m
[32m -- [InfMap] Init successfully -- .[0m
[32m	resolution: 0.15[0m
[32m	map_sliding_en: 1[0m
[32m	local_map_size_i: 341 341  49[0m
[32m	local_map_size_d: 51.15 51.15  7.35[0m
[ProbMap] virtual_ceil_height: 1.8
[ProbMap] virtual_ground_height: 0.3
[33m -- [Prob-Map] Clear all local map.[0m
[32m -- [ProbMap] Init successfully -- .[0m
[32m	resolution: 0.15[0m
[32m	map_sliding_en: 1[0m
[32m	local_map_size_i: 333 333  41[0m
[32m	local_map_size_d: 49.95 49.95  6.15[0m
[33m -- [Inf-Map] Clear all local map.[0m
Load config file: /root/ws/real_planner/src/General-Planner/src/Planner/general_planner/config/click_real_highspeed.yaml
Load config file: /root/ws/real_planner/src/General-Planner/src/Planner/general_planner/config/click_real_highspeed.yaml
[0;32m Load param traj_opt/switch/print_optimizer_log success: [0;0m0
[0;32m Load param traj_opt/flatness/mass success: [0;0m1.64
[0;32m Load param traj_opt/flatness/dh success: [0;0m0.35
[0;32m Load param traj_opt/flatness/dv success: [0;0m0.35
[0;32m Load param traj_opt/flatness/grav success: [0;0m9.81
[0;32m Load param traj_opt/flatness/cp success: [0;0m0.001
[0;32m Load param traj_opt/flatness/v_eps success: [0;0m0.0001
[0;32m Load param traj_opt/switch/save_log_en success: [0;0m0
[0;32m Load param traj_opt/exp_traj/pos_constraint_type success: [0;0m1
[0;33m Load param traj_opt/exp_traj/piece_num failed, use default value: [0;0m1
[0;33m Load param traj_opt/exp_traj/uniform_time_en failed, use default value: [0;0m0
[0;32m Load param traj_opt/exp_traj/block_energy_cost success: [0;0m0
[0;32m Load param traj_opt/exp_traj/opt_accuracy success: [0;0m5e-06
[0;32m Load param traj_opt/exp_traj/integral_reso success: [0;0m15
[0;32m Load param traj_opt/exp_traj/smooth_eps success: [0;0m0.01
[0;32m Load param traj_opt/exp_traj/convex_hull_en success: [0;0m1
[0;32m Load param traj_opt/exp_traj/convex_hull_basis success: [0;0m0
[0;32m Load param traj_opt/exp_traj/convex_hull_subdivision_depth success: [0;0m2
[0;32m Load param traj_opt/exp_traj/convex_hull_cost_version success: [0;0m2
[0;32m Load param traj_opt/exp_traj/convex_hull_alm_en success: [0;0m0
[0;32m Load param traj_opt/exp_traj/convex_hull_alm_warm_start_en success: [0;0m1
[0;32m Load param traj_opt/exp_traj/convex_hull_alm_warm_start_accuracy success: [0;0m0.001
[0;32m Load param traj_opt/exp_traj/convex_hull_alm_active_set_en success: [0;0m0
[0;32m Load param traj_opt/exp_traj/convex_hull_alm_active_set_margin success: [0;0m0.05
[0;32m Load param traj_opt/exp_traj/convex_hull_adaptive_en success: [0;0m1
[0;32m Load param traj_opt/exp_traj/convex_hull_refine_derivative_constraints success: [0;0m0
[0;32m Load param traj_opt/exp_traj/convex_hull_alm_max_outer_iterations success: [0;0m8
[0;32m Load param traj_opt/exp_traj/convex_hull_refine_margin success: [0;0m0.05
[0;32m Load param traj_opt/exp_traj/convex_hull_derivative_refine_margin success: [0;0m0.05
[0;32m Load param traj_opt/exp_traj/convex_hull_alm_position_scale success: [0;0m0.25
[0;32m Load param traj_opt/exp_traj/convex_hull_alm_initial_penalty success: [0;0m300000
[0;32m Load param traj_opt/exp_traj/convex_hull_alm_penalty_growth success: [0;0m5
[0;32m Load param traj_opt/exp_traj/convex_hull_alm_progress_ratio success: [0;0m0.5
[0;32m Load param traj_opt/exp_traj/convex_hull_alm_constraint_tolerance success: [0;0m0.01
[0;32m Load param traj_opt/exp_traj/convex_hull_alm_require_certification success: [0;0m1
[0;33m Load param traj_opt/exp_traj/init_profile_vel_ratio failed, use default value: [0;0m0.65
[0;33m Load param traj_opt/exp_traj/init_duration_scale failed, use default value: [0;0m1.25
[0;33m Load param traj_opt/exp_traj/terminal_vel_ratio failed, use default value: [0;0m0
[0;32m Load param traj_opt/exp_traj/igo/enable success: [0;0m1
[0;32m Load param traj_opt/exp_traj/igo/fallback_to_legacy success: [0;0m1
[0;32m Load param traj_opt/exp_traj/igo/antithetic success: [0;0m1
[0;32m Load param traj_opt/exp_traj/igo/unknown_as_occupied success: [0;0m0
[0;32m Load param traj_opt/exp_traj/igo/population success: [0;0m48
[0;32m Load param traj_opt/exp_traj/igo/generations success: [0;0m15
[0;32m Load param traj_opt/exp_traj/igo/threads success: [0;0m4
[0;32m Load param traj_opt/exp_traj/igo/seed success: [0;0m7
[0;32m Load param traj_opt/exp_traj/igo/hull_subdivision_depth success: [0;0m1
[0;32m Load param traj_opt/exp_traj/igo/no_feasible_expand_generations success: [0;0m3
[0;32m Load param traj_opt/exp_traj/igo/snapshot_max_voxels success: [0;0m1000000
[0;32m Load param traj_opt/exp_traj/igo/elite_ratio success: [0;0m0.25
[0;32m Load param traj_opt/exp_traj/igo/mean_learning_rate success: [0;0m0.8
[0;32m Load param traj_opt/exp_traj/igo/covariance_learning_rate success: [0;0m0.2
[0;32m Load param traj_opt/exp_traj/igo/initial_sigma success: [0;0m0.65
[0;32m Load param traj_opt/exp_traj/igo/min_eigenvalue success: [0;0m1e-06
[0;32m Load param traj_opt/exp_traj/igo/max_condition_number success: [0;0m1e+06
Failed to find match for field 'intensity'.
[0;32m Load param traj_opt/exp_traj/igo/covariance_expand_factor success: [0;0m1.6
[0;32m Load param traj_opt/exp_traj/igo/time_min_scale success: [0;0m0.45
[0;32m Load param traj_opt/exp_traj/igo/time_max_scale success: [0;0m2.75
[0;32m Load param traj_opt/exp_traj/igo/spatial_margin success: [0;0m0.02
[0;32m Load param traj_opt/exp_traj/igo/sample_dt success: [0;0m0.02
[0;32m Load param traj_opt/exp_traj/igo/sfc_tolerance success: [0;0m1e-06
[0;32m Load param traj_opt/exp_traj/igo/dynamic_tolerance success: [0;0m0.02
[33m[WARN] [1784709929.532358312]: PerfectDrone is waiting for the first odometry snapshot before rendering[0m
[0;32m Load param traj_opt/exp_traj/igo/energy_weight success: [0;0m0.01
[0;32m Load param traj_opt/exp_traj/igo/guide_weight success: [0;0m0.05
[0;32m Load param traj_opt/exp_traj/igo/unknown_weight success: [0;0m0.02
[0;32m Load param traj_opt/exp_traj/igo/replan_budget_ratio success: [0;0m0.45
[0;32m Load param traj_opt/exp_traj/igo/plan_from_rest_budget success: [0;0m0.2
[0;32m Load param traj_opt/boundary/max_vel success: [0;0m15
[0;32m Load param traj_opt/boundary/max_acc success: [0;0m20
[0;32m Load param traj_opt/boundary/max_jerk success: [0;0m120
[0;32m Load param traj_opt/boundary/max_omg success: [0;0m3.5
[0;32m Load param traj_opt/boundary/max_acc_thr success: [0;0m22
[0;32m Load param traj_opt/boundary/min_acc_thr success: [0;0m6
[0;32m Load param traj_opt/boundary/penna_margin success: [0;0m0.05
[0;33m Load param traj_opt/exp_traj/penna_scale failed, use default value: [0;0m-1
[0;32m Load param traj_opt/exp_traj/penna_t success: [0;0m200000
[0;33m Load param traj_opt/exp_traj/penna_ts failed, use default value: [0;0m-1
[0;32m Load param traj_opt/exp_traj/penna_pos success: [0;0m5e+07
[0;32m Load param traj_opt/exp_traj/penna_vel success: [0;0m1e+07
[0;32m Load param traj_opt/exp_traj/penna_acc success: [0;0m1e+07
[0;32m Load param traj_opt/exp_traj/penna_jerk success: [0;0m-100000
[0;32m Load param traj_opt/exp_traj/penna_attract success: [0;0m1000
[0;32m Load param traj_opt/exp_traj/penna_guide_path success: [0;0m0
[0;33m Load param traj_opt/exp_traj/penna_guide_vel failed, use default value: [0;0m-1
[0;32m Load param traj_opt/exp_traj/penna_guide_z_tube success: [0;0m1e+07
[0;32m Load param traj_opt/exp_traj/guide_z_tube_radius success: [0;0m0
[0;32m Load param traj_opt/exp_traj/guide_path_tube_radius success: [0;0m0.05
[0;32m Load param traj_opt/exp_traj/guide_path_z_tube_radius success: [0;0m0.05
[0;32m Load param traj_opt/exp_traj/guide_path_huber_delta success: [0;0m0.4
[0;32m Load param traj_opt/exp_traj/guide_path_time_gradient_en success: [0;0m0
[0;32m Load param traj_opt/exp_traj/penna_omg success: [0;0m5e+06
[0;32m Load param traj_opt/exp_traj/penna_thr success: [0;0m2e+06
Load config file: /root/ws/real_planner/src/General-Planner/src/Planner/general_planner/config/click_real_highspeed.yaml
[0;32m Load param traj_opt/switch/print_optimizer_log success: [0;0m0
[0;32m Load param traj_opt/flatness/mass success: [0;0m1.64
[0;32m Load param traj_opt/flatness/dh success: [0;0m0.35
[0;32m Load param traj_opt/flatness/dv success: [0;0m0.35
[0;32m Load param traj_opt/flatness/grav success: [0;0m9.81
[0;32m Load param traj_opt/flatness/cp success: [0;0m0.001
[0;32m Load param traj_opt/flatness/v_eps success: [0;0m0.0001
[0;32m Load param traj_opt/switch/save_log_en success: [0;0m0
[0;32m Load param traj_opt/backup_traj/pos_constraint_type success: [0;0m1
[0;32m Load param traj_opt/backup_traj/piece_num success: [0;0m2
[0;32m Load param traj_opt/backup_traj/uniform_time_en success: [0;0m1
[0;32m Load param traj_opt/backup_traj/block_energy_cost success: [0;0m0
[0;32m Load param traj_opt/backup_traj/opt_accuracy success: [0;0m1e-06
[0;32m Load param traj_opt/backup_traj/integral_reso success: [0;0m12
[0;32m Load param traj_opt/backup_traj/smooth_eps success: [0;0m0.01
[0;33m Load param traj_opt/backup_traj/convex_hull_en failed, use default value: [0;0m0
[0;33m Load param traj_opt/backup_traj/convex_hull_basis failed, use default value: [0;0m0
[0;33m Load param traj_opt/backup_traj/convex_hull_subdivision_depth failed, use default value: [0;0m0
[0;33m Load param traj_opt/backup_traj/convex_hull_cost_version failed, use default value: [0;0m1
[0;33m Load param traj_opt/backup_traj/convex_hull_alm_en failed, use default value: [0;0m0
[0;33m Load param traj_opt/backup_traj/convex_hull_alm_warm_start_en failed, use default value: [0;0m1
[0;33m Load param traj_opt/backup_traj/convex_hull_alm_warm_start_accuracy failed, use default value: [0;0m0.001
[0;33m Load param traj_opt/backup_traj/convex_hull_alm_active_set_en failed, use default value: [0;0m0
[0;33m Load param traj_opt/backup_traj/convex_hull_alm_active_set_margin failed, use default value: [0;0m0.05
[0;33m Load param traj_opt/backup_traj/convex_hull_adaptive_en failed, use default value: [0;0m1
[0;33m Load param traj_opt/backup_traj/convex_hull_refine_derivative_constraints failed, use default value: [0;0m0
[0;33m Load param traj_opt/backup_traj/convex_hull_alm_max_outer_iterations failed, use default value: [0;0m4
[0;33m Load param traj_opt/backup_traj/convex_hull_refine_margin failed, use default value: [0;0m0.05
[0;33m Load param traj_opt/backup_traj/convex_hull_derivative_refine_margin failed, use default value: [0;0m0.05
[0;33m Load param traj_opt/backup_traj/convex_hull_alm_position_scale failed, use default value: [0;0m0.25
[0;33m Load param traj_opt/backup_traj/convex_hull_alm_initial_penalty failed, use default value: [0;0m300000
[0;33m Load param traj_opt/backup_traj/convex_hull_alm_penalty_growth failed, use default value: [0;0m5
[0;33m Load param traj_opt/backup_traj/convex_hull_alm_progress_ratio failed, use default value: [0;0m0.5
[0;33m Load param traj_opt/backup_traj/convex_hull_alm_constraint_tolerance failed, use default value: [0;0m0.01
[0;33m Load param traj_opt/backup_traj/convex_hull_alm_require_certification failed, use default value: [0;0m1
[0;33m Load param traj_opt/backup_traj/init_profile_vel_ratio failed, use default value: [0;0m0.65
[0;33m Load param traj_opt/backup_traj/init_duration_scale failed, use default value: [0;0m1.25
[0;33m Load param traj_opt/backup_traj/terminal_vel_ratio failed, use default value: [0;0m0
[0;33m Load param traj_opt/backup_traj/igo/enable failed, use default value: [0;0m0
[0;33m Load param traj_opt/backup_traj/igo/fallback_to_legacy failed, use default value: [0;0m1
[0;33m Load param traj_opt/backup_traj/igo/antithetic failed, use default value: [0;0m1
[0;33m Load param traj_opt/backup_traj/igo/unknown_as_occupied failed, use default value: [0;0m1
[0;33m Load param traj_opt/backup_traj/igo/population failed, use default value: [0;0m24
[0;33m Load param traj_opt/backup_traj/igo/generations failed, use default value: [0;0m5
[0;33m Load param traj_opt/backup_traj/igo/threads failed, use default value: [0;0m4
[0;33m Load param traj_opt/backup_traj/igo/seed failed, use default value: [0;0m7
[0;33m Load param traj_opt/backup_traj/igo/hull_subdivision_depth failed, use default value: [0;0m1
[0;33m Load param traj_opt/backup_traj/igo/no_feasible_expand_generations failed, use default value: [0;0m3
[0;33m Load param traj_opt/backup_traj/igo/snapshot_max_voxels failed, use default value: [0;0m1000000
[0;33m Load param traj_opt/backup_traj/igo/elite_ratio failed, use default value: [0;0m0.25
[0;33m Load param traj_opt/backup_traj/igo/mean_learning_rate failed, use default value: [0;0m0.8
[0;33m Load param traj_opt/backup_traj/igo/covariance_learning_rate failed, use default value: [0;0m0.2
[0;33m Load param traj_opt/backup_traj/igo/initial_sigma failed, use default value: [0;0m0.65
[0;33m Load param traj_opt/backup_traj/igo/min_eigenvalue failed, use default value: [0;0m1e-06
[0;33m Load param traj_opt/backup_traj/igo/max_condition_number failed, use default value: [0;0m1e+06
[0;33m Load param traj_opt/backup_traj/igo/covariance_expand_factor failed, use default value: [0;0m1.6
[0;33m Load param traj_opt/backup_traj/igo/time_min_scale failed, use default value: [0;0m0.45
[0;33m Load param traj_opt/backup_traj/igo/time_max_scale failed, use default value: [0;0m2.75
[0;33m Load param traj_opt/backup_traj/igo/spatial_margin failed, use default value: [0;0m0.02
[0;33m Load param traj_opt/backup_traj/igo/sample_dt failed, use default value: [0;0m0.03
[0;33m Load param traj_opt/backup_traj/igo/sfc_tolerance failed, use default value: [0;0m1e-06
[0;33m Load param traj_opt/backup_traj/igo/dynamic_tolerance failed, use default value: [0;0m0.02
[0;33m Load param traj_opt/backup_traj/igo/energy_weight failed, use default value: [0;0m0.01
[0;33m Load param traj_opt/backup_traj/igo/guide_weight failed, use default value: [0;0m0.05
[0;33m Load param traj_opt/backup_traj/igo/unknown_weight failed, use default value: [0;0m0.02
[0;33m Load param traj_opt/backup_traj/igo/replan_budget_ratio failed, use default value: [0;0m0.45
[0;33m Load param traj_opt/backup_traj/igo/plan_from_rest_budget failed, use default value: [0;0m0.15
[0;32m Load param traj_opt/boundary/max_vel success: [0;0m15
[0;32m Load param traj_opt/boundary/max_acc success: [0;0m20
[0;32m Load param traj_opt/boundary/max_jerk success: [0;0m120
[0;32m Load param traj_opt/boundary/max_omg success: [0;0m3.5
[0;32m Load param traj_opt/boundary/max_acc_thr success: [0;0m22
[0;32m Load param traj_opt/boundary/min_acc_thr success: [0;0m6
[0;32m Load param traj_opt/boundary/penna_margin success: [0;0m0.05
[0;33m Load param traj_opt/backup_traj/penna_scale failed, use default value: [0;0m-1
[0;32m Load param traj_opt/backup_traj/penna_t success: [0;0m50000
[0;32m Load param traj_opt/backup_traj/penna_ts success: [0;0m1e+06
[0;32m Load param traj_opt/backup_traj/penna_pos success: [0;0m1e+08
[0;32m Load param traj_opt/backup_traj/penna_vel success: [0;0m1e+07
[0;32m Load param traj_opt/backup_traj/penna_acc success: [0;0m1e+07
[0;32m Load param traj_opt/backup_traj/penna_jerk success: [0;0m-1e+07
[0;33m Load param traj_opt/backup_traj/penna_attract failed, use default value: [0;0m-1
[0;33m Load param traj_opt/backup_traj/penna_guide_path failed, use default value: [0;0m-1
[0;33m Load param traj_opt/backup_traj/penna_guide_vel failed, use default value: [0;0m-1
[0;32m Load param traj_opt/backup_traj/penna_guide_z_tube success: [0;0m5e+06
[0;32m Load param traj_opt/backup_traj/guide_z_tube_radius success: [0;0m0
[0;33m Load param traj_opt/backup_traj/guide_path_tube_radius failed, use default value: [0;0m0.25
[0;33m Load param traj_opt/backup_traj/guide_path_z_tube_radius failed, use default value: [0;0m0.1
[0;33m Load param traj_opt/backup_traj/guide_path_huber_delta failed, use default value: [0;0m0.25
[0;33m Load param traj_opt/backup_traj/guide_path_time_gradient_en failed, use default value: [0;0m0
[0;32m Load param traj_opt/backup_traj/penna_omg success: [0;0m5e+06
[0;32m Load param traj_opt/backup_traj/penna_thr success: [0;0m2e+06
Load config file: /root/ws/real_planner/src/General-Planner/src/Planner/general_planner/config/click_real_highspeed.yaml
[0;32m Load param traj_opt/switch/print_optimizer_log success: [0;0m0
[0;32m Load param traj_opt/flatness/mass success: [0;0m1.64
[0;32m Load param traj_opt/flatness/dh success: [0;0m0.35
[0;32m Load param traj_opt/flatness/dv success: [0;0m0.35
[0;32m Load param traj_opt/flatness/grav success: [0;0m9.81
[0;32m Load param traj_opt/flatness/cp success: [0;0m0.001
[0;32m Load param traj_opt/flatness/v_eps success: [0;0m0.0001
[0;32m Load param traj_opt/switch/save_log_en success: [0;0m0
[0;33m Load param traj_opt/esdf_traj/pos_constraint_type failed, use default value: [0;0m2
[0;33m Load param traj_opt/esdf_traj/piece_num failed, use default value: [0;0m1
[0;33m Load param traj_opt/esdf_traj/uniform_time_en failed, use default value: [0;0m0
[0;32m Load param traj_opt/esdf_traj/block_energy_cost success: [0;0m0
[0;32m Load param traj_opt/esdf_traj/opt_accuracy success: [0;0m5e-06
[0;32m Load param traj_opt/esdf_traj/integral_reso success: [0;0m15
[0;32m Load param traj_opt/esdf_traj/smooth_eps success: [0;0m0.01
[0;33m Load param traj_opt/esdf_traj/convex_hull_en failed, use default value: [0;0m0
[0;33m Load param traj_opt/esdf_traj/convex_hull_basis failed, use default value: [0;0m0
[0;33m Load param traj_opt/esdf_traj/convex_hull_subdivision_depth failed, use default value: [0;0m0
[0;33m Load param traj_opt/esdf_traj/convex_hull_cost_version failed, use default value: [0;0m1
[0;33m Load param traj_opt/esdf_traj/convex_hull_alm_en failed, use default value: [0;0m0
[0;33m Load param traj_opt/esdf_traj/convex_hull_alm_warm_start_en failed, use default value: [0;0m1
[0;33m Load param traj_opt/esdf_traj/convex_hull_alm_warm_start_accuracy failed, use default value: [0;0m0.001
[0;33m Load param traj_opt/esdf_traj/convex_hull_alm_active_set_en failed, use default value: [0;0m0
[0;33m Load param traj_opt/esdf_traj/convex_hull_alm_active_set_margin failed, use default value: [0;0m0.05
[0;33m Load param traj_opt/esdf_traj/convex_hull_adaptive_en failed, use default value: [0;0m1
[0;33m Load param traj_opt/esdf_traj/convex_hull_refine_derivative_constraints failed, use default value: [0;0m0
[0;33m Load param traj_opt/esdf_traj/convex_hull_alm_max_outer_iterations failed, use default value: [0;0m4
[0;33m Load param traj_opt/esdf_traj/convex_hull_refine_margin failed, use default value: [0;0m0.05
[0;33m Load param traj_opt/esdf_traj/convex_hull_derivative_refine_margin failed, use default value: [0;0m0.05
[0;33m Load param traj_opt/esdf_traj/convex_hull_alm_position_scale failed, use default value: [0;0m0.25
[0;33m Load param traj_opt/esdf_traj/convex_hull_alm_initial_penalty failed, use default value: [0;0m300000
[0;33m Load param traj_opt/esdf_traj/convex_hull_alm_penalty_growth failed, use default value: [0;0m5
[0;33m Load param traj_opt/esdf_traj/convex_hull_alm_progress_ratio failed, use default value: [0;0m0.5
[0;33m Load param traj_opt/esdf_traj/convex_hull_alm_constraint_tolerance failed, use default value: [0;0m0.01
[0;33m Load param traj_opt/esdf_traj/convex_hull_alm_require_certification failed, use default value: [0;0m1
[0;33m Load param traj_opt/esdf_traj/init_profile_vel_ratio failed, use default value: [0;0m0.65
[0;33m Load param traj_opt/esdf_traj/init_duration_scale failed, use default value: [0;0m1.25
[0;33m Load param traj_opt/esdf_traj/terminal_vel_ratio failed, use default value: [0;0m0
[0;33m Load param traj_opt/esdf_traj/igo/enable failed, use default value: [0;0m0
[0;33m Load param traj_opt/esdf_traj/igo/fallback_to_legacy failed, use default value: [0;0m1
[0;33m Load param traj_opt/esdf_traj/igo/antithetic failed, use default value: [0;0m1
[0;33m Load param traj_opt/esdf_traj/igo/unknown_as_occupied failed, use default value: [0;0m1
[0;33m Load param traj_opt/esdf_traj/igo/population failed, use default value: [0;0m24
[0;33m Load param traj_opt/esdf_traj/igo/generations failed, use default value: [0;0m5
[0;33m Load param traj_opt/esdf_traj/igo/threads failed, use default value: [0;0m4
[0;33m Load param traj_opt/esdf_traj/igo/seed failed, use default value: [0;0m7
[0;33m Load param traj_opt/esdf_traj/igo/hull_subdivision_depth failed, use default value: [0;0m1
[0;33m Load param traj_opt/esdf_traj/igo/no_feasible_expand_generations failed, use default value: [0;0m3
[0;33m Load param traj_opt/esdf_traj/igo/snapshot_max_voxels failed, use default value: [0;0m1000000
[0;33m Load param traj_opt/esdf_traj/igo/elite_ratio failed, use default value: [0;0m0.25
[0;33m Load param traj_opt/esdf_traj/igo/mean_learning_rate failed, use default value: [0;0m0.8
[0;33m Load param traj_opt/esdf_traj/igo/covariance_learning_rate failed, use default value: [0;0m0.2
[0;33m Load param traj_opt/esdf_traj/igo/initial_sigma failed, use default value: [0;0m0.65
[0;33m Load param traj_opt/esdf_traj/igo/min_eigenvalue failed, use default value: [0;0m1e-06
[0;33m Load param traj_opt/esdf_traj/igo/max_condition_number failed, use default value: [0;0m1e+06
[0;33m Load param traj_opt/esdf_traj/igo/covariance_expand_factor failed, use default value: [0;0m1.6
[0;33m Load param traj_opt/esdf_traj/igo/time_min_scale failed, use default value: [0;0m0.45
[0;33m Load param traj_opt/esdf_traj/igo/time_max_scale failed, use default value: [0;0m2.75
[0;33m Load param traj_opt/esdf_traj/igo/spatial_margin failed, use default value: [0;0m0.02
[0;33m Load param traj_opt/esdf_traj/igo/sample_dt failed, use default value: [0;0m0.03
[0;33m Load param traj_opt/esdf_traj/igo/sfc_tolerance failed, use default value: [0;0m1e-06
[0;33m Load param traj_opt/esdf_traj/igo/dynamic_tolerance failed, use default value: [0;0m0.02
[0;33m Load param traj_opt/esdf_traj/igo/energy_weight failed, use default value: [0;0m0.01
[0;33m Load param traj_opt/esdf_traj/igo/guide_weight failed, use default value: [0;0m0.05
[0;33m Load param traj_opt/esdf_traj/igo/unknown_weight failed, use default value: [0;0m0.02
[0;33m Load param traj_opt/esdf_traj/igo/replan_budget_ratio failed, use default value: [0;0m0.45
[0;33m Load param traj_opt/esdf_traj/igo/plan_from_rest_budget failed, use default value: [0;0m0.15
[0;32m Load param traj_opt/boundary/max_vel success: [0;0m15
[0;32m Load param traj_opt/boundary/max_acc success: [0;0m20
[0;32m Load param traj_opt/boundary/max_jerk success: [0;0m120
[0;32m Load param traj_opt/boundary/max_omg success: [0;0m3.5
[0;32m Load param traj_opt/boundary/max_acc_thr success: [0;0m22
[0;32m Load param traj_opt/boundary/min_acc_thr success: [0;0m6
[0;32m Load param traj_opt/boundary/penna_margin success: [0;0m0.05
[0;33m Load param traj_opt/esdf_traj/penna_scale failed, use default value: [0;0m-1
[0;32m Load param traj_opt/esdf_traj/penna_t success: [0;0m12000
[0;33m Load param traj_opt/esdf_traj/penna_ts failed, use default value: [0;0m-1
[0;32m Load param traj_opt/esdf_traj/penna_pos success: [0;0m5e+06
[0;32m Load param traj_opt/esdf_traj/penna_vel success: [0;0m500000
[0;32m Load param traj_opt/esdf_traj/penna_acc success: [0;0m500000
[0;32m Load param traj_opt/esdf_traj/penna_jerk success: [0;0m500000
[0;33m Load param traj_opt/esdf_traj/penna_attract failed, use default value: [0;0m-1
[0;33m Load param traj_opt/esdf_traj/penna_guide_path failed, use default value: [0;0m-1
[0;33m Load param traj_opt/esdf_traj/penna_guide_vel failed, use default value: [0;0m-1
[0;33m Load param traj_opt/esdf_traj/penna_guide_z_tube failed, use default value: [0;0m-1
[0;33m Load param traj_opt/esdf_traj/guide_z_tube_radius failed, use default value: [0;0m-1
[0;33m Load param traj_opt/esdf_traj/guide_path_tube_radius failed, use default value: [0;0m0.25
[0;33m Load param traj_opt/esdf_traj/guide_path_z_tube_radius failed, use default value: [0;0m0.1
[0;33m Load param traj_opt/esdf_traj/guide_path_huber_delta failed, use default value: [0;0m0.25
[0;33m Load param traj_opt/esdf_traj/guide_path_time_gradient_en failed, use default value: [0;0m0
[0;32m Load param traj_opt/esdf_traj/penna_omg success: [0;0m500000
[0;32m Load param traj_opt/esdf_traj/penna_thr success: [0;0m100000
Load config file: /root/ws/real_planner/src/General-Planner/src/Planner/general_planner/config/click_real_highspeed.yaml
[0;32m Load param traj_opt/switch/print_optimizer_log success: [0;0m0
[0;32m Load param traj_opt/flatness/mass success: [0;0m1.64
[0;32m Load param traj_opt/flatness/dh success: [0;0m0.35
[0;32m Load param traj_opt/flatness/dv success: [0;0m0.35
[0;32m Load param traj_opt/flatness/grav success: [0;0m9.81
[0;32m Load param traj_opt/flatness/cp success: [0;0m0.001
[0;32m Load param traj_opt/flatness/v_eps success: [0;0m0.0001
[0;32m Load param traj_opt/switch/save_log_en success: [0;0m0
[0;33m Load param traj_opt/plain_traj/pos_constraint_type failed, use default value: [0;0m2
[0;33m Load param traj_opt/plain_traj/piece_num failed, use default value: [0;0m1
[0;33m Load param traj_opt/plain_traj/uniform_time_en failed, use default value: [0;0m0
[0;33m Load param traj_opt/plain_traj/block_energy_cost failed, use default value: [0;0m0
[0;33m Load param traj_opt/plain_traj/opt_accuracy failed, use default value: [0;0m1e-05
[0;33m Load param traj_opt/plain_traj/integral_reso failed, use default value: [0;0m10
[0;33m Load param traj_opt/plain_traj/smooth_eps failed, use default value: [0;0m0.01
[0;33m Load param traj_opt/plain_traj/convex_hull_en failed, use default value: [0;0m0
[0;33m Load param traj_opt/plain_traj/convex_hull_basis failed, use default value: [0;0m0
[0;33m Load param traj_opt/plain_traj/convex_hull_subdivision_depth failed, use default value: [0;0m0
[0;33m Load param traj_opt/plain_traj/convex_hull_cost_version failed, use default value: [0;0m1
[0;33m Load param traj_opt/plain_traj/convex_hull_alm_en failed, use default value: [0;0m0
[0;33m Load param traj_opt/plain_traj/convex_hull_alm_warm_start_en failed, use default value: [0;0m1
[0;33m Load param traj_opt/plain_traj/convex_hull_alm_warm_start_accuracy failed, use default value: [0;0m0.001
[0;33m Load param traj_opt/plain_traj/convex_hull_alm_active_set_en failed, use default value: [0;0m0
[0;33m Load param traj_opt/plain_traj/convex_hull_alm_active_set_margin failed, use default value: [0;0m0.05
[0;33m Load param traj_opt/plain_traj/convex_hull_adaptive_en failed, use default value: [0;0m1
[0;33m Load param traj_opt/plain_traj/convex_hull_refine_derivative_constraints failed, use default value: [0;0m0
[0;33m Load param traj_opt/plain_traj/convex_hull_alm_max_outer_iterations failed, use default value: [0;0m4
[0;33m Load param traj_opt/plain_traj/convex_hull_refine_margin failed, use default value: [0;0m0.05
[0;33m Load param traj_opt/plain_traj/convex_hull_derivative_refine_margin failed, use default value: [0;0m0.05
[0;33m Load param traj_opt/plain_traj/convex_hull_alm_position_scale failed, use default value: [0;0m0.25
[0;33m Load param traj_opt/plain_traj/convex_hull_alm_initial_penalty failed, use default value: [0;0m300000
[0;33m Load param traj_opt/plain_traj/convex_hull_alm_penalty_growth failed, use default value: [0;0m5
[0;33m Load param traj_opt/plain_traj/convex_hull_alm_progress_ratio failed, use default value: [0;0m0.5
[0;33m Load param traj_opt/plain_traj/convex_hull_alm_constraint_tolerance failed, use default value: [0;0m0.01
[0;33m Load param traj_opt/plain_traj/convex_hull_alm_require_certification failed, use default value: [0;0m1
[0;33m Load param traj_opt/plain_traj/init_profile_vel_ratio failed, use default value: [0;0m0.65
[0;33m Load param traj_opt/plain_traj/init_duration_scale failed, use default value: [0;0m1.25
[0;33m Load param traj_opt/plain_traj/terminal_vel_ratio failed, use default value: [0;0m0
[0;33m Load param traj_opt/plain_traj/igo/enable failed, use default value: [0;0m0
[0;33m Load param traj_opt/plain_traj/igo/fallback_to_legacy failed, use default value: [0;0m1
[0;33m Load param traj_opt/plain_traj/igo/antithetic failed, use default value: [0;0m1
[0;33m Load param traj_opt/plain_traj/igo/unknown_as_occupied failed, use default value: [0;0m1
[0;33m Load param traj_opt/plain_traj/igo/population failed, use default value: [0;0m24
[0;33m Load param traj_opt/plain_traj/igo/generations failed, use default value: [0;0m5
[0;33m Load param traj_opt/plain_traj/igo/threads failed, use default value: [0;0m4
[0;33m Load param traj_opt/plain_traj/igo/seed failed, use default value: [0;0m7
[0;33m Load param traj_opt/plain_traj/igo/hull_subdivision_depth failed, use default value: [0;0m1
[0;33m Load param traj_opt/plain_traj/igo/no_feasible_expand_generations failed, use default value: [0;0m3
[0;33m Load param traj_opt/plain_traj/igo/snapshot_max_voxels failed, use default value: [0;0m1000000
[0;33m Load param traj_opt/plain_traj/igo/elite_ratio failed, use default value: [0;0m0.25
[0;33m Load param traj_opt/plain_traj/igo/mean_learning_rate failed, use default value: [0;0m0.8
[0;33m Load param traj_opt/plain_traj/igo/covariance_learning_rate failed, use default value: [0;0m0.2
[0;33m Load param traj_opt/plain_traj/igo/initial_sigma failed, use default value: [0;0m0.65
[0;33m Load param traj_opt/plain_traj/igo/min_eigenvalue failed, use default value: [0;0m1e-06
[0;33m Load param traj_opt/plain_traj/igo/max_condition_number failed, use default value: [0;0m1e+06
[0;33m Load param traj_opt/plain_traj/igo/covariance_expand_factor failed, use default value: [0;0m1.6
[0;33m Load param traj_opt/plain_traj/igo/time_min_scale failed, use default value: [0;0m0.45
[0;33m Load param traj_opt/plain_traj/igo/time_max_scale failed, use default value: [0;0m2.75
[0;33m Load param traj_opt/plain_traj/igo/spatial_margin failed, use default value: [0;0m0.02
[0;33m Load param traj_opt/plain_traj/igo/sample_dt failed, use default value: [0;0m0.03
[0;33m Load param traj_opt/plain_traj/igo/sfc_tolerance failed, use default value: [0;0m1e-06
[0;33m Load param traj_opt/plain_traj/igo/dynamic_tolerance failed, use default value: [0;0m0.02
[0;33m Load param traj_opt/plain_traj/igo/energy_weight failed, use default value: [0;0m0.01
[0;33m Load param traj_opt/plain_traj/igo/guide_weight failed, use default value: [0;0m0.05
[0;33m Load param traj_opt/plain_traj/igo/unknown_weight failed, use default value: [0;0m0.02
[0;33m Load param traj_opt/plain_traj/igo/replan_budget_ratio failed, use default value: [0;0m0.45
[0;33m Load param traj_opt/plain_traj/igo/plan_from_rest_budget failed, use default value: [0;0m0.15
[0;32m Load param traj_opt/boundary/max_vel success: [0;0m15
[0;32m Load param traj_opt/boundary/max_acc success: [0;0m20
[0;32m Load param traj_opt/boundary/max_jerk success: [0;0m120
[0;32m Load param traj_opt/boundary/max_omg success: [0;0m3.5
[0;32m Load param traj_opt/boundary/max_acc_thr success: [0;0m22
[0;32m Load param traj_opt/boundary/min_acc_thr success: [0;0m6
[0;32m Load param traj_opt/boundary/penna_margin success: [0;0m0.05
[0;33m Load param traj_opt/plain_traj/penna_scale failed, use default value: [0;0m-1
[0;33m Load param traj_opt/plain_traj/penna_t failed, use default value: [0;0m-1
[0;33m Load param traj_opt/plain_traj/penna_ts failed, use default value: [0;0m-1
[0;33m Load param traj_opt/plain_traj/penna_pos failed, use default value: [0;0m-1
[0;33m Load param traj_opt/plain_traj/penna_vel failed, use default value: [0;0m-1
[0;33m Load param traj_opt/plain_traj/penna_acc failed, use default value: [0;0m-1
[0;33m Load param traj_opt/plain_traj/penna_jerk failed, use default value: [0;0m-1
[0;33m Load param traj_opt/plain_traj/penna_attract failed, use default value: [0;0m-1
[0;33m Load param traj_opt/plain_traj/penna_guide_path failed, use default value: [0;0m-1
[0;33m Load param traj_opt/plain_traj/penna_guide_vel failed, use default value: [0;0m-1
[0;33m Load param traj_opt/plain_traj/penna_guide_z_tube failed, use default value: [0;0m-1
[0;33m Load param traj_opt/plain_traj/guide_z_tube_radius failed, use default value: [0;0m-1
[0;33m Load param traj_opt/plain_traj/guide_path_tube_radius failed, use default value: [0;0m0.25
[0;33m Load param traj_opt/plain_traj/guide_path_z_tube_radius failed, use default value: [0;0m0.1
[0;33m Load param traj_opt/plain_traj/guide_path_huber_delta failed, use default value: [0;0m0.25
[0;33m Load param traj_opt/plain_traj/guide_path_time_gradient_en failed, use default value: [0;0m0
[0;33m Load param traj_opt/plain_traj/penna_omg failed, use default value: [0;0m-1
[0;33m Load param traj_opt/plain_traj/penna_thr failed, use default value: [0;0m-1
[0;32m Load param general_planner/print_log success: [0;0m0
[0;32m Load param general_planner/detailed_log_en success: [0;0m0
[0;32m Load param general_planner/visualization_en success: [0;0m1
[0;32m Load param general_planner/backup_traj_en success: [0;0m1
[0;32m Load param general_planner/esdf_traj_en success: [0;0m0
[0;33m Load param general_planner/plain_traj_en failed, use default value: [0;0m0
[0;32m Load param general_planner/esdf_safe_distance success: [0;0m0.3
[0;32m Load param general_planner/goal_vel_en success: [0;0m0
[0;32m Load param general_planner/goal_yaw_en success: [0;0m0
[0;32m Load param general_planner/visual_process success: [0;0m0
[0;32m Load param general_planner/use_fov_cut success: [0;0m0
[0;32m Load param general_planner/frontend_in_known_free success: [0;0m0
[0;32m Load param general_planner/safe_corridor_line_max_length success: [0;0m15
[0;32m Load param general_planner/sensing_horizon success: [0;0m-1
[0;32m Load param general_planner/obs_skip_num success: [0;0m2
[0;32m Load param general_planner/replan_forward_dt success: [0;0m0.1
[0;32m Load param general_planner/corridor_bound_dis success: [0;0m2
[0;32m Load param general_planner/corridor_line_max_length success: [0;0m2
[0;32m Load param general_planner/planning_horizon success: [0;0m15
[0;32m Load param general_planner/receding_dis success: [0;0m8
[0;32m Load param general_planner/robot_r success: [0;0m0.2
[0;32m Load param general_planner/frontend_astar_time_out success: [0;0m0.35
[0;32m Load param general_planner/over_wall_search_en success: [0;0m1
[0;32m Load param general_planner/over_wall_max_climb success: [0;0m3
[0;32m Load param general_planner/over_wall_height_step success: [0;0m0.3
[0;32m Load param general_planner/over_wall_min_blocked_span success: [0;0m0.8
[0;32m Load param general_planner/over_wall_min_progress_gain success: [0;0m0.5
[0;32m Load param general_planner/over_wall_forward_ratio success: [0;0m0.9
[0;32m Load param general_planner/dynamic_obstacle_layer/enable success: [0;0m0
[0;32m Load param general_planner/dynamic_obstacle_layer/ttl success: [0;0m0.35
[0;32m Load param general_planner/dynamic_obstacle_layer/voxel_size success: [0;0m0.2
[0;32m Load param general_planner/dynamic_obstacle_layer/inflation_radius success: [0;0m0.4
[0;32m Load param general_planner/dynamic_obstacle_layer/line_check_step success: [0;0m0.05
[0;32m Load param general_planner/dynamic_obstacle_layer/max_points_per_frame success: [0;0m30000
[0;32m Load param general_planner/dynamic_obstacle_layer/local_half_size success: [0;0m[12 12 3 ]
[0;32m Load param general_planner/state2state/direct_line_frontend_enable success: [0;0m1
[0;32m Load param general_planner/state2state/altitude_guard_enable success: [0;0m1
[0;32m Load param general_planner/state2state/altitude_band success: [0;0m0.25
[0;32m Load param general_planner/state2state/altitude_escape_enable success: [0;0m1
[0;32m Load param general_planner/state2state/altitude_escape_band success: [0;0m3.5
[0;32m Load param general_planner/state2state/over_goal_guard_enable success: [0;0m1
[0;32m Load param general_planner/state2state/over_goal_tolerance success: [0;0m0.25
[0;32m Load param general_planner/state2state/near_goal_radius success: [0;0m2
[0;32m Load param general_planner/state2state/accept_exp_without_backup_near_goal success: [0;0m1
[0;32m Load param general_planner/unknown_goal_reveal_en success: [0;0m1
[0;32m Load param general_planner/iris_iter_num success: [0;0m2
[0;32m Load param general_planner/ellipsoid_optimizer success: [0;0mclassic
[0;32m Load param general_planner/ellipsoid_optimizer_fallback success: [0;0m0
[0;32m Load param general_planner/yaw_mode success: [0;0m1
[0;32m Load param general_planner/mpc_horizon success: [0;0m15
[0;32m Load param general_planner/yaw_dot_max success: [0;0m3
[0;33m Load param general_planner/se3_aggressive/enable failed, use default value: [0;0m1
[0;33m Load param general_planner/se3_aggressive/piece_num failed, use default value: [0;0m4
[0;33m Load param general_planner/se3_aggressive/reference_speed failed, use default value: [0;0m3
[0;33m Load param general_planner/se3_aggressive/min_duration failed, use default value: [0;0m0.5
[0;33m Load param general_planner/se3_aggressive/max_duration failed, use default value: [0;0m8
[0;33m Load param general_planner/se3_aggressive/horiz_half_len failed, use default value: [0;0m0.35
[0;33m Load param general_planner/se3_aggressive/vert_half_len failed, use default value: [0;0m0.12
[0;33m Load param general_planner/se3_aggressive/safe_margin failed, use default value: [0;0m0.05
[0;33m Load param general_planner/se3_aggressive/max_vel failed, use default value: [0;0m8
[0;33m Load param general_planner/se3_aggressive/thrust_acc_min failed, use default value: [0;0m4
[0;33m Load param general_planner/se3_aggressive/thrust_acc_max failed, use default value: [0;0m20
[0;33m Load param general_planner/se3_aggressive/body_rate_max failed, use default value: [0;0m5
[0;33m Load param general_planner/se3_aggressive/yaw_rate_max failed, use default value: [0;0m3
[0;33m Load param general_planner/se3_aggressive/weight_time failed, use default value: [0;0m10
[0;33m Load param general_planner/se3_aggressive/weight_corridor failed, use default value: [0;0m10000
[0;33m Load param general_planner/se3_aggressive/weight_vel failed, use default value: [0;0m1000
[0;33m Load param general_planner/se3_aggressive/weight_thrust failed, use default value: [0;0m1000
[0;33m Load param general_planner/se3_aggressive/weight_body_rate failed, use default value: [0;0m1000
[0;33m Load param general_planner/se3_aggressive/use_yaw failed, use default value: [0;0m0
[0;33m Load param general_planner/se3_aggressive/yaw_heading_to_velocity failed, use default value: [0;0m1
[0;33m Load param general_planner/se3_aggressive/use_corridor failed, use default value: [0;0m1
[0;33m Load param general_planner/se3_aggressive/runtime_check_enable failed, use default value: [0;0m1
[0;33m Load param general_planner/se3_aggressive/use_numeric_shape_gradient failed, use default value: [0;0m1
[0;33m Load param general_planner/tracking/distance failed, use default value: [0;0m2.2
[0;33m Load param general_planner/tracking/distance_tolerance failed, use default value: [0;0m0.8
[0;33m Load param general_planner/tracking/distance_lower_tolerance failed, use default value: [0;0m0.8
[0;33m Load param general_planner/tracking/distance_upper_tolerance failed, use default value: [0;0m0.8
[0;33m Load param general_planner/tracking/height_offset failed, use default value: [0;0m0.7
[0;33m Load param general_planner/tracking/height_tolerance failed, use default value: [0;0m0.6
[0;33m Load param general_planner/tracking/safe_distance failed, use default value: [0;0m0.35
[0;33m Load param general_planner/tracking/hard_safe_distance failed, use default value: [0;0m0.22
[0;33m Load param general_planner/tracking/narrow_passage_enable failed, use default value: [0;0m1
[0;33m Load param general_planner/tracking/narrow_passage_clearance_threshold failed, use default value: [0;0m0.38
[0;33m Load param general_planner/tracking/narrow_passage_soft_safe_distance_scale failed, use default value: [0;0m0.65
[0;33m Load param general_planner/tracking/visibility_safe_distance failed, use default value: [0;0m0.25
[0;33m Load param general_planner/tracking/visibility_cone_ratio failed, use default value: [0;0m0.12
[0;33m Load param general_planner/tracking/visibility_angle_clearance failed, use default value: [0;0m0.0872665
[0;33m Load param general_planner/tracking/adaptive_occlusion_enable failed, use default value: [0;0m1
[0;33m Load param general_planner/tracking/adaptive_occlusion_activation_distance failed, use default value: [0;0m0.25
[0;33m Load param general_planner/tracking/adaptive_occlusion_max_weight_scale failed, use default value: [0;0m12
[0;33m Load param general_planner/tracking/adaptive_occlusion_recovery_oe_scale failed, use default value: [0;0m8
[0;33m Load param general_planner/tracking/adaptive_occlusion_od_far_weight_scale failed, use default value: [0;0m4
[0;33m Load param general_planner/tracking/adaptive_occlusion_distance_upper_scale failed, use default value: [0;0m0.65
[0;33m Load param general_planner/tracking/adaptive_occlusion_min_horizontal_upper failed, use default value: [0;0m0.85
[0;33m Load param general_planner/tracking/adaptive_occlusion_postcheck_enable failed, use default value: [0;0m1
[0;33m Load param general_planner/tracking/reacquire_distance failed, use default value: [0;0m6
[0;33m Load param general_planner/tracking/min_commit_duration failed, use default value: [0;0m0.8
[0;33m Load param general_planner/tracking/low_speed_velocity_threshold failed, use default value: [0;0m0.25
[0;33m Load param general_planner/tracking/angular_hysteresis failed, use default value: [0;0m0.35
[0;33m Load param general_planner/tracking/runtime_manager_enable failed, use default value: [0;0m1
[0;33m Load param general_planner/tracking/anti_rollback_enable failed, use default value: [0;0m1
[0;33m Load param general_planner/tracking/anti_rollback_horizon failed, use default value: [0;0m1
[0;33m Load param general_planner/tracking/anti_rollback_dt failed, use default value: [0;0m0.25
[0;33m Load param general_planner/tracking/anti_rollback_margin failed, use default value: [0;0m0.35
[0;33m Load param general_planner/tracking/keep_old_horizon failed, use default value: [0;0m1
[0;33m Load param general_planner/tracking/keep_old_safety_dt failed, use default value: [0;0m0.05
[0;33m Load param general_planner/tracking/keep_old_short_safety_grace_enable failed, use default value: [0;0m1
[0;33m Load param general_planner/tracking/keep_old_short_safety_grace_horizon failed, use default value: [0;0m0.25
[0;33m Load param general_planner/tracking/keep_old_min_remaining failed, use default value: [0;0m0.45
[0;33m Load param general_planner/tracking/keep_old_min_speed failed, use default value: [0;0m0.15
[0;33m Load param general_planner/tracking/keep_old_min_displacement failed, use default value: [0;0m0.04
[0;33m Load param general_planner/tracking/keep_old_min_progress_ratio failed, use default value: [0;0m0.1
[0;33m Load param general_planner/tracking/keep_old_max_tracking_error_scale failed, use default value: [0;0m1.25
[0;33m Load param general_planner/tracking/max_consecutive_keep_old failed, use default value: [0;0m2
[0;33m Load param general_planner/tracking/no_motion_guard_enable failed, use default value: [0;0m1
[0;33m Load param general_planner/tracking/no_motion_check_horizon failed, use default value: [0;0m0.35
[0;33m Load param general_planner/tracking/no_motion_min_displacement failed, use default value: [0;0m0.04
[0;33m Load param general_planner/tracking/motion_3d_enable failed, use default value: [0;0m1
[0;33m Load param general_planner/tracking/vertical_motion_threshold failed, use default value: [0;0m0.12
[0;33m Load param general_planner/tracking/no_motion_min_displacement_z failed, use default value: [0;0m0.04
[0;33m Load param general_planner/tracking/keep_old_min_progress_3d_ratio failed, use default value: [0;0m0.08
[0;33m Load param general_planner/tracking/no_motion_target_speed_threshold failed, use default value: [0;0m0.25
[0;33m Load param general_planner/tracking/commit_start_time_tolerance failed, use default value: [0;0m0.05
[0;33m Load param general_planner/tracking/detour_grace_enable failed, use default value: [0;0m1
[0;33m Load param general_planner/tracking/detour_grace_horizon failed, use default value: [0;0m1.2
[0;33m Load param general_planner/tracking/detour_max_tracking_error_scale failed, use default value: [0;0m2.5
[0;33m Load param general_planner/tracking/anti_rollback_eval_after_prefix failed, use default value: [0;0m1
[0;33m Load param general_planner/tracking/candidate_angle_step failed, use default value: [0;0m0.392699
[0;33m Load param general_planner/tracking/candidate_radius_num failed, use default value: [0;0m3
[0;33m Load param general_planner/tracking/visibility_samples failed, use default value: [0;0m5
[0;33m Load param general_planner/tracking/recovery_enable failed, use default value: [0;0m1
[0;33m Load param general_planner/tracking/recovery_horizon failed, use default value: [0;0m1.5
[0;33m Load param general_planner/tracking/recovery_distance_tolerance_scale failed, use default value: [0;0m1.8
[0;33m Load param general_planner/tracking/recovery_height_tolerance_scale failed, use default value: [0;0m1.8
[0;33m Load param general_planner/tracking/recovery_time_scale failed, use default value: [0;0m1.4
[0;33m Load param general_planner/tracking/recovery_reduce_visible_region_weight failed, use default value: [0;0m0.3
[0;33m Load param general_planner/tracking/recovery_reduce_target_forward_weight failed, use default value: [0;0m0.5
[0;33m Load param general_planner/tracking/soft_recovery_enable failed, use default value: [0;0m1
[0;33m Load param general_planner/tracking/soft_recovery_margin failed, use default value: [0;0m0.2
[0;33m Load param general_planner/tracking/soft_recovery_hold_duration failed, use default value: [0;0m0.8
[0;33m Load param general_planner/tracking/reacquire_recovery_enable failed, use default value: [0;0m1
[0;33m Load param general_planner/tracking/reacquire_recovery_horizon failed, use default value: [0;0m0.8
[0;33m Load param general_planner/tracking/reacquire_transit_enable failed, use default value: [0;0m1
[0;33m Load param general_planner/tracking/reacquire_transit_horizon_scale failed, use default value: [0;0m0.6
[0;33m Load param general_planner/tracking/reacquire_transit_max_horizon failed, use default value: [0;0m2.5
[0;33m Load param general_planner/tracking/reacquire_visible_region_weight_scale failed, use default value: [0;0m0
[0;33m Load param general_planner/tracking/reacquire_fov_relax_enable failed, use default value: [0;0m1
[0;33m Load param general_planner/tracking/reacquire_fov_deferred_strict_enable failed, use default value: [0;0m1
[0;33m Load param general_planner/tracking/reacquire_fov_entry_distance failed, use default value: [0;0m6
[0;33m Load param general_planner/tracking/reacquire_min_progress_distance failed, use default value: [0;0m0.5
[0;33m Load param general_planner/tracking/reacquire_min_progress_ratio failed, use default value: [0;0m0.1
[0;33m Load param general_planner/tracking/reacquire_fov_range_grace failed, use default value: [0;0m8
[0;33m Load param general_planner/tracking/reacquire_fov_angular_grace_deg failed, use default value: [0;0m8
[0;33m Load param general_planner/tracking/optimizer_commit_safety_precheck_enable failed, use default value: [0;0m1
[0;33m Load param general_planner/tracking/retry_without_corridor_enable failed, use default value: [0;0m1
[0;33m Load param general_planner/tracking/fallback_relax_enable failed, use default value: [0;0m1
[0;33m Load param general_planner/tracking/fallback_distance_tolerance_scale failed, use default value: [0;0m1.6
[0;33m Load param general_planner/tracking/fallback_height_tolerance_scale failed, use default value: [0;0m1.5
[0;33m Load param general_planner/tracking/fallback_candidate_radius_extra failed, use default value: [0;0m2
[0;33m Load param general_planner/tracking/fallback_candidate_angle_step_scale failed, use default value: [0;0m0.5
[0;33m Load param general_planner/tracking/fallback_search_horizon_scale failed, use default value: [0;0m1.3
[0;33m Load param general_planner/tracking/frontend_elastic_enable failed, use default value: [0;0m1
[0;33m Load param general_planner/tracking/frontend_elastic_distance_tolerance_scale failed, use default value: [0;0m2
[0;33m Load param general_planner/tracking/frontend_elastic_height_tolerance_scale failed, use default value: [0;0m2
[0;33m Load param general_planner/tracking/frontend_partial_guide_enable failed, use default value: [0;0m1
[0;33m Load param general_planner/tracking/frontend_partial_min_duration failed, use default value: [0;0m0.45
[0;33m Load param general_planner/tracking/frontend_partial_min_samples failed, use default value: [0;0m2
[0;33m Load param general_planner/tracking/weight_od_near failed, use default value: [0;0m20
[0;33m Load param general_planner/tracking/weight_od_far failed, use default value: [0;0m5
[0;33m Load param general_planner/tracking/weight_od_vertical failed, use default value: [0;0m8
[0;33m Load param general_planner/tracking/weight_oa failed, use default value: [0;0m5
[0;33m Load param general_planner/tracking/weight_oe failed, use default value: [0;0m1
[0;33m Load param general_planner/tracking/weight_relative_velocity failed, use default value: [0;0m1
[0;33m Load param general_planner/tracking/weight_tangent_velocity failed, use default value: [0;0m5
[0;33m Load param general_planner/tracking/weight_viewpoint_attractor failed, use default value: [0;0m50
[0;33m Load param general_planner/tracking/weight_visible_region failed, use default value: [0;0m3
[0;33m Load param general_planner/tracking/weight_fov failed, use default value: [0;0m20
[0;33m Load param general_planner/tracking/weight_target_forward failed, use default value: [0;0m15
[0;33m Load param general_planner/tracking/static_distance_tolerance_scale failed, use default value: [0;0m0.35
[0;33m Load param general_planner/tracking/static_height_tolerance_scale failed, use default value: [0;0m0.5
[0;33m Load param general_planner/tracking/static_tangent_weight_scale failed, use default value: [0;0m3
[0;33m Load param general_planner/tracking/static_tail_speed_epsilon failed, use default value: [0;0m0.08
[0;33m Load param general_planner/tracking/fov_horizontal_deg failed, use default value: [0;0m90
[0;33m Load param general_planner/tracking/fov_vertical_deg failed, use default value: [0;0m60
[0;33m Load param general_planner/tracking/fov_range failed, use default value: [0;0m4
[0;33m Load param general_planner/tracking/target_front_margin failed, use default value: [0;0m0.15
[0;33m Load param general_planner/tracking/fov_commit_check_enable failed, use default value: [0;0m1
[0;33m Load param general_planner/tracking/fov_check_strict failed, use default value: [0;0m1
[0;33m Load param general_planner/tracking/fov_check_dt failed, use default value: [0;0m0.03
[0;33m Load param general_planner/tracking/fov_range_grace_enable failed, use default value: [0;0m1
[0;33m Load param general_planner/tracking/fov_range_grace failed, use default value: [0;0m0.9
[0;33m Load param general_planner/tracking/fov_keep_old_angular_grace_deg failed, use default value: [0;0m5
[0;33m Load param general_planner/tracking/fov_keep_old_violation_ratio_grace failed, use default value: [0;0m0.25
[0;33m Load param general_planner/tracking/fov_range_margin failed, use default value: [0;0m0.05
[0;33m Load param general_planner/tracking/fov_front_margin failed, use default value: [0;0m0.05
[0;33m Load param general_planner/tracking/fov_check_first_commit failed, use default value: [0;0m1
[0;33m Load param general_planner/tracking/keep_old_requires_fov failed, use default value: [0;0m1
[0;33m Load param general_planner/tracking/frontend_fov_feasibility_enable failed, use default value: [0;0m1
[0;33m Load param general_planner/tracking/frontend_yaw_rate_feasibility_enable failed, use default value: [0;0m1
[0;33m Load param general_planner/tracking/frontend_fov_range_margin failed, use default value: [0;0m0.05
[0;33m Load param general_planner/tracking/frontend_yaw_rate_margin failed, use default value: [0;0m0.1
[0;33m Load param general_planner/tracking/frontend_obstacle_recovery_enable failed, use default value: [0;0m1
[0;33m Load param general_planner/tracking/frontend_grid_neighbor_mode failed, use default value: [0;0m26
[0;33m Load param general_planner/tracking/frontend_over_wall_enable failed, use default value: [0;0m1
[0;33m Load param general_planner/tracking/frontend_over_wall_max_climb failed, use default value: [0;0m2
[0;33m Load param general_planner/tracking/frontend_side_pass_enable failed, use default value: [0;0m1
[0;33m Load param general_planner/tracking/frontend_side_pass_width failed, use default value: [0;0m1.5
[0;33m Load param general_planner/tracking/frontend_reacquire_relax_yaw_rate failed, use default value: [0;0m1
[0;33m Load param general_planner/tracking/joint_sample_dt failed, use default value: [0;0m0.05
[0;33m Load param general_planner/tracking/dense_joint_sample_enable failed, use default value: [0;0m1
[0;33m Load param general_planner/tracking/unknown_as_occupied failed, use default value: [0;0m0
[0;33m Load param general_planner/tracking/frontend_astar failed, use default value: [0;0m1
[0;33m Load param general_planner/tracking/use_visible_region failed, use default value: [0;0m1
[0;33m Load param general_planner/tracking/use_snap failed, use default value: [0;0m0
[0;33m Load param general_planner/perching/robot_l failed, use default value: [0;0m0.28
[0;33m Load param general_planner/perching/v_plus failed, use default value: [0;0m0.8
[0;33m Load param general_planner/perching/pre_contact_distance failed, use default value: [0;0m0.55
[0;33m Load param general_planner/perching/terminal_relax_time failed, use default value: [0;0m0.35
[0;33m Load param general_planner/perching/safe_distance failed, use default value: [0;0m0
[0;33m Load param general_planner/perching/platform_radius failed, use default value: [0;0m0.35
[0;33m Load param general_planner/perching/robot_radius failed, use default value: [0;0m0.25
[0;33m Load param general_planner/perching/platform_clearance failed, use default value: [0;0m0.05
[0;33m Load param general_planner/perching/thrust_nominal failed, use default value: [0;0m9.81
[0;33m Load param general_planner/perching/thrust_range failed, use default value: [0;0m2
[0;33m Load param general_planner/perching/weight_nu failed, use default value: [0;0m0.01
[0;33m Load param general_planner/perching/weight_tau_f failed, use default value: [0;0m0.001
[0;33m Load param general_planner/perching/min_duration failed, use default value: [0;0m0.6
[0;33m Load param general_planner/perching/max_duration failed, use default value: [0;0m4
[0;33m Load param general_planner/perching/reference_speed failed, use default value: [0;0m2
[0;33m Load param general_planner/perching/relative_z_min failed, use default value: [0;0m0.1
[0;33m Load param general_planner/perching/relative_z_max failed, use default value: [0;0m3
[0;33m Load param general_planner/perching/weight_relative_height failed, use default value: [0;0m1
[0;33m Load param general_planner/perching/visual_min_distance failed, use default value: [0;0m0.2
[0;33m Load param general_planner/perching/visual_activation_distance failed, use default value: [0;0m3
[0;33m Load param general_planner/perching/visual_fx failed, use default value: [0;0m1
[0;33m Load param general_planner/perching/visual_fy failed, use default value: [0;0m1
[0;33m Load param general_planner/perching/terminal_pos_tolerance failed, use default value: [0;0m0.15
[0;33m Load param general_planner/perching/terminal_vel_tolerance failed, use default value: [0;0m0.5
[0;33m Load param general_planner/perching/contact_time_margin failed, use default value: [0;0m0.15
[0;33m Load param general_planner/perching/contact_distance_tolerance failed, use default value: [0;0m0.12
[0;33m Load param general_planner/perching/max_replan_fail_keep failed, use default value: [0;0m3
[0;33m Load param general_planner/perching/rotate_surface_with_yaw_rate failed, use default value: [0;0m1
[0;33m Load param general_planner/perching/frontend_astar failed, use default value: [0;0m1
[0;33m Load param general_planner/perching/use_dynamics_terminal_accel failed, use default value: [0;0m1
[0;33m Load param general_planner/perching/contact_occupancy_allowance_enable failed, use default value: [0;0m1
[0;33m Load param general_planner/perching/contact_linefree_allowance_enable failed, use default value: [0;0m1
[0;33m Load param general_planner/perching/contact_occupancy_normal_tolerance failed, use default value: [0;0m0.2
[0;33m Load param general_planner/perching/contact_occupancy_tangent_margin failed, use default value: [0;0m0.15
[0;33m Load param general_planner/perching/duration_margin failed, use default value: [0;0m0.2
[0;33m Load param general_planner/perching/duration_tolerance failed, use default value: [0;0m0.15
[0;33m Load param general_planner/perching/allow_long_standalone failed, use default value: [0;0m0
[0;33m Load param general_planner/perching/time_upper_bound_weight failed, use default value: [0;0m5000
[0;33m Load param general_planner/perching/duration_seed_weight failed, use default value: [0;0m50
[0;33m Load param general_planner/perching/max_piece_duration failed, use default value: [0;0m1.2
[0;33m Load param general_planner/perching/min_piece_num failed, use default value: [0;0m3
[0;33m Load param general_planner/perching/max_piece_num failed, use default value: [0;0m8
[0;33m Load param general_planner/perching/multi_point_guide_enable failed, use default value: [0;0m1
[0;33m Load param general_planner/perching/moving_guide_sample_num failed, use default value: [0;0m4
[0;33m Load param general_planner/perching/tau_f_seed_limit failed, use default value: [0;0m1.3
[0;33m Load param general_planner/perching/reset_surface_time failed, use default value: [0;0m1
[0;33m Load param general_planner/takeoff/robot_l failed, use default value: [0;0m0.28
[0;33m Load param general_planner/takeoff/robot_radius failed, use default value: [0;0m0.25
[0;33m Load param general_planner/takeoff/platform_radius failed, use default value: [0;0m0.35
[0;33m Load param general_planner/takeoff/platform_clearance failed, use default value: [0;0m0.05
[0;33m Load param general_planner/takeoff/release_contact_time failed, use default value: [0;0m0.2
[0;33m Load param general_planner/takeoff/escape_distance failed, use default value: [0;0m1
[0;33m Load param general_planner/takeoff/escape_height failed, use default value: [0;0m0.8
[0;33m Load param general_planner/takeoff/reference_speed failed, use default value: [0;0m1.5
[0;33m Load param general_planner/takeoff/min_duration failed, use default value: [0;0m0.6
[0;33m Load param general_planner/takeoff/max_duration failed, use default value: [0;0m3
[0;33m Load param general_planner/takeoff/safe_distance failed, use default value: [0;0m0.35
[0;33m Load param general_planner/takeoff/piece_num failed, use default value: [0;0m3
[0;33m Load param general_planner/takeoff/frontend_astar failed, use default value: [0;0m1
[0;33m Load param general_planner/takeoff/use_tangent_release_velocity failed, use default value: [0;0m0
[0;33m Load param general_planner/takeoff/weight_eta failed, use default value: [0;0m1
[0;33m Load param general_planner/takeoff/weight_tau_f failed, use default value: [0;0m0.001
[0;33m Load param general_planner/takeoff/platform_clearance_after_release failed, use default value: [0;0m0.08
[0;33m Load param general_planner/tracking_perching/enable failed, use default value: [0;0m1
[0;33m Load param general_planner/tracking_perching/auto_trigger_enable failed, use default value: [0;0m0
[0;33m Load param general_planner/tracking_perching/require_external_request failed, use default value: [0;0m1
[0;33m Load param general_planner/tracking_perching/readiness_min_distance failed, use default value: [0;0m0.5
[0;33m Load param general_planner/tracking_perching/readiness_max_distance failed, use default value: [0;0m3
[0;33m Load param general_planner/tracking_perching/readiness_max_relative_speed failed, use default value: [0;0m2
[0;33m Load param general_planner/tracking_perching/readiness_max_lateral_speed failed, use default value: [0;0m1.5
[0;33m Load param general_planner/tracking_perching/readiness_max_required_duration failed, use default value: [0;0m3
[0;33m Load param general_planner/tracking_perching/readiness_min_prediction_time failed, use default value: [0;0m1.2
[0;33m Load param general_planner/tracking_perching/readiness_hold_cycles failed, use default value: [0;0m3
[0;33m Load param general_planner/tracking_perching/handover_delay failed, use default value: [0;0m0
[0;33m Load param general_planner/tracking_perching/prefix_ratio failed, use default value: [0;0m0.4
[0;33m Load param general_planner/tracking_perching/reference_speed failed, use default value: [0;0m2
[0;33m Load param general_planner/tracking_perching/max_seed_duration failed, use default value: [0;0m3
[0;33m Load param general_planner/tracking_perching/use_tracking_suffix failed, use default value: [0;0m1
[0;33m Load param general_planner/tracking_perching/stitch_prefix failed, use default value: [0;0m1
[0;33m Load param general_planner/tracking_perching/commit_only_after_candidate_check failed, use default value: [0;0m1
[0;33m Load param general_planner/tracking_perching/abort_to_tracking_enable failed, use default value: [0;0m1
[0;33m Load param general_planner/swarm/enable failed, use default value: [0;0m0
[0;33m Load param general_planner/swarm/drone_id failed, use default value: [0;0m-1
[0;33m Load param general_planner/swarm/clearance failed, use default value: [0;0m0.75
[0;33m Load param general_planner/swarm/des_clearance failed, use default value: [0;0m0.75
[0;33m Load param general_planner/swarm/weight failed, use default value: [0;0m0
[0;33m Load param general_planner/swarm/horizontal_scale failed, use default value: [0;0m1
[0;33m Load param general_planner/swarm/vertical_scale failed, use default value: [0;0m2
[0;33m Load param general_planner/swarm/activation_scale failed, use default value: [0;0m1.5
[0;33m Load param general_planner/swarm/time_horizon failed, use default value: [0;0m5
[0;33m Load param general_planner/swarm/stale_timeout failed, use default value: [0;0m1
[0;33m Load param general_planner/swarm/formation/enable failed, use default value: [0;0m0
[0;33m Load param general_planner/swarm/formation/weight failed, use default value: [0;0m0
[0;33m Load param general_planner/swarm/formation/num failed, use default value: [0;0m0
[0;33m Load param general_planner/swarm/formation/offsets failed, use default value: [0;0m[]
[0;33m Load param general_planner/swarm/formation/start failed, use default value: [0;0m[0 0 0 ]
[0;33m Load param general_planner/swarm/formation/end failed, use default value: [0;0m[1 0 0 ]
[0;33m Load param general_planner/swarm/formation/time_horizon failed, use default value: [0;0m5
[0;33m Load param general_planner/swarm/formation/stale_timeout failed, use default value: [0;0m1
[0;32m Load param rog_map/resolution success: [0;0m0.15
[38;2;050;205;050m -- [Viz] Set resolution_ to 0.15
[0m[38;2;050;205;050m -- [Viz] Set visualization_en_ to true
[0mLoad config file: /root/ws/real_planner/src/General-Planner/src/Planner/general_planner/config/click_real_highspeed.yaml
[0;32m Load param astar/map_voxel_num success: [0;0m[500 500 100 ]
[0;32m Load param astar/allow_diag success: [0;0m1
[0;32m Load param astar/debug_visualization_en success: [0;0m0
[0;32m Load param astar/heu_type success: [0;0m2
[0;32m Load param astar/visual_process success: [0;0m0
[32m -- [RM] Init Astar-map.[0m
[34m	map index size: 250 250  50[0m
[34m	map vox_num: 501 501 101[0m
[33m -- [Fsm] 2D CLICK GOAL ENABLED: /goal (z falls back to click_height=1.5).[0m
[33m -- [Fsm] 3D CLICK GOAL ENABLED: /goal_3d (message z is preserved).[0m
[33m -- [ROGMapCore] cur_pose out of map range, reset the map.[0m
[33m -- [ROGMapCore] Sliding to map center at:  -30 -0.5  1.5[0m
[0m[INFO] [1784709931.163032730]:  -- [Fsm] Active task executor: plugin=state2state, mission=single_task, task=state2state, backend=corridor, resolved_backend=corridor[0m
[33m -- [Fsm] Wait for goal.[0m
[32m -- [Fsm 1.010] Current state: INIT[0m
[32m -- [Fsm] Get goal at [0m64.831 -8.768  1.500
[32m -- [Fsm] Receive click goal at: [64.831 -8.768  1.500]; goal yaw: 0.000 deg[0m
[38;2;000;128;000m -- [Fsm]: [MainFsmCallback] change state from [INIT] to [WAIT_GOAL].
[0m[38;2;000;128;000m -- [Fsm]: [MainFsmCallback] change state from [WAIT_GOAL] to [GENERATE_TRAJ].
[0m[0m[INFO] [1784709932.657373328]:  -- [State2State][IGO] attempt pieces=5 population=48 generations=15 budget=0.2000s[0m
[0m[INFO] [1784709932.669170171]:  -- [State2State][IGO] result success=true reason=FEASIBLE_ARCHIVE dim=13 evals=720 gens=15 feasible_ratio=0.125 elapsed=0.0118s occ=0 out=0 unk=594 sfc=0.00000 dyn=0.00000 duration=3.325[0m
[0m[INFO] [1784709932.669326671]:  -- [GeneralPlanner] in [PlanFromRest] GenerateExpTrajectory SUCCESS.[0m
[38;2;000;128;000m -- [Fsm]: [MainFsmCallback] change state from [GENERATE_TRAJ] to [FOLLOW_TRAJ].
[0m[32m -- [Fsm] Get goal at [0m64.831 -8.768  1.500
[32m -- [Fsm] Receive click goal at: [64.831 -8.768  1.500]; goal yaw: 0.000 deg[0m
[32m -- [Fsm] Get goal at [0m64.831 -8.768  1.500
[32m -- [Fsm] Receive click goal at: [64.831 -8.768  1.500]; goal yaw: 0.000 deg[0m
[0m[INFO] [1784709932.763962354]:  -- [State2State][IGO] attempt pieces=5 population=48 generations=15 budget=0.0450s[0m
[32m -- [Fsm] Get goal at [0m64.831 -8.768  1.500
[32m -- [Fsm] Receive click goal at: [64.831 -8.768  1.500]; goal yaw: 0.000 deg[0m
[0m[INFO] [1784709932.798885752]:  -- [State2State][IGO] result success=true reason=FEASIBLE_ARCHIVE dim=13 evals=720 gens=15 feasible_ratio=0.125 elapsed=0.0349s occ=0 out=0 unk=634 sfc=0.00000 dyn=0.00000 duration=3.325[0m
[32m -- [Fsm] ReplanOnce succeed.[0m
[0m[INFO] [1784709932.830495267]:  -- [State2State][IGO] attempt pieces=5 population=48 generations=15 budget=0.0450s[0m
[32m -- [Fsm] Get goal at [0m64.831 -8.768  1.500
[32m -- [Fsm] Receive click goal at: [64.831 -8.768  1.500]; goal yaw: 0.000 deg[0m
[0m[INFO] [1784709932.867397517]:  -- [State2State][IGO] result success=true reason=FEASIBLE_ARCHIVE dim=13 evals=720 gens=15 feasible_ratio=0.146 elapsed=0.0369s occ=0 out=0 unk=648 sfc=0.00000 dyn=0.00000 duration=3.325[0m
[32m -- [Fsm] ReplanOnce succeed.[0m
[32m -- [Fsm] Get goal at [0m64.831 -8.768  1.500
[32m -- [Fsm] Receive click goal at: [64.831 -8.768  1.500]; goal yaw: 0.000 deg[0m
[0m[INFO] [1784709932.897179879]:  -- [State2State][IGO] attempt pieces=5 population=48 generations=15 budget=0.0450s[0m
[0m[INFO] [1784709932.934235700]:  -- [State2State][IGO] result success=true reason=FEASIBLE_ARCHIVE dim=13 evals=720 gens=15 feasible_ratio=0.250 elapsed=0.0370s occ=0 out=0 unk=691 sfc=0.00000 dyn=0.00000 duration=3.473[0m
[32m -- [Fsm] Get goal at [0m64.831 -8.768  1.500
[32m -- [Fsm] Receive click goal at: [64.831 -8.768  1.500]; goal yaw: 0.000 deg[0m
[32m -- [Fsm] ReplanOnce succeed.[0m
[0m[INFO] [1784709932.964122502]:  -- [State2State][IGO] attempt pieces=5 population=48 generations=15 budget=0.0450s[0m
[32m -- [Fsm] Get goal at [0m64.831 -8.768  1.500
[32m -- [Fsm] Receive click goal at: [64.831 -8.768  1.500]; goal yaw: 0.000 deg[0m
[0m[INFO] [1784709932.988265409]:  -- [State2State][IGO] result success=true reason=FEASIBLE_ARCHIVE dim=13 evals=720 gens=15 feasible_ratio=0.021 elapsed=0.0241s occ=0 out=0 unk=936 sfc=0.00000 dyn=0.00000 duration=4.677[0m
[32m -- [Fsm] ReplanOnce succeed.[0m
[0m[INFO] [1784709933.030491474]:  -- [State2State][IGO] attempt pieces=4 population=48 generations=15 budget=0.0450s[0m
[32m -- [Fsm] Get goal at [0m64.831 -8.768  1.500
[32m -- [Fsm] Receive click goal at: [64.831 -8.768  1.500]; goal yaw: 0.000 deg[0m
[0m[INFO] [1784709933.063881120]:  -- [State2State][IGO] result success=true reason=FEASIBLE_ARCHIVE dim=9 evals=720 gens=15 feasible_ratio=0.604 elapsed=0.0334s occ=0 out=0 unk=551 sfc=0.00000 dyn=0.00000 duration=2.749[0m
[32m -- [Fsm] ReplanOnce succeed.[0m
[32m -- [Fsm] Get goal at [0m64.831 -8.768  1.500
[32m -- [Fsm] Receive click goal at: [64.831 -8.768  1.500]; goal yaw: 0.000 deg[0m
[0m[INFO] [1784709933.097176476]:  -- [State2State][IGO] attempt pieces=5 population=48 generations=15 budget=0.0450s[0m
[0m[INFO] [1784709933.126113057]:  -- [State2State][IGO] result success=true reason=FEASIBLE_ARCHIVE dim=13 evals=720 gens=15 feasible_ratio=0.292 elapsed=0.0289s occ=0 out=0 unk=622 sfc=0.00000 dyn=0.00000 duration=3.107[0m
[32m -- [Fsm] ReplanOnce succeed.[0m
[32m -- [Fsm] Get goal at [0m64.831 -8.768  1.500
[32m -- [Fsm] Receive click goal at: [64.831 -8.768  1.500]; goal yaw: 0.000 deg[0m
[32m -- [Fsm 2.030] Current state: FOLLOW_TRAJ[0m
[0m[INFO] [1784709933.163924558]:  -- [State2State][IGO] attempt pieces=5 population=48 generations=15 budget=0.0450s[0m
[32m -- [Fsm] Get goal at [0m64.831 -8.768  1.500
[32m -- [Fsm] Receive click goal at: [64.831 -8.768  1.500]; goal yaw: 0.000 deg[0m
[0m[INFO] [1784709933.195867582]:  -- [State2State][IGO] result success=true reason=FEASIBLE_ARCHIVE dim=13 evals=720 gens=15 feasible_ratio=0.000 elapsed=0.0319s occ=0 out=0 unk=634 sfc=0.00000 dyn=0.00000 duration=3.164[0m
[32m -- [Fsm] ReplanOnce succeed.[0m
[0m[INFO] [1784709933.230905110]:  -- [State2State][IGO] attempt pieces=5 population=48 generations=15 budget=0.0450s[0m
[32m -- [Fsm] Get goal at [0m64.831 -8.768  1.500
[32m -- [Fsm] Receive click goal at: [64.831 -8.768  1.500]; goal yaw: 0.000 deg[0m
[33m[WARN] [1784709933.251969563]:  -- [State2State][IGO] falling back to legacy corridor optimizer.[0m
[0m[INFO] [1784709933.251954453]:  -- [State2State][IGO] result success=false reason=NO_FEASIBLE_CANDIDATE dim=17 evals=720 gens=15 feasible_ratio=0.000 elapsed=0.0210s occ=8 out=0 unk=739 sfc=0.48436 dyn=0.19612 duration=3.732[0m
[0m[INFO] [1784709933.261472633]:  -- [State2State][IGO] fallback audit accepted=false reason=COMMIT_MAP_COLLISION[0m
[32m -- [Fsm] ReplanOnce succeed.[0m
[32m -- [Fsm] Get goal at [0m64.831 -8.768  1.500
[32m -- [Fsm] Receive click goal at: [64.831 -8.768  1.500]; goal yaw: 0.000 deg[0m
[33m[WARN] [1784709933.309592195]:  -- [State2State][IGO] falling back to legacy corridor optimizer.[0m
[0m[INFO] [1784709933.297391482]:  -- [State2State][IGO] attempt pieces=5 population=48 generations=15 budget=0.0450s[0m
[0m[INFO] [1784709933.309581565]:  -- [State2State][IGO] result success=false reason=NO_FEASIBLE_CANDIDATE dim=13 evals=720 gens=15 feasible_ratio=0.000 elapsed=0.0122s occ=0 out=0 unk=332 sfc=0.37886 dyn=6.89731 duration=1.653[0m
[0m[INFO] [1784709933.313279869]:  -- [State2State][IGO] fallback audit accepted=false reason=COMMIT_MAP_COLLISION[0m
[32m -- [Fsm] ReplanOnce succeed.[0m
[32m -- [Fsm] Get goal at [0m64.831 -8.768  1.500
[32m -- [Fsm] Receive click goal at: [64.831 -8.768  1.500]; goal yaw: 0.000 deg[0m
[33m[WARN] [1784709933.374925105]:  -- [State2State][IGO] falling back to legacy corridor optimizer.[0m
[0m[INFO] [1784709933.364491984]:  -- [State2State][IGO] attempt pieces=5 population=48 generations=15 budget=0.0450s[0m
[0m[INFO] [1784709933.374912885]:  -- [State2State][IGO] result success=false reason=NO_FEASIBLE_CANDIDATE dim=13 evals=720 gens=15 feasible_ratio=0.000 elapsed=0.0104s occ=5 out=0 unk=219 sfc=0.28494 dyn=15.71534 duration=1.116[0m
[32m -- [Fsm] Get goal at [0m64.831 -8.768  1.500
[32m -- [Fsm] Receive click goal at: [64.831 -8.768  1.500]; goal yaw: 0.000 deg[0m
[0m[INFO] [1784709933.391419073]:  -- [State2State][IGO] fallback audit accepted=false reason=COMMIT_MAP_COLLISION[0m
[32m -- [Fsm] ReplanOnce succeed.[0m
[0m[INFO] [1784709933.430838416]:  -- [State2State][IGO] attempt pieces=6 population=48 generations=15 budget=0.0450s[0m
[32m -- [Fsm] Get goal at [0m64.831 -8.768  1.500
[32m -- [Fsm] Receive click goal at: [64.831 -8.768  1.500]; goal yaw: 0.000 deg[0m
[33m[WARN] [1784709933.441429857]:  -- [State2State][IGO] falling back to legacy corridor optimizer.[0m
[0m[INFO] [1784709933.441418087]:  -- [State2State][IGO] result success=false reason=NO_FEASIBLE_CANDIDATE dim=13 evals=720 gens=15 feasible_ratio=0.000 elapsed=0.0106s occ=5 out=0 unk=300 sfc=0.52605 dyn=12.80411 duration=1.519[0m
[0m[INFO] [1784709933.445059321]:  -- [State2State][IGO] fallback audit accepted=false reason=COMMIT_MAP_COLLISION[0m
[32m -- [Fsm] ReplanOnce succeed.[0m
[32m -- [Fsm] Get goal at [0m64.831 -8.768  1.500
[32m -- [Fsm] Receive click goal at: [64.831 -8.768  1.500]; goal yaw: 0.000 deg[0m
[33m[WARN] [1784709933.507549958]:  -- [State2State][IGO] falling back to legacy corridor optimizer.[0m
[0m[INFO] [1784709933.497678918]:  -- [State2State][IGO] attempt pieces=5 population=48 generations=15 budget=0.0450s[0m
[0m[INFO] [1784709933.507538548]:  -- [State2State][IGO] result success=false reason=NO_FEASIBLE_CANDIDATE dim=13 evals=720 gens=15 feasible_ratio=0.000 elapsed=0.0098s occ=5 out=0 unk=281 sfc=0.42375 dyn=16.39399 duration=1.427[0m
[0m[INFO] [1784709933.511951503]:  -- [State2State][IGO] fallback audit accepted=false reason=COMMIT_MAP_COLLISION[0m
[32m -- [Fsm] ReplanOnce succeed.[0m
[32m -- [Fsm] Get goal at [0m64.831 -8.768  1.500
[32m -- [Fsm] Receive click goal at: [64.831 -8.768  1.500]; goal yaw: 0.000 deg[0m
[33m[WARN] [1784709933.573343159]:  -- [State2State][IGO] falling back to legacy corridor optimizer.[0m
[0m[INFO] [1784709933.564329570]:  -- [State2State][IGO] attempt pieces=5 population=48 generations=15 budget=0.0450s[0m
[0m[INFO] [1784709933.573331499]:  -- [State2State][IGO] result success=false reason=NO_FEASIBLE_CANDIDATE dim=13 evals=720 gens=15 feasible_ratio=0.000 elapsed=0.0090s occ=12 out=0 unk=319 sfc=0.30872 dyn=1.46468 duration=1.651[0m
[0m[INFO] [1784709933.583282410]:  -- [State2State][IGO] fallback audit accepted=false reason=COMMIT_MAP_COLLISION[0m
[32m -- [Fsm] Get goal at [0m64.831 -8.768  1.500
[32m -- [Fsm] Receive click goal at: [64.831 -8.768  1.500]; goal yaw: 0.000 deg[0m
[32m -- [Fsm] ReplanOnce succeed.[0m
[33m[WARN] [1784709933.640096411]:  -- [State2State][IGO] falling back to legacy corridor optimizer.[0m
[0m[INFO] [1784709933.630962121]:  -- [State2State][IGO] attempt pieces=5 population=48 generations=15 budget=0.0450s[0m
[0m[INFO] [1784709933.640083331]:  -- [State2State][IGO] result success=false reason=NO_FEASIBLE_CANDIDATE dim=13 evals=720 gens=15 feasible_ratio=0.000 elapsed=0.0091s occ=1 out=0 unk=241 sfc=0.61127 dyn=8.61070 duration=1.203[0m
[0m[INFO] [1784709933.654618477]:  -- [State2State][IGO] fallback audit accepted=false reason=COMMIT_MAP_COLLISION[0m
[32m -- [Fsm] ReplanOnce succeed.[0m
[33m[WARN] [1784709933.706962723]:  -- [State2State][IGO] falling back to legacy corridor optimizer.[0m
[0m[INFO] [1784709933.697613293]:  -- [State2State][IGO] attempt pieces=5 population=48 generations=15 budget=0.0450s[0m
[0m[INFO] [1784709933.706952103]:  -- [State2State][IGO] result success=false reason=NO_FEASIBLE_CANDIDATE dim=13 evals=720 gens=15 feasible_ratio=0.000 elapsed=0.0093s occ=12 out=0 unk=265 sfc=0.36192 dyn=8.52772 duration=1.378[0m
[0m[INFO] [1784709933.714808732]:  -- [State2State][IGO] fallback audit accepted=false reason=COMMIT_SFC_VIOLATION[0m
[32m -- [Fsm] ReplanOnce succeed.[0m
[33m[WARN] [1784709933.775280217]:  -- [State2State][IGO] falling back to legacy corridor optimizer.[0m
[0m[INFO] [1784709933.764310895]:  -- [State2State][IGO] attempt pieces=5 population=48 generations=15 budget=0.0450s[0m
[0m[INFO] [1784709933.775268677]:  -- [State2State][IGO] result success=false reason=NO_FEASIBLE_CANDIDATE dim=13 evals=720 gens=15 feasible_ratio=0.000 elapsed=0.0109s occ=5 out=0 unk=321 sfc=0.53110 dyn=3.32218 duration=1.623[0m
[0m[INFO] [1784709933.780430803]:  -- [State2State][IGO] fallback audit accepted=false reason=COMMIT_SFC_VIOLATION[0m
[32m -- [Fsm] ReplanOnce succeed.[0m
[33m[WARN] [1784709933.844116341]:  -- [State2State][IGO] falling back to legacy corridor optimizer.[0m
[0m[INFO] [1784709933.830985127]:  -- [State2State][IGO] attempt pieces=5 population=48 generations=15 budget=0.0450s[0m
[0m[INFO] [1784709933.844102871]:  -- [State2State][IGO] result success=false reason=NO_FEASIBLE_CANDIDATE dim=13 evals=720 gens=15 feasible_ratio=0.000 elapsed=0.0131s occ=0 out=0 unk=408 sfc=0.20565 dyn=6.55940 duration=2.033[0m
[0m[INFO] [1784709933.851414539]:  -- [State2State][IGO] fallback audit accepted=false reason=COMMIT_SFC_VIOLATION[0m
[32m -- [Fsm] ReplanOnce succeed.[0m
[33m[WARN] [1784709933.914533057]:  -- [State2State][IGO] falling back to legacy corridor optimizer.[0m
[0m[INFO] [1784709933.897389528]:  -- [State2State][IGO] attempt pieces=5 population=48 generations=15 budget=0.0450s[0m
[0m[INFO] [1784709933.914523037]:  -- [State2State][IGO] result success=false reason=NO_FEASIBLE_CANDIDATE dim=13 evals=720 gens=15 feasible_ratio=0.000 elapsed=0.0171s occ=0 out=0 unk=827 sfc=0.00000 dyn=0.11010 duration=4.128[0m
[0m[INFO] [1784709933.924396128]:  -- [State2State][IGO] fallback audit accepted=false reason=COMMIT_MAP_COLLISION[0m
[32m -- [Fsm] ReplanOnce succeed.[0m
[33m[WARN] [1784709933.982058000]:  -- [State2State][IGO] falling back to legacy corridor optimizer.[0m
[0m[INFO] [1784709933.964232761]:  -- [State2State][IGO] attempt pieces=6 population=48 generations=15 budget=0.0450s[0m
[0m[INFO] [1784709933.982046320]:  -- [State2State][IGO] result success=false reason=NO_FEASIBLE_CANDIDATE dim=13 evals=720 gens=15 feasible_ratio=0.000 elapsed=0.0178s occ=0 out=0 unk=741 sfc=0.33214 dyn=0.67072 duration=3.698[0m
[0m[INFO] [1784709933.987676706]:  -- [State2State][IGO] fallback audit accepted=false reason=COMMIT_MAP_COLLISION[0m
[32m -- [Fsm] ReplanOnce succeed.[0m
[33m[WARN] [1784709934.046209038]:  -- [State2State][IGO] falling back to legacy corridor optimizer.[0m
[0m[INFO] [1784709934.030816512]:  -- [State2State][IGO] attempt pieces=5 population=48 generations=15 budget=0.0450s[0m
[0m[INFO] [1784709934.046192608]:  -- [State2State][IGO] result success=false reason=NO_FEASIBLE_CANDIDATE dim=13 evals=720 gens=15 feasible_ratio=0.000 elapsed=0.0153s occ=0 out=0 unk=662 sfc=0.00000 dyn=0.16918 duration=3.303[0m
[0m[INFO] [1784709934.051400194]:  -- [State2State][IGO] fallback audit accepted=false reason=COMMIT_MAP_COLLISION[0m
[32m -- [Fsm] ReplanOnce succeed.[0m
[33m[WARN] [1784709934.116735764]:  -- [State2State][IGO] falling back to legacy corridor optimizer.[0m
[0m[INFO] [1784709934.097393983]:  -- [State2State][IGO] attempt pieces=5 population=48 generations=15 budget=0.0450s[0m
[0m[INFO] [1784709934.116725104]:  -- [State2State][IGO] result success=false reason=NO_FEASIBLE_CANDIDATE dim=17 evals=720 gens=15 feasible_ratio=0.000 elapsed=0.0193s occ=0 out=0 unk=430 sfc=0.00000 dyn=8.00411 duration=2.146[0m
[0m[INFO] [1784709934.124025271]:  -- [State2State][IGO] fallback audit accepted=false reason=COMMIT_MAP_COLLISION[0m
[32m -- [Fsm] ReplanOnce succeed.[0m
[32m -- [Fsm 3.040] Current state: FOLLOW_TRAJ[0m
[33m[WARN] [1784709934.185835987]:  -- [State2State][IGO] falling back to legacy corridor optimizer.[0m
[0m[INFO] [1784709934.164192704]:  -- [State2State][IGO] attempt pieces=5 population=48 generations=15 budget=0.0450s[0m
[0m[INFO] [1784709934.185825627]:  -- [State2State][IGO] result success=false reason=NO_FEASIBLE_CANDIDATE dim=17 evals=720 gens=15 feasible_ratio=0.000 elapsed=0.0216s occ=0 out=0 unk=608 sfc=0.16373 dyn=2.43584 duration=3.035[0m
[0m[INFO] [1784709934.194350766]:  -- [State2State][IGO] fallback audit accepted=true reason=COMMIT_ACCEPTED[0m
[32m -- [Fsm] ReplanOnce succeed.[0m
[33m[WARN] [1784709934.246474132]:  -- [State2State][IGO] falling back to legacy corridor optimizer.[0m
[0m[INFO] [1784709934.231083386]:  -- [State2State][IGO] attempt pieces=5 population=48 generations=15 budget=0.0450s[0m
[0m[INFO] [1784709934.246455692]:  -- [State2State][IGO] result success=false reason=NO_FEASIBLE_CANDIDATE dim=13 evals=720 gens=15 feasible_ratio=0.000 elapsed=0.0153s occ=0 out=0 unk=418 sfc=0.00000 dyn=2.68244 duration=2.083[0m
[0m[INFO] [1784709934.253937450]:  -- [State2State][IGO] fallback audit accepted=true reason=COMMIT_ACCEPTED[0m
[32m -- [Fsm] ReplanOnce succeed.[0m
[33m[WARN] [1784709934.311098201]:  -- [State2State][IGO] falling back to legacy corridor optimizer.[0m
[0m[INFO] [1784709934.297434756]:  -- [State2State][IGO] attempt pieces=5 population=48 generations=15 budget=0.0450s[0m
[0m[INFO] [1784709934.311086401]:  -- [State2State][IGO] result success=false reason=NO_FEASIBLE_CANDIDATE dim=13 evals=720 gens=15 feasible_ratio=0.000 elapsed=0.0136s occ=0 out=0 unk=505 sfc=0.00000 dyn=0.68095 duration=2.518[0m
[0m[INFO] [1784709934.318818889]:  -- [State2State][IGO] fallback audit accepted=true reason=COMMIT_ACCEPTED[0m
[32m -- [Fsm] ReplanOnce succeed.[0m
[33m[WARN] [1784709934.386322081]:  -- [State2State][IGO] falling back to legacy corridor optimizer.[0m
[0m[INFO] [1784709934.364488478]:  -- [State2State][IGO] attempt pieces=5 population=48 generations=15 budget=0.0450s[0m
[0m[INFO] [1784709934.386307531]:  -- [State2State][IGO] result success=false reason=NO_FEASIBLE_CANDIDATE dim=13 evals=720 gens=15 feasible_ratio=0.000 elapsed=0.0218s occ=0 out=0 unk=403 sfc=0.08845 dyn=0.57128 duration=2.008[0m
[0m[INFO] [1784709934.391638457]:  -- [State2State][IGO] fallback audit accepted=false reason=COMMIT_MAP_COLLISION[0m
[32m -- [Fsm] ReplanOnce succeed.[0m
[33m[WARN] [1784709934.449992149]:  -- [State2State][IGO] falling back to legacy corridor optimizer.[0m
[0m[INFO] [1784709934.430745539]:  -- [State2State][IGO] attempt pieces=5 population=48 generations=15 budget=0.0450s[0m
[0m[INFO] [1784709934.449972709]:  -- [State2State][IGO] result success=false reason=NO_FEASIBLE_CANDIDATE dim=13 evals=720 gens=15 feasible_ratio=0.000 elapsed=0.0192s occ=0 out=0 unk=583 sfc=0.00000 dyn=0.79740 duration=2.908[0m
[0m[INFO] [1784709934.452004481]:  -- [State2State][IGO] fallback audit accepted=true reason=COMMIT_ACCEPTED[0m
[32m -- [Fsm] ReplanOnce succeed.[0m
[33m[WARN] [1784709934.512941156]:  -- [State2State][IGO] falling back to legacy corridor optimizer.[0m
[0m[INFO] [1784709934.497486850]:  -- [State2State][IGO] attempt pieces=5 population=48 generations=15 budget=0.0450s[0m
[0m[INFO] [1784709934.512931146]:  -- [State2State][IGO] result success=false reason=NO_FEASIBLE_CANDIDATE dim=13 evals=720 gens=15 feasible_ratio=0.000 elapsed=0.0154s occ=0 out=0 unk=356 sfc=0.00000 dyn=0.98289 duration=1.777[0m
[0m[INFO] [1784709934.515366259]:  -- [State2State][IGO] fallback audit accepted=true reason=COMMIT_ACCEPTED[0m
[32m -- [Fsm] ReplanOnce succeed.[0m
[33m[WARN] [1784709934.581943940]:  -- [State2State][IGO] falling back to legacy corridor optimizer.[0m
[0m[INFO] [1784709934.564154761]:  -- [State2State][IGO] attempt pieces=5 population=48 generations=15 budget=0.0450s[0m
[0m[INFO] [1784709934.581933430]:  -- [State2State][IGO] result success=false reason=NO_FEASIBLE_CANDIDATE dim=17 evals=720 gens=15 feasible_ratio=0.000 elapsed=0.0177s occ=0 out=0 unk=468 sfc=0.14050 dyn=2.60508 duration=2.335[0m
[0m[INFO] [1784709934.590993439]:  -- [State2State][IGO] fallback audit accepted=false reason=COMMIT_MAP_COLLISION[0m
[32m -- [Fsm] ReplanOnce succeed.[0m
[33m[WARN] [1784709934.644984827]:  -- [State2State][IGO] falling back to legacy corridor optimizer.[0m
[0m[INFO] [1784709934.631279732]:  -- [State2State][IGO] attempt pieces=5 population=48 generations=15 budget=0.0450s[0m
[0m[INFO] [1784709934.644969607]:  -- [State2State][IGO] result success=false reason=NO_FEASIBLE_CANDIDATE dim=13 evals=720 gens=15 feasible_ratio=0.000 elapsed=0.0137s occ=0 out=0 unk=300 sfc=0.17966 dyn=7.55014 duration=1.495[0m
[0m[INFO] [1784709934.659912653]:  -- [State2State][IGO] fallback audit accepted=true reason=COMMIT_ACCEPTED[0m
[32m -- [Fsm] ReplanOnce succeed.[0m
[33m[WARN] [1784709934.715936523]:  -- [State2State][IGO] falling back to legacy corridor optimizer.[0m
[0m[INFO] [1784709934.697461263]:  -- [State2State][IGO] attempt pieces=5 population=48 generations=15 budget=0.0450s[0m
[0m[INFO] [1784709934.715925773]:  -- [State2State][IGO] result success=false reason=NO_FEASIBLE_CANDIDATE dim=17 evals=720 gens=15 feasible_ratio=0.000 elapsed=0.0184s occ=63 out=284 unk=451 sfc=17.12580 dyn=11.73120 duration=3.984[0m
[0m[INFO] [1784709934.733866522]:  -- [State2State][IGO] fallback audit accepted=false reason=COMMIT_SFC_VIOLATION[0m
[32m -- [Fsm] ReplanOnce succeed.[0m
[33m[WARN] [1784709934.783702115]:  -- [State2State][IGO] falling back to legacy corridor optimizer.[0m
[0m[INFO] [1784709934.764279734]:  -- [State2State][IGO] attempt pieces=5 population=48 generations=15 budget=0.0450s[0m
[0m[INFO] [1784709934.783691985]:  -- [State2State][IGO] result success=false reason=NO_FEASIBLE_CANDIDATE dim=13 evals=720 gens=15 feasible_ratio=0.000 elapsed=0.0194s occ=0 out=0 unk=621 sfc=0.00000 dyn=0.41060 duration=3.102[0m
[0m[INFO] [1784709934.790238682]:  -- [State2State][IGO] fallback audit accepted=true reason=COMMIT_ACCEPTED[0m
[32m -- [Fsm] ReplanOnce succeed.[0m
[33m[WARN] [1784709934.858117214]:  -- [State2State][IGO] falling back to legacy corridor optimizer.[0m
[0m[INFO] [1784709934.830704245]:  -- [State2State][IGO] attempt pieces=5 population=48 generations=15 budget=0.0450s[0m
[0m[INFO] [1784709934.858099784]:  -- [State2State][IGO] result success=false reason=NO_FEASIBLE_CANDIDATE dim=13 evals=720 gens=15 feasible_ratio=0.000 elapsed=0.0274s occ=0 out=0 unk=790 sfc=0.18109 dyn=0.56917 duration=3.945[0m
[0m[INFO] [1784709934.862010608]:  -- [State2State][IGO] fallback audit accepted=false reason=COMMIT_MAP_COLLISION[0m
[32m -- [Fsm] ReplanOnce succeed.[0m
[33m[WARN] [1784709934.917791178]:  -- [State2State][IGO] falling back to legacy corridor optimizer.[0m
[0m[INFO] [1784709934.897823567]:  -- [State2State][IGO] attempt pieces=5 population=48 generations=15 budget=0.0450s[0m
[0m[INFO] [1784709934.917780858]:  -- [State2State][IGO] result success=false reason=NO_FEASIBLE_CANDIDATE dim=13 evals=720 gens=15 feasible_ratio=0.000 elapsed=0.0199s occ=0 out=0 unk=549 sfc=0.42709 dyn=0.00000 duration=2.738[0m
[0m[INFO] [1784709934.922741683]:  -- [State2State][IGO] fallback audit accepted=false reason=COMMIT_MAP_COLLISION[0m
[32m -- [Fsm] ReplanOnce succeed.[0m
[33m[WARN] [1784709934.981703146]:  -- [State2State][IGO] falling back to legacy corridor optimizer.[0m
[0m[INFO] [1784709934.964512658]:  -- [State2State][IGO] attempt pieces=5 population=48 generations=15 budget=0.0450s[0m
[0m[INFO] [1784709934.981686656]:  -- [State2State][IGO] result success=false reason=NO_FEASIBLE_CANDIDATE dim=13 evals=720 gens=15 feasible_ratio=0.000 elapsed=0.0171s occ=0 out=0 unk=416 sfc=0.13913 dyn=3.82090 duration=2.074[0m
[0m[INFO] [1784709934.986866941]:  -- [State2State][IGO] fallback audit accepted=false reason=COMMIT_MAP_COLLISION[0m
[32m -- [Fsm] ReplanOnce succeed.[0m
[33m[WARN] [1784709935.049286887]:  -- [State2State][IGO] falling back to legacy corridor optimizer.[0m
[0m[INFO] [1784709935.031292469]:  -- [State2State][IGO] attempt pieces=6 population=48 generations=15 budget=0.0450s[0m
[0m[INFO] [1784709935.049272447]:  -- [State2State][IGO] result success=false reason=NO_FEASIBLE_CANDIDATE dim=13 evals=720 gens=15 feasible_ratio=0.000 elapsed=0.0179s occ=0 out=0 unk=479 sfc=0.08225 dyn=2.55778 duration=2.388[0m
[0m[INFO] [1784709935.062740092]:  -- [State2State][IGO] fallback audit accepted=false reason=COMMIT_SFC_VIOLATION[0m
[32m -- [Fsm] ReplanOnce succeed.[0m
[33m[WARN] [1784709935.111078563]:  -- [State2State][IGO] falling back to legacy corridor optimizer.[0m
[0m[INFO] [1784709935.097859699]:  -- [State2State][IGO] attempt pieces=6 population=48 generations=15 budget=0.0450s[0m
[0m[INFO] [1784709935.111068113]:  -- [State2State][IGO] result success=false reason=NO_FEASIBLE_CANDIDATE dim=17 evals=720 gens=15 feasible_ratio=0.000 elapsed=0.0132s occ=0 out=0 unk=444 sfc=0.30660 dyn=2.27677 duration=2.213[0m
[0m[INFO] [1784709935.132866725]:  -- [State2State][IGO] fallback audit accepted=false reason=COMMIT_SFC_VIOLATION[0m
[32m -- [Fsm] ReplanOnce succeed.[0m
[32m -- [Fsm 4.050] Current state: FOLLOW_TRAJ[0m
[33m[WARN] [1784709935.178169533]:  -- [State2State][IGO] falling back to legacy corridor optimizer.[0m
[0m[INFO] [1784709935.164678549]:  -- [State2State][IGO] attempt pieces=6 population=48 generations=15 budget=0.0450s[0m
[0m[INFO] [1784709935.178157763]:  -- [State2State][IGO] result success=false reason=NO_FEASIBLE_CANDIDATE dim=21 evals=720 gens=15 feasible_ratio=0.000 elapsed=0.0134s occ=6 out=0 unk=417 sfc=0.43719 dyn=3.71615 duration=2.108[0m
[0m[INFO] [1784709935.204663511]:  -- [State2State][IGO] fallback audit accepted=false reason=COMMIT_MAP_COLLISION[0m
[32m -- [Fsm] ReplanOnce succeed.[0m
[33m[WARN] [1784709935.242701841]:  -- [State2State][IGO] falling back to legacy corridor optimizer.[0m
[0m[INFO] [1784709935.231173449]:  -- [State2State][IGO] attempt pieces=5 population=48 generations=15 budget=0.0450s[0m
[0m[INFO] [1784709935.242686891]:  -- [State2State][IGO] result success=false reason=NO_FEASIBLE_CANDIDATE dim=13 evals=720 gens=15 feasible_ratio=0.000 elapsed=0.0115s occ=8 out=0 unk=217 sfc=0.43719 dyn=24.79046 duration=1.122[0m
[0m[INFO] [1784709935.246738206]:  -- [State2State][IGO] fallback audit accepted=false reason=COMMIT_MAP_COLLISION[0m
[32m -- [Fsm] ReplanOnce succeed.[0m
[33m[WARN] [1784709935.310334473]:  -- [State2State][IGO] falling back to legacy corridor optimizer.[0m
[0m[INFO] [1784709935.297779959]:  -- [State2State][IGO] attempt pieces=5 population=48 generations=15 budget=0.0450s[0m
[0m[INFO] [1784709935.310323753]:  -- [State2State][IGO] result success=false reason=NO_FEASIBLE_CANDIDATE dim=13 evals=720 gens=15 feasible_ratio=0.000 elapsed=0.0125s occ=9 out=0 unk=214 sfc=0.43719 dyn=15.18942 duration=1.111[0m
[0m[INFO] [1784709935.321845685]:  -- [State2State][IGO] fallback audit accepted=false reason=COMMIT_MAP_COLLISION[0m
[32m -- [Fsm] ReplanOnce succeed.[0m
[33m[WARN] [1784709935.374708671]:  -- [State2State][IGO] falling back to legacy corridor optimizer.[0m
[0m[INFO] [1784709935.364656030]:  -- [State2State][IGO] attempt pieces=7 population=48 generations=15 budget=0.0450s[0m
[0m[INFO] [1784709935.374695901]:  -- [State2State][IGO] result success=false reason=NO_FEASIBLE_CANDIDATE dim=17 evals=720 gens=15 feasible_ratio=0.000 elapsed=0.0100s occ=0 out=0 unk=218 sfc=0.68048 dyn=27.39851 duration=1.084[0m
[0m[INFO] [1784709935.384618251]:  -- [State2State][IGO] fallback audit accepted=false reason=COMMIT_MAP_COLLISION[0m
[32m -- [Fsm] ReplanOnce succeed.[0m
[33m[WARN] [1784709935.441793851]:  -- [State2State][IGO] falling back to legacy corridor optimizer.[0m
[0m[INFO] [1784709935.431200670]:  -- [State2State][IGO] attempt pieces=7 population=48 generations=15 budget=0.0450s[0m
[0m[INFO] [1784709935.441775771]:  -- [State2State][IGO] result success=false reason=NO_FEASIBLE_CANDIDATE dim=21 evals=720 gens=15 feasible_ratio=0.000 elapsed=0.0105s occ=24 out=0 unk=191 sfc=0.43719 dyn=25.23405 duration=1.072[0m
[0m[INFO] [1784709935.468018289]:  -- [State2State][IGO] fallback audit accepted=false reason=COMMIT_MAP_COLLISION[0m
[32m -- [Fsm] ReplanOnce succeed.[0m
[33m[WARN] [1784709935.508470322]:  -- [State2State][IGO] falling back to legacy corridor optimizer.[0m
[0m[INFO] [1784709935.498133691]:  -- [State2State][IGO] attempt pieces=7 population=48 generations=15 budget=0.0450s[0m
[0m[INFO] [1784709935.508458952]:  -- [State2State][IGO] result success=false reason=NO_FEASIBLE_CANDIDATE dim=21 evals=720 gens=15 feasible_ratio=0.000 elapsed=0.0103s occ=41 out=0 unk=319 sfc=0.43719 dyn=13.43298 duration=1.795[0m
[0m[INFO] [1784709935.534241189]:  -- [State2State][IGO] fallback audit accepted=false reason=COMMIT_MAP_COLLISION[0m
[32m -- [Fsm] ReplanOnce succeed.[0m
[33m[WARN] [1784709935.574043841]:  -- [State2State][IGO] falling back to legacy corridor optimizer.[0m
[0m[INFO] [1784709935.564867141]:  -- [State2State][IGO] attempt pieces=6 population=48 generations=15 budget=0.0450s[0m
[0m[INFO] [1784709935.574032571]:  -- [State2State][IGO] result success=false reason=NO_FEASIBLE_CANDIDATE dim=17 evals=720 gens=15 feasible_ratio=0.000 elapsed=0.0091s occ=35 out=0 unk=215 sfc=0.41408 dyn=20.94694 duration=1.243[0m
[0m[INFO] [1784709935.596214774]:  -- [State2State][IGO] fallback audit accepted=false reason=COMMIT_MAP_COLLISION[0m
[32m -- [Fsm] ReplanOnce succeed.[0m
[33m[WARN] [1784709935.642941013]:  -- [State2State][IGO] falling back to legacy corridor optimizer.[0m
[0m[INFO] [1784709935.631651721]:  -- [State2State][IGO] attempt pieces=7 population=48 generations=15 budget=0.0450s[0m
[0m[INFO] [1784709935.642923323]:  -- [State2State][IGO] result success=false reason=NO_FEASIBLE_CANDIDATE dim=21 evals=720 gens=15 feasible_ratio=0.000 elapsed=0.0112s occ=32 out=560 unk=53 sfc=161.18889 dyn=341.85670 duration=3.222[0m
[0m[INFO] [1784709935.673724986]:  -- [State2State][IGO] fallback audit accepted=false reason=COMMIT_MAP_COLLISION[0m
[32m -- [Fsm] ReplanOnce succeed.[0m
[33m[WARN] [1784709935.707549312]:  -- [State2State][IGO] falling back to legacy corridor optimizer.[0m
[0m[INFO] [1784709935.698281332]:  -- [State2State][IGO] attempt pieces=6 population=48 generations=15 budget=0.0450s[0m
[0m[INFO] [1784709935.707538811]:  -- [State2State][IGO] result success=false reason=NO_FEASIBLE_CANDIDATE dim=17 evals=720 gens=15 feasible_ratio=0.000 elapsed=0.0092s occ=39 out=0 unk=166 sfc=0.00000 dyn=40.08722 duration=1.018[0m
[0m[INFO] [1784709935.723007848]:  -- [State2State][IGO] fallback audit accepted=false reason=COMMIT_MAP_COLLISION[0m
[32m -- [Fsm] ReplanOnce succeed.[0m
[33m[WARN] [1784709935.773567831]:  -- [State2State][IGO] falling back to legacy corridor optimizer.[0m
[0m[INFO] [1784709935.764907622]:  -- [State2State][IGO] attempt pieces=5 population=48 generations=15 budget=0.0450s[0m
[0m[INFO] [1784709935.773556221]:  -- [State2State][IGO] result success=false reason=NO_FEASIBLE_CANDIDATE dim=13 evals=720 gens=15 feasible_ratio=0.000 elapsed=0.0086s occ=55 out=0 unk=139 sfc=0.52538 dyn=35.19525 duration=0.965[0m
[0m[INFO] [1784709935.787712446]:  -- [State2State][IGO] fallback audit accepted=false reason=COMMIT_MAP_COLLISION[0m
[32m -- [Fsm] ReplanOnce succeed.[0m
[33m[WARN] [1784709935.840422302]:  -- [State2State][IGO] falling back to legacy corridor optimizer.[0m
[0m[INFO] [1784709935.831931393]:  -- [State2State][IGO] attempt pieces=6 population=48 generations=15 budget=0.0450s[0m
[0m[INFO] [1784709935.840404902]:  -- [State2State][IGO] result success=false reason=NO_FEASIBLE_CANDIDATE dim=13 evals=720 gens=15 feasible_ratio=0.000 elapsed=0.0084s occ=53 out=0 unk=148 sfc=0.33977 dyn=39.15311 duration=0.999[0m
[0m[INFO] [1784709935.849526962]:  -- [State2State][IGO] fallback audit accepted=false reason=COMMIT_MAP_COLLISION[0m
[32m -- [Fsm] ReplanOnce succeed.[0m
[33m[WARN] [1784709935.907294332]:  -- [State2State][IGO] falling back to legacy corridor optimizer.[0m
[0m[INFO] [1784709935.898451673]:  -- [State2State][IGO] attempt pieces=6 population=48 generations=15 budget=0.0450s[0m
[0m[INFO] [1784709935.907282922]:  -- [State2State][IGO] result success=false reason=NO_FEASIBLE_CANDIDATE dim=13 evals=720 gens=15 feasible_ratio=0.000 elapsed=0.0088s occ=41 out=134 unk=120 sfc=28.86148 dyn=101.39615 duration=1.471[0m
[0m[INFO] [1784709935.913276609]:  -- [State2State][IGO] fallback audit accepted=false reason=COMMIT_MAP_COLLISION[0m
[32m -- [Fsm] ReplanOnce succeed.[0m
[33m[WARN] [1784709935.974681553]:  -- [State2State][IGO] falling back to legacy corridor optimizer.[0m
[0m[INFO] [1784709935.965063363]:  -- [State2State][IGO] attempt pieces=6 population=48 generations=15 budget=0.0450s[0m
[0m[INFO] [1784709935.974666093]:  -- [State2State][IGO] result success=false reason=NO_FEASIBLE_CANDIDATE dim=17 evals=720 gens=15 feasible_ratio=0.000 elapsed=0.0096s occ=54 out=0 unk=158 sfc=0.18791 dyn=31.17232 duration=1.056[0m
[0m[INFO] [1784709935.989493579]:  -- [State2State][IGO] fallback audit accepted=false reason=COMMIT_MAP_COLLISION[0m
[32m -- [Fsm] ReplanOnce succeed.[0m
[33m[WARN] [1784709936.041026673]:  -- [State2State][IGO] falling back to legacy corridor optimizer.[0m
[0m[INFO] [1784709936.031617673]:  -- [State2State][IGO] attempt pieces=6 population=48 generations=15 budget=0.0450s[0m
[0m[INFO] [1784709936.041013363]:  -- [State2State][IGO] result success=false reason=NO_FEASIBLE_CANDIDATE dim=17 evals=720 gens=15 feasible_ratio=0.000 elapsed=0.0094s occ=59 out=0 unk=180 sfc=0.03052 dyn=13.33276 duration=1.192[0m
[0m[INFO] [1784709936.047365900]:  -- [State2State][IGO] fallback audit accepted=false reason=COMMIT_MAP_COLLISION[0m
[32m -- [Fsm] ReplanOnce succeed.[0m
[33m[WARN] [1784709936.107821732]:  -- [State2State][IGO] falling back to legacy corridor optimizer.[0m
[0m[INFO] [1784709936.098241923]:  -- [State2State][IGO] attempt pieces=6 population=48 generations=15 budget=0.0450s[0m
[0m[INFO] [1784709936.107809482]:  -- [State2State][IGO] result success=false reason=NO_FEASIBLE_CANDIDATE dim=17 evals=720 gens=15 feasible_ratio=0.000 elapsed=0.0095s occ=65 out=0 unk=170 sfc=0.36390 dyn=19.38527 duration=1.169[0m
[0m[INFO] [1784709936.113912769]:  -- [State2State][IGO] fallback audit accepted=false reason=COMMIT_MAP_COLLISION[0m
[32m -- [Fsm] ReplanOnce succeed.[0m
[32m -- [Fsm 5.050] Current state: FOLLOW_TRAJ[0m
[33m[WARN] [1784709936.174464082]:  -- [State2State][IGO] falling back to legacy corridor optimizer.[0m
[0m[INFO] [1784709936.165104062]:  -- [State2State][IGO] attempt pieces=6 population=48 generations=15 budget=0.0450s[0m
[0m[INFO] [1784709936.174452802]:  -- [State2State][IGO] result success=false reason=NO_FEASIBLE_CANDIDATE dim=17 evals=720 gens=15 feasible_ratio=0.000 elapsed=0.0093s occ=56 out=0 unk=169 sfc=0.50770 dyn=21.25657 duration=1.120[0m
[0m[INFO] [1784709936.182282300]:  -- [State2State][IGO] fallback audit accepted=false reason=COMMIT_MAP_COLLISION[0m
[32m -- [Fsm] ReplanOnce succeed.[0m
[33m[WARN] [1784709936.241297262]:  -- [State2State][IGO] falling back to legacy corridor optimizer.[0m
[0m[INFO] [1784709936.231611692]:  -- [State2State][IGO] attempt pieces=6 population=48 generations=15 budget=0.0450s[0m
[0m[INFO] [1784709936.241281202]:  -- [State2State][IGO] result success=false reason=NO_FEASIBLE_CANDIDATE dim=17 evals=720 gens=15 feasible_ratio=0.000 elapsed=0.0096s occ=50 out=0 unk=196 sfc=0.00000 dyn=31.86284 duration=1.224[0m
[0m[INFO] [1784709936.248646319]:  -- [State2State][IGO] fallback audit accepted=false reason=COMMIT_MAP_COLLISION[0m
[32m -- [Fsm] ReplanOnce succeed.[0m
[33m[WARN] [1784709936.307977021]:  -- [State2State][IGO] falling back to legacy corridor optimizer.[0m
[0m[INFO] [1784709936.298526891]:  -- [State2State][IGO] attempt pieces=6 population=48 generations=15 budget=0.0450s[0m
[0m[INFO] [1784709936.307966771]:  -- [State2State][IGO] result success=false reason=NO_FEASIBLE_CANDIDATE dim=17 evals=720 gens=15 feasible_ratio=0.000 elapsed=0.0094s occ=73 out=0 unk=149 sfc=0.14642 dyn=40.04795 duration=1.106[0m
[0m[INFO] [1784709936.324658559]:  -- [State2State][IGO] fallback audit accepted=false reason=COMMIT_MAP_COLLISION[0m
[32m -- [Fsm] ReplanOnce succeed.[0m
[33m[WARN] [1784709936.374213520]:  -- [State2State][IGO] falling back to legacy corridor optimizer.[0m
[0m[INFO] [1784709936.364992231]:  -- [State2State][IGO] attempt pieces=6 population=48 generations=15 budget=0.0450s[0m
[0m[INFO] [1784709936.374200160]:  -- [State2State][IGO] result success=false reason=NO_FEASIBLE_CANDIDATE dim=17 evals=720 gens=15 feasible_ratio=0.000 elapsed=0.0092s occ=46 out=0 unk=172 sfc=0.78308 dyn=31.15559 duration=1.086[0m
[0m[INFO] [1784709936.382516119]:  -- [State2State][IGO] fallback audit accepted=false reason=COMMIT_MAP_COLLISION[0m
[32m -- [Fsm] ReplanOnce succeed.[0m
[33m[WARN] [1784709936.441311260]:  -- [State2State][IGO] falling back to legacy corridor optimizer.[0m
[0m[INFO] [1784709936.431547870]:  -- [State2State][IGO] attempt pieces=6 population=48 generations=15 budget=0.0450s[0m
[0m[INFO] [1784709936.441293530]:  -- [State2State][IGO] result success=false reason=NO_FEASIBLE_CANDIDATE dim=17 evals=720 gens=15 feasible_ratio=0.000 elapsed=0.0097s occ=60 out=0 unk=162 sfc=0.61421 dyn=16.26216 duration=1.106[0m
[0m[INFO] [1784709936.447044656]:  -- [State2State][IGO] fallback audit accepted=false reason=COMMIT_MAP_COLLISION[0m
[32m -- [Fsm] ReplanOnce succeed.[0m
[33m[WARN] [1784709936.507432899]:  -- [State2State][IGO] falling back to legacy corridor optimizer.[0m
[0m[INFO] [1784709936.498167950]:  -- [State2State][IGO] attempt pieces=6 population=48 generations=15 budget=0.0450s[0m
[0m[INFO] [1784709936.507422279]:  -- [State2State][IGO] result success=false reason=NO_FEASIBLE_CANDIDATE dim=17 evals=720 gens=15 feasible_ratio=0.000 elapsed=0.0092s occ=54 out=0 unk=182 sfc=0.60998 dyn=42.18886 duration=1.173[0m
[0m[INFO] [1784709936.528379441]:  -- [State2State][IGO] fallback audit accepted=false reason=COMMIT_MAP_COLLISION[0m
[32m -- [Fsm] ReplanOnce succeed.[0m
[33m[WARN] [1784709936.573922919]:  -- [State2State][IGO] falling back to legacy corridor optimizer.[0m
[0m[INFO] [1784709936.564832269]:  -- [State2State][IGO] attempt pieces=6 population=48 generations=15 budget=0.0450s[0m
[0m[INFO] [1784709936.573911159]:  -- [State2State][IGO] result success=false reason=NO_FEASIBLE_CANDIDATE dim=17 evals=720 gens=15 feasible_ratio=0.000 elapsed=0.0090s occ=55 out=0 unk=210 sfc=0.04110 dyn=9.49861 duration=1.321[0m
[0m[INFO] [1784709936.585890011]:  -- [State2State][IGO] fallback audit accepted=false reason=COMMIT_MAP_COLLISION[0m
[32m -- [Fsm] ReplanOnce succeed.[0m
[33m[WARN] [1784709936.641493919]:  -- [State2State][IGO] falling back to legacy corridor optimizer.[0m
[0m[INFO] [1784709936.631398099]:  -- [State2State][IGO] attempt pieces=6 population=48 generations=15 budget=0.0450s[0m
[0m[INFO] [1784709936.641478159]:  -- [State2State][IGO] result success=false reason=NO_FEASIBLE_CANDIDATE dim=17 evals=720 gens=15 feasible_ratio=0.000 elapsed=0.0100s occ=9 out=348 unk=24 sfc=267.46625 dyn=3253.25630 duration=1.902[0m
[0m[INFO] [1784709936.653768662]:  -- [State2State][IGO] fallback audit accepted=false reason=COMMIT_MAP_COLLISION[0m
[32m -- [Fsm] ReplanOnce succeed.[0m
[33m[WARN] [1784709936.709785760]:  -- [State2State][IGO] falling back to legacy corridor optimizer.[0m
[0m[INFO] [1784709936.698063148]:  -- [State2State][IGO] attempt pieces=6 population=48 generations=15 budget=0.0450s[0m
[0m[INFO] [1784709936.709774250]:  -- [State2State][IGO] result success=false reason=NO_FEASIBLE_CANDIDATE dim=17 evals=720 gens=15 feasible_ratio=0.000 elapsed=0.0117s occ=77 out=0 unk=465 sfc=0.65224 dyn=0.00000 duration=2.706[0m
[0m[INFO] [1784709936.723906385]:  -- [State2State][IGO] fallback audit accepted=false reason=COMMIT_MAP_COLLISION[0m
[32m -- [Fsm] ReplanOnce succeed.[0m
[33m[WARN] [1784709936.776058220]:  -- [State2State][IGO] falling back to legacy corridor optimizer.[0m
[0m[INFO] [1784709936.764585858]:  -- [State2State][IGO] attempt pieces=6 population=48 generations=15 budget=0.0450s[0m
[0m[INFO] [1784709936.776046320]:  -- [State2State][IGO] result success=false reason=NO_FEASIBLE_CANDIDATE dim=17 evals=720 gens=15 feasible_ratio=0.000 elapsed=0.0114s occ=67 out=0 unk=459 sfc=0.46424 dyn=0.00951 duration=2.627[0m
[0m[INFO] [1784709936.785713110]:  -- [State2State][IGO] fallback audit accepted=false reason=COMMIT_MAP_COLLISION[0m
[32m -- [Fsm] ReplanOnce succeed.[0m
[33m[WARN] [1784709936.840580647]:  -- [State2State][IGO] falling back to legacy corridor optimizer.[0m
[0m[INFO] [1784709936.831271877]:  -- [State2State][IGO] attempt pieces=6 population=48 generations=15 budget=0.0450s[0m
[0m[INFO] [1784709936.840558217]:  -- [State2State][IGO] result success=false reason=NO_FEASIBLE_CANDIDATE dim=13 evals=720 gens=15 feasible_ratio=0.000 elapsed=0.0092s occ=42 out=0 unk=186 sfc=0.18960 dyn=13.51648 duration=1.134[0m
[0m[INFO] [1784709936.850943718]:  -- [State2State][IGO] fallback audit accepted=false reason=COMMIT_MAP_COLLISION[0m
[32m -- [Fsm] ReplanOnce succeed.[0m
[33m[WARN] [1784709936.907717477]:  -- [State2State][IGO] falling back to legacy corridor optimizer.[0m
[0m[INFO] [1784709936.897840027]:  -- [State2State][IGO] attempt pieces=6 population=48 generations=15 budget=0.0450s[0m
[0m[INFO] [1784709936.907703827]:  -- [State2State][IGO] result success=false reason=NO_FEASIBLE_CANDIDATE dim=13 evals=720 gens=15 feasible_ratio=0.000 elapsed=0.0098s occ=46 out=0 unk=281 sfc=0.60024 dyn=2.21172 duration=1.632[0m
[0m[INFO] [1784709936.912262462]:  -- [State2State][IGO] fallback audit accepted=false reason=COMMIT_MAP_COLLISION[0m
[32m -- [Fsm] ReplanOnce succeed.[0m
[33m[WARN] [1784709936.973927406]:  -- [State2State][IGO] falling back to legacy corridor optimizer.[0m
[0m[INFO] [1784709936.964918936]:  -- [State2State][IGO] attempt pieces=6 population=48 generations=15 budget=0.0450s[0m
[0m[INFO] [1784709936.973913786]:  -- [State2State][IGO] result success=false reason=NO_FEASIBLE_CANDIDATE dim=13 evals=720 gens=15 feasible_ratio=0.000 elapsed=0.0090s occ=29 out=0 unk=177 sfc=0.30327 dyn=19.75193 duration=1.026[0m
[0m[INFO] [1784709936.979750482]:  -- [State2State][IGO] fallback audit accepted=false reason=COMMIT_MAP_COLLISION[0m
[32m -- [Fsm] ReplanOnce succeed.[0m
[33m[WARN] [1784709937.046921502]:  -- [State2State][IGO] falling back to legacy corridor optimizer.[0m
[0m[INFO] [1784709937.030973135]:  -- [State2State][IGO] attempt pieces=5 population=48 generations=15 budget=0.0450s[0m
[0m[INFO] [1784709937.046905232]:  -- [State2State][IGO] result success=false reason=NO_FEASIBLE_CANDIDATE dim=17 evals=720 gens=15 feasible_ratio=0.000 elapsed=0.0159s occ=31 out=0 unk=662 sfc=0.48262 dyn=0.29976 duration=3.458[0m
[0m[INFO] [1784709937.052060817]:  -- [State2State][IGO] fallback audit accepted=false reason=COMMIT_MAP_COLLISION[0m
[32m -- [Fsm] ReplanOnce succeed.[0m
[33m[WARN] [1784709937.110541417]:  -- [State2State][IGO] falling back to legacy corridor optimizer.[0m
[0m[INFO] [1784709937.098016494]:  -- [State2State][IGO] attempt pieces=5 population=48 generations=15 budget=0.0450s[0m
[0m[INFO] [1784709937.110528587]:  -- [State2State][IGO] result success=false reason=NO_FEASIBLE_CANDIDATE dim=13 evals=720 gens=15 feasible_ratio=0.000 elapsed=0.0125s occ=17 out=0 unk=491 sfc=0.32682 dyn=0.88825 duration=2.537[0m
[0m[INFO] [1784709937.117264674]:  -- [State2State][IGO] fallback audit accepted=false reason=COMMIT_MAP_COLLISION[0m
[32m -- [Fsm] ReplanOnce succeed.[0m
[33m[WARN] [1784709937.183738773]:  -- [State2State][IGO] falling back to legacy corridor optimizer.[0m
[0m[INFO] [1784709937.164261193]:  -- [State2State][IGO] attempt pieces=5 population=48 generations=15 budget=0.0450s[0m
[0m[INFO] [1784709937.183726393]:  -- [State2State][IGO] result success=false reason=NO_FEASIBLE_CANDIDATE dim=17 evals=720 gens=15 feasible_ratio=0.000 elapsed=0.0194s occ=96 out=178 unk=739 sfc=5.25769 dyn=0.69388 duration=5.059[0m
[0m[INFO] [1784709937.200038669]:  -- [State2State][IGO] fallback audit accepted=false reason=COMMIT_MAP_COLLISION[0m
[32m -- [Fsm] ReplanOnce succeed.[0m
[32m -- [Fsm 6.100] Current state: FOLLOW_TRAJ[0m
[33m[WARN] [1784709937.244077125]:  -- [State2State][IGO] falling back to legacy corridor optimizer.[0m
[0m[INFO] [1784709937.230750601]:  -- [State2State][IGO] attempt pieces=5 population=48 generations=15 budget=0.0450s[0m
[0m[INFO] [1784709937.244059735]:  -- [State2State][IGO] result success=false reason=NO_FEASIBLE_CANDIDATE dim=17 evals=720 gens=15 feasible_ratio=0.000 elapsed=0.0133s occ=48 out=113 unk=134 sfc=4.84002 dyn=36.54395 duration=1.468[0m
[0m[INFO] [1784709937.250982862]:  -- [State2State][IGO] fallback audit accepted=false reason=COMMIT_MAP_COLLISION[0m
[32m -- [Fsm] ReplanOnce succeed.[0m
[33m[WARN] [1784709937.311858605]:  -- [State2State][IGO] falling back to legacy corridor optimizer.[0m
[0m[INFO] [1784709937.298469341]:  -- [State2State][IGO] attempt pieces=5 population=48 generations=15 budget=0.0450s[0m
[0m[INFO] [1784709937.311837505]:  -- [State2State][IGO] result success=false reason=NO_FEASIBLE_CANDIDATE dim=13 evals=720 gens=15 feasible_ratio=0.000 elapsed=0.0133s occ=0 out=0 unk=417 sfc=0.00000 dyn=0.82312 duration=2.081[0m
[0m[INFO] [1784709937.327065431]:  -- [State2State][IGO] fallback audit accepted=false reason=COMMIT_MAP_COLLISION[0m
[32m -- [Fsm] ReplanOnce succeed.[0m
[33m[WARN] [1784709937.373246558]:  -- [State2State][IGO] falling back to legacy corridor optimizer.[0m
[0m[INFO] [1784709937.364252539]:  -- [State2State][IGO] attempt pieces=5 population=48 generations=15 budget=0.0450s[0m
[0m[INFO] [1784709937.373233618]:  -- [State2State][IGO] result success=false reason=NO_FEASIBLE_CANDIDATE dim=13 evals=720 gens=15 feasible_ratio=0.000 elapsed=0.0089s occ=0 out=0 unk=237 sfc=0.20693 dyn=24.58538 duration=1.179[0m
[0m[INFO] [1784709937.376141171]:  -- [State2State][IGO] fallback audit accepted=false reason=COMMIT_MAP_COLLISION[0m
[32m -- [Fsm] ReplanOnce succeed.[0m
[33m[WARN] [1784709937.441067428]:  -- [State2State][IGO] falling back to legacy corridor optimizer.[0m
[0m[INFO] [1784709937.431020788]:  -- [State2State][IGO] attempt pieces=6 population=48 generations=15 budget=0.0450s[0m
[0m[INFO] [1784709937.441048348]:  -- [State2State][IGO] result success=false reason=NO_FEASIBLE_CANDIDATE dim=17 evals=720 gens=15 feasible_ratio=0.000 elapsed=0.0100s occ=28 out=0 unk=226 sfc=0.13275 dyn=21.37996 duration=1.266[0m
[0m[INFO] [1784709937.454033061]:  -- [State2State][IGO] fallback audit accepted=false reason=COMMIT_MAP_COLLISION[0m
[32m -- [Fsm] ReplanOnce succeed.[0m
[33m[WARN] [1784709937.506236065]:  -- [State2State][IGO] falling back to legacy corridor optimizer.[0m
[0m[INFO] [1784709937.497843357]:  -- [State2State][IGO] attempt pieces=5 population=48 generations=15 budget=0.0450s[0m
[0m[INFO] [1784709937.506224325]:  -- [State2State][IGO] result success=false reason=NO_FEASIBLE_CANDIDATE dim=13 evals=720 gens=15 feasible_ratio=0.000 elapsed=0.0083s occ=32 out=0 unk=165 sfc=0.06528 dyn=24.73568 duration=0.981[0m
[0m[INFO] [1784709937.513595173]:  -- [State2State][IGO] fallback audit accepted=false reason=COMMIT_MAP_COLLISION[0m
[32m -- [Fsm] ReplanOnce succeed.[0m
[33m[WARN] [1784709937.573504035]:  -- [State2State][IGO] falling back to legacy corridor optimizer.[0m
[0m[INFO] [1784709937.564496215]:  -- [State2State][IGO] attempt pieces=6 population=48 generations=15 budget=0.0450s[0m
[0m[INFO] [1784709937.573493785]:  -- [State2State][IGO] result success=false reason=NO_FEASIBLE_CANDIDATE dim=17 evals=720 gens=15 feasible_ratio=0.000 elapsed=0.0090s occ=42 out=0 unk=200 sfc=0.00000 dyn=20.38271 duration=1.207[0m
[0m[INFO] [1784709937.579830561]:  -- [State2State][IGO] fallback audit accepted=false reason=COMMIT_MAP_COLLISION[0m
[32m -- [Fsm] ReplanOnce succeed.[0m
[33m[WARN] [1784709937.638595212]:  -- [State2State][IGO] falling back to legacy corridor optimizer.[0m
[0m[INFO] [1784709937.630823164]:  -- [State2State][IGO] attempt pieces=6 population=48 generations=15 budget=0.0450s[0m
[0m[INFO] [1784709937.638578362]:  -- [State2State][IGO] result success=false reason=NO_FEASIBLE_CANDIDATE dim=13 evals=720 gens=15 feasible_ratio=0.000 elapsed=0.0077s occ=37 out=0 unk=177 sfc=0.00000 dyn=34.68535 duration=1.067[0m
[0m[INFO] [1784709937.644130837]:  -- [State2State][IGO] fallback audit accepted=false reason=COMMIT_MAP_COLLISION[0m
[32m -- [Fsm] ReplanOnce succeed.[0m
[33m[WARN] [1784709937.705307161]:  -- [State2State][IGO] falling back to legacy corridor optimizer.[0m
[0m[INFO] [1784709937.697668773]:  -- [State2State][IGO] attempt pieces=5 population=48 generations=15 budget=0.0450s[0m
[0m[INFO] [1784709937.705295351]:  -- [State2State][IGO] result success=false reason=NO_FEASIBLE_CANDIDATE dim=13 evals=720 gens=15 feasible_ratio=0.000 elapsed=0.0076s occ=44 out=0 unk=170 sfc=0.67841 dyn=14.80212 duration=1.064[0m
[0m[INFO] [1784709937.710620316]:  -- [State2State][IGO] fallback audit accepted=false reason=COMMIT_MAP_COLLISION[0m
[32m -- [Fsm] ReplanOnce succeed.[0m
[33m[WARN] [1784709937.773107211]:  -- [State2State][IGO] falling back to legacy corridor optimizer.[0m
[0m[INFO] [1784709937.764058781]:  -- [State2State][IGO] attempt pieces=5 population=48 generations=15 budget=0.0450s[0m
[0m[INFO] [1784709937.773094411]:  -- [State2State][IGO] result success=false reason=NO_FEASIBLE_CANDIDATE dim=17 evals=720 gens=15 feasible_ratio=0.000 elapsed=0.0090s occ=11 out=229 unk=48 sfc=114.59864 dyn=1998.05430 duration=1.436[0m
[0m[INFO] [1784709937.783150521]:  -- [State2State][IGO] fallback audit accepted=false reason=COMMIT_MAP_COLLISION[0m
[32m -- [Fsm] ReplanOnce succeed.[0m
[33m[WARN] [1784709937.839032349]:  -- [State2State][IGO] falling back to legacy corridor optimizer.[0m
[0m[INFO] [1784709937.830830110]:  -- [State2State][IGO] attempt pieces=5 population=48 generations=15 budget=0.0450s[0m
[0m[INFO] [1784709937.839017539]:  -- [State2State][IGO] result success=false reason=NO_FEASIBLE_CANDIDATE dim=13 evals=720 gens=15 feasible_ratio=0.000 elapsed=0.0082s occ=55 out=0 unk=172 sfc=0.89877 dyn=17.10701 duration=1.132[0m
[0m[INFO] [1784709937.845190975]:  -- [State2State][IGO] fallback audit accepted=false reason=COMMIT_MAP_COLLISION[0m
FIRI WARNING: The function value became NaN or Inf.
[33m	 box_min =  1.525 -8.075  0.500[0m
[33m	 box_max =19.687 -2.921  1.600[0m
[33m	 seed line = 3.525 -6.075  0.975 --> 17.687 -4.921  1.079[0m
[33m[WARN] [1784709937.846680216]:  -- [GeneralPlanner] GeneratePolytopeFromLine failed, force return[0m
[33m[WARN] [1784709937.846688786]:  -- [GeneralPlanner] in [ReplanOnce]: generateBackupTrajectory return FAILED, replan Failed return[0m
[33m[WARN] [1784709937.905380317]:  -- [State2State][IGO] falling back to legacy corridor optimizer.[0m
[0m[INFO] [1784709937.897540799]:  -- [State2State][IGO] attempt pieces=5 population=48 generations=15 budget=0.0450s[0m
[0m[INFO] [1784709937.905371547]:  -- [State2State][IGO] result success=false reason=NO_FEASIBLE_CANDIDATE dim=13 evals=720 gens=15 feasible_ratio=0.000 elapsed=0.0078s occ=56 out=0 unk=188 sfc=0.00673 dyn=17.55557 duration=1.213[0m
[0m[INFO] [1784709937.912864965]:  -- [State2State][IGO] fallback audit accepted=false reason=COMMIT_MAP_COLLISION[0m
[32m -- [Fsm] ReplanOnce succeed.[0m
[33m[WARN] [1784709937.972661866]:  -- [State2State][IGO] falling back to legacy corridor optimizer.[0m
[0m[INFO] [1784709937.964229588]:  -- [State2State][IGO] attempt pieces=5 population=48 generations=15 budget=0.0450s[0m
[0m[INFO] [1784709937.972651156]:  -- [State2State][IGO] result success=false reason=NO_FEASIBLE_CANDIDATE dim=13 evals=720 gens=15 feasible_ratio=0.000 elapsed=0.0084s occ=50 out=0 unk=172 sfc=1.06310 dyn=20.49969 duration=1.107[0m
[0m[INFO] [1784709937.986168800]:  -- [State2State][IGO] fallback audit accepted=false reason=COMMIT_MAP_COLLISION[0m
[32m -- [Fsm] ReplanOnce succeed.[0m
[33m[WARN] [1784709938.041797827]:  -- [State2State][IGO] falling back to legacy corridor optimizer.[0m
[0m[INFO] [1784709938.030792786]:  -- [State2State][IGO] attempt pieces=5 population=48 generations=15 budget=0.0450s[0m
[0m[INFO] [1784709938.041779057]:  -- [State2State][IGO] result success=false reason=NO_FEASIBLE_CANDIDATE dim=13 evals=720 gens=15 feasible_ratio=0.000 elapsed=0.0109s occ=76 out=0 unk=372 sfc=0.63508 dyn=3.77955 duration=2.235[0m
[0m[INFO] [1784709938.049684975]:  -- [State2State][IGO] fallback audit accepted=false reason=COMMIT_MAP_COLLISION[0m
[32m -- [Fsm] ReplanOnce succeed.[0m
[general] Total replan num: 80, total length: 38.80186445498607, average computation time: 0.16203330000000002 ms, total optimization time: 727.2833719999999 ms, dense sampling share: 49.08870293819951%, control point share: 28.366387152874427%
[32mData saved successfully to /root/ws/real_planner/src/General-Planner/src/Planner/general_planner/log/replan_logs/general_latest_log.bin[0m
... logging to /root/.ros/log/d070edd2-856c-11f1-9d45-f068e322ab4c/roslaunch-diffbot-904355.log
Checking log directory for disk usage. This may take a while.
Press Ctrl-C to interrupt
Done checking log file disk usage. Usage is <1GB.
]2;/root/ws/real_planner/src/General-Planner/src/Planner/task_planner/launch/click_demo.launch
[1mstarted roslaunch server http://diffbot:40615/[0m

SUMMARY
========

CLEAR PARAMETERS
 * /fsm_node/
 * /perfect_drone/

PARAMETERS
 * /fsm_node/config_path: /root/ws/real_pla...
 * /perfect_drone/config_name: click.yaml
 * /rosdistro: noetic
 * /rosversion: 1.17.4

NODES
  /
    fsm_node (general_planner/fsm_node)
    perfect_drone (perfect_drone_sim/perfect_drone)

[1mROS_MASTER_URI=http://localhost:11311[0m
]2;/root/ws/real_planner/src/General-Planner/src/Planner/task_planner/launch/click_demo.launch http://localhost:11311
[1mprocess[perfect_drone-1]: started with pid [904386][0m
[1mprocess[fsm_node-2]: started with pid [904387][0m
[fsm_node-2] killing on exit
[perfect_drone-1] killing on exit
shutting down processing monitor...
... shutting down processing monitor complete
[1mdone[0m
