            0.300116 0 0 0  6.72501e-05 -2.73351e-05  4.92077e-05 0 0 0   -0.011 -0.02329 -0.04412  0.000324955 -0.000100021  0.000290911 -0.000900711    0.0198021   -0.0115869 0 0 0  0.111936 0.0611291  -9.80817 
            0.399795  0.0231955 -0.0240747 -0.0247733   0.0127744 -0.00176132 -0.00223917 0 0 0   -0.011 -0.02329 -0.04412   0.00176558  -0.00129752 -6.89316e-05 -0.000900714    0.0198022   -0.0115869 -2.44936e-07  2.95461e-08  4.43794e-08  0.111936 0.0611291  -9.80817 
            0.500043 0.000999468  -0.0401465  0.00967422  0.00425389 -0.00723931 -0.00277627 0 0 0   -0.011 -0.02329 -0.04412  -0.0423054  -0.0277195 -0.00263014 -0.000823945    0.0198646   -0.0117058 1.08989e-05 6.92469e-06 7.37871e-07  0.111925 0.0611224  -9.80817 
             0.60007 0.00452787 -0.0122205 0.00413419 -0.00842235 -0.00588099 -0.00441397 0 0 0   -0.011 -0.02329 -0.04412  -0.0756779  -0.0114194 -0.00770981 -0.000836132    0.0197723    -0.011683  0.00254918 -0.00137151  0.00154951  0.109467 0.0624401  -9.80819 
            0.699718   0.0311594   -0.015301 8.90938e-05 -0.00486968  -0.0013375 -0.00418529 0 0 0   -0.011 -0.02329 -0.04412  -0.0369764  0.00886964 -0.00370808 -0.000926193    0.0198003   -0.0116733 -0.00854502 -0.00709721 -0.00196586  0.120175 0.0679672  -9.80803 
            0.800025   0.0140179 -0.00313731  -0.0197764 -0.000720115  -0.00469195  -0.00627084 0 0 0   -0.011 -0.02329 -0.04412 -0.00648137 -0.00535974  -0.0100103 -0.000865183    0.0197762   -0.0116113 -0.0234387 0.00119667 0.00365053  0.134437 0.0599479   -9.8079 
            0.899708 0.00242427 -0.0479975 -0.0409202  0.00298311 -0.00314125 -0.00714857 0 0 0   -0.011 -0.02329 -0.04412   0.0132267  0.00270364 -0.00955988 -0.000822517    0.0199321   -0.0115388  -0.0333719 -0.00349371  0.00287636  0.143998 0.0644666  -9.80773 
            0.999989  0.0191704 -0.0355747 -0.0112834  0.00529077 -0.00488342  -0.0063678 0 0 0   -0.011 -0.02329 -0.04412   0.0219399 -0.00445149 -0.00259467 -0.000866185     0.019895   -0.0116163  -0.0350708  0.00123298 -0.00397812  0.145716 0.0599604  -9.80773 
             1.10009  0.0107417 -0.0221083  0.0152519  0.00441509 -0.00892883 -0.00638221 0 0 0   -0.011 -0.02329 -0.04412   0.0163694  -0.0178376 -0.00135878 -0.00084207   0.0198529  -0.0116903 -0.0276839 0.00897533 -0.0047813  0.138623 0.0525204  -9.80788 
             1.20018  0.0254394 -0.0480312 0.00834422   0.0080745  -0.0072171 -0.00657485 0 0 0   -0.011 -0.02329 -0.04412   0.0273864 -0.00659544 -0.00111169 -0.000894596    0.0199349   -0.0116625  -0.0312619  0.00199404 -0.00442793 0.142055 0.059233 -9.80779 
             1.29995    0.01162 -0.0163314  0.0315986    0.0034225 -9.85396e-05  -0.00578688 0 0 0   -0.011 -0.02329 -0.04412 0.00606379   0.020896 0.00231448 -0.000864251     0.019851   -0.0117279   -0.017937  -0.0112716 -0.00682818  0.129284 0.0720086  -9.80788 
             1.39967  0.0319798 -0.0374602  0.0241294  0.00459448 -0.00538649 -0.00496504 0 0 0   -0.011 -0.02329 -0.04412   0.0102338 -0.00284399  0.00515043 -0.000923537    0.0199195   -0.0117048   -0.0186382 -1.11252e-05  -0.00831739  0.129968 0.0611897  -9.80795 
             1.50005  0.0103347 -0.0149851 -0.0351772  0.00509139  -0.0048386 -0.00358944 0 0 0   -0.011 -0.02329 -0.04412  0.0113122 0.00013087 0.00911546 -0.000863095    0.0198618   -0.0115354  -0.0176895 -0.00114167  -0.0102622  0.129081 0.0622869  -9.80795 
             1.60002   0.0154152  -0.0333092 -0.00850418  0.00467354 -0.00504598  -0.0054137 0 0 0   -0.011 -0.02329 -0.04412   0.00841591 -0.000216177 -0.000182399 -0.000872676    0.0199246   -0.0116151   -0.0156105 -0.000887736  -0.00394604 0.127004 0.062002 -9.80798 
             1.70011  0.0447439 -0.0102609 -0.0425099  0.00202443 -0.00441812  -0.0058412 0 0 0   -0.011 -0.02329 -0.04412 -0.000530206    0.0018486  -0.00145697 -0.000953865    0.0198735   -0.0115161    -0.01141 -0.00170003 -0.00300686  0.122957 0.0627732  -9.80803 
                 1.8   0.0471547  -0.0170261 -0.00082809  0.00226637 -0.00533094 -0.00645732 0 0 0   -0.011 -0.02329 -0.04412  0.00214911 -0.00199757  -0.0026782 -0.000962662     0.019898   -0.0116262   -0.0116488 -0.000586272  -0.00201579  0.123176 0.0616976  -9.80803 
             1.89961  0.0266682 -0.0557603  0.0189196 0.000418602 -0.00744191 -0.00829739 0 0 0   -0.011 -0.02329 -0.04412 -0.00336641 -0.00801702 -0.00844052 -0.000896493     0.019998   -0.0116776 -0.00958944  0.00128329  0.00097934  0.121165 0.0598881  -9.80807 
             2.00023  0.0371801 -0.0135333 -0.0204118  0.00111223 -0.00805678 -0.00774665 0 0 0   -0.011 -0.02329 -0.04412  0.00192883 -0.00784955 -0.00335929 -0.000916647    0.0198892   -0.0115702  -0.0104435  0.00105902 -0.00151428   0.12201 0.0601143  -9.80806 
             2.09962  0.0445473 -0.0233334 -0.0124159 -0.00171842 -0.00756888 -0.00754726 0 0 0   -0.011 -0.02329 -0.04412 -0.00614311 -0.00401409 -0.00196271 -0.000931814    0.0199153   -0.0115898 -0.00774231 -0.00011732 -0.00237614  0.119426 0.0612489  -9.80808 
             2.19971 0.00652552 0.00529012 -0.0131129 -0.000352267  -0.00879968  -0.00740896 0 0 0   -0.011 -0.02329 -0.04412   0.00207566  -0.00668502 -0.000584334 -0.000831348    0.0198473   -0.0115853 -0.00931749 0.000619364 -0.00294515  0.120942 0.0605425  -9.80807 
             2.30082  0.0255395 -0.0101616 -0.0293286 0.000248049  -0.0103666 -0.00773808 0 0 0   -0.011 -0.02329 -0.04412  0.00470783 -0.00977768   -0.001508 -0.000868086    0.0198946   -0.0115486 -0.00960229  0.00132212 -0.00252999   0.12121 0.0598662  -9.80807 
                 2.4   0.045892 -0.0400223 -0.0360683  0.00238635 -0.00819485 -0.00731153 0 0 0   -0.011 -0.02329 -0.04412    0.0112139 -0.000484308   0.00107373 -0.000919866    0.0199731   -0.0115366  -0.0108256 -0.00104312 -0.00335676  0.122395 0.0621363  -9.80804 
              2.4996  0.0374248  -0.017928 0.00479981  0.00262149 -0.00568576  -0.0076706 0 0 0   -0.011 -0.02329 -0.04412    0.0102712    0.0076866 -0.000191435 -0.00089723   0.0199194  -0.0116373   -0.010107 -0.00285288 -0.00263657  0.121704 0.0638697  -9.80804 
             2.59997  0.0431338 -0.0210419 -0.0444757  0.00142398 -0.00659527 -0.00750741 0 0 0   -0.011 -0.02329 -0.04412  0.00478515  0.00248354 0.000775628 -0.000910594    0.0199307    -0.011517 -0.00855491 -0.00172818 -0.00285109  0.120216 0.0627971  -9.80806 
             2.70013   0.0421401  -0.0219808 -0.00706994 -0.00166722   -0.008145 -0.00780789 0 0 0   -0.011 -0.02329 -0.04412  -0.00514046  -0.00328986 -0.000569491 -0.000905915    0.0199324    -0.011603  -0.00619586 -0.000587844  -0.00232727  0.117949 0.0617069   -9.8081 
             2.80002   0.0198736  -0.0433267 -0.00208863 4.18712e-05 -0.00694527 -0.00879143 0 0 0   -0.011 -0.02329 -0.04412  0.00217891  0.00184712 -0.00386967 -0.000854648    0.0199852   -0.0116107 -0.00757461  -0.0015086 -0.00114756   0.11926 0.0625805  -9.80808 
             2.89997  0.0443646 -0.0289913 -0.0772116  0.00187997 -0.00564858 -0.00870213 0 0 0   -0.011 -0.02329 -0.04412   0.0084992  0.00487054 -0.00238497 -0.000913518    0.0199627   -0.0114339 -0.00850943 -0.00218354 -0.00172138   0.12016 0.0632282  -9.80806 
             3.00003   0.055342 -0.0222321 -0.0219891 -0.000469488  -0.00475776  -0.00808549 0 0 0   -0.011 -0.02329 -0.04412 -2.83762e-05   0.00564686  0.000699467 -0.000937306     0.019948   -0.0115679 -0.00661779  -0.0024124 -0.00270832  0.118358 0.0634553  -9.80808 
             3.09963  0.0471756 -0.0350262 -0.0468283 -0.00095506 -0.00448803 -0.00814902 0 0 0   -0.011 -0.02329 -0.04412 -0.000872293    0.0044752  0.000650959 -0.000911732    0.0199826   -0.0115101 -0.00634474 -0.00223314 -0.00254821  0.118096 0.0632839  -9.80808 
             3.19975   0.0344186  -0.0369873 -0.00103462 -0.00107012 -0.00550992 -0.00891039 0 0 0   -0.011 -0.02329 -0.04412 -0.000508259 -4.06387e-05  -0.00167195 -0.000879824     0.019993   -0.0116091 -0.00632544 -0.00142761 -0.00161717  0.118068 0.0625097  -9.80809 
             3.30013  0.0477669 -0.0148769 -0.0432642 -0.00144515 -0.00494197 -0.00891967 0 0 0   -0.011 -0.02329 -0.04412 -0.000471099   0.00135621 -0.000903667 -0.000910389    0.0199474   -0.0115133 -0.00611849 -0.00172714 -0.00177614  0.117872 0.0627972  -9.80809 
             3.39951  0.0475842 -0.0406624  -0.025184 -0.000667257   -0.0081195   -0.0104004 0 0 0   -0.011 -0.02329 -0.04412  0.00224577 -0.00917796 -0.00564712 -0.000905889    0.0200072   -0.0115522  -0.00654963 -7.47896e-05 -0.000337039  0.118269 0.0612118   -9.8081 
             3.49998  0.0359794 -0.0267879  0.0108374 0.000554554  -0.0103409 -0.00925456 0 0 0   -0.011 -0.02329 -0.04412  0.00617436  -0.0134841 0.000645817 -0.000880348    0.0199819   -0.0116262 -0.00701272 0.000550565 -0.00207446 0.118722 0.060621 -9.80809 
             3.60015  0.0422661  -0.030027 -0.0330758 -0.000713264   -0.0100262  -0.00922396 0 0 0   -0.011 -0.02329 -0.04412  0.00113947 -0.00881614 0.000615797 -0.000890269    0.0199907   -0.0115301  -0.00610386 -0.000234196  -0.00201605  0.117856 0.0613712   -9.8081 
             3.69997    0.0483473   -0.0175392 -6.79898e-05 -0.00151111 -0.00775524 -0.00858087 0 0 0   -0.011 -0.02329 -0.04412 -0.00069638  0.00030706  0.00276117 -0.000898471    0.0199695   -0.0115997 -0.00565562 -0.00168391 -0.00254682 0.117435 0.062756  -9.8081 
              3.7996   0.0558776  -0.0442469 -0.00379238 -0.00104868 -0.00661083 -0.00861601 0 0 0   -0.011 -0.02329 -0.04412 0.000889059  0.00312462  0.00197858 -0.000915091    0.0200281   -0.0115875 -0.00589581  -0.0021833 -0.00226276  0.117662 0.0632305  -9.80809 
             3.89945  0.0430026 -0.0315866 -0.0147129 -4.90377e-05  -0.00503482  -0.00883904 0 0 0   -0.011 -0.02329 -0.04412  0.00409456  0.00673478 0.000834882 -0.000890204    0.0200052   -0.0115621 -0.00626876 -0.00271496  -0.0018802  0.118015 0.0637353  -9.80808 
             3.99981  0.0553275 -0.0170338 -0.0214425 -0.00171481 -0.00598217 -0.00821706 0 0 0   -0.011 -0.02329 -0.04412 -0.0013878 0.00147864 0.00304835 -0.00091185   0.0199743   -0.011545  -0.0053687  -0.0020386 -0.00235019  0.117162 0.0630926   -9.8081 
             4.10002  0.0531991 -0.0356868    -0.0316 -0.00205608  -0.0116712  -0.0100112 0 0 0   -0.011 -0.02329 -0.04412 -0.00170689  -0.0166639 -0.00409199 -0.000910763    0.0200164   -0.0115221  -0.00528419  0.000340133 -0.000541719  0.117073 0.0608227  -9.80811 
             4.19999   0.050085 -0.0305358 -0.0306993 -0.000980009  -0.00902511   -0.0095528 0 0 0   -0.011 -0.02329 -0.04412   0.00250941  -0.00415078 -0.000725366 -0.000896434    0.0200056    -0.011521  -0.0057637 -0.00138614 -0.00126366  0.117532 0.0624664   -9.8081 
             4.30016  0.0639003 -0.0251934 -0.0390172 -0.000712127  -0.00974574  -0.00978944 0 0 0   -0.011 -0.02329 -0.04412  0.00280464 -0.00560377 -0.00103401 -0.000918242    0.0200017    -0.011504 -0.00575867 -0.00128153 -0.00111218  0.117527 0.0623666   -9.8081 
             4.40011  0.0624156 -0.0300216 -0.0429486 0.000102699 -0.00753177 -0.00858056 0 0 0   -0.011 -0.02329 -0.04412 0.00486288 0.00197272 0.00388215 -0.0009064  0.0200088 -0.0114966 -0.00594388 -0.00234624  -0.0021495  0.117712 0.0633795  -9.80809 
             4.49997  0.0522706 -0.0203646  0.0188623  0.00171839 -0.00897535 -0.00878891 0 0 0   -0.011 -0.02329 -0.04412   0.0088422 -0.00317685  0.00269578 -0.000886799    0.0199886   -0.0116121 -0.00634473 -0.00173453 -0.00167101  0.118086 0.0627965  -9.80809 
             4.59968 0.0328081 -0.033504 -0.013217 0.00248439  -0.010063 -0.0098201 0 0 0   -0.011 -0.02329 -0.04412  0.00880673 -0.00541319 -0.00202419 -0.000849644    0.0200166   -0.0115501  -0.00629484  -0.00145385 -0.000711936  0.118032 0.0625283  -9.80809 
             4.69984  0.0570635 -0.0348801  -0.036471   0.0010649  -0.0100934 -0.00956167 0 0 0   -0.011 -0.02329 -0.04412    0.0024478  -0.00443604 -0.000473365 -0.000892656    0.0200176   -0.0115083 -0.00548075 -0.00165163  -0.0010416  0.117263 0.0627175   -9.8081 
             4.80024   0.048909 -0.0355404 -0.0207465 -0.000979024   -0.0122534    -0.010852 0 0 0   -0.011 -0.02329 -0.04412 -0.00413187 -0.00978925 -0.00481006 -0.00087184   0.0200193  -0.0115406  -0.00469472  -0.00108169 -0.000142835  0.116513 0.0621747  -9.80811 
             4.90013  0.0530415 -0.0257503 -0.0283445 -0.00321886  -0.0135989  -0.0103323 0 0 0   -0.011 -0.02329 -0.04412 -0.00910498   -0.011342 -0.00113245 -0.00088328   0.0200026  -0.0115241  -0.00407625 -0.000974326 -0.000840368  0.115932 0.0620763  -9.80812 
                   5  0.0570439 -0.0224167 -0.0592844 -0.00284732 -0.00962102 -0.00930435 0 0 0   -0.011 -0.02329 -0.04412 -0.00480667  0.00370589  0.00303275 -0.000894024    0.0200077   -0.0114636 -0.00448093 -0.00264145 -0.00161062  0.116321 0.0636538   -9.8081 
             5.10025  0.0602956 -0.0103189 -0.0237193 -0.00558692 -0.00885427  -0.0092575 0 0 0   -0.011 -0.02329 -0.04412 -0.0111572 0.00464587 0.00219619 -0.000898316    0.0199897   -0.0115268 -0.00372942 -0.00277825 -0.00140927  0.115611 0.0637846  -9.80811 
             5.20004  0.0656456 -0.0138228  0.0136195 -0.00415571 -0.00882082 -0.00854085 0 0 0   -0.011 -0.02329 -0.04412 -0.00294875  0.00310076   0.0041235 -0.000902464    0.0200046   -0.0115958 -0.00452562 -0.00264746 -0.00174557  0.116364 0.0636589   -9.8081 
             5.30006  0.0561587 -0.0225941 0.00618724 -0.00193924 -0.00525872 -0.00963281 0 0 0   -0.011 -0.02329 -0.04412   0.00513938    0.0126795 -0.000331392 -0.000882908    0.0200216   -0.0115827  -0.00529739  -0.00365071 -0.000712967  0.117086 0.0645994  -9.80809 
             5.39967   0.0548518 -0.00801024   -0.026713 -0.000868897  -0.00466976   -0.0100272 0 0 0   -0.011 -0.02329 -0.04412   0.00772062    0.0102891 -0.000961307 -0.000880281    0.0199983    -0.011523  -0.00545147  -0.00344798 -0.000453942   0.11723 0.0644078  -9.80809 
             5.50012   0.0642396   -0.018633 9.61876e-06 -0.00160744 -0.00893733  -0.0105956 0 0 0   -0.011 -0.02329 -0.04412  0.00366131 -0.00566339 -0.00267333 -0.000899823    0.0200235   -0.0115655  -0.00499918  -0.00189991 -0.000172423  0.116807 0.0629485   -9.8081 
              5.6002  0.0658354 -0.0308905 -0.0476901 -0.00118495 -0.00711931  -0.0112678 0 0 0   -0.011 -0.02329 -0.04412  0.00431404  0.00108827 -0.00391551 -0.000897205    0.0200533   -0.0114795 -0.00501312 -0.00260193 8.70241e-05  0.116815 0.0636076   -9.8081 
             5.70008  0.0576201 -0.0289548 -0.0541806  0.00199503 -0.00882113  -0.0115082 0 0 0   -0.011 -0.02329 -0.04412    0.013061 -0.00466458 -0.00332705 -0.000882587    0.0200546   -0.0114644  -0.0057935 -0.00208755 -2.8944e-05  0.117551 0.0631277  -9.80809 
                 5.8   0.0572899 -0.00799174  -0.0509623 0.000982307  -0.0131181   -0.010761 0 0 0   -0.011 -0.02329 -0.04412  0.00714099  -0.0164667 0.000599366 -0.000887547    0.0200217   -0.0114668 -0.00511802 -0.00102788 -0.00068954  0.116922 0.0621346  -9.80811 
             5.90112  0.0513221 -0.0469031 -0.0241179  0.00108845  -0.0127017 -0.00998562 0 0 0   -0.011 -0.02329 -0.04412 0.00547661 -0.0107043 0.00304726 -0.000875789    0.0200922   -0.0115115 -0.00496276 -0.00159748 -0.00110848  0.116782 0.0626701   -9.8081 
             6.00014   0.0636615 -0.00661593  -0.0201885 3.79487e-05  -0.0110506  -0.0085497 0 0 0   -0.011 -0.02329 -0.04412  0.00172251 -0.00263281  0.00677737 -0.000893342    0.0200258   -0.0115188 -0.00450688 -0.00234117 -0.00175079 0.116364 0.063371 -9.80811 
             6.10004   0.0293734 -0.00876582  -0.0368317  0.00313545  -0.0110116 -0.00879268 0 0 0   -0.011 -0.02329 -0.04412   0.0111088 -0.00166602  0.00417403 -0.000837196    0.0200289   -0.0114918 -0.00527482 -0.00241361 -0.00121923  0.117079 0.0634327   -9.8081 
              6.1997  0.0692911 -0.0343013  0.0159654 -0.000628592   -0.0103405   -0.0093563 0 0 0   -0.011 -0.02329 -0.04412 -0.00333798  0.00029094 0.000864241 -0.000903047    0.0200725   -0.0115787  -0.00400736  -0.00265481 -0.000635234  0.115892 0.0636625  -9.80811 
             6.30003   0.046605 -0.0392907 -0.0725782 -0.00161273 -0.00906414  -0.0102061 0 0 0   -0.011 -0.02329 -0.04412 -0.00506432   0.0041821 -0.00260493 -0.000869263    0.0200797   -0.0114302  -0.00384017  -0.00296984 -0.000113582  0.115732 0.0639547  -9.80811 
             6.39998  0.0679929 -0.0311818 -0.0161281 -0.00274972 -0.00888075   -0.010274 0 0 0   -0.011 -0.02329 -0.04412 -0.00654815  0.00324845 -0.00176801 -0.000904273    0.0200689   -0.0115226  -0.00367884  -0.00292099 -0.000208717  0.115582 0.0639097  -9.80811 
                 6.5   0.065608 -0.0155394 -0.0310616 -0.00245963 -0.00930011 -0.00990176 0 0 0   -0.011 -0.02329 -0.04412 -0.00300812 0.000670029 0.000260355 -0.000900059    0.0200453   -0.0114983  -0.00391316  -0.00274356 -0.000501392  0.115802 0.0637453  -9.80811 
             6.60015   0.0600511  -0.0258356 -0.00420281 -0.00529172 -0.00648745  -0.0092471 0 0 0   -0.011 -0.02329 -0.04412 -0.0101628 0.00872827 0.00256059 -0.000896132      0.02006   -0.0115437  -0.00329297  -0.00342405 -0.000810679  0.115227 0.0643806  -9.80811 
             6.69995  0.0574062 -0.0260531 -0.0625936 -0.00222999 -0.00677368  -0.0102359 0 0 0   -0.011 -0.02329 -0.04412  0.00228562    0.005285 -0.00155544 -0.00089484   0.0200631  -0.0114517  -0.00428524  -0.00314313 -0.000157143 0.116146 0.064117  -9.8081 
             6.79971   0.053812 -0.0395403 -0.0536232 -0.00153769 -0.00559174 -0.00904887 0 0 0   -0.011 -0.02329 -0.04412 0.00405056 0.00729537 0.00305989 -0.000888659    0.0200892   -0.0114672 -0.00440293 -0.00329605 -0.00085424  0.116259 0.0642613   -9.8081 
             6.90005   0.0480921  -0.0108893 0.000538359 -0.00237598 -0.00807897  -0.0101668 0 0 0   -0.011 -0.02329 -0.04412  0.00111034 -0.00218992 -0.00170861 -0.000877412    0.0200508   -0.0115501  -0.00409469  -0.00253618 -0.000134615  0.115968 0.0635544  -9.80811 
             6.99999  0.0585252 -0.0323631 -0.0631095  0.00116423 -0.00585505  -0.0102431 0 0 0   -0.011 -0.02329 -0.04412   0.0114395  0.00490617 -0.00110311 -0.000890185    0.0200854   -0.0114509  -0.00489518  -0.00310905 -0.000188159 0.116712 0.064083  -9.8081 
             7.10092 0.0636939 -0.051208 -0.032739  0.00451966 -0.00801449  -0.0111472 0 0 0   -0.011 -0.02329 -0.04412   0.0183513 -0.00353226 -0.00357813 -0.000893146    0.0201126   -0.0114874 -0.00540763 -0.00251229 0.000183111  0.117182 0.0635272  -9.80809 
             7.20009  0.0603783 -0.0179863 -0.0814292 0.000108956 -0.00976844  -0.0113484 0 0 0   -0.011 -0.02329 -0.04412 0.000244618 -0.00801714 -0.00315754 -0.000883284    0.0200535   -0.0114097 -0.00402782 -0.00220334 0.000121339  0.115905 0.0632479  -9.80811 
             7.30002    0.04967 -0.0154726 -0.0318428 -0.00231481 -0.00905441  -0.0103646 0 0 0   -0.011 -0.02329 -0.04412 -0.00652351 -0.00359597   0.0013284 -0.000867701    0.0200466   -0.0114827  -0.00350423  -0.00252268 -0.000467526 0.115427 0.063548 -9.80811 
             7.39993  0.0622058  -0.016729 -0.0178247 -0.00151111  -0.0075457  -0.0116204 0 0 0   -0.011 -0.02329 -0.04412 -0.00171736  0.00182783 -0.00345298 -0.000882476    0.0200522   -0.0115017 -0.00380753 -0.00292462 0.000185677  0.115707 0.0639141  -9.80811 
             7.50003  0.0546935 -0.0361804 -0.0421178 -0.00441629  -0.0123288  -0.0100894 0 0 0   -0.011 -0.02329 -0.04412 -0.00973175  -0.0128562  0.00294671 -0.000866307    0.0200777   -0.0114614  -0.00324113  -0.00186621 -0.000686988  0.115182 0.0629465  -9.80812 
             7.59991   0.0482318 -0.00698486   0.0198018 -0.00399009   -0.010486  -0.0107276 0 0 0   -0.011 -0.02329 -0.04412 -0.00478303 -0.00382473 -0.00041789 -0.000858229     0.020033   -0.0115535  -0.00352576  -0.00252475 -0.000252313  0.115445 0.0635493  -9.80811 
             7.69964  0.0591609 -0.0437721 -0.0752047 -0.000167314  -0.00881408   -0.0104611 0 0 0   -0.011 -0.02329 -0.04412 0.00797096 0.00177061 0.00103861 -0.000872049     0.020092   -0.0114085  -0.00443811  -0.00295415 -0.000409005  0.116285 0.0639419   -9.8081 
             7.80001  0.0696034 -0.0309868 -0.0499105  0.00484555 -0.00827582  -0.0112105 0 0 0   -0.011 -0.02329 -0.04412   0.0210843   0.0023933 -0.00164061 -0.00089373    0.020077  -0.0114424  -0.00532335  -0.00303186 -3.26118e-05  0.117096 0.0640113  -9.80809 
             7.89999  0.0593732  -0.026924 -0.0498322 0.000917556 -0.00975188  -0.0102771 0 0 0   -0.011 -0.02329 -0.04412  0.00320906 -0.00283308  0.00185431 -0.000878235    0.0200671   -0.0114415  -0.00405901  -0.00267491 -0.000515336  0.115938 0.0636895  -9.80811 
              8.0002  0.0542173 -0.0255794 -0.0218835 -0.00281438  -0.0101353  -0.0104171 0 0 0   -0.011 -0.02329 -0.04412  -0.0087981 -0.00331638 0.000818272 -0.000869896     0.020066   -0.0114793  -0.00323193  -0.00265045 -0.000359316   0.11518 0.0636711  -9.80812 
             8.09961  0.0778815 -0.0499796 -0.0570617 -0.000835406    -0.010029   -0.0118869 0 0 0   -0.011 -0.02329 -0.04412  -0.0002684 -0.00291922 -0.00448418 -0.000906199    0.0201031    -0.011429 -0.00380018 -0.00274746 0.000299601  0.115697 0.0637543  -9.80811 
             8.19993  0.0435927 -0.0116612  -0.029331 -0.00261048  -0.0106614  -0.0112391 0 0 0   -0.011 -0.02329 -0.04412  -0.00477575  -0.00381652 -0.000650403 -0.000856483     0.020048   -0.0114723  -0.00344638  -0.00267129 -0.000149723  0.115376 0.0636882  -9.80811 
             8.30012  0.0569919 -0.0118397 -0.0284222 -0.00374437 -0.00971072  -0.0105937 0 0 0   -0.011 -0.02329 -0.04412  -0.00633686 -0.000361453   0.00176409 -0.000876905    0.0200545   -0.0114726  -0.00331169  -0.00293197 -0.000442773  0.115255 0.0639274  -9.80811 
             8.40002  0.0685069 -0.0233669 -0.0178349 -0.00109875 -0.00787316  -0.0104779 0 0 0   -0.011 -0.02329 -0.04412 0.00365514 0.00454218 0.00169618 -0.000896132    0.0200711   -0.0114901  -0.00394013  -0.00329785 -0.000430387  0.115829 0.0642572  -9.80811 
             8.49992  0.0456971 -0.0300726 -0.0593021 -0.00250022 -0.00935356  -0.0104552 0 0 0   -0.011 -0.02329 -0.04412 -0.00146121 -0.00121635  0.00123785 -0.000862111    0.0200823   -0.0114302  -0.00359813  -0.00292116 -0.000363387  0.115517 0.0639154  -9.80811 
              8.6001   0.0541106    0.012118 -0.00712751 -0.00638414  -0.0118882  -0.0112145 0 0 0   -0.011 -0.02329 -0.04412  -0.0120583 -0.00872125 -0.00165921 -0.00087152   0.0200271  -0.0115037 -0.00285848 -0.00246494 1.24743e-05  0.114842 0.0635012  -9.80812 
             8.70008  0.0696029 -0.0245802 -0.0665176 -0.00584569 -0.00626278  -0.0110366 0 0 0   -0.011 -0.02329 -0.04412   -0.0071087   0.00987482 -0.000247561 -0.000890816    0.0200788   -0.0114239   -0.0031858  -0.00369947 -0.000119598  0.115142 0.0646204  -9.80811 
             8.79992  0.0838734 -0.0400912 -0.0273125 -0.00073507  -0.0068776  -0.0112755 0 0 0   -0.011 -0.02329 -0.04412    0.0100919   0.00433674 -0.000556872 -0.000909076       0.0201   -0.0114786  -0.00427956  -0.00340463 -4.87962e-05  0.116132 0.0643506   -9.8081 
             8.89987   0.0618625 -0.00384534  -0.0547439 -0.000898364  -0.00965647   -0.0102057 0 0 0   -0.011 -0.02329 -0.04412  0.00740843 -0.00512515  0.00320636 -0.000878491    0.0200514   -0.0114378 -0.00404864 -0.00280849 -0.00050559  0.115924 0.0638135  -9.80811 
             8.99997  0.0529991 -0.0189614 -0.0206984 -0.00425549  -0.0101668  -0.0103364 0 0 0   -0.011 -0.02329 -0.04412 -0.00481953 -0.00508897  0.00142246 -0.000866291    0.0200747   -0.0114853  -0.00328801  -0.00280597 -0.000311879  0.115236 0.0638144  -9.80812 
             9.10004  0.0708104 -0.0198786 -0.0627061 -0.00229572  -0.0097701  -0.0101994 0 0 0   -0.011 -0.02329 -0.04412  0.00274977 -0.00312752  0.00195193 -0.000891548    0.0200767   -0.0114283  -0.00372349  -0.00297754 -0.000302845 0.115629 0.063967 -9.80811 
             9.20007  0.0383847 -0.0366797 -0.0251236 0.000179086 -0.00883936  -0.0110728 0 0 0   -0.011 -0.02329 -0.04412  0.00914834 0.000720286  -0.0016004 -0.000847262    0.0200995    -0.011477 -0.00411737 -0.00319416 0.000115569  0.115982 0.0641592   -9.8081 
             9.30003   0.0477457   0.0139526 -0.00949344 -0.00177093  -0.0107185  -0.0114682 0 0 0   -0.011 -0.02329 -0.04412  0.00164088 -0.00519152 -0.00245575 -0.00086033   0.0200309  -0.0114997 -0.00358033 -0.00285527 0.000211211  0.115497 0.0638573  -9.80811 
             9.40001  0.0743558 -0.0230057 -0.0408083 -0.00187288 -0.00487286  -0.0115911 0 0 0   -0.011 -0.02329 -0.04412 0.000748824   0.0131832 -0.00184965 -0.000893363    0.0200845   -0.0114631 -0.00353125 -0.00397656 0.000182108  0.115457 0.0648639  -9.80811 
             9.49994  0.0735006 -0.0435378 -0.0549259 -0.000408029  -0.00790641   -0.0117132 0 0 0   -0.011 -0.02329 -0.04412  0.00480425 -3.3834e-05 -0.00145238 -0.000894157    0.0201097   -0.0114466 -0.00377425  -0.0032233 0.000147246  0.115674 0.0641889  -9.80811 
             9.60008  0.0488697 -0.0181976 -0.0411045 -0.00280709 -0.00999393  -0.0120246 0 0 0   -0.011 -0.02329 -0.04412  -0.0032379 -0.00589648 -0.00210187 -0.000865073    0.0200808   -0.0114641 -0.00326274 -0.00286484 0.000219342  0.115216 0.0638685  -9.80812 
             9.70099  0.0403523 -0.0098128 -0.0414258 -0.00424199  -0.0125241  -0.0124472 0 0 0   -0.011 -0.02329 -0.04412 -0.00630306   -0.011372 -0.00263926 -0.000852373    0.0200738   -0.0114639 -0.00306591 -0.00253572 0.000310476  0.115038 0.0635749  -9.80812 
             9.79994  0.0737131 -0.0239854 -0.0635203 -0.00340182  -0.0107201   -0.012148 0 0 0   -0.011 -0.02329 -0.04412  -0.00198015  -0.00319693 -0.000676433 -0.000895676    0.0200935   -0.0114336 -0.00331104 -0.00304054  0.00011571   0.11526 0.0640248  -9.80811 
             9.89966  0.0629148 -0.0197209 -0.0774452 -0.00405456  -0.0122747  -0.0103125 0 0 0   -0.011 -0.02329 -0.04412 -0.00285263 -0.00695181  0.00640609 -0.000879509    0.0200885   -0.0114142  -0.00323089  -0.00283627 -0.000549438  0.115191 0.0638462  -9.80812 
              10.001   0.0546543   0.0082941 0.000139622 -0.00416413  -0.0109477  -0.0103823 0 0 0   -0.011 -0.02329 -0.04412  -0.00204902 -0.000878626   0.00433715 -0.000871906    0.0200536   -0.0115126  -0.00324665  -0.00316629 -0.000285036  0.115207 0.0641387  -9.80811 
                10.1  0.0766471 -0.0213033 -0.0887016    0.001278 -0.00670488  -0.0104199 0 0 0   -0.011 -0.02329 -0.04412   0.014465  0.0117173 0.00284791 -0.000899441    0.0200998   -0.0113983  -0.00416201  -0.00388176 -0.000125542  0.116027 0.0647628   -9.8081 
             10.2001  0.0678395 -0.0232245 -0.0547696 0.000779807 -0.00819084  -0.0108583 0 0 0   -0.011 -0.02329 -0.04412  0.00877485  0.00360794 0.000269954 -0.000885625    0.0201032   -0.0114426 -0.00384376 -0.00345417 0.000129564  0.115738 0.0643864  -9.80811 
                10.3    0.0434733 -0.000234946   -0.0474499 -0.00240183  -0.0113222  -0.0112186 0 0 0   -0.011 -0.02329 -0.04412  -0.0025696 -0.00646508 -0.00130908 -0.000853315     0.020074   -0.0114512 -0.00317514  -0.0028873 0.000267184  0.115139 0.0638925  -9.80812 
             10.3999   0.0667711 -0.00383148  -0.0145573 -0.00579447 -0.00999566  -0.0111934 0 0 0   -0.011 -0.02329 -0.04412   -0.0112516 -0.000971202  -0.00099694 -0.000878421     0.020079   -0.0114934 -0.00266227 -0.00321354 0.000225373   0.11469 0.0641868  -9.80812 
             10.5009  0.0617052 -0.0289995  -0.069283 -0.00399869 -0.00786893  -0.0132165 0 0 0   -0.011 -0.02329 -0.04412 -0.00284628   0.0055409 -0.00765211 -0.000872606    0.0201128    -0.011426 -0.00312899 -0.00357305 0.000884458    0.1151 0.0644974  -9.80811 
              10.601   0.062221 -0.0100852 -0.0447493 -0.00442696 -0.00836013  -0.0104731 0 0 0   -0.011 -0.02329 -0.04412 -0.00267929  0.00224517  0.00446163 -0.000872915    0.0200926   -0.0114579  -0.00310297  -0.00341457 -0.000300281  0.115085 0.0643621  -9.80811 
             10.7009  0.0549782 0.00525271 0.00276111 -0.00521809 -0.00776508  -0.0111244 0 0 0   -0.011 -0.02329 -0.04412 -0.00390014   0.0030803   0.0011533 -0.000863821    0.0200754   -0.0115157 -0.00301144 -0.00347711 8.27064e-05  0.115002 0.0644165  -9.80811 
              10.801  0.0702194 -0.0149263  -0.061795  0.00173263 -0.00617935  -0.0106895 0 0 0   -0.011 -0.02329 -0.04412  0.0180559 0.00681721 0.00254776 -0.000880435    0.0201029   -0.0114402  -0.00415485    -0.003681 -3.81139e-05  0.116007 0.0645913   -9.8081 
                10.9   0.055037 -0.0327745 -0.0632212  0.00166833 -0.00873551  -0.0107449 0 0 0   -0.011 -0.02329 -0.04412   0.0127207 -0.00270778  0.00144912 -0.000857685    0.0201236   -0.0114384 -0.00386465 -0.00318117 6.36899e-05  0.115752 0.0641534  -9.80811 
             10.9999  0.0462719 -0.0313073 -0.0109025 0.000692458   -0.011171  -0.0108448 0 0 0   -0.011 -0.02329 -0.04412  0.00620347 -0.00908218 0.000497795 -0.000847735    0.0201232   -0.0114995 -0.00351698 -0.00285722 0.000145326  0.115446 0.0638708  -9.80811 
              11.101   0.0482758 0.000790417  -0.0436184  -0.0011215 -0.00933493  -0.0119708 0 0 0   -0.011 -0.02329 -0.04412 -0.000369067  -0.00097446  -0.00372554 -0.000850735    0.0200901    -0.011462 -0.00313848 -0.00327708 0.000540653  0.115116 0.0642371  -9.80811 
             11.1999  0.0723145 -0.0196382 -0.0620443 -0.000484088  -0.00612164   -0.0113715 0 0 0   -0.011 -0.02329 -0.04412   0.00196599   0.00867121 -0.000381172 -0.000879149    0.0201151   -0.0114414 -0.00323991 -0.00378088 0.000232458  0.115207 0.0646776  -9.80811 
             11.2997  0.0547962 -0.0275516 -0.0619481 -0.00198387  -0.0079978  -0.0103031 0 0 0   -0.011 -0.02329 -0.04412 -0.00281712 0.000685844  0.00349117 -0.000858634    0.0201237   -0.0114437 -0.00299069 -0.00337739 -0.00011562  0.114991 0.0643296  -9.80812 
             11.4001  0.0522721  0.0147738 -0.0180769 -0.0042888 -0.0112735 -0.0113544 0 0 0   -0.011 -0.02329 -0.04412 -0.00776377 -0.00891985 -0.00128671 -0.000858023    0.0200745   -0.0114941 -0.00267838 -0.00289276 0.000333018  0.114714 0.0639089  -9.80812 
                11.5  0.0716571 -0.0116488 -0.0606738 -0.00312411 -0.00752083  -0.0102921 0 0 0   -0.011 -0.02329 -0.04412 -0.00190685  0.00396657  0.00264058 -0.000880786    0.0201083   -0.0114459  -0.00295798   -0.0035791 -4.19584e-05  0.114964 0.0645033  -9.80811 
             11.6002  0.0421638  -0.034856 -0.0698073 -0.00275472 -0.00650937  -0.0116646 0 0 0   -0.011 -0.02329 -0.04412 -0.000291773   0.00669023   -0.0028686 -0.000846427    0.0201394    -0.011434 -0.00304301 -0.00366059 0.000469801  0.115033 0.0645711  -9.80811 
             11.6999  0.0501581 -0.0103631 -0.0260903  0.00175147 -0.00961524  -0.0120869 0 0 0   -0.011 -0.02329 -0.04412   0.0138546 -0.00431422 -0.00314791 -0.000854047    0.0201141   -0.0114832 -0.00370229 -0.00311979 0.000495616  0.115598 0.0640984  -9.80811 
             11.7997  0.0583814 0.00239087 -0.0322983 5.00583e-06 -0.00921194  -0.0119525 0 0 0   -0.011 -0.02329 -0.04412  0.00530676 -0.00200478 -0.00175751 -0.000864023     0.020099   -0.0114759 -0.00324608 -0.00324038  0.00036155  0.115207 0.0642072  -9.80811 
             11.8999  0.0731004  -0.038652 -0.0837959 -0.00151809 -0.00718984  -0.0134149 0 0 0   -0.011 -0.02329 -0.04412 -0.000837298   0.00414243   -0.0062406 -0.000880922     0.020145   -0.0114149 -0.00295835 -0.00356256 0.000756848  0.114958 0.0644837  -9.80811 
             11.9997  0.0631591 -0.0411405 -0.0713372 -0.00211438  -0.0106985  -0.0125695 0 0 0   -0.011 -0.02329 -0.04412 -0.00231998 -0.00760766 -0.00114206 -0.000869257    0.0201475   -0.0114286  -0.0028959 -0.00301264 0.000310462  0.114904 0.0640141  -9.80812 
             12.1001   0.0626085 0.000999856  -0.0238901 -0.0047038  -0.011691 -0.0120876 0 0 0   -0.011 -0.02329 -0.04412 -0.00810578  -0.0082124 0.000812029 -0.000866959    0.0201027   -0.0114805 -0.00255535 -0.00298024 0.000140664  0.114612 0.0639906  -9.80812 
                12.2  0.0723945 -0.0174176  -0.048571 -0.00347254 -0.00936012   -0.010279 0 0 0   -0.011 -0.02329 -0.04412 -0.00179045 0.000749888  0.00657779 -0.000878633    0.0201252   -0.0114537  -0.00283955  -0.00342324 -0.000372949 0.114862 0.064367 -9.80812 
             12.3009    0.06772 -0.0424781 -0.0700359 0.00023426 -0.0104338 -0.0111393 0 0 0   -0.011 -0.02329 -0.04412  0.00926592 -0.00268326  0.00130734 -0.00087351   0.0201541  -0.0114296  -0.0033848 -0.00326584 6.84864e-05  0.115324 0.0642264  -9.80811 
                12.4  0.0621899 -0.0164585 -0.0439589 6.10499e-06  -0.0117945  -0.0119275 0 0 0   -0.011 -0.02329 -0.04412  0.00634765 -0.00605418 -0.00180413 -0.000865204    0.0201274   -0.0114599 -0.00322227 -0.00311421 0.000340442  0.115183 0.0640988  -9.80811 
              12.501  0.0819088 -0.0133594 -0.0536835 0.000771817 -0.00850206  -0.0116056 0 0 0   -0.011 -0.02329 -0.04412  0.00716308  0.00461913 2.67539e-05 -0.000887029    0.0201261    -0.011446  -0.0032347 -0.00364853  0.00019697    0.1152 0.0645531  -9.80811 
              12.601  0.0708485 -0.0244859 -0.0281733 -0.00115241 -0.00580502  -0.0118153 0 0 0   -0.011 -0.02329 -0.04412 -0.000571514    0.0109744 -0.000833337 -0.000873761    0.0201401   -0.0114749 -0.00287408 -0.00394881 0.000263358  0.114897 0.0648117  -9.80811 
             12.6999   0.049699 -0.0256548 -0.0548714 -0.00133275 -0.00824511   -0.011556 0 0 0   -0.011 -0.02329 -0.04412 -0.000621918  0.000748092  0.000415606 -0.00084723    0.020145  -0.0114434 -0.00286237 -0.00346579 0.000156314  0.114883 0.0644026  -9.80812 
             12.8001   0.0696472 -0.00415957  -0.0446528 -0.00222455 -0.00805729  -0.0119502 0 0 0   -0.011 -0.02329 -0.04412  -0.00249133  0.000613558 -0.000907834 -0.000867388     0.020126   -0.0114526 -0.00274544 -0.00348456 0.000283004  0.114784 0.0644189  -9.80812 
                12.9  0.0373158 -0.0341827 -0.0424428  -0.0019849 -0.00777775  -0.0124538 0 0 0   -0.011 -0.02329 -0.04412  -0.0012569  0.00169589 -0.00234362 -0.000834504    0.0201596    -0.011455 -0.00281726 -0.00350608 0.000396274  0.114844 0.0644365  -9.80812 
             12.9999  0.0654495 -0.0286417 -0.0618043 -0.00127147  -0.0116962  -0.0128394 0 0 0   -0.011 -0.02329 -0.04412  0.00167208  -0.0110991 -0.00299813 -0.000867734     0.020152   -0.0114326  -0.0029296 -0.00297277 0.000430421  0.114937 0.0639868  -9.80812 
             13.1002   0.0695267 -0.00419096  -0.0452304 -0.0025717 -0.0122931 -0.0118485 0 0 0   -0.011 -0.02329 -0.04412 -0.00157857  -0.0101865 0.000988446 -0.00087284   0.0201288  -0.0114506 -0.00273112 -0.00303744 7.15524e-05  0.114771 0.0640442  -9.80812 
                13.2  0.0861147 -0.0170773  -0.052008 0.000733386  -0.0115157   -0.011021 0 0 0   -0.011 -0.02329 -0.04412  0.00846059 -0.00535205  0.00335904 -0.000889608    0.0201451   -0.0114442  -0.00318151  -0.00326723 -0.000134317  0.115151 0.0642348  -9.80811 
             13.2995  0.0692508 -0.0396276 -0.0502323 0.000203046 -0.00811092   -0.011571 0 0 0   -0.011 -0.02329 -0.04412  0.00406291  0.00598865 0.000300924 -0.000870711    0.0201699   -0.0114449 -0.00300218 -0.00376478 0.000114171  0.115004 0.0646523  -9.80811 
             13.4008  0.0522682 -0.0292996 -0.0800418 -0.00149668  -0.0101449  -0.0111073 0 0 0   -0.011 -0.02329 -0.04412 -0.00195844 -0.00186738     0.00189 -0.000855324    0.0201623   -0.0114146  -0.00273625  -0.00342582 -4.49909e-06  0.114779 0.0643715  -9.80812 
                13.5   0.0671357 -0.00122969  -0.0455335 -0.00335672  -0.0106232  -0.0126254 0 0 0   -0.011 -0.02329 -0.04412   -0.006511 -0.00323085 -0.00386139 -0.000870669    0.0201348   -0.0114499  -0.0025148 -0.00338944 0.000451438  0.114593 0.0643436  -9.80812 
             13.6009  0.0535609 -0.0358508 -0.0558431 -0.00354537  -0.0080148  -0.0123378 0 0 0   -0.011 -0.02329 -0.04412 -0.00541508  0.00520765 -0.00139657 -0.000857001    0.0201739   -0.0114378 -0.00257367 -0.00375674 0.000268693  0.114648 0.0646486  -9.80812 
             13.7008  0.0690444 -0.0269228 -0.0592917 -0.00387134 -0.00752309  -0.0129042 0 0 0   -0.011 -0.02329 -0.04412 -0.00468167  0.00472611 -0.00268962 -0.000873562    0.0201653   -0.0114316 -0.00259966 -0.00375292 0.000377421  0.114669 0.0646447  -9.80812 
             13.8001    0.074576 0.000888201  -0.0649455 -0.00323353  -0.0128247  -0.0116461 0 0 0   -0.011 -0.02329 -0.04412 -0.00048962  -0.0125591  0.00287912 -0.000877846     0.020138   -0.0114241  -0.00274044  -0.00302609 -4.35653e-05 0.114778 0.064043 -9.80812 
              13.901  0.0611624 -0.0222541 -0.0409411 -0.00121323  -0.0140303  -0.0112533 0 0 0   -0.011 -0.02329 -0.04412 0.00554942 -0.0123398 0.00298428 -0.000862445    0.0201636   -0.0114482  -0.00300194  -0.00302856 -8.33349e-05  0.114994 0.0640419  -9.80812 
             13.9996  0.0512399 -0.0481615 -0.0783756 0.000236481  -0.0114217  -0.0129723 0 0 0   -0.011 -0.02329 -0.04412  0.00762137 -0.00122764 -0.00399438 -0.000850323    0.0201929   -0.0114104 -0.00311207  -0.0035063 0.000449733 0.115088 0.064434 -9.80811 
             14.1009  0.0645181 -0.0203591 -0.0319306 -0.00220627  -0.0123637  -0.0119014 0 0 0   -0.011 -0.02329 -0.04412 -0.00146877 -0.00368012  0.00089784 -0.000865012    0.0201652   -0.0114579 -0.00271003 -0.00340204   7.053e-05 0.114757 0.064354 -9.80812 
             14.1999   0.0622836 -0.00861068  -0.0359301 -0.00190992  -0.0125465  -0.0120525 0 0 0   -0.011 -0.02329 -0.04412 0.000251097 -0.00335511  0.00023853 -0.000863267    0.0201532    -0.011453 -0.00275754 -0.00342338 0.000131801  0.114796 0.0643707  -9.80812 
             14.2999  0.0623414 -0.0253143 -0.0609798 -0.00317057  -0.0103157  -0.0121476 0 0 0   -0.011 -0.02329 -0.04412  -0.0038236  0.00375301 1.43702e-05 -0.000865445    0.0201714   -0.0114259 -0.00259797 -0.00373638 0.000165303  0.114668 0.0646283  -9.80812 
             14.3996  0.0744421 -0.0369426 -0.0679719 -0.00279215  -0.0112128  -0.0115569 0 0 0   -0.011 -0.02329 -0.04412  -0.00168437 -0.000334518   0.00217827 -0.000878195    0.0201817   -0.0114229 -0.00269278 -0.00358494 1.04394e-05  0.114745 0.0645045  -9.80812 
             14.5002  0.0501032 0.00018854 -0.0474737 -0.00498841  -0.0120057  -0.0126439 0 0 0   -0.011 -0.02329 -0.04412 -0.00723427 -0.00209342 -0.00236159 -0.000854852    0.0201455   -0.0114442  -0.0024363 -0.00348973 0.000344326  0.114535 0.0644279  -9.80812 
             14.6008  0.0700771  -0.029049 -0.0417512 -0.00371648  -0.0101086  -0.0120392 0 0 0   -0.011 -0.02329 -0.04412 -0.00174592  0.00334901 0.000841225 -0.000877117    0.0201764   -0.0114487 -0.00267969 -0.00374615 0.000130557  0.114735 0.0646349  -9.80812 
             14.7009   0.051774 -0.0267011 -0.0570438 -0.00242448  -0.0102878  -0.0127598 0 0 0   -0.011 -0.02329 -0.04412  0.00289434  0.00223258 -0.00197423 -0.000856859    0.0201775   -0.0114322 -0.00285279 -0.00368115 0.000335536  0.114875 0.0645799  -9.80811 
                14.8  0.0815504 -0.0198393 -0.0822484 -0.00315845  -0.0122195  -0.0114097 0 0 0   -0.011 -0.02329 -0.04412 0.000336254 -0.00457664  0.00313606 -0.00088777    0.020171  -0.0114052  -0.00273054  -0.00342891 -5.37973e-05  0.114775 0.0643779  -9.80812 
             14.8998  0.0567517 -0.0105861 -0.0335931 -0.000531665    -0.013791   -0.0121505 0 0 0   -0.011 -0.02329 -0.04412   0.00842668  -0.00789318 -0.000448031 -0.00086491   0.0201629  -0.0114558 -0.00303452 -0.00329599 0.000205697  0.115019 0.0642667  -9.80812 
              15.001    0.06588 -0.0364775 -0.0908048 -0.00244275  -0.0132104  -0.0133832 0 0 0   -0.011 -0.02329 -0.04412 4.56696e-05 -0.00401485 -0.00480111 -0.000872813    0.0201899   -0.0114003  -0.0027088 -0.00345969 0.000501878 0.114757 0.064402 -9.80812 
              15.101  0.0844588 -0.0390162 -0.0626277 -0.00471418  -0.0151318  -0.0121136 0 0 0   -0.011 -0.02329 -0.04412 -0.00669944 -0.00901168  0.00123886 -0.000893435     0.020196     -0.01143 -0.00244586 -0.00328511 7.29584e-05  0.114545 0.0642658  -9.80812 
             15.2001  0.0435737 0.00498954 -0.0652565 -0.00471642  -0.0142991  -0.0125638 0 0 0   -0.011 -0.02329 -0.04412  -0.00424655  -0.00349171 -0.000678308 -0.000854031    0.0201541    -0.011428 -0.00251362 -0.00348175 0.000212289  0.114602 0.0644225  -9.80812 
             15.3001  0.0632935 -0.0151544 -0.0333305 -0.00553249  -0.0119539  -0.0118981 0 0 0   -0.011 -0.02329 -0.04412 -0.00537359  0.00406139  0.00175708 -0.00087403   0.0201765  -0.0114582 -0.00246454 -0.00379831 3.18541e-05  0.114569 0.0646771  -9.80812 
                15.4  0.0770751 -0.0450049 -0.0721908 -0.000907418   -0.0100774   -0.0127583 0 0 0   -0.011 -0.02329 -0.04412  0.00901785  0.00786844 -0.00131216 -0.00088712   0.0202042  -0.0114209  -0.0030653 -0.00397749 0.000281774  0.115051 0.0648099  -9.80811 
             15.4992 0.0759626 0.0096139 -0.084356 -0.00233392  -0.0122315  -0.0119342 0 0 0   -0.011 -0.02329 -0.04412  0.00337872 -0.00135301  0.00239523 -0.000885257    0.0201522   -0.0114055 -0.00278841 -0.00364337 6.58381e-05  0.114827 0.0645477  -9.80812 
                15.6  0.0690071 -0.0131345 -0.0441751 -0.00383289  -0.0121331  -0.0116903 0 0 0   -0.011 -0.02329 -0.04412  -0.00192156 -0.000918353   0.00212565 -0.000876924    0.0201752   -0.0114442 -0.00257842    -0.00367 6.77692e-05   0.11466 0.0645718  -9.80812 
             15.6999  0.0729936 -0.0379919 -0.0409351 -0.00344295  -0.0111107  -0.0121844 0 0 0   -0.011 -0.02329 -0.04412 -0.000388257   0.00220583 -7.92167e-05 -0.00087826   0.0201997  -0.0114474  -0.0026455 -0.00379938 0.000238774  0.114714 0.0646736  -9.80812 
             15.8009  0.0834613 -0.0440317 -0.0557516 -0.00350594  -0.0107253  -0.0126454 0 0 0   -0.011 -0.02329 -0.04412 -0.000502673   0.00221386  -0.00152097 -0.000890235    0.0202061   -0.0114346 -0.00264471 -0.00382267 0.000346509  0.114713 0.0646921  -9.80812 
             15.8999 0.0511572 0.0194363   -0.0803 -0.00450763 -0.00933714  -0.0124959 0 0 0   -0.011 -0.02329 -0.04412  -0.00209554   0.00597024 -0.000426599 -0.000857431    0.0201449   -0.0114111 -0.00252391 -0.00394716 0.000278275  0.114619 0.0647915  -9.80812 
             16.0012  0.0579108 -0.0298178 -0.0330237 -0.00495491 -0.00839172  -0.0121718 0 0 0   -0.011 -0.02329 -0.04412 -0.00293029  0.00680264  0.00106636 -0.00086627   0.0201939  -0.0114557 -0.00250468 -0.00398879 0.000193425  0.114604 0.0648244  -9.80812 
             16.1008  0.0623062 -0.0340298 -0.0414412 -0.00380058 -0.00797207  -0.0121301 0 0 0   -0.011 -0.02329 -0.04412 0.00104293 0.00623884 0.00051516 -0.000870329     0.020198   -0.0114471 -0.00266868 -0.00396118 0.000200971 0.114733 0.064801 -9.80811 
                16.2  0.0689765 0.00717804 -0.0680478 -0.00185477   -0.011318   -0.011607 0 0 0   -0.011 -0.02329 -0.04412  0.00728882 -0.00549362  0.00209522 -0.000879394    0.0201589   -0.0114219 -0.00286578 -0.00352625 9.09797e-05  0.114885 0.0644591  -9.80812 
             16.3009  0.0772927 -0.0209608 -0.0689521 -0.0017216 -0.0111391 -0.0111955 0 0 0   -0.011 -0.02329 -0.04412  0.00558636 -0.00394077  0.00288045 -0.00088676   0.0201867   -0.011421  -0.0028039 -0.00360986 4.90143e-05 0.114837 0.064525 -9.80812 
             16.4009  0.0657739 -0.0282806 -0.0724384 0.00220144 -0.0081668 -0.0120979 0 0 0   -0.011 -0.02329 -0.04412   0.0154403  0.00579689 -0.00111097 -0.00087272   0.0201936   -0.011418 -0.00316702 -0.00398019  0.00031969  0.115122 0.0648104  -9.80811 
             16.4999  0.0748504 -0.0499324 -0.0696661 -0.000297703  -0.00948159   -0.0117654 0 0 0   -0.011 -0.02329 -0.04412   0.00312597 -4.95285e-05  0.000479674 -0.000883328    0.0202183   -0.0114214 -0.00272815 -0.00377069 0.000226741 0.114778 0.064653 -9.80812 
             16.6009  0.0512882 0.00052124 -0.0771102 -0.0037631 -0.0109839 -0.0127867 0 0 0   -0.011 -0.02329 -0.04412 -0.00727701 -0.00420213 -0.00352156 -0.000860892    0.0201749   -0.0114146 -0.00230417 -0.00360164  0.00047365  0.114446 0.0645286  -9.80812 
             16.6999  0.0806649 -0.0223219 -0.0271695  -0.0048319 -0.00927181  -0.0122189 0 0 0   -0.011 -0.02329 -0.04412   -0.0080584   0.00131649 -0.000426024 -0.000888181    0.0201969   -0.0114634 -0.00226874 -0.00383791 0.000265889  0.114423 0.0647124  -9.80812 
                16.8  0.0757291 -0.0485222  -0.057785 -0.00408231  -0.0119702  -0.0127252 0 0 0   -0.011 -0.02329 -0.04412 -0.00395836 -0.00714349  -0.0021291 -0.000882439    0.0202233   -0.0114355 -0.00244865 -0.00353213  0.00036037  0.114557 0.0644728  -9.80812 
             16.8999    0.050384 -0.00503543  -0.0380395 -0.0050889 -0.0129011 -0.0133804 0 0 0   -0.011 -0.02329 -0.04412 -0.00495137 -0.00724214  -0.0040412 -0.000857118     0.020183   -0.0114525 -0.00237657  -0.0035029 0.000457953  0.114501 0.0644512  -9.80812 
             17.0008  0.0485837 -0.0131057 -0.0263656 -0.00688555  -0.0113521  -0.0136595 0 0 0   -0.011 -0.02329 -0.04412 -0.00839237 -0.00049736 -0.00366274 -0.000854387    0.0201926   -0.0114633 -0.00223496 -0.00374649 0.000430629  0.114394 0.0646397  -9.80812 
             17.0999  0.0813879 -0.0384678 -0.0285377 -0.00530587  -0.0120995   -0.013595 0 0 0   -0.011 -0.02329 -0.04412 -0.00141081   -0.003083 -0.00213646 -0.000883314    0.0202178    -0.011462 -0.00250081 -0.00367649 0.000330301  0.114598 0.0645857  -9.80812 
                17.2  0.0713792 -0.0320659 -0.0435877 -0.00348013  -0.0134095  -0.0124836 0 0 0   -0.011 -0.02329 -0.04412  0.00450161 -0.00633999  0.00233242 -0.000873658    0.0202134   -0.0114491 -0.00271262 -0.00356955 3.41479e-05  0.114761 0.0645059  -9.80812 
             17.3009  0.0488267  0.0021509 -0.0241187 -0.00410148 -0.00921846  -0.0127156 0 0 0   -0.011 -0.02329 -0.04412 0.00212753 0.00778342 0.00082533 -0.000855177    0.0201821   -0.0114676 -0.00259049 -0.00407507 0.000147581  0.114665 0.0648908  -9.80812 
             17.3999    0.081862 -0.00816927  -0.0341954 -0.00505999 -0.00663123  -0.0115103 0 0 0   -0.011 -0.02329 -0.04412 -0.000856977    0.0125233   0.00438156 -0.000885856    0.0201923   -0.0114585  -0.00246869  -0.00427073 -9.55871e-05  0.114571 0.0650394  -9.80812 
             17.5009  0.0822632 -0.0326727 -0.0621754 -0.00443877 -0.00677654  -0.0132872 0 0 0   -0.011 -0.02329 -0.04412 0.000887066  0.00800485 -0.00322004 -0.000886475    0.0202174   -0.0114317 -0.00254652 -0.00412401 0.000383027  0.114629 0.0649273  -9.80812 
             17.5999   0.0577408 -0.00553642  -0.0319431 -0.00634002  -0.0094211  -0.0134747 0 0 0   -0.011 -0.02329 -0.04412  -0.0045162 -0.00224535 -0.00277021 -0.000863865    0.0201922   -0.0114584 -0.00232924  -0.0037602 0.000352762 0.114467  0.06465 -9.80812 
                17.7   0.053973 -0.0168365 -0.0476516 -0.00528867  -0.0102549  -0.0141575 0 0 0   -0.011 -0.02329 -0.04412 0.000238787 -0.00403128 -0.00402809 -0.000860527    0.0202031   -0.0114428 -0.00248837  -0.0036927 0.000435303  0.114587 0.0645998  -9.80812 
                17.8  0.0786496 -0.0304999 -0.0379495 -0.00298325  -0.0100632  -0.0136612 0 0 0   -0.011 -0.02329 -0.04412  0.00718132 -0.00312716 -0.00104593 -0.000881606    0.0202191   -0.0114496 -0.00272757 -0.00375953 0.000233864  0.114768 0.0646512  -9.80812 
             17.9008   0.071712 -0.0274451  -0.051432 -0.0027565 -0.0110875 -0.0125388 0 0 0   -0.011 -0.02329 -0.04412  0.00575219 -0.00546419  0.00321138 -0.000877167    0.0202191   -0.0114386  -0.00267697  -0.00368481 -2.71016e-05  0.114732 0.0645956  -9.80812 
                  18   0.0646587 -0.00889844  -0.0364154 -0.00363912  -0.0112674  -0.0126064 0 0 0   -0.011 -0.02329 -0.04412  0.00188544 -0.00446551  0.00166214 -0.000870309    0.0202021    -0.011454 -0.00251909 -0.00372142 5.68697e-05  0.114613 0.0646229  -9.80812 
             18.1008  0.0830104 -0.0256736 -0.0774632 -0.00652056 -0.00980062  -0.0114724 0 0 0   -0.011 -0.02329 -0.04412 -0.00725547 0.000517691  0.00481918 -0.000885832    0.0202173   -0.0114187  -0.00220572  -0.00392171 -0.000141219  0.114379 0.0647731  -9.80812 
                18.2  0.0929313 -0.0249597 -0.0389612 -0.00256804  -0.0107693  -0.0104672 0 0 0   -0.011 -0.02329 -0.04412  0.00668056 -0.00316844  0.00691976 -0.000894019    0.0202185   -0.0114524  -0.00269031  -0.00382061 -0.000256551  0.114741 0.0646959  -9.80812 
             18.3003   0.0673477 0.000270278  -0.0573769 -0.00804481  -0.0115772  -0.0117445 0 0 0   -0.011 -0.02329 -0.04412   -0.0112889  -0.00472486 -0.000355128 -0.000871173    0.0201972   -0.0114346 -0.00204169 -0.00376358  0.00016562  0.114257 0.0646593  -9.80812 
             18.3992     0.07581  -0.0144015 -0.00664722 -0.00734249  -0.0141109  -0.0117725 0 0 0   -0.011 -0.02329 -0.04412  -0.00613059   -0.0112224 -0.000414061 -0.000879145    0.0202111    -0.011481 -0.00223042 -0.00355407 0.000157936  0.114396 0.0645024  -9.80812 
             18.4998  0.0841348 -0.0374818 -0.0326144 -0.00659106  -0.0147357  -0.0129737 0 0 0   -0.011 -0.02329 -0.04412 -0.00260971  -0.0103558 -0.00422867 -0.000885433    0.0202326   -0.0114585 -0.00237296 -0.00360606 0.000395655    0.1145 0.0645412  -9.80812 
             18.6009   0.052142  -0.013855 -0.0238589 -0.00707007  -0.0164954  -0.0138227 0 0 0   -0.011 -0.02329 -0.04412 -0.00282889  -0.0124844 -0.00532373 -0.00085699   0.0202106  -0.0114646  -0.0023421 -0.00352893 0.000490171  0.114477 0.0644844  -9.80812 
                18.7   0.0638888 -0.00192207 -0.00624839 -0.00709693  -0.0137662   -0.012842 0 0 0   -0.011 -0.02329 -0.04412   -0.0016406  -0.00100881 -0.000238703 -0.000866519    0.0201994   -0.0114798 -0.00236453 -0.00393585 0.000183057  0.114491 0.0647836  -9.80812 
             18.8001  0.0710553 -0.0540685 -0.0243546 -0.00383975  -0.0146614  -0.0132483 0 0 0   -0.011 -0.02329 -0.04412  0.00763364 -0.00368585 -0.00157125 -0.000874607    0.0202451   -0.0114633 -0.00271546 -0.00385389 0.000256435  0.11475 0.064728 -9.80812 
             18.8999  0.0707511 -0.0234267 -0.0712085 -0.00081008  -0.0110079  -0.0123026 0 0 0   -0.011 -0.02329 -0.04412  0.0146611 0.00799631 0.00213882 -0.000873647    0.0202184   -0.0114219 -0.00293984 -0.00425381 3.20287e-05  0.114908 0.0650255  -9.80811 
             18.9998   0.0709399   0.0133347 -0.00640964 -0.00808074  -0.0112517  -0.0124962 0 0 0   -0.011 -0.02329 -0.04412 -0.0108563  0.0048614 0.00023699 -0.000872959    0.0201873   -0.0114788 -0.00204164 -0.00416378 0.000129476  0.114253 0.0649461  -9.80812 
             19.0999  0.0791424 -0.0129975 -0.0318221 -0.0062906 -0.0106077 -0.0123367 0 0 0   -0.011 -0.02329 -0.04412 -0.00276768   0.0050512 0.000691711 -0.000880602    0.0202131   -0.0114571 -0.00232909 -0.00417914 9.77608e-05  0.114462 0.0649605  -9.80812 
             19.1999  0.083055 -0.046136 -0.045575 -0.00570192   -0.010993  -0.0136337 0 0 0   -0.011 -0.02329 -0.04412 -0.000824443    0.0020438  -0.00375206 -0.000883774    0.0202454    -0.011445 -0.00241863 -0.00409263 0.000371153  0.114527 0.0648986  -9.80812 
             19.3009    0.0551936 -9.79243e-05    -0.035841 -0.00620914  -0.0123339  -0.0132808 0 0 0   -0.011 -0.02329 -0.04412 -0.00174709 -0.00238406 -0.00101673 -0.000859426    0.0202076   -0.0114534 -0.00236948 -0.00393722  0.00022598  0.114493 0.0647852  -9.80812 
             19.4008  0.0727409 -0.0132782 -0.0540383 -0.00687534  -0.0119418  -0.0135712 0 0 0   -0.011 -0.02329 -0.04412  -0.00312094 -0.000924094  -0.00165363 -0.000875272     0.020218   -0.0114385 -0.00231919 -0.00400448 0.000263325  0.114456 0.0648335  -9.80812 
                19.5  0.0892702  -0.029034 -0.0243541 -0.00591054  -0.0136463  -0.0127892 0 0 0   -0.011 -0.02329 -0.04412 0.000453567 -0.00615197  0.00170305 -0.00088873   0.0202305  -0.0114649 -0.00244681 -0.00385036 7.10703e-05   0.11455 0.0647231  -9.80812 
             19.6008  0.0707911 -0.0191157 -0.0663447 -0.00371586  -0.0123924  -0.0123616 0 0 0   -0.011 -0.02329 -0.04412   0.00679646 -0.000811293    0.0024676 -0.00087205   0.0202228  -0.0114279  -0.0026547 -0.00403149 1.97087e-05  0.114699 0.0648538  -9.80811 
             19.6997   0.0756613  0.00986717 -0.00884363 -0.00626419  -0.0110561  -0.0127299 0 0 0   -0.011 -0.02329 -0.04412 -0.00208893  0.00321486  0.00015862 -0.000874878    0.0202013   -0.0114772 -0.00232553 -0.00417321 0.000152425  0.114463 0.0649554  -9.80812 
             19.8001  0.0648204 -0.0158896 -0.0583347 -0.00760701  -0.0106471  -0.0134023 0 0 0   -0.011 -0.02329 -0.04412 -0.00553041  0.00358611 -0.00234089 -0.000863869    0.0202245    -0.011435 -0.00221575 -0.00418298 0.000294981  0.114383 0.0649627  -9.80812 
             19.9009  0.0869136 -0.0570244 -0.0487291 -0.00610751  -0.0113796  -0.0148246 0 0 0   -0.011 -0.02329 -0.04412 -7.83727e-05  4.13795e-05  -0.00644168 -0.000884028    0.0202625   -0.0114453 -0.00242238  -0.0040822 0.000527447  0.114529 0.0648918  -9.80812 
             19.9996   0.0635152  -0.0121843 -0.00595829 -0.00593747  -0.0139275  -0.0134765 0 0 0   -0.011 -0.02329 -0.04412 0.000722829 -0.00744844 0.000891724 -0.000864605    0.0202269   -0.0114812 -0.00243554 -0.00383511 0.000144139  0.114541 0.0647157  -9.80812 
             20.1008    0.075616 -0.00861723  -0.0451205 -0.0063358 -0.0123142 -0.0129273 0 0 0   -0.011 -0.02329 -0.04412 -0.000438746 -0.000860766   0.00267591 -0.000874323    0.0202247   -0.0114502 -0.00238772 -0.00406729 5.86063e-05  0.114506 0.0648801  -9.80812 
                20.2  0.0920528   -0.02483 -0.0262054 -0.00481136  -0.0120827  -0.0123483 0 0 0   -0.011 -0.02329 -0.04412   0.00415947 -0.000598456   0.00371149 -0.000887823    0.0202383   -0.0114673  -0.00253938  -0.00410372 -4.53598e-06  0.114613 0.0649068  -9.80812 
             20.3008  0.0492204 -0.0264496  -0.032104 -0.00312203  -0.0138519  -0.0125319 0 0 0   -0.011 -0.02329 -0.04412  0.00779516 -0.00507676  0.00170784 -0.000851536    0.0202417   -0.0114628 -0.00266144 -0.00393602 9.65922e-05    0.1147 0.0647896  -9.80812 
             20.3999  0.056684 0.0153894 -0.018376 -0.00560827  -0.0114921   -0.013898 0 0 0   -0.011 -0.02329 -0.04412 -0.00104655  0.00332807 -0.00386007 -0.000858658    0.0202086   -0.0114736 -0.00233637 -0.00421409 0.000396585  0.114469 0.0649828  -9.80812 
                20.5   0.069172 -0.0163697  -0.070706 -0.00475584  -0.0133497  -0.0135661 0 0 0   -0.011 -0.02329 -0.04412  0.00171133 -0.00305525  -0.0014006 -0.000868276    0.0202375   -0.0114303 -0.00242942 -0.00400818 0.000258128  0.114537 0.0648398  -9.80812 
             20.6001  0.0863475 -0.0461444 -0.0465446 -0.00425121  -0.0130578   -0.013487 0 0 0   -0.011 -0.02329 -0.04412    0.0023879   -0.0018405 -0.000789145 -0.000883677    0.0202641   -0.0114509 -0.00246535 -0.00407149 0.000219191  0.114562 0.0648846  -9.80812 
             20.6999  0.0560363 -0.0384629 -0.0164902 -0.00554266  -0.0150394  -0.0143199 0 0 0   -0.011 -0.02329 -0.04412 -0.00228888 -0.00689155 -0.00343973 -0.000858457    0.0202604    -0.011476 -0.00231754 -0.00390333 0.000366436  0.114458 0.0647665  -9.80812 
             20.8009  0.0730643  0.0149839 -0.0495282 -0.00673465  -0.0121092  -0.0140445 0 0 0   -0.011 -0.02329 -0.04412 -0.00459734  0.00297716 -0.00118533 -0.000872967    0.0202191   -0.0114461 -0.00221943 -0.00425227 0.000259704 0.114389 0.065009 -9.80812 
             20.8999  0.0856855 -0.0214606 -0.0268367 -0.00558969  -0.0118113  -0.0132419 0 0 0   -0.011 -0.02329 -0.04412 1.07726e-05  0.00278962  0.00207624 -0.000881856    0.0202527   -0.0114656 -0.00237603 -0.00425428 8.44805e-05  0.114498 0.0650112  -9.80812 
             21.0009  0.0816583 -0.0335492 -0.0351675 -0.00620471  -0.0142467  -0.0115172 0 0 0   -0.011 -0.02329 -0.04412 -0.00176259 -0.00528228  0.00737976 -0.000878166    0.0202628   -0.0114584   -0.0023217  -0.00400381 -0.000198556  0.114463 0.0648378  -9.80812 
             21.0999   0.0676264 -0.00584648  -0.0537859 -0.00425734  -0.0134994  -0.0115796 0 0 0   -0.011 -0.02329 -0.04412  0.00511168 -0.00153982  0.00453695 -0.000868079    0.0202411   -0.0114428  -0.00251993  -0.00412246 -5.37265e-05  0.114598 0.0649211  -9.80812 
             21.1999  0.0685716  -0.019962 -0.0625615 -0.0034349 -0.0140491 -0.0108284 0 0 0   -0.011 -0.02329 -0.04412  0.00591579 -0.00282614  0.00555711 -0.000868207    0.0202538   -0.0114364 -0.00255292 -0.00408829 -0.00010973  0.114621 0.0648976  -9.80812 
             21.2998  0.0573762 -0.0277141 -0.0631005 -0.00417686  -0.0148148   -0.012302 0 0 0   -0.011 -0.02329 -0.04412  0.00166862 -0.00409412 -0.00150661 -0.000859463     0.020263   -0.0114353 -0.00242951 -0.00404286 0.000263927  0.114535 0.0648668  -9.80812 
             21.4009    0.0777204   -0.0290769 -0.000537832 -0.00497613  -0.0170535  -0.0127425 0 0 0   -0.011 -0.02329 -0.04412 -0.00125906 -0.00984942 -0.00267356 -0.000876273    0.0202663   -0.0114859 -0.00234224 -0.00387905 0.000318069  0.114474 0.0647551  -9.80812 
             21.4998  0.0831746 0.00742524 -0.0139721 -0.00631994  -0.0123533  -0.0134002 0 0 0   -0.011 -0.02329 -0.04412 -0.00414265  0.00642091 -0.00428777 -0.00088287   0.0202384  -0.0114739 -0.00222135 -0.00440969 0.000397374  0.114394 0.0651171  -9.80812 
             21.6009  0.0828877 -0.0230782 -0.0231431  -0.007983 -0.0118877  -0.013444 0 0 0   -0.011 -0.02329 -0.04412  -0.0080223  0.00522585 -0.00285256 -0.000882937    0.0202637   -0.0114673 -0.00211056 -0.00439748 0.000335408  0.114319 0.0651085  -9.80812 
             21.6998   0.0920813 -0.00793521  -0.0706267 -0.00773147  -0.0101639  -0.0126052 0 0 0   -0.011 -0.02329 -0.04412 -0.00467645  0.00819136 0.000773021 -0.000889437    0.0202527    -0.011429 -0.00220999 -0.00450969 0.000128503  0.114386 0.0651854  -9.80812 
             21.7998  0.0702635  0.0182121 -0.0312215 -0.00700872   -0.012121  -0.0134814 0 0 0   -0.011 -0.02329 -0.04412 -8.72088e-05  4.46615e-05  -0.00251893 -0.000871393    0.0202324   -0.0114603 -0.00231443 -0.00425186 0.000297585  0.114459 0.0650131  -9.80812 
             21.9001  0.0681174 -0.0308705  -0.028038 -0.00606868  -0.0127959  -0.0135918 0 0 0   -0.011 -0.02329 -0.04412  0.00259838 -0.00225897 -0.00209626 -0.000868628    0.0202726   -0.0114634 -0.00240867 -0.00418895 0.000269079  0.114523 0.0649713  -9.80812 
             21.9999   0.065479 -0.0364492 -0.0566304 -0.00306466  -0.0124054  -0.0135657 0 0 0   -0.011 -0.02329 -0.04412    0.0107992 -0.000492792  -0.00123172 -0.000865099    0.0202789   -0.0114405 -0.00266467 -0.00424132 0.000219997  0.114695 0.0650081  -9.80811 
             22.1009   0.0760663 -0.00724651  -0.0805137 -0.00464809  -0.0126229  -0.0126018 0 0 0   -0.011 -0.02329 -0.04412  0.00348707 -0.00130664  0.00258185 -0.000871149    0.0202564   -0.0114213 -0.00241683 -0.00422971 2.70991e-05  0.114531 0.0649989  -9.80812 
             22.2009     0.072034 -0.000743227   -0.0591334 -0.0070763 -0.0106467 -0.0120601 0 0 0   -0.011 -0.02329 -0.04412 -0.00410483   0.0048187  0.00335283 -0.000868575    0.0202514   -0.0114371  -0.00216072  -0.00442216 -1.93083e-05   0.11436 0.0651277  -9.80812 
             22.2999  0.0887415 -0.0221007 -0.0275475 -0.00256148 -0.00950363  -0.0119995 0 0 0   -0.011 -0.02329 -0.04412 0.0105037 0.0059132 0.0024481 -0.000881807      0.02027   -0.0114626 -0.00261507 -0.00448715 2.30007e-05  0.114663 0.0651671  -9.80811 
             22.4017  0.0944522 -0.0271044 -0.0511869 -0.00379287  -0.0138062  -0.0113837 0 0 0   -0.011 -0.02329 -0.04412  0.00422296 -0.00846068  0.00333832 -0.000883383    0.0202751   -0.0114446  -0.00241334  -0.00404419 -4.68813e-05  0.114525 0.0648748  -9.80812 
                22.5  0.0801618 0.00590749  -0.050269 -0.00272989   -0.011233  -0.0122145 0 0 0   -0.011 -0.02329 -0.04412   0.0068091  0.00117566 -0.00101595 -0.000870351    0.0202509   -0.0114463 -0.00246134 -0.00434729 0.000158393  0.114558 0.0650761  -9.80812 
             22.6037  0.0672793 -0.0352402 -0.0294893 -0.00533292  -0.0125374  -0.0133032 0 0 0   -0.011 -0.02329 -0.04412 -0.00295369 -0.00318415 -0.00473633 -0.000859031    0.0202829   -0.0114629 -0.00216897 -0.00421417 0.000336622  0.114363 0.0649911  -9.80812 
             22.7008  0.0762309 -0.0267747 -0.0549086 -0.00540501  -0.0168068  -0.0143836 0 0 0   -0.011 -0.02329 -0.04412 -0.00233103  -0.0151891 -0.00685655 -0.000869715    0.0202763   -0.0114424 -0.00219126 -0.00386048 0.000440593  0.114376 0.0647588  -9.80812 
             22.8009   0.0780167 -0.00462629  -0.0484338 -0.00661955  -0.0153551  -0.0137646 0 0 0   -0.011 -0.02329 -0.04412 -0.00494868 -0.00677355 -0.00234358 -0.000866984    0.0202601   -0.0114467 -0.00210091 -0.00412593   0.0002146  0.114318 0.0649324  -9.80812 
             22.9009    0.059931 -0.00339967  -0.0628836 -0.00621236  -0.0108165  -0.0139356 0 0 0   -0.011 -0.02329 -0.04412 -0.00217195  0.00860439 -0.00208624 -0.000846642    0.0202609   -0.0114358 -0.00217962 -0.00458854 0.000205267  0.11437 0.065235 -9.80812 
                  23  0.0860242 -0.0355793 -0.0336382 -0.00396052 -0.00817174  -0.0133103 0 0 0   -0.011 -0.02329 -0.04412  0.00476153    0.013295 0.000879739 -0.000864377    0.0202884   -0.0114604 -0.00240725 -0.00475045 5.56623e-05   0.11452 0.0653398  -9.80811 
             23.0999  0.0820926 -0.0211475 -0.0411202 -0.00505571 -0.00915203  -0.0130882 0 0 0   -0.011 -0.02329 -0.04412 0.000724786  0.00629505  0.00100237 -0.000862102    0.0202789   -0.0114547 -0.00226598 -0.00454123 2.83882e-05  0.114427 0.0652043  -9.80812 
             23.2009    0.0666363 -0.000291772   -0.0524953 -0.0048877 -0.0112969 -0.0134124 0 0 0   -0.011 -0.02329 -0.04412   0.00182395  -0.00187391 -0.000522608 -0.000850975    0.0202631   -0.0114468  -0.0022702 -0.00429165 9.87247e-05  0.114429 0.0650425  -9.80812 
             23.3001  0.0608747 -0.0282934 -0.0130002 -0.00205132  -0.0133293  -0.0129834 0 0 0   -0.011 -0.02329 -0.04412  0.00946581 -0.00744945  0.00117774 -0.000846856    0.0202874   -0.0114781 -0.00251199 -0.00412524 8.20099e-06  0.114586 0.0649346  -9.80812 
             23.4009  0.0959033 -0.0288996 -0.0215584 -0.00413431  -0.0139316  -0.0124044 0 0 0   -0.011 -0.02329 -0.04412 0.000468049 -0.00776384  0.00269099 -0.000873312    0.0202873   -0.0114724   -0.0022423  -0.00414247 -6.91833e-05  0.114412 0.0649453  -9.80812 
             23.5009   0.0773808 -0.00690372  -0.0658802 -0.00543922  -0.0159532  -0.0126898 0 0 0   -0.011 -0.02329 -0.04412 -0.0031859 -0.0117281 0.00082591 -0.000857957    0.0202711   -0.0114374 -0.00211603 -0.00403092 2.83502e-05  0.114331 0.0648726  -9.80812 
                23.6  0.0630831 -0.0119149 -0.0554021 -0.00542668  -0.0141951  -0.0135148 0 0 0   -0.011 -0.02329 -0.04412 -0.00218188 -0.00296888 -0.00239648 -0.000848342    0.0202773   -0.0114453 -0.00214431 -0.00429058 0.000186956  0.114347 0.0650396  -9.80812 
             23.6998   0.091811 -0.0335653 -0.0358392 -0.0051143 -0.0114152 -0.0128772 0 0 0   -0.011 -0.02329 -0.04412 -0.000928033   0.00554653  0.000527583 -0.000869873    0.0202947   -0.0114604 -0.00219455 -0.00456882 3.78613e-05  0.114379 0.0652172  -9.80812 
             23.8009  0.0696793 -0.0155544 -0.0537981 -0.00539536  -0.0111306  -0.0138042 0 0 0   -0.011 -0.02329 -0.04412 -0.00132734  0.00464054 -0.00269772 -0.00085462   0.0202822   -0.011448 -0.00217423 -0.00454146 0.000207176  0.114365 0.0652001  -9.80812 
                23.9  0.0707241 0.00872625  -0.072681 -0.00682375  -0.0122529  -0.0147258 0 0 0   -0.011 -0.02329 -0.04412  -0.00458363 -0.000398483  -0.00453649 -0.000855384    0.0202648   -0.0114341 -0.00205179 -0.00440128 0.000322972  0.114287 0.0651114  -9.80812 
             23.9998  0.0774256 -0.0404447  -0.048653 -0.00387227  -0.0106533  -0.0140219 0 0 0   -0.011 -0.02329 -0.04412   0.00523563   0.00402786 -0.000167498 -0.000860214    0.0203051   -0.0114527 -0.00235888  -0.0045454 0.000122907  0.114483 0.0652011  -9.80812 
             24.0999  0.0765828 -0.0304948 -0.0210916 -0.00334028  -0.0121706  -0.0139118 0 0 0   -0.011 -0.02329 -0.04412  0.00524514 -0.00173052  0.00047518 -0.000860907    0.0202983   -0.0114748 -0.00235958 -0.00437666 0.000100181  0.114482 0.0650946  -9.80812 
             24.2009  0.0645149  0.0029234 -0.0444634 -0.00371809  -0.0120708  -0.0131914 0 0 0   -0.011 -0.02329 -0.04412    0.0030639 -0.000997897   0.00305579 -0.00085075   0.0202714   -0.011458  -0.00227442  -0.00439851 -1.19576e-05  0.114429 0.0651089  -9.80812 
             24.2994 0.0870534 -0.017319 -0.048605 -0.00510908  -0.0110716  -0.0120089 0 0 0   -0.011 -0.02329 -0.04412 -0.00188662  0.00176064  0.00595913 -0.00086742    0.020288  -0.0114544  -0.00212579  -0.00449724 -0.000157576  0.114336 0.0651711  -9.80812 
             24.3999  0.0804019 -0.0318249 -0.0524351 -0.00435511  -0.0109993  -0.0121664 0 0 0   -0.011 -0.02329 -0.04412 0.000724839  0.00133278   0.0031588 -0.000863337    0.0203014   -0.0114495  -0.00220941  -0.00448833 -3.45603e-05  0.114388 0.0651656  -9.80812 
             24.5008   0.0762612 -0.00306691   -0.052253 -0.00656225  -0.0124023  -0.0118099 0 0 0   -0.011 -0.02329 -0.04412 -0.00549534 -0.00326804   0.0032415 -0.000859267    0.0202816   -0.0114497   -0.0020041  -0.00435546 -3.44654e-05   0.11426 0.0650825  -9.80812 
                24.6   0.0785371 0.000912808 -0.00791412 -0.00761978  -0.0130352  -0.0130428 0 0 0   -0.011 -0.02329 -0.04412 -0.00663767 -0.00451405 -0.00213284 -0.000858858    0.0202786   -0.0114831 -0.00195535 -0.00433076 0.000228813 0.114229 0.065068 -9.80812 
              24.701   0.102909 -0.0332998   0.017881 -0.00554206  -0.0124214  -0.0128988 0 0 0   -0.011 -0.02329 -0.04412  0.000894984  -0.00244989 -0.000763995 -0.000877963    0.0203052   -0.0115031 -0.00219975 -0.00442721  0.00016835  0.114381 0.0651279  -9.80812 
             24.8001    0.07201 -0.0239464 -0.0398494 -0.00444643   -0.011614  -0.0137066 0 0 0   -0.011 -0.02329 -0.04412  0.00360205 0.000392734 -0.00319135 -0.000854375    0.0202974   -0.0114593 -0.00228647 -0.00451493 0.000290601  0.114433 0.0651837  -9.80812 
             24.9007   0.0767258   0.0178083 -0.00887422 -0.00405142  -0.0135368  -0.0135367 0 0 0   -0.011 -0.02329 -0.04412  0.00472894 -0.00566329 -0.00149854 -0.000858751    0.0202683   -0.0114827  -0.0022801 -0.00434831 0.000209775  0.114432 0.0650804  -9.80812 
             25.0009  0.0891211 -0.0208843 -0.0451451 -0.00541552  -0.0121581  -0.0129996 0 0 0   -0.011 -0.02329 -0.04412 -0.000723853 -0.000572198  0.000836147 -0.000867367    0.0202975   -0.0114555 -0.00212564 -0.00452154 0.000100314  0.114334 0.0651826  -9.80812 
             25.1008  0.0655728 -0.0385186 -0.0640632 -0.00449875  -0.0125752  -0.0139145 0 0 0   -0.011 -0.02329 -0.04412  0.00180967 -0.00122669 -0.00263823 -0.000849717    0.0203121   -0.0114415 -0.00221332 -0.00448607 0.000261097  0.114387 0.0651636  -9.80812 
             25.2009  0.0513708 0.00419724  -0.081044 -0.00693264  -0.0123125  -0.0137431 0 0 0   -0.011 -0.02329 -0.04412 -0.00496772 0.000250007 -0.00137642 -0.000838058    0.0202798   -0.0114289 -0.00198007 -0.00452081 0.000191575  0.114245 0.0651811  -9.80812 
             25.3008   0.0726058 -0.00160632   0.0208792 -0.00920945  -0.0137047  -0.0147959 0 0 0   -0.011 -0.02329 -0.04412  -0.0100656 -0.00410424 -0.00495717 -0.000854978    0.0202851   -0.0115041 -0.00182449 -0.00440359 0.000338834   0.11415 0.0651093  -9.80812 
                25.4  0.0910039 -0.0225371 -0.0171365 -0.00795116  -0.0125695   -0.013596 0 0 0   -0.011 -0.02329 -0.04412  -0.00331916 -0.000125495  0.000807018 -0.00086681   0.0203029  -0.0114736 -0.00202266 -0.00454037 5.67952e-05  0.114272 0.0651933  -9.80812 
             25.4998  0.0813458 -0.0290444 -0.0524937 -0.00666052  -0.0128006  -0.0135644 0 0 0   -0.011 -0.02329 -0.04412   0.00116478 -0.000935734  0.000727053 -0.00085966   0.0203105  -0.0114477 -0.00216373 -0.00452062 6.57176e-05  0.114357 0.0651824  -9.80812 
             25.6008  0.0793067  0.0166848 -0.0248116 -0.00646477  -0.0141007  -0.0125182 0 0 0   -0.011 -0.02329 -0.04412  0.00245817 -0.00460677  0.00391447 -0.000857936    0.0202765   -0.0114681  -0.00216197   -0.0044177 -9.36178e-05  0.114358 0.0651202  -9.80812 
             25.6995   0.080791 -0.0178568 -0.0692216 -0.00474048  -0.0118078  -0.0133639 0 0 0   -0.011 -0.02329 -0.04412   0.00665378   0.00305424 -0.000319172 -0.000859596    0.0203045   -0.0114374 -0.00229182 -0.00465333 0.000105946  0.114433 0.0652638  -9.80812 
             25.7999  0.0908678 -0.0368441 -0.0857027 -0.00261254 -0.00989562   -0.013957 0 0 0   -0.011 -0.02329 -0.04412   0.0105835  0.00724265 -0.00237007 -0.000866498    0.0203202   -0.0114271 -0.00242082 -0.00479236  0.00019581  0.114508 0.0653485  -9.80811 
             25.9014   0.0720322 -0.00440514  -0.0449436 -0.00369879  -0.0117731   -0.013301 0 0 0   -0.011 -0.02329 -0.04412   0.00499216 -0.000320352  0.000399247 -0.000851199    0.0202976   -0.0114579 -0.00223306 -0.00457237 5.31351e-05  0.114396 0.0652167  -9.80812 
              26.001   0.0803335 -0.00211019  -0.0314048 -0.00376063  -0.0117443  -0.0133845 0 0 0   -0.011 -0.02329 -0.04412   0.00399377 -0.000512044  0.000170775 -0.000856176    0.0202971   -0.0114663 -0.00218349 -0.00457988  7.3504e-05  0.114367 0.0652218  -9.80812 
             26.0999  0.0645791 -0.0431186 -0.0585056 -0.00244351  -0.0122491  -0.0136943 0 0 0   -0.011 -0.02329 -0.04412   0.00595589  -0.00149215 -0.000813706 -0.000844362    0.0203291   -0.0114452 -0.00226972 -0.00453923 0.000124272  0.114417 0.0651971  -9.80812 
             26.2025  0.0634881 0.00123329 -0.0117951 -0.00448524  -0.0150303  -0.0141015 0 0 0   -0.011 -0.02329 -0.04412 -0.00095839 -0.00900963 -0.00221525 -0.000843787    0.0202955   -0.0114808 -0.00203929 -0.00431503 0.000175421  0.114279 0.0650662  -9.80812 
             26.3007  0.0645332 -0.0160387 -0.0715822 -0.0074874 -0.0147685 -0.0136375 0 0 0   -0.011 -0.02329 -0.04412  -0.00940165  -0.00556807 -0.000171241 -0.000844033    0.0203069   -0.0114382 -0.00179147 -0.00441478 7.08041e-05  0.114134 0.0651259  -9.80812 
             26.3998  0.0959682 -0.0075315 -0.0176317 -0.00424532  -0.0139213  -0.0130536 0 0 0   -0.011 -0.02329 -0.04412  0.00304272 -0.00225785   0.0021188 -0.000867038    0.0203029   -0.0114789  -0.00214384  -0.00453964 -2.99258e-05  0.114341 0.0651997  -9.80812 
             26.5009  0.0754308 -0.0338431 -0.0421833 -0.00442621  -0.0153031  -0.0131378 0 0 0   -0.011 -0.02329 -0.04412  0.00144739 -0.00595753  0.00108742 -0.00085009   0.0203252  -0.0114615 -0.00210645 -0.00444223 1.61553e-05  0.114319 0.0651425  -9.80812 
                26.6   0.0730988   0.0203887 -0.00668633 -0.00609515  -0.0143935  -0.0131465 0 0 0   -0.011 -0.02329 -0.04412 -0.00284666  -0.0018212 0.000467477 -0.000847788     0.020286   -0.0114872 -0.00194508 -0.00456942  3.6712e-05  0.114224 0.0652162  -9.80812 
             26.7009  0.0903784 -0.0218689 -0.0508745 -0.00605173  -0.0113489   -0.013118 0 0 0   -0.011 -0.02329 -0.04412 -0.00214396  0.00717741 0.000311117 -0.000860053    0.0203175   -0.0114553 -0.00197912 -0.00484336 4.03489e-05 0.114242 0.065376 -9.80812 
             26.8008  0.0745136 -0.0488771 -0.0646609 -0.00174596  -0.0148517  -0.0138553 0 0 0   -0.011 -0.02329 -0.04412   0.0106663 -0.00530447 -0.00222978 -0.000847273    0.0203394   -0.0114455 -0.00236484  -0.0044816 0.000151026  0.114469 0.0651708  -9.80812 
             26.8999   0.086743 -0.0253273 -0.0236823 -0.00221822  -0.0122753  -0.0135508 0 0 0   -0.011 -0.02329 -0.04412   0.00626464   0.00328794 -0.000513713 -0.000856809    0.0203242   -0.0114748 -0.00223537 -0.00474789 7.09314e-05  0.114392 0.0653235  -9.80812 
             26.9998  0.0953607 0.00409334 -0.0661611 -0.00332087  -0.0105363  -0.0117465 0 0 0   -0.011 -0.02329 -0.04412  0.0021874 0.00714402 0.00561918 -0.000862098    0.0203049   -0.0114445 -0.00208731 -0.00486932 -0.00021763  0.114306 0.0653918  -9.80812 
             27.1009  0.0656334 -0.0385219 -0.0269199 -0.00163783   -0.014426  -0.0137906 0 0 0   -0.011 -0.02329 -0.04412  0.00648558 -0.00624745 -0.00381699 -0.000838949    0.0203352   -0.0114724 -0.00221268 -0.00447768 0.000182448  0.114379 0.0651692  -9.80812 
                27.2  0.0882682 -0.0324472 -0.0440302 -0.00335439  -0.0163474  -0.0146433 0 0 0   -0.011 -0.02329 -0.04412 -0.000652933   -0.0106046  -0.00569215 -0.000855801    0.0203328   -0.0114607 -0.00201364 -0.00437201 0.000258502  0.114265 0.0651091  -9.80812 
             27.2997  0.0728197 0.00772267 0.00370175 -0.00872703  -0.0142629  -0.0148639 0 0 0   -0.011 -0.02329 -0.04412  -0.0156309 -0.00157252 -0.00479297 -0.000845668    0.0203048   -0.0114943 -0.00155654 -0.00463541   0.0002132  0.114004 0.0652588  -9.80812 
             27.4009  0.0898299  0.0101329 -0.0203811  -0.010043 -0.0104329 -0.0127965 0 0 0   -0.011 -0.02329 -0.04412 -0.0144074 0.00951665 0.00393475 -0.00085896   0.0203024  -0.0114751  -0.00157836  -0.00497266 -0.000178471  0.114014 0.0654498  -9.80812 
                27.5  0.0689938 -0.0339124 -0.0403836 -0.00655828  -0.0153104  -0.0133669 0 0 0   -0.011 -0.02329 -0.04412 -0.000211515  -0.00760142  0.000884286 -0.000844146    0.0203365    -0.011459  -0.00199372  -0.00447897 -4.03051e-05  0.114256 0.0651761  -9.80812 
             27.6008   0.0829777  -0.0267641 -0.00689185 -0.00689839  -0.0127231  -0.0128538 0 0 0   -0.011 -0.02329 -0.04412 -0.000877675   0.00160437   0.00230648 -0.000853588    0.0203309    -0.011482  -0.00196908  -0.00476056 -0.000104272  0.114238 0.0653348  -9.80812 
             27.7007    0.077329 -0.00449318  -0.0471307 -0.00847054  -0.0107738  -0.0123073 0 0 0   -0.011 -0.02329 -0.04412 -0.00500177  0.00671235  0.00324812 -0.000849979    0.0203157   -0.0114513  -0.00184449  -0.00490894 -0.000150468  0.114165 0.0654159  -9.80812 
             27.7999  0.0708803 -0.0289069 -0.0350781 -0.00486645  -0.0146182  -0.0135789 0 0 0   -0.011 -0.02329 -0.04412  0.00683506 -0.00642877 -0.00194289 -0.000844464    0.0203332   -0.0114592 -0.00217991 -0.00452783 8.56133e-05   0.11436 0.0652087  -9.80812 
             27.9005  0.0944526 -0.0242315 -0.0289093 -0.00695108  -0.0148016  -0.0149555 0 0 0   -0.011 -0.02329 -0.04412 -0.00110906 -0.00589022 -0.00655603 -0.00086017   0.0203322  -0.0114635 -0.00194726 -0.00457323 0.000266257  0.114229 0.0652306  -9.80812 
             28.0008  0.0859405 0.00472545  -0.060576 -0.00969894  -0.0151316  -0.0140902 0 0 0   -0.011 -0.02329 -0.04412 -0.00840592  -0.0055071 -0.00138557 -0.000853594    0.0203118   -0.0114418 -0.00172348 -0.00459648 3.84234e-05  0.114104 0.0652404  -9.80812 
             28.0999   0.0911107 -0.00358196  -0.0409121 -0.00971655  -0.0134938  -0.0122956 0 0 0   -0.011 -0.02329 -0.04412 -0.00568511 0.000518426  0.00512294 -0.000856469    0.0203192   -0.0114549  -0.00179254  -0.00477684 -0.000255614  0.114141 0.0653399  -9.80812 
             28.2008  0.0794582 -0.0391723 -0.0345612 -0.00757769  -0.0156388  -0.0131101 0 0 0   -0.011 -0.02329 -0.04412  0.00155814 -0.00610118 0.000542344 -0.000848615     0.020347   -0.0114593  -0.00202064  -0.00459495 -6.23854e-05 0.114267 0.065241 -9.80812 
             28.3008   0.0396059 -0.00622226   0.0037575 -0.00917863  -0.0130011  -0.0145685 0 0 0   -0.011 -0.02329 -0.04412 -0.00353815   0.0037439 -0.00489341 -0.000819958     0.020324   -0.0114878 -0.00186991 -0.00485397 0.000169762  0.114182 0.0653857  -9.80812 
             28.3999  0.0723985 0.00145207 -0.0371003 -0.0087508 -0.0105853 -0.0151783 0 0 0   -0.011 -0.02329 -0.04412 -0.000989872   0.00916524  -0.00550783 -0.000842139    0.0203216   -0.0114582 -0.00193174 -0.00502475 0.000189002  0.114215 0.0654803  -9.80812 
             28.4979    0.102908 -0.00993364  -0.0249669 -0.00547103  -0.0127374  -0.0138876 0 0 0   -0.011 -0.02329 -0.04412   0.00901871 -0.000640721  0.000827767 -0.000863863    0.0203281   -0.0114673  -0.00220732  -0.00477299 -9.58214e-05 0.114371 0.065347 -9.80812 
             28.6007  0.0861408 -0.0343157 -0.0138655 -0.00373373  -0.0147726   -0.012529 0 0 0   -0.011 -0.02329 -0.04412   0.0115904 -0.00679183  0.00535713 -0.000851332    0.0203474   -0.0114744  -0.0022755 -0.00460792 -0.00029009  0.114412 0.0652584  -9.80812 
             28.7009  0.0586562 0.00156096 -0.0332395 -0.00967285  -0.0135931  -0.0130204 0 0 0   -0.011 -0.02329 -0.04412 -0.00919249 -0.00145027  0.00184087 -0.000831438    0.0203262   -0.0114617  -0.00168089  -0.00476366 -0.000123063  0.114084 0.0653334  -9.80812 
             28.7991   0.083011 -0.0152627 -0.0442236 -0.00512738  -0.0159597  -0.0134649 0 0 0   -0.011 -0.02329 -0.04412    0.0068106  -0.00831242 -9.94443e-05 -0.000848881    0.0203393   -0.0114531  -0.00212439  -0.00457961 -3.67639e-05  0.114328 0.0652418  -9.80812 
             28.9008   0.092746 -0.0408796 -0.0267955 -0.00464272  -0.0181784  -0.0133595 0 0 0   -0.011 -0.02329 -0.04412  0.00563134   -0.013115 0.000221898 -0.000856634    0.0203584   -0.0114675  -0.00210966  -0.00446927 -5.65702e-05  0.114322 0.0651818  -9.80812 
             29.0031   0.0454512 -0.00723061 -0.00696789 -0.00608421  -0.0123805  -0.0151729 0 0 0   -0.011 -0.02329 -0.04412 -6.66862e-05   0.00881718  -0.00696232 -0.000824357    0.0203376   -0.0114812 -0.00194097 -0.00504409 0.000220782  0.114223 0.0654911  -9.80812 
             29.1008  0.0822279 -0.0240939 -0.0535864 -0.00687509  -0.0107748  -0.0155411 0 0 0   -0.011 -0.02329 -0.04412 -0.00251965   0.0106037  -0.0060627 -0.000844238    0.0203467   -0.0114576 -0.00187747 -0.00510736 0.000173287  0.114188 0.0655243  -9.80812 
             29.2008   0.072643 -0.0273832 -0.0352878 -0.00300845  -0.0160932   -0.015098 0 0 0   -0.011 -0.02329 -0.04412  0.00953352 -0.00834099 -0.00247663 -0.000846779    0.0203446   -0.0114703 -0.00219691 -0.00460655 1.98907e-05  0.114366 0.0652603  -9.80812 
             29.3009  0.0886218 -0.0291613  -0.019627 -0.00520391  -0.0170746  -0.0144352 0 0 0   -0.011 -0.02329 -0.04412  0.00024807 -0.00974021 0.000724008 -0.000859422    0.0203521   -0.0114814  -0.00195527  -0.00460059 -0.000100315  0.114237 0.0652549  -9.80812 
             29.4009  0.0621557  0.0121841 -0.0274111  -0.011609 -0.0147044 -0.0137173 0 0 0   -0.011 -0.02329 -0.04412  -0.0181293 0.000285193  0.00312995 -0.000836425    0.0203305   -0.0114754   -0.0014455  -0.00485997 -0.000176666  0.113963 0.0653882  -9.80812 
             29.5008   0.076344 -0.0188156 -0.0158719 -0.00781807  -0.0156919  -0.0136217 0 0 0   -0.011 -0.02329 -0.04412 -0.00186363 -0.00302717  0.00248508 -0.00084656   0.0203467  -0.0114842  -0.00188846   -0.0047791 -0.000152748  0.114199 0.0653502  -9.80812 
                29.6  0.0809229 -0.0258192 -0.0346098 -0.00565159  -0.0175306  -0.0131004 0 0 0   -0.011 -0.02329 -0.04412  0.00520582 -0.00781621  0.00370141 -0.000849837    0.0203527   -0.0114703  -0.00207881  -0.00465593 -0.000195038  0.114302 0.0652877  -9.80812 
             29.7008   0.0609007 -0.00582863 0.000711692 -0.00757194  -0.0135909  -0.0145616 0 0 0   -0.011 -0.02329 -0.04412 -0.00180913  0.00615367 -0.00261275 -0.000835171    0.0203401   -0.0114946 -0.00187575 -0.00503963 8.47663e-05  0.114188 0.0654869  -9.80812 
             29.8009  0.0719222 0.00893386 -0.0411024 -0.00790872  -0.0105105  -0.0141795 0 0 0   -0.011 -0.02329 -0.04412  -0.00188752    0.0132669 -0.000448708 -0.000843096    0.0203329   -0.0114658  -0.00186137  -0.00524382 -8.47464e-06  0.114177 0.0655941  -9.80812 
             29.9009   0.105944 -0.0190026 -0.0478559  -0.007087 -0.0145547 -0.0138086 0 0 0   -0.011 -0.02329 -0.04412  0.00101697 -0.00309751 0.000813477 -0.000865284     0.020353   -0.0114618  -0.00194152  -0.00481215 -7.52571e-05  0.114228 0.0653697  -9.80812 
             29.9997   0.068866 -0.0275437  -0.021427 -0.00620924  -0.0162395  -0.0143623 0 0 0   -0.011 -0.02329 -0.04412  0.00333097 -0.00685412 -0.00159005 -0.000839676    0.0203605    -0.011481 -0.00200316 -0.00469893 1.55014e-05  0.114261 0.0653115  -9.80812 
             30.1008    0.0652006 -0.000337245   -0.0373376 -0.00983576  -0.0146423  -0.0138322 0 0 0   -0.011 -0.02329 -0.04412  -0.00816803 -0.000440497  0.000726577 -0.000836206    0.0203425   -0.0114702  -0.00167753  -0.00488732 -7.76696e-05   0.11409 0.0654055  -9.80812 
             30.2008  0.0846721 -0.0296456 -0.0271267 -0.00581066  -0.0160954  -0.0136798 0 0 0   -0.011 -0.02329 -0.04412  0.00533698 -0.00522962   0.0015156 -0.000849132    0.0203646   -0.0114766  -0.00206864  -0.00477602 -9.45942e-05  0.114294 0.0653517  -9.80812 
             30.3003  0.0740168 -0.0350472 -0.0223993 -0.00591404   -0.015649  -0.0149416 0 0 0   -0.011 -0.02329 -0.04412  0.00313947 -0.00247954 -0.00360482 -0.000842331     0.020368   -0.0114806 -0.00201766 -0.00485551  0.00011135  0.114266 0.0653925  -9.80812 
             30.4022  0.0582827  0.0166036 -0.0202931 -0.0109544 -0.0132656 -0.0157427 0 0 0   -0.011 -0.02329 -0.04412  -0.0121024  0.00557055 -0.00537982 -0.00083154   0.0203345  -0.0114825 -0.00157596  -0.0050703  0.00018405  0.114036 0.0654985  -9.80812 
             30.5009  0.0876795 0.00593811 -0.0645062 -0.00902208  -0.0120609  -0.0144987 0 0 0   -0.011 -0.02329 -0.04412 -0.00236451  0.00693777 0.000846474 -0.000852864    0.0203433   -0.0114515  -0.00183064  -0.00512538 -7.70387e-05  0.114166 0.0655306  -9.80812 
             30.5999  0.0991892 -0.0238427 -0.0238547 -0.00886564  -0.0144096   -0.014142 0 0 0   -0.011 -0.02329 -0.04412 -0.00120261 -0.00242817   0.0018259 -0.000859611    0.0203653   -0.0114791  -0.00186318  -0.00488541 -0.000119623  0.114186 0.0654083  -9.80812 
             30.7008   0.0603567  -0.0287621 -0.00421289 -0.00794053  -0.0162202  -0.0134681 0 0 0   -0.011 -0.02329 -0.04412  0.00176737 -0.00669262  0.00356803 -0.000833386    0.0203706   -0.0114937  -0.00194847  -0.00475777 -0.000192198  0.114231 0.0653437  -9.80812 
             30.8008  0.0800464 0.00268708 -0.0331228 -0.00950765  -0.0168076  -0.0130836 0 0 0   -0.011 -0.02329 -0.04412 -0.00304616 -0.00663409  0.00371973 -0.000845925    0.0203485   -0.0114732  -0.00180408  -0.00476977 -0.000194566  0.114158 0.0653483  -9.80812 
             30.9008   0.0975482 -0.00953922  0.00611641 -0.00959341  -0.0186304  -0.0131491 0 0 0   -0.011 -0.02329 -0.04412 -0.00264285  -0.0110587  0.00172669 -0.000857852    0.0203587   -0.0114984  -0.00182252  -0.00468415 -0.000137348  0.114168 0.0653053  -9.80812 
             31.0009  0.0854904 -0.0330371 -0.0438091 -0.0072937 -0.0166756  -0.013786 0 0 0   -0.011 -0.02329 -0.04412   0.00440078  -0.00237436 -0.000793804 -0.000850002    0.0203715   -0.0114724  -0.00203021  -0.00492281 -2.60947e-05  0.114268 0.0654298  -9.80812 
             31.0999  0.0820966 -0.0153307  -0.039442 -0.0124755  -0.014138 -0.0133402 0 0 0   -0.011 -0.02329 -0.04412  -0.0121294  0.00572519 0.000710619 -0.00084811   0.0203583  -0.0114753   -0.0015997  -0.00514203 -8.88263e-05  0.114047 0.0655312  -9.80812 
             31.2008  0.0978725 0.00578358 -0.0414292 -0.0102578 -0.0134056  -0.012672 0 0 0   -0.011 -0.02329 -0.04412 -0.00140628  0.00566911  0.00264845 -0.000857242    0.0203505    -0.011473  -0.00185882  -0.00515535 -0.000172312  0.114177 0.0655416  -9.80812 
             31.3009  0.0911167 -0.0187405 -0.0199785 -0.00879313  -0.0166788  -0.0140379 0 0 0   -0.011 -0.02329 -0.04412  0.00330727 -0.00581394 -0.00277698 -0.000849793    0.0203704   -0.0114881 -0.00198079 -0.00486272 4.67572e-05  0.114241 0.0653984  -9.80812 
             31.4009  0.0783106 -0.0273288 -0.0145537 -0.00766325  -0.0182009  -0.0138505 0 0 0   -0.011 -0.02329 -0.04412  0.00553408 -0.00865822 -0.00118379 -0.000838667    0.0203805   -0.0114938  -0.00204569  -0.00478949 -1.99237e-05 0.114274 0.065362 -9.80812 
             31.5008  0.0706033 0.00504321 -0.0249351 -0.0079122 -0.0147021 -0.0143431 0 0 0   -0.011 -0.02329 -0.04412  0.00372954  0.00408157 -0.00264043 -0.000834361    0.0203593   -0.0114876 -0.00198008 -0.00513044 3.56949e-05 0.114238 0.065531 -9.80812 
             31.5995   0.091642 -0.0178726 -0.0266577 -0.00947941  -0.0152458  -0.0138862 0 0 0   -0.011 -0.02329 -0.04412  -0.00196309  0.000868772 -0.000198362 -0.00084651   0.0203754  -0.0114868  -0.00182916  -0.00506122 -6.75537e-05  0.114165 0.0654942  -9.80812 
             31.7008 0.0841918 -0.020241 -0.021054 -0.00614619  -0.0152879  -0.0133858 0 0 0   -0.011 -0.02329 -0.04412  0.00838517 5.89079e-05   0.0014754 -0.000840762    0.0203782   -0.0114916  -0.00211757  -0.00504818 -0.000149457  0.114307 0.0654919  -9.80812 
             31.7999  0.0542861 0.00398109 -0.0287569 -0.00721381   -0.012576  -0.0136569 0 0 0   -0.011 -0.02329 -0.04412    0.0037436   0.00838324 -0.000272794 -0.000820645    0.0203626    -0.011486  -0.00196033  -0.00526068 -8.66381e-05  0.114227 0.0655941  -9.80812 
             31.9009    0.105615 0.000526509  -0.0338231 -0.00870106  -0.0149251  -0.0144311 0 0 0   -0.011 -0.02329 -0.04412 -0.00145569 -0.00179245 -0.00305265 -0.000852928    0.0203646   -0.0114841 -0.00180858 -0.00501561   1.937e-05  0.114156 0.0654717  -9.80812 
             32.0008  0.0914733 -0.0122234 -0.0214636 -0.0053694 -0.0154804 -0.0136699 0 0 0   -0.011 -0.02329 -0.04412  0.00894648 -0.00326636 0.000752379 -0.000843191    0.0203761    -0.011492  -0.00209178  -0.00498178 -0.000134209  0.114296 0.0654593  -9.80812 
             32.0999   0.0629266  -0.0270404 0.000507419 -0.00743224  -0.0123356  -0.0136695 0 0 0   -0.011 -0.02329 -0.04412 8.12802e-05  0.00685836 0.000331882 -0.000825189    0.0203883   -0.0115072  -0.00186043  -0.00525535 -0.000116831  0.114179 0.0655895  -9.80812 
             32.2008  0.0898985  0.0165108 -0.0413269 -0.00600664 -0.00956616  -0.0140198 0 0 0   -0.011 -0.02329 -0.04412   0.00504789    0.0124279 -0.000878773 -0.000841945    0.0203611   -0.0114801  -0.0019711 -0.00542104 -6.1799e-05   0.11423 0.0656718  -9.80811 
             32.3008  0.101557 -0.035346  -0.02876 -0.00851416  -0.0123633  -0.0137567 0 0 0   -0.011 -0.02329 -0.04412 -0.00417178  0.00028575 0.000137502 -0.00084825   0.0203983  -0.0114879  -0.00173544  -0.00510477 -0.000110692  0.114122 0.0655146  -9.80812 
             32.3991    0.09311 -0.0178215 -0.0276682 -0.00757224  -0.0143764  -0.0143292 0 0 0   -0.011 -0.02329 -0.04412 -2.61881e-06  -0.00609867  -0.00176021 -0.000841984     0.020389   -0.0114887  -0.00184309  -0.00494077 -3.12552e-05  0.114176 0.0654377  -9.80812 
             32.5008  0.0741423 0.00964577  -0.015103 -0.00941749   -0.013381  -0.0130019 0 0 0   -0.011 -0.02329 -0.04412 -0.00424339 -0.00167287  0.00325192 -0.000828554    0.0203697   -0.0114972  -0.00169241  -0.00506871 -0.000238564  0.114102 0.0654954  -9.80812 
             32.5991  0.0964168 0.00480807 -0.0435469 -0.0106199  -0.011769 -0.0127095 0 0 0   -0.011 -0.02329 -0.04412 -0.00635215  0.00293857  0.00306051 -0.000841246    0.0203737   -0.0114777  -0.00163177  -0.00521209 -0.000233061  0.114071 0.0655632  -9.80812 
             32.7009  0.0787688 -0.0299953 -0.0218956 -0.00830827   -0.014851  -0.0134085 0 0 0   -0.011 -0.02329 -0.04412    0.0020388  -0.00719542 -0.000442754 -0.000828169    0.0203991   -0.0114916  -0.00187176  -0.00494123 -9.99974e-05  0.114188 0.0654382  -9.80812 
             32.8007  0.0747021 -0.0191616   -0.05387 -0.00890007  -0.0143732  -0.0135514 0 0 0   -0.011 -0.02329 -0.04412 -0.000152158  -0.00397593 -0.000722756 -0.000825582    0.0203922   -0.0114706  -0.00180768  -0.00503593 -8.43563e-05  0.114157 0.0654825  -9.80812 
             32.8998  0.0829033  0.0227553 -0.0279395 -0.00775489  -0.0142275  -0.0137774 0 0 0   -0.011 -0.02329 -0.04412  0.00417838 -0.00261916 -0.00122502 -0.000831419     0.020366   -0.0114894  -0.00189579  -0.00507814 -6.42244e-05  0.114198 0.0655035  -9.80812 
             33.0009  0.0817926 -0.0363283 -0.0239983 -0.00962938   -0.015012    -0.01421 0 0 0   -0.011 -0.02329 -0.04412 -0.00301302 -0.00431393 -0.00238557 -0.00083173   0.0204071  -0.0114919   -0.0017198  -0.00503778 -1.91994e-05  0.114115 0.0654833  -9.80812 
             33.1008  0.0914941 -0.0187921 -0.0340295 -0.00799256  -0.0168898  -0.0151056 0 0 0   -0.011 -0.02329 -0.04412  0.00266339  -0.0089169 -0.00449532 -0.000837568    0.0203977   -0.0114856 -0.00187286 -0.00492393 7.02289e-05  0.114187 0.0654309  -9.80812 
             33.2009  0.0859335  0.0142061 -0.0242619 -0.00977428  -0.0148023  -0.0133473 0 0 0   -0.011 -0.02329 -0.04412 -0.00247144 -0.00083561  0.00289871 -0.000833341    0.0203787   -0.0114932  -0.00170595  -0.00515709 -0.000231214  0.114108 0.0655382  -9.80812 
             33.3008   0.0877235 -0.00681387  -0.0142498 -0.0111438 -0.0131999 -0.0132897 0 0 0   -0.011 -0.02329 -0.04412 -0.00558739   0.0039906  0.00231839 -0.00083424   0.0203952  -0.0114989  -0.00161805  -0.00528747 -0.000196409  0.114066 0.0655985  -9.80812 
             33.4007  0.0831818 -0.0276489 -0.0307737 -0.00834216  -0.0141388   -0.013864 0 0 0   -0.011 -0.02329 -0.04412   0.00397234  1.21142e-05 -0.000245896 -0.000830641    0.0204122   -0.0114878  -0.00189017  -0.00517487 -9.03489e-05  0.114193 0.0655499  -9.80812 
             33.4999  0.0823017 -0.0137079 -0.0337293 -0.0103778 -0.0137827 -0.0137091 0 0 0   -0.011 -0.02329 -0.04412 -0.00313578 0.000586563 0.000195766 -0.00083049   0.0204037  -0.0114867  -0.00169386  -0.00520544 -0.000116226  0.114101 0.0655611  -9.80812 
             33.5999  0.0750824  0.0161693 -0.0358572 -0.00790408  -0.0108407  -0.0142406 0 0 0   -0.011 -0.02329 -0.04412  0.00574359  0.00864258 -0.00125932 -0.000825044    0.0203847   -0.0114861  -0.00191486  -0.00542842 -4.09366e-05    0.1142 0.0656678  -9.80812 
             33.7008  0.0897156 -0.0342215 -0.0557231 -0.00806678  -0.0120054  -0.0137047 0 0 0   -0.011 -0.02329 -0.04412  0.00302361  0.00241367 0.000946837 -0.000833457    0.0204199   -0.0114731  -0.00186072  -0.00526944 -0.000133862  0.114178 0.0655935  -9.80812 
             33.8015  0.0919236 -0.0267802 -0.0354797 -0.00815882  -0.0158638   -0.013352 0 0 0   -0.011 -0.02329 -0.04412  0.00195177 -0.00998779  0.00197738 -0.00083436   0.0204156  -0.0114871  -0.00182833  -0.00494771 -0.000172197  0.114166 0.0654453  -9.80812 
             33.9008  0.0731303  0.0108136 -0.0200657 -0.00899174  -0.0162606  -0.0132427 0 0 0   -0.011 -0.02329 -0.04412 -0.000447238  -0.00827026   0.00143079 -0.000821485    0.0203932   -0.0114978   -0.0017408  -0.00499495 -0.000160404  0.114125 0.0654667  -9.80812 
             34.0007  0.0858398 -0.0135416 -0.0332671 -0.00841282  -0.0158581  -0.0137397 0 0 0   -0.011 -0.02329 -0.04412  0.000962229  -0.00499313 -0.000790238 -0.000828335    0.0204119   -0.0114899  -0.00179077  -0.00509218 -7.20399e-05  0.114148 0.0655117  -9.80812 
                34.1  0.0924449  -0.041045 -0.0135309 -0.00446123  -0.0137133  -0.0145766 0 0 0   -0.011 -0.02329 -0.04412    0.011809  0.00179698 -0.00292528 -0.0008329  0.0204297 -0.0115017 -0.00209784 -0.00529652 2.85933e-05  0.114286 0.0656067  -9.80811 
             34.1998  0.0864889 -0.0101383 -0.0430778 -0.0079395 -0.0118686 -0.0133312 0 0 0   -0.011 -0.02329 -0.04412 -0.00155142  0.00634411  0.00188593 -0.000830091    0.0204107    -0.011481  -0.00172769  -0.00543041 -0.000175276  0.114117 0.0656633  -9.80812 
             34.2992  0.0896654 0.00875416 -0.0292415  -0.0102054 -0.00968259  -0.0134667 0 0 0   -0.011 -0.02329 -0.04412 -0.00730446   0.0103516 0.000621447 -0.000834452    0.0203964   -0.0114903  -0.00155391  -0.00555425 -0.000127345  0.114037 0.0657174  -9.80812 
             34.4007  0.0678296 -0.0262127 -0.0431918 -0.00865994  -0.0141729  -0.0144708 0 0 0   -0.011 -0.02329 -0.04412 -0.000893386  -0.00553804  -0.00293518 -0.000820348    0.0204205   -0.0114821 -0.00173534 -0.00511782 1.23828e-05  0.114124 0.0655236  -9.80812 
              34.499  0.0858572 0.00165577 -0.0770413 -0.00982956  -0.0161636  -0.0141173 0 0 0   -0.011 -0.02329 -0.04412  -0.00366121   -0.0100191 -0.000808531 -0.000832488    0.0204043   -0.0114598  -0.00164616  -0.00500863 -7.78452e-05  0.114085 0.0654734  -9.80812 
             34.6008  0.0713603  0.0236381 -0.0209423 -0.0095758 -0.0174717 -0.0149761 0 0 0   -0.011 -0.02329 -0.04412 -0.00110419  -0.0109456 -0.00357783 -0.000822555    0.0203916    -0.011497 -0.00169004 -0.00498278 2.71271e-05  0.114104 0.0654622  -9.80812 
             34.7008  0.0750837 -0.0205698 -0.0548138 -0.00923274   -0.016113  -0.0139389 0 0 0   -0.011 -0.02329 -0.04412 -4.12257e-05  -0.00396868   0.00126877 -0.000825582    0.0204233   -0.0114758  -0.00172845  -0.00517599 -0.000162956  0.114123 0.0655482  -9.80812 
             34.8006   0.077433 -0.0115138 -0.0616966 -0.00714825  -0.0143307  -0.0136783 0 0 0   -0.011 -0.02329 -0.04412 0.00602065 0.00179975   0.001804 -0.000827016    0.0204185   -0.0114707  -0.00189047  -0.00534796 -0.000181898  0.114196 0.0656242  -9.80812 
             34.9007  0.0706468 0.00296868 -0.0632053 -0.00992729  -0.0136162  -0.0133568 0 0 0   -0.011 -0.02329 -0.04412 -0.00348416  0.00333775  0.00212913 -0.000824497    0.0204096   -0.0114694  -0.00162069  -0.00538973 -0.000195042  0.114077 0.0656441  -9.80812 
             34.9999  0.0738904 0.00023848 -0.0599572 -0.0111217 -0.0139915 -0.0141375 0 0 0   -0.011 -0.02329 -0.04412 -0.00586615  0.00133417 -0.00125417 -0.000826697    0.0204121   -0.0114705  -0.00155247  -0.00533552 -5.81419e-05  0.114045 0.0656204  -9.80812 
             35.1008  0.0800127  -0.011132 -0.0092946 -0.00790337  -0.0137204  -0.0141634 0 0 0   -0.011 -0.02329 -0.04412   0.00547929   0.00118689 -0.000472814 -0.000829585    0.0204205   -0.0115032  -0.00185296  -0.00534927 -7.34659e-05 0.114178 0.065623 -9.80812 
             35.2007  0.0826443 -0.0324513 -0.0548021 -0.00712992  -0.0134179  -0.0130923 0 0 0   -0.011 -0.02329 -0.04412   0.00627839 -0.000922723   0.00479041 -0.000831548    0.0204353   -0.0114713  -0.00187158  -0.00536469 -0.000221901  0.114187 0.0656301  -9.80812 
             35.3009   0.0998109  0.00316856 -0.00339705 -0.00643569  -0.0155339  -0.0143928 0 0 0   -0.011 -0.02329 -0.04412  0.00657527 -0.00259241 0.000121904 -0.000831009    0.0204121   -0.0115007 -0.00186975 -0.00517839 1.41807e-05  0.114185 0.0655484  -9.80812 
             35.4009  0.0265117 0.00575353   -0.02435 -0.00840118  -0.0172012  -0.0139265 0 0 0   -0.011 -0.02329 -0.04412  0.00169752 -0.00432853  0.00418424 -0.000822444    0.0204062   -0.0114896  -0.00165635  -0.00507484 -6.60388e-05  0.114092 0.0655025  -9.80812 
             35.5007  -0.0668276 0.000832038  -0.0391821 -0.00792428  -0.0139298  -0.0143747 0 0 0   -0.011 -0.02329 -0.04412  0.0014709 0.00432797  -0.004942 -0.000833252    0.0204139   -0.0114795 -0.00169092 -0.00535076 1.50788e-05  0.114104 0.0656223  -9.80812 
             35.5999   -0.387105 -0.00353729  -0.0442418 -0.00966495 -0.00980768  -0.0142624 0 0 0   -0.011 -0.02329 -0.04412 -0.00469369  0.00403413 -0.00585586 -0.000826063     0.020419   -0.0114814  -0.00153398  -0.00567275 -4.48186e-05  0.114033 0.0657616  -9.80812 
             35.7007  -0.131829 0.00934358 -0.0536684 -0.00887064  -0.0068519  -0.0147802 0 0 0   -0.011 -0.02329 -0.04412 0.00436219 0.00883768 0.00435669 -0.00086351   0.0204096  -0.0114789  -0.0016049  -0.0058574 3.40665e-05  0.114061 0.0658323  -9.80812 
             35.8007     0.183395 -0.000697049   -0.0186328 -0.00648286 -0.00872114  -0.0124563 0 0 0   -0.011 -0.02329 -0.04412  0.0100233 0.00221453   0.010222 -0.000855998    0.0204277   -0.0114984  -0.00175601  -0.00558825 -0.000181218   0.11413 0.0657528  -9.80812 
             35.9006    0.389765 -0.00978662  -0.0261599 -0.00712872  -0.0111437  -0.0136483 0 0 0   -0.011 -0.02329 -0.04412  0.00577975 0.000623059  0.00120823 -0.000862612    0.0204327   -0.0114875 -0.00162485  -0.0054214 0.000156224   0.11407 0.0656491  -9.80812 
             36.0015   0.663547 0.00335303 -0.0511191 -0.00667238  -0.0173763  -0.0130271 0 0 0   -0.011 -0.02329 -0.04412  0.00626676 -0.00718289  0.00560961 -0.00084838   0.0204139  -0.0114673 -0.00161124  -0.0049376 0.000119835  0.114069 0.0654412  -9.80812 
             36.1007    0.600753 -0.00218031   0.0216307 -0.00827455  -0.0181832  -0.0127934 0 0 0   -0.011 -0.02329 -0.04412  6.865e-05 -0.0127365 0.00453605 -0.000835593    0.0204193   -0.0115128 -0.00143437 -0.00493006 0.000143481  0.113994 0.0654425  -9.80812 
             36.2009   0.101168 0.00219546 -0.0810964 -0.00666717  -0.0167223  -0.0121133 0 0 0   -0.011 -0.02329 -0.04412 0.00456336 -0.0069011    0.00463 -0.000814991    0.0204313   -0.0114493 -0.00156299   -0.005142  0.00011469  0.114047 0.0655252  -9.80812 
             36.3008  -0.118364 0.00663804 -0.0626816 -0.00698902  -0.0175652  -0.0132075 0 0 0   -0.011 -0.02329 -0.04412  0.00212949 -0.00658552 -0.00299984 -0.00081315   0.0204213  -0.0114634 -0.00149682 -0.00509414 0.000336231  0.114016 0.0655517  -9.80812 
             36.4007   -0.282291 -0.00632152  -0.0870738 -0.00998541  -0.0170046  -0.0138308 0 0 0   -0.011 -0.02329 -0.04412 -0.00231185 -0.00411292 -0.00714693 -0.000799405    0.0204241   -0.0114464 -0.00122376 -0.00518105 0.000334413  0.113901 0.0655854  -9.80812 
             36.4999  -0.392265 -0.0155627 0.00032283 -0.00986775  -0.0134845  -0.0152672 0 0 0   -0.011 -0.02329 -0.04412 -0.00127256 -0.00342189 -0.00825734 -0.000816253    0.0204384   -0.0114995 -0.00126129 -0.00552715 0.000433802  0.113918 0.0657248  -9.80812 
             36.6007  -0.277264 -0.0254504  0.0124647 -0.0104417 -0.0148509 -0.0153271 0 0 0   -0.011 -0.02329 -0.04412 -0.00536581 -0.00293887 -0.00812704 -0.000842088    0.0204433   -0.0115076 -0.00123655 -0.00540003  0.00032179  0.113908 0.0656928  -9.80812 
             36.7007  -0.128513  0.0187283 -0.0555859 -0.00841677  -0.0142145  -0.0149068 0 0 0   -0.011 -0.02329 -0.04412  0.00307669  0.00709594 -0.00422228 -0.000823817     0.020417   -0.0114589  -0.0014215 -0.00544183 0.000181873 0.113985 0.065746 -9.80812 
             36.7999   0.0361446 -0.00327381  -0.0233813 -0.00508249  -0.0107903  -0.0132763 0 0 0   -0.011 -0.02329 -0.04412  0.0132489  0.0100338 0.00718133 -0.000838741    0.0204358   -0.0114775  -0.00165409  -0.00568072 -3.20594e-05  0.114079 0.0658932  -9.80812 
             36.9008   0.157496 -0.0150051 -0.0991255 -0.00216689 -0.00763211  -0.0140882 0 0 0   -0.011 -0.02329 -0.04412  0.0161221 0.00689728 0.00310843 -0.000852412    0.0204433   -0.0114364 -0.00178266  -0.0058837 0.000150659  0.114128 0.0659529  -9.80811 
             37.0007   0.263065 -0.0262492 -0.0767312 -0.00314888  -0.0130979  -0.0141266 0 0 0   -0.011 -0.02329 -0.04412   0.00886059  -0.00739393 -0.000757628 -0.000835112    0.0204449    -0.011452 -0.00158136 -0.00546257 0.000202419  0.114048 0.0657761  -9.80812 
             37.1009    1.02176 -0.0281733 -0.0411288 -0.0109568  -0.017286 -0.0140576 0 0 0   -0.011 -0.02329 -0.04412 -0.00982896 -0.00595159  0.00451927 -0.000874751    0.0204166   -0.0114766 -0.000882212  -0.00517296   0.00020786  0.113759 0.0656671  -9.80812 
             37.2009    1.09906 -0.0559075 -0.0511047 -0.00728122  -0.0176217  -0.0125641 0 0 0   -0.011 -0.02329 -0.04412 0.00192283 -0.0070438 0.00735312 -0.000834696    0.0204416   -0.0114683  -0.00126681  -0.00523759 -1.58202e-05  0.113915 0.0656311  -9.80812 
             37.3006   0.697137 -0.0532711 -0.0835884 -0.00661543  -0.0202937  -0.0153514 0 0 0   -0.011 -0.02329 -0.04412  0.00293696 -0.00977423 -0.00466337 -0.000825115    0.0204561    -0.011446  -0.0013013 -0.00490422 0.000443015  0.113932 0.0656881  -9.80812 
             37.4008  0.0132476  0.0187215 -0.0811219 -0.00713359  -0.0172375  -0.0147485 0 0 0   -0.011 -0.02329 -0.04412 0.000580326 -0.00573255  -0.0017893 -0.00078049   0.0204301   -0.011449 -0.00123053 -0.00532999 0.000334125   0.11391 0.0658116  -9.80812 
             37.5008 0.00813319  0.0194988 -0.0570176 -0.0055381  -0.015236  -0.015072 0 0 0   -0.011 -0.02329 -0.04412    0.005807 -0.00174202 0.000849209 -0.000814362     0.020432   -0.0114699 -0.00134077 -0.00551836 0.000380121   0.11396 0.0659013  -9.80812 
             37.6006 -0.0488208 -0.0419427 -0.0601583 -0.00346258  -0.0128782  -0.0155146 0 0 0   -0.011 -0.02329 -0.04412   0.0110379  0.00157709 -0.00296981 -0.00082394    0.020466  -0.0114676 -0.00145361 -0.00570791 0.000428003   0.11401 0.0659837  -9.80812 
             37.7008   0.012036 -0.0349138  -0.093721 -0.0030353 -0.0141055 -0.0159977 0 0 0   -0.011 -0.02329 -0.04412    0.0077394 -0.000269968  -0.00435992 -0.000827488    0.0204669   -0.0114483 -0.00141414 -0.00556878 0.000468456  0.113991 0.0659283  -9.80812 
             37.8008 0.0338571 0.0173804 -0.060783 -0.0088491 -0.0137406 -0.0153327 0 0 0   -0.011 -0.02329 -0.04412 -0.0104871 0.00228349 0.00385577 -0.000830053    0.0204349   -0.0114671 -0.000879586  -0.00559562  0.000352659  0.113778 0.0659525  -9.80812 
             37.9007   0.0870525 -0.00300388  -0.0670186 -0.00952582  -0.0121215  -0.0117981 0 0 0   -0.011 -0.02329 -0.04412     -0.01038 -1.59947e-05    0.0889132 -0.000829936    0.0204493   -0.0114628 -0.000920749  -0.00572184  0.000200685  0.113797 0.0660133  -9.80812 
             38.0008   0.372576  -0.149146 -0.0724734 -0.0076612 -0.0143457  0.0114245 0 0 0   -0.011 -0.02329 -0.04412   0.0118185 -0.00459927    0.483228 -0.000837172    0.0204592    -0.011467 -0.00108804 -0.00556988 0.000340127   0.11386 0.0659418  -9.80812 
             38.1008    0.596878    0.081799 -0.00682974 -0.00844156  -0.0147859   0.0852067 0 0 0   -0.011 -0.02329 -0.04412  0.00941103 -0.00393791    0.873949 -0.000830782    0.0204163   -0.0114702 -0.000926466    -0.005576 -0.000268909 0.113784 0.065936 -9.80812 
             38.2006   0.479965  -0.215961 -0.0365427 -0.00126452   -0.014657     0.18271 0 0 0   -0.011 -0.02329 -0.04412  0.0213663 0.00393652   0.969066 -0.000814086    0.0204644    -0.011441  -0.00143519  -0.00566671 -0.000881751  0.113975 0.0658754  -9.80812 
             38.3008   0.412842   -1.40702 -0.0334908 -0.00475847  -0.0167418    0.281646 0 0 0   -0.011 -0.02329 -0.04412    -0.011654 -0.000350221      0.99539 -0.000823581    0.0204742   -0.0114684 -0.00110325 -0.00550163 -0.00103102  0.113836 0.0657798  -9.80812 
             38.4008   0.149481    -2.6423 -0.0784641 -0.0135841 -0.0135421   0.378955 0 0 0   -0.011 -0.02329 -0.04412 -0.0491133    0.01577    1.00838 -0.000816212    0.0204739   -0.0114843 -0.000525802   -0.0056367  -0.00062276   0.11375 0.0659281  -9.80812 
             38.5007 -0.0243746   -2.53564  -0.137696 -0.0186137 -0.0123706   0.474844 0 0 0   -0.011 -0.02329 -0.04412 -0.058052 0.0226473   1.00802 -0.000801877    0.0204036   -0.0114802 -0.000127639  -0.00548416  0.000102967  0.114203 0.0659957  -9.80811 
             38.6019 0.0532941 -0.915604  -0.11068  -0.0254351 -0.00549287    0.573003 0 0 0   -0.011 -0.02329 -0.04412 -0.050671 0.0359642    1.0129 -0.000834145    0.0203025   -0.0114868 0.000357222 -0.00580696 0.000508959  0.114529 0.0661538  -9.80811 
             38.7007 0.389422 0.836395 -0.16704  -0.0269707 -0.00393612    0.670882 0 0 0   -0.011 -0.02329 -0.04412 -0.0184325  0.0238803    1.00873 -0.000844218    0.0203091   -0.0114479  0.00055205 -0.00567969  0.00098593     0.115 0.0661019   -9.8081 
             38.8006   1.07273   1.67418 -0.222661 -0.0224034 -0.0030377   0.769292 0 0 0   -0.011 -0.02329 -0.04412  0.0299842 0.00774445    1.00856 -0.000869655    0.0203602   -0.0114182 0.000385944 -0.00560454  0.00142558  0.115329 0.0660726   -9.8081 
             38.9008   1.57694   1.79858 -0.243079  -0.0153322 -0.00414067    0.868718 0 0 0   -0.011 -0.02329 -0.04412   0.0553338 0.000519122    0.951918 -0.000870916    0.0204248   -0.0114189 0.000135312 -0.00547649  0.00158388  0.115404 0.0660392   -9.8081 
             39.0007   1.40872  0.638485 -0.214088 -0.00854917 -0.00974947    0.950151 0 0 0   -0.011 -0.02329 -0.04412  0.0692542 -0.0150466   0.634484 -0.000834128    0.0204662    -0.011462 0.000113678 -0.00509693    0.001458  0.115459 0.0658196   -9.8081 
             39.1006 0.0626483  -1.41594 -0.304129  -0.0045563 -0.00771968    0.999162 0 0 0   -0.011 -0.02329 -0.04412    0.056755 0.000152491    0.322475 -0.000784256    0.0205132   -0.0114602  0.00038253 -0.00534864  0.00141531  0.115429 0.0659159   -9.8081 
             39.2008 -0.740126  -2.23834 -0.255635 -0.00461434 -0.00365634     1.01571 0 0 0   -0.011 -0.02329 -0.04412  0.032588 0.0200848 0.0162971 -0.000818161    0.0204606   -0.0114966 0.000780095 -0.00549445  0.00161953  0.115255 0.0661533   -9.8081 
             39.3007 -0.740271  -2.13174 -0.209014 -0.00627331  0.00401418     1.00002 0 0 0   -0.011 -0.02329 -0.04412 0.0117351 0.0409879 -0.281041 -0.000854471    0.0203984   -0.0115095  0.00133741 -0.00580582  0.00210607   0.11531 0.0664078   -9.8081 
             39.4007 -0.0134508   -1.33187  -0.265546 -0.00502457  0.00743314    0.958699 0 0 0   -0.011 -0.02329 -0.04412 0.00830213  0.0403227   -0.49048 -0.000892243    0.0203483   -0.0114578   0.0015667 -0.00579533  0.00245359  0.115541 0.0663266   -9.8081 
             39.5008  0.990175 -0.398219  -0.19947 0.00136223 0.00663513   0.905459 0 0 0   -0.011 -0.02329 -0.04412  0.028788 0.0207429 -0.560847 -0.000910504    0.0203694   -0.0114766  0.00112913 -0.00550094  0.00249897   0.11569 0.0661336  -9.80809 
             39.6007   1.54939  0.111236 -0.219311 0.000391558  0.00868808    0.853777 0 0 0   -0.011 -0.02329 -0.04412 0.00647827 0.00128703  -0.526418 -0.000882278    0.0203774   -0.0114464  0.00104854 -0.00554916  0.00199574  0.115306 0.0662156   -9.8081 
             39.7006    1.7541 -0.513146 -0.180522 0.000579134  0.00334459    0.808979 0 0 0   -0.011 -0.02329 -0.04412 0.00125582 -0.0260482  -0.413255 -0.000869942    0.0204327   -0.0114846 0.000881512 -0.00528366  0.00153443 0.115101 0.065961  -9.8081 
             39.8008   1.44569  -1.36253 -0.245285 0.00120394 0.00367781   0.776651 0 0 0   -0.011 -0.02329 -0.04412 -0.0104885 -0.0283701   -0.27466 -0.000837783    0.0204493   -0.0114796 0.000763087 -0.00576625  0.00116925  0.115088 0.0658739   -9.8081 
             39.9007  0.989618  -1.83679 -0.274287 0.000718926  0.00395122    0.758456 0 0 0   -0.011 -0.02329 -0.04412 -0.0257361 -0.0223015  -0.137699 -0.000828723    0.0204462   -0.0114795 0.000573237 -0.00629326 0.000776974  0.115052 0.0657113  -9.80811 
             40.0006  0.648503  -1.80967 -0.249293  -0.00183666 -0.000330867     0.751104 0 0 0   -0.011 -0.02329 -0.04412 -0.0389864 -0.0269429 -0.0212807 -0.000825993     0.020391   -0.0114929 0.000421684 -0.00623905 0.000641636  0.115003 0.0655708  -9.80811 
             40.1009 0.524329 -1.54524  -0.1967 -0.00599386 -0.00126684    0.753699 0 0 0   -0.011 -0.02329 -0.04412 -0.0545652 -0.0207575  0.0702149 -0.00084626   0.0203888  -0.0114956 0.000375455 -0.00638479 0.000637882  0.115035 0.0656137  -9.80811 
             40.2007 0.253918 -1.42684  -0.2019 -0.00752486 0.000509417    0.761367 0 0 0   -0.011 -0.02329 -0.04412  -0.0498469 -0.00199376    0.126207 -0.000842392    0.0204032   -0.0114778 0.000311309 -0.00658102 0.000981715  0.115427 0.0657935   -9.8081 
             40.3006   0.16467  -1.21562 -0.184556  -0.0134748 -0.00222024    0.773587 0 0 0   -0.011 -0.02329 -0.04412   -0.057676 -0.00765396    0.144674 -0.000857582    0.0203977   -0.0114749 0.000512801  -0.0063438  0.00121768  0.115556 0.0657735   -9.8081 
             40.3998   0.27509 -0.585339 -0.158524 -0.0225293  -0.007765   0.783651 0 0 0   -0.011 -0.02329 -0.04412  -0.057812 -0.0138355   0.129972 -0.000867782    0.0203838   -0.0114861  0.00110516 -0.00590232  0.00181025  0.115801 0.0657062   -9.8081 
             40.5007   0.241589 0.00754084  -0.135382  -0.0278025 -0.00772661    0.791639 0 0 0   -0.011 -0.02329 -0.04412  -0.0380578 -0.00520902   0.0945888 -0.000864794    0.0203948   -0.0114748 0.00137532 -0.0059856 0.00230714   0.11603 0.0657651  -9.80809 
             40.6007 0.0442064   0.94073 -0.125197 -0.0290286 -0.0115716   0.798079 0 0 0   -0.011 -0.02329 -0.04412  0.00101069 -0.00377631   0.0596026 -0.00086714   0.0203794  -0.0114723  0.00133513 -0.00570248  0.00250736  0.116086 0.0656631  -9.80809 
             40.7008  -0.17026   1.79467 -0.168591  -0.0282434 -0.00858844    0.803093 0 0 0   -0.011 -0.02329 -0.04412 0.0326204  0.016748 0.0311157 -0.000851515    0.0203978    -0.011456  0.00141218 -0.00593407  0.00240898  0.116085 0.0657511  -9.80809 
             40.8007 -0.335637   1.86142 -0.183854    -0.02274 -0.00561926    0.802792 0 0 0   -0.011 -0.02329 -0.04412   0.0670023    0.030275 -0.00154892 -0.00085868    0.020425  -0.0114536  0.00124208 -0.00600489  0.00266839 0.115995 0.065755 -9.80809 
             40.9006 -0.312652   1.18502  -0.21978   -0.0148961 -0.000127778     0.801453 0 0 0   -0.011 -0.02329 -0.04412  0.0894183  0.0469845 -0.0164991 -0.000896539    0.0204658   -0.0114329   0.0012344 -0.00615505  0.00271416  0.115963 0.0658027  -9.80809 
             40.9997 -0.0736013   0.444505  -0.205923 -0.00899038  0.00429094    0.800173 0 0 0   -0.011 -0.02329 -0.04412  0.0862537  0.0483272 -0.0174867 -0.000891468    0.0204864   -0.0114355  0.00156244 -0.00609879  0.00265372 0.115913 0.065822 -9.80809 
             41.1007    0.4248 -0.660951 -0.126436 -0.0102381 0.00595452   0.797507 0 0 0   -0.011 -0.02329 -0.04412  0.0616597  0.0329991 -0.0250534 -0.000893124     0.020495    -0.011496  0.00221495 -0.00582889  0.00276712  0.115581 0.0657758   -9.8081 
             41.2007 0.982702 -1.61335  -0.1661 -0.00422283   0.0107912    0.795661 0 0 0   -0.011 -0.02329 -0.04412  0.0444467   0.026663 -0.0226896 -0.000900926    0.0204985   -0.0114978  0.00219598 -0.00598037  0.00270246  0.115626 0.0658301   -9.8081 
             41.3006   1.32986  -1.65551 -0.183823 -0.00125341    0.010353    0.794925 0 0 0   -0.011 -0.02329 -0.04412  0.0257965 0.00810386 -0.0112111 -0.000878752    0.0205264   -0.0114934  0.00220562 -0.00580184  0.00253941   0.11557 0.0657445   -9.8081 
             41.4007  1.55299 -1.65818 -0.21592 0.00342912 0.00783527   0.795452 0 0 0   -0.011 -0.02329 -0.04412  0.0148795 -0.0130408 0.00234288 -0.000877727    0.0204891   -0.0114768  0.00187132 -0.00569588  0.00234445  0.115539 0.0655993   -9.8081 
             41.5009   1.36941  -1.73662 -0.197241 0.00905961 0.00525133   0.794024 0 0 0   -0.011 -0.02329 -0.04412  0.0102808  -0.025714 0.00779195 -0.000856416    0.0204916   -0.0114954  0.00167714 -0.00554166  0.00259701  0.115831 0.0656787   -9.8081 
             41.5998  0.937669    -1.826 -0.151979 0.00981093 0.00784655   0.791854 0 0 0   -0.011 -0.02329 -0.04412 -0.00895599  -0.0158671  0.00149933 -0.000849517    0.0204859   -0.0115213 0.00195518 -0.0057322 0.00299551  0.116182 0.0660481  -9.80809 
             41.7006   0.58576  -2.03366 -0.199873 0.00201488 0.00697543   0.791111 0 0 0   -0.011 -0.02329 -0.04412 -0.0416764 -0.0165983  0.0015827 -0.000853104    0.0204896   -0.0114949  0.00253462 -0.00567546  0.00311793  0.116123 0.0661635  -9.80809 
             41.8006  0.517728  -1.79389 -0.214744 0.00304294 0.00657957   0.790617 0 0 0   -0.011 -0.02329 -0.04412  -0.0403691 -0.00807695  0.00966624 -0.000863383    0.0204463    -0.011496   0.0022293 -0.00570482  0.00326066  0.116389 0.0662159  -9.80809 
             41.8998  0.543631  -1.12684 -0.187955 -0.00334364  0.00468867     0.79196 0 0 0   -0.011 -0.02329 -0.04412  -0.0646315 -0.00765882   0.0275758 -0.000866167    0.0204192   -0.0115059   0.0023775 -0.00560428  0.00330284  0.116379 0.0662072  -9.80809 
             42.0007  0.624651 -0.836983 -0.208976 -0.0111801 0.00602136   0.791652 0 0 0   -0.011 -0.02329 -0.04412   -0.065287 -0.00408679   0.0259602 -0.000886647     0.020433   -0.0114814  0.00280485 -0.00569369  0.00371075  0.116639 0.0663617  -9.80808 
             42.1007  0.625045 -0.656863 -0.143648 -0.0188878 0.00120679   0.790294 0 0 0   -0.011 -0.02329 -0.04412 -0.0616985 -0.0178465  0.0156725 -0.000876735    0.0204437   -0.0115153  0.00316623 -0.00526671  0.00420158  0.116845 0.0663434  -9.80808 
              42.201  0.607685 0.0358759 -0.144629  -0.0236779 -0.00181611    0.787736 0 0 0   -0.011 -0.02329 -0.04412  -0.0401454   -0.020102 0.000542461 -0.000869513    0.0204013   -0.0115068   0.0033436 -0.00506201    0.004707  0.117033 0.0663982  -9.80808 
             42.3007  0.446545  0.772665 -0.220331  -0.0209683 0.000955707    0.786083 0 0 0   -0.011 -0.02329 -0.04412  0.00218618 -0.00168794  0.00369724 -0.000874358     0.020423    -0.011463  0.00302523 -0.00537189  0.00497273   0.11724 0.0665411  -9.80807 
             42.4007 0.0864956   1.31129 -0.252329 -0.0132587 0.00235938   0.786283 0 0 0   -0.011 -0.02329 -0.04412  0.0454146 0.00377466  0.0043985 -0.000859217    0.0204331   -0.0114456  0.00255234 -0.00551187  0.00500398  0.117417 0.0665558  -9.80807 
             42.5008  0.160017  0.759555 -0.132429 -0.0140413 0.00166058   0.789557 0 0 0   -0.011 -0.02329 -0.04412  0.044402 0.0056931  0.015548 -0.000890339    0.0204907   -0.0115115     0.00311 -0.00542455  0.00467301  0.117377 0.0665199  -9.80807 
             42.6007  0.454026 -0.367961 -0.145448  -0.0188079 -0.00056073    0.791729 0 0 0   -0.011 -0.02329 -0.04412   0.0256342 0.000237202   0.0203241 -0.000900255     0.020519   -0.0115071  0.00382387 -0.00515881  0.00459216  0.117166 0.0664934  -9.80807 
             42.7007  0.656183 -0.962098 -0.178968    -0.013447 -0.000275231     0.793184 0 0 0   -0.011 -0.02329 -0.04412  0.0299977 0.00115893  0.0203773 -0.000906581    0.0205082   -0.0114873  0.00357116 -0.00519665  0.00466584  0.117219 0.0664902  -9.80807 
             42.7998  0.559836 -0.730852 -0.180647 -0.00624719 -0.00110719    0.794387 0 0 0   -0.011 -0.02329 -0.04412   0.0409953 -0.00317087   0.0147851 -0.00088428   0.0204815  -0.0114847  0.00324063 -0.00516155  0.00474067  0.117319 0.0664622  -9.80807 
             42.9008  0.512123 -0.664736 -0.165664 -0.00206989 -0.00159224    0.793089 0 0 0   -0.011 -0.02329 -0.04412    0.0400165  -0.00475793 -0.000671791 -0.000870434    0.0204651   -0.0114903  0.00328031 -0.00511417  0.00502494  0.117366 0.0665064  -9.80807 
             43.0006  0.425245 -0.886354 -0.170198    0.0020845 -0.000506869     0.791296 0 0 0   -0.011 -0.02329 -0.04412   0.0325363  0.00182084 0.000273155 -0.00087704   0.0204976  -0.0114808  0.00332304 -0.00516874  0.00524706  0.117438 0.0665758  -9.80807 
             43.1007   0.27261  -1.22652 -0.161802 0.000137089  0.00140459    0.792702 0 0 0   -0.011 -0.02329 -0.04412 0.00794018 0.00368963  0.0114021 -0.000883152    0.0204833   -0.0114856  0.00363039 -0.00530513  0.00508865  0.117278 0.0666128  -9.80807 
             43.2028  0.344841  -1.82743 -0.141597 -0.000621997   0.00137279     0.791448 0 0 0   -0.011 -0.02329 -0.04412  -0.0109665  0.00204512 0.000418765 -0.000894736    0.0205127   -0.0114985  0.00380471 -0.00524449  0.00535498  0.117363 0.0666411  -9.80807 
             43.2998   0.625677   -1.47112 -0.0841627 -0.00477373  0.00238618    0.793282 0 0 0   -0.011 -0.02329 -0.04412  -0.0219397 0.000520848   0.0110595 -0.000890529    0.0204416   -0.0115303  0.00392565 -0.00530677  0.00515132   0.11718 0.0666501  -9.80807 
             43.4008  0.779633 -0.845576 -0.115492 -0.00730401  0.00393109    0.792384 0 0 0   -0.011 -0.02329 -0.04412   -0.0239032  -0.00553317 -0.000899149 -0.000899265     0.020438   -0.0115046  0.00409103 -0.00543655  0.00540615  0.117346 0.0667352  -9.80807 
             43.5007  0.806994  -0.35273 -0.145317 -0.00750524  -0.0012892    0.790344 0 0 0   -0.011 -0.02329 -0.04412 -0.0168556 -0.0241833 -0.0115118 -0.00087566   0.0204387  -0.0114911  0.00402625 -0.00509059  0.00560892  0.117504 0.0666636  -9.80807 
             43.6006  0.880412 -0.155932 -0.140128 -0.00632116 -0.00411454    0.792224 0 0 0   -0.011 -0.02329 -0.04412   0.00304899   -0.0237992 -0.000957103 -0.000879361    0.0204363   -0.0114779  0.00369845 -0.00518757   0.0052338  0.117424 0.0665641  -9.80807 
             43.7008   0.48066 -0.176628 -0.071531 -0.00496561 -0.00622482    0.792715 0 0 0   -0.011 -0.02329 -0.04412  0.0085724 -0.0198338  0.0011901 -0.000860463    0.0204763   -0.0115081  0.00360425 -0.00522182  0.00518044 0.117443 0.066551 -9.80807 
             43.8006 -0.00783762   -0.509745    -0.14804  -0.00341707 -0.000669902     0.793084 0 0 0   -0.011 -0.02329 -0.04412 0.00651496  0.0114275 0.00557602 -0.000866732    0.0204641   -0.0114691  0.00354118 -0.00576546   0.0052153 0.117488 0.066737 -9.80807 
             43.9006 -0.226051  -1.15513 -0.108941 -0.00637455  0.00503106    0.792398 0 0 0   -0.011 -0.02329 -0.04412 -0.00635893   0.0303673  0.00335429 -0.000891893    0.0204535   -0.0114982  0.00381808 -0.00608134  0.00537658  0.117422 0.0668764  -9.80807 
             43.9998   0.105703   -1.59001 -0.0552266 -0.0137145 0.00641011   0.793724 0 0 0   -0.011 -0.02329 -0.04412 -0.0277996  0.0256116 0.00724856 -0.000907074    0.0204658   -0.0115231  0.00425396 -0.00595919  0.00525266  0.117246 0.0668513  -9.80807 
             44.1014   0.670053   -1.23425 -0.0956262 -0.0146267 0.00805065   0.792934 0 0 0   -0.011 -0.02329 -0.04412 -0.0246631  0.0177778 0.00259129 -0.000916332    0.0204242   -0.0114971   0.0041524 -0.00593555  0.00542506  0.117365 0.0668232  -9.80807 
             44.2006     1.0875  -0.454901 -0.0884397  -0.015452 0.00648714   0.795217 0 0 0   -0.011 -0.02329 -0.04412  -0.0228302 0.000276053   0.0172237 -0.000905013    0.0203978   -0.0114801 0.00391833 -0.0057073 0.00523775  0.117312 0.0667466  -9.80807 
             44.3007    1.28351  0.0880416 -0.0289325  -0.0117743 0.000457221    0.795857 0 0 0   -0.011 -0.02329 -0.04412 0.00149238 -0.0226645  0.0121925 -0.000895376    0.0204212   -0.0114937  0.00356935 -0.00523859  0.00539087  0.117505 0.0666242  -9.80807 
             44.4007     1.08063  -0.0144092 0.000783962  -0.00756713 -0.000422089     0.792541 0 0 0   -0.011 -0.02329 -0.04412   0.0155426  -0.0209152 -0.00415976 -0.000875157    0.0204727   -0.0115073  0.00343478 -0.00515883  0.00593919  0.117708 0.0668431  -9.80807 
             44.5006  0.531551 -0.640485 -0.074144 -0.00767523 0.000815016    0.788913 0 0 0   -0.011 -0.02329 -0.04412 0.00491955 -0.0110881 -0.0170349 -0.000846169    0.0204807   -0.0114835 0.00355961 -0.0052425 0.00630772  0.117687 0.0670765  -9.80806 
             44.5998   0.137675   -1.63672 -0.0998826 -0.0130052 0.00479241   0.786998 0 0 0   -0.011 -0.02329 -0.04412 -0.0149065 0.00415011 -0.0149906 -0.000870919    0.0204928   -0.0114922  0.00398298 -0.00560057  0.00634066  0.117544 0.0671965  -9.80807 
             44.7006   0.101852   -1.67383 -0.0532403 -0.0223269  0.0027853   0.787917 0 0 0   -0.011 -0.02329 -0.04412  -0.0372874 0.000385331  0.00116441 -0.00087521   0.0204424  -0.0115357  0.00449795 -0.00544738  0.00607629  0.117299 0.0670583  -9.80807 
             44.8005   0.401248  -0.758494 -0.0803804 -0.0261702 0.00293574   0.788863 0 0 0   -0.011 -0.02329 -0.04412 -0.0232879 0.00286246  0.0118267 -0.000887086    0.0203846    -0.011526  0.00455929 -0.00544144  0.00604982  0.117265 0.0670522  -9.80807 
             44.9007   0.60046  0.967351 -0.103004 -0.0218598 0.00333339   0.788581 0 0 0   -0.011 -0.02329 -0.04412   0.019062 0.00437899  0.0113859 -0.000898567    0.0203451   -0.0114867  0.00429088 -0.00542742  0.00629496    0.1175 0.0670647  -9.80807 
             45.0006   0.711025    1.92947 -0.0716841  -0.016301 0.00836837   0.788299 0 0 0   -0.011 -0.02329 -0.04412 0.0543092 0.0158918 0.0155964 -0.00090454   0.0203966  -0.0114963  0.00415304 -0.00575273   0.0065193  0.117593 0.0671882  -9.80806 
             45.0997  0.853084   1.25858 -0.110698 -0.00236489   0.0059167    0.788353 0 0 0   -0.011 -0.02329 -0.04412   0.0888018 -0.00187576  0.00468998 -0.000898212     0.020497   -0.0114875  0.00356471 -0.00544882   0.0066602   0.11773 0.0671145  -9.80806 
             45.1997    1.03048 -0.0931827  -0.174961 0.00308611  0.0027175   0.791233 0 0 0   -0.011 -0.02329 -0.04412  0.0782068 -0.0191419  0.0057618 -0.000890464    0.0205249    -0.011488  0.00403056 -0.00531235  0.00634128  0.117842 0.0669832  -9.80806 
             45.3006   1.0416 -1.89357 -0.21581  0.00288842 -0.00528356     0.79348 0 0 0   -0.011 -0.02329 -0.04412  0.0471253 -0.0347687 0.00467197 -0.000883717    0.0205328   -0.0115034  0.00468412 -0.00489909  0.00612772 0.117771 0.066787 -9.80807 
             45.4006  0.659004  -2.58916 -0.159376 -0.000221547  -0.00664072     0.794123 0 0 0   -0.011 -0.02329 -0.04412 0.00105959 -0.0221115   0.012812 -0.000863035    0.0204967   -0.0115442 0.00516331 -0.0050094 0.00618021  0.117629 0.0668727  -9.80807 
             45.5007 -0.0149405   -2.23422  -0.133962 -0.00596611 -0.00361241    0.794841 0 0 0   -0.011 -0.02329 -0.04412 -0.0251691  0.0011923    0.02041 -0.000832341    0.0204223   -0.0115386  0.00561653 -0.00532531  0.00629935 0.117596 0.067048 -9.80807 
             45.6007 -0.375147  -1.41865 -0.115482  -0.0022894 -0.00236186    0.795028 0 0 0   -0.011 -0.02329 -0.04412 -0.0113034  0.0148407  0.0158329 -0.000855983     0.020387    -0.011522  0.00533314 -0.00536886  0.00654373   0.11795 0.0670895  -9.80806 
             45.7006 -0.089542 -0.255976 -0.110985  0.00215972 -0.00191357     0.79434 0 0 0   -0.011 -0.02329 -0.04412  0.0123622  0.0170266 0.00719937 -0.000904242    0.0203874   -0.0115039  0.00518747 -0.00528623   0.0068155  0.118299 0.0670427  -9.80806 
             45.8008   0.241877   0.392439 -0.0892118   0.0109607 -0.00108287    0.790351 0 0 0   -0.011 -0.02329 -0.04412   0.034428 0.00994449 -0.0232002 -0.000906986    0.0204254   -0.0115116  0.00497322 -0.00530429  0.00735973 0.118807 0.066941 -9.80805 
             45.9007   0.460876   -0.22698 -0.0979833   0.009411 0.00127659   0.790172 0 0 0   -0.011 -0.02329 -0.04412   0.0256273   0.0170346 -0.00733406 -0.000895932    0.0204574   -0.0114995  0.00533804 -0.00535162  0.00715086   0.11862 0.0669978  -9.80805 
             46.0006    0.49658   -1.15976 -0.0910265 0.00572313 0.00237322   0.790366 0 0 0   -0.011 -0.02329 -0.04412 -0.000875764    0.0153716    0.0056714 -0.000878895    0.0204611   -0.0115326  0.00578409 -0.00529803  0.00707917   0.11847 0.0669947  -9.80806 
             46.1008   0.587617   -1.86387 -0.0488958 0.00417526 0.00250458   0.793184 0 0 0   -0.011 -0.02329 -0.04412 -0.0280747  0.0100254   0.018407 -0.000881806    0.0204698   -0.0115662  0.00578237 -0.00521903  0.00680616  0.118435 0.0669523  -9.80806 
             46.2007  0.683603  -2.40769 -0.150276 -0.00277497  0.00784846    0.794749 0 0 0   -0.011 -0.02329 -0.04412 -0.0604592  0.0144374  0.0134564 -0.00088272   0.0204647  -0.0115254  0.00601709 -0.00557192  0.00678398 0.118359 0.067058 -9.80806 
             46.3006  0.788294  -2.50654 -0.117163 -0.00895545  0.00934053    0.793264 0 0 0   -0.011 -0.02329 -0.04412 -0.0741114  0.0092295 0.00434942 -0.000882566    0.0204528   -0.0115409  0.00620688 -0.00550712  0.00712687  0.118595 0.0671207  -9.80805 
             46.4008   0.927473   -1.62571 -0.0940381 -0.0220952 0.00883518   0.792106 0 0 0   -0.011 -0.02329 -0.04412   -0.090133 6.00763e-05  0.00615795 -0.000877775    0.0203665   -0.0115363   0.0068704 -0.00534023  0.00735595  0.118675 0.0671475  -9.80805 
             46.5008    1.01111  -0.423239 -0.0523602 -0.023429 0.0108739  0.791524 0 0 0   -0.011 -0.02329 -0.04412  -0.0495024 -0.00295403  0.00403313 -0.000871081     0.020374   -0.0115338 0.00651171 -0.0054662 0.00755933  0.119013 0.0672524  -9.80805 
             46.6015   1.08191  0.981325 -0.027918 -0.0246664 0.00954426   0.793176 0 0 0   -0.011 -0.02329 -0.04412 -0.00570866 -0.00392159   0.0104588 -0.00088138    0.020343   -0.011524   0.0062643 -0.00541998  0.00744339  0.118989 0.0671874  -9.80805 
             46.7007    1.13665    1.62558 -0.0155325 -0.0193026  0.0034793   0.791226 0 0 0   -0.011 -0.02329 -0.04412   0.0404479  -0.0241814 -0.00625931 -0.000877845    0.0203902   -0.0115201  0.00599465 -0.00488625  0.00775682  0.11915 0.067186 -9.80805 
             46.8007   0.874828     1.6158 -0.0573734 -0.0110102 0.00162301     0.7897 0 0 0   -0.011 -0.02329 -0.04412  0.0733754 -0.0245074 -0.0087326 -0.000858706     0.020414   -0.0115108  0.00573529 -0.00486764  0.00788687  0.119175 0.0672539  -9.80805 
             46.9006   0.422348   0.827408 -0.0848873 -0.00669412   0.0062467     0.78795 0 0 0   -0.011 -0.02329 -0.04412   0.0789288 -0.00169484  -0.0049787 -0.000853251    0.0204453   -0.0115183  0.00591553 -0.00531288  0.00804524  0.118967 0.0674561  -9.80805 
             46.9997 0.0457017 -0.503207  -0.13437 -0.00724455  0.00553018    0.787824 0 0 0   -0.011 -0.02329 -0.04412  0.0545187 0.00433421 0.00453414 -0.000853027     0.020474   -0.0115291  0.00656128 -0.00525084   0.0080455  0.118783 0.0674251  -9.80805 
             47.1033  0.249831  -1.60716 -0.189563 -0.0110226 0.00357803   0.791027 0 0 0   -0.011 -0.02329 -0.04412    0.0153764 -0.000225184     0.016855 -0.000870251    0.0204755   -0.0115248  0.00737829 -0.00512473  0.00771235  0.118761 0.0673285  -9.80805 
             47.2005  0.607752  -2.06018 -0.177656 -0.0102077 0.00652513   0.791687 0 0 0   -0.011 -0.02329 -0.04412 -0.00230872   0.0102384   0.0199482 -0.000892034    0.0204639   -0.0115442 0.00738198 -0.0053457 0.00782147  0.118764 0.0673984  -9.80805 
             47.3008 0.729049 -1.76109 -0.14889 -0.0147112  0.0077917   0.793734 0 0 0   -0.011 -0.02329 -0.04412 -0.017483 0.0128933 0.0289114 -0.000869865     0.020408     -0.01155  0.00768919 -0.00534861  0.00784718  0.118695 0.0674137  -9.80805 
             47.4007  0.841111  -1.22802 -0.115623 -0.0157103  0.0041745   0.794259 0 0 0   -0.011 -0.02329 -0.04412  -0.0157025 -0.00347144   0.0253332 -0.000856141    0.0203709   -0.0115474 0.00783777 -0.0049602 0.00815663  0.118911 0.0673452  -9.80805 
             47.5005   0.955043  -0.132391 -0.0309918 -0.00794584  0.00280258    0.793361 0 0 0   -0.011 -0.02329 -0.04412  0.0194053 -0.0111258 0.00516222 -0.000872472    0.0203592   -0.0115767  0.00745371 -0.00484424   0.0085406  0.119362 0.0673757  -9.80804 
             47.5997   0.834368   0.735281 -0.0669262   -0.0045994 -0.000523038     0.792425 0 0 0   -0.011 -0.02329 -0.04412     0.036814    -0.015254 -0.000621635 -0.000874455    0.0203547   -0.0115448  0.00750403 -0.00462758  0.00868799  0.119431 0.0673663  -9.80804 
             47.7006  0.483114  0.475503 -0.125828   -0.0016702 -0.000806249     0.790332 0 0 0   -0.011 -0.02329 -0.04412   0.0280351  -0.0116267 -0.00683114 -0.000843964    0.0204042    -0.011522  0.00761447 -0.00464282  0.00892178  0.119423 0.0674652  -9.80804 
             47.7991    0.11713  -0.534601 -0.0969973 0.000264153  -0.0054244    0.789946 0 0 0   -0.011 -0.02329 -0.04412   0.0231072  -0.0183265 -0.00891069 -0.000849791    0.0204187   -0.0115393  0.00770015 -0.00437926  0.00887406  0.119405 0.0673754  -9.80804 
             47.9007 0.0253562  -1.66621 -0.138725 0.00346562 0.00176241   0.790032 0 0 0   -0.011 -0.02329 -0.04412  0.00950323   0.0172453 -0.00250043 -0.000849999    0.0204524   -0.0115328 0.00762398 -0.0049522 0.00879747  0.119455 0.0675222  -9.80804 
             48.0007 -0.0545552   -2.22566  -0.125224 -0.00124768   0.0041055    0.793504 0 0 0   -0.011 -0.02329 -0.04412 -0.0188184  0.0271922  0.0247601 -0.000844143    0.0204268   -0.0115446   0.0079013 -0.00495964  0.00847783  0.119323 0.0675277  -9.80804 
             48.1017  0.334696  -2.02003 -0.160015 -0.00373733  0.00422978    0.795378 0 0 0   -0.011 -0.02329 -0.04412 -0.0373123  0.0261736  0.0346315 -0.000877306    0.0203734   -0.0115245  0.00793767 -0.00478954  0.00857014  0.119373 0.0674687  -9.80804 
             48.2007   0.71828  -1.27265 -0.139887 -0.00573485  0.00266284    0.797349 0 0 0   -0.011 -0.02329 -0.04412 -0.0364595  0.0133804  0.0297689 -0.000888021    0.0203578    -0.011519  0.00791988 -0.00454049  0.00871875  0.119516 0.0673809  -9.80804 
             48.3006  0.851891  -0.58042 -0.143477 -0.00416174  0.00413941    0.796545 0 0 0   -0.011 -0.02329 -0.04412 -0.0163206 0.00918461  0.0122274 -0.000869753    0.0203641   -0.0115101  0.00790937 -0.00455703   0.0091502  0.119935 0.0673892  -9.80804 
             48.4005   0.75183 -0.222638 -0.115588 -0.0066401 0.00323549   0.793168 0 0 0   -0.011 -0.02329 -0.04412  -0.0170277  0.00334537 -0.00877524 -0.000853835    0.0203437   -0.0115183   0.0082653 -0.00434378   0.0096532   0.12019 0.0674321  -9.80803 
             48.5007  0.692615 -0.588222 -0.176604 -0.0076426 0.00504409   0.789791 0 0 0   -0.011 -0.02329 -0.04412 -0.0138531 0.00892593 -0.0206953 -0.000858607    0.0203752   -0.0115056 0.00828836 -0.0044016 0.00990383  0.120289 0.0675186  -9.80803 
             48.6006  0.614929  -1.10229 -0.161742 -0.0088085  0.0100739    0.78723 0 0 0   -0.011 -0.02329 -0.04412 -0.0126221  0.0178102 -0.0136861 -0.000870878     0.020398   -0.0115127  0.00830341 -0.00470974  0.00998587  0.120317 0.0676288  -9.80803 
             48.7005   0.66093 -0.954819   -0.1214 -0.0176761  0.0108393   0.786917 0 0 0   -0.011 -0.02329 -0.04412 -0.0251079  0.0116599 0.00210002 -0.000872725    0.0203534   -0.0115373  0.00888789 -0.00462112  0.00993334  0.120136 0.0676188  -9.80803 
             48.8008  0.840914 -0.197336  -0.11005 -0.0196475  0.0104652   0.788066 0 0 0   -0.011 -0.02329 -0.04412  -0.010488 0.00359691  0.0131984 -0.000877079    0.0203116   -0.0115295  0.00888144 -0.00452504  0.00988705  0.120118 0.0675803  -9.80803 
             48.9007    1.16292   0.597511 -0.0906755 -0.0143264 0.00569521   0.789501 0 0 0   -0.011 -0.02329 -0.04412  0.0166525 -0.0157666  0.0118453 -0.000873564    0.0203461   -0.0115229  0.00840633 -0.00415421  0.00988345  0.120231 0.0674593  -9.80803 
             49.0005   1.08464  0.780044 -0.132741 -0.00874056  0.00725326    0.789953 0 0 0   -0.011 -0.02329 -0.04412  0.0416732 -0.0107822  0.0149476 -0.000847712    0.0203696   -0.0114946  0.00820992 -0.00437321    0.010017 0.120288 0.067564 -9.80803 
             49.1007  0.835244  0.160543 -0.124433 -0.0101728 0.00896552   0.791139 0 0 0   -0.011 -0.02329 -0.04412   0.0313534 -0.00832453  0.00795329 -0.00085049   0.0203803  -0.0115355  0.00865902 -0.00460642   0.0100132  0.120173 0.0676371  -9.80803 
             49.2006  0.739587  -1.08484 -0.173103 -0.0109139 0.00192227   0.793289 0 0 0   -0.011 -0.02329 -0.04412  0.0172123  -0.025525 0.00533374 -0.000844153    0.0204303   -0.0115336 0.00900359 -0.0042014 0.00979418   0.12015 0.0674364  -9.80803 
             49.2997  0.745502   -1.4689 -0.193073 -0.0133577 0.00454855   0.794928 0 0 0   -0.011 -0.02329 -0.04412 0.00433305 -0.0120586  0.0124114 -0.000856458    0.0203859   -0.0115293 0.00935835 -0.0046027  0.0096943  0.120087 0.0675148  -9.80803 
             49.4007  0.482683 -0.951643 -0.141112 -0.0150563 0.00278896   0.797012 0 0 0   -0.011 -0.02329 -0.04412 0.00561177 -0.0105235  0.0260659 -0.00083619   0.0203285  -0.0115475  0.00954602 -0.00452502  0.00967986  0.120031 0.0674983  -9.80803 
             49.5007  0.381454 0.0242908 -0.140108 -0.0100407 0.00231218   0.797162 0 0 0   -0.011 -0.02329 -0.04412   0.0264221 -0.00481842  0.00939122 -0.000848763    0.0202981   -0.0115431  0.00934794 -0.00451202  0.00991673  0.120186 0.0675433  -9.80803 
             49.6005  0.479568    0.7339 -0.124092  0.0026057 0.00197129   0.793708 0 0 0   -0.011 -0.02329 -0.04412    0.071419 -0.00224468  -0.0227021 -0.000859313    0.0203428   -0.0115259  0.00877927 -0.00448202   0.0103377 0.120469 0.067576 -9.80803 
             49.7006  0.556694  0.531289 -0.149126  0.0109442 0.00280197   0.789493 0 0 0   -0.011 -0.02329 -0.04412   0.0809367 0.000969299  -0.0346533 -0.000862822     0.020374   -0.0115237  0.00874321 -0.00453878   0.0105311  0.120476 0.0676148  -9.80803 
             49.8006   0.554814  -0.564381 -0.0913713  0.0120049 0.00220064   0.787074 0 0 0   -0.011 -0.02329 -0.04412   0.0602626 0.000707225  -0.0241715 -0.000865011    0.0204072   -0.0115616  0.00926869 -0.00447352   0.0104632  0.120348 0.0676114  -9.80803 
             49.8999   0.64755  -1.84447 -0.165165  0.0157081 0.00467553   0.788903 0 0 0   -0.011 -0.02329 -0.04412  0.0334442 0.00854299 -0.0044523 -0.000863075    0.0204301   -0.0115499  0.00943979 -0.00472019  0.00999597   0.12042 0.0676107  -9.80803 
             50.0007  0.775667  -2.60574 -0.185526   0.010892 0.00673905   0.792332 0 0 0   -0.011 -0.02329 -0.04412 -0.0171143 0.00908361  0.0200845 -0.000877518    0.0204093   -0.0115503  0.00989444 -0.00488823  0.00959194  0.120235 0.0676013  -9.80803 
             50.1006  0.841156  -2.85843 -0.165639  0.00601463 0.000245086    0.794025 0 0 0   -0.011 -0.02329 -0.04412 -0.0566395 -0.0132414  0.0268028 -0.000855864    0.0203763   -0.0115615   0.0100459 -0.00431502  0.00965587   0.12022 0.0674722  -9.80803 
             50.1998  0.861801  -2.64485 -0.122308 -0.00239909 -0.00399594    0.796204 0 0 0   -0.011 -0.02329 -0.04412 -0.0830104 -0.0199427  0.0249504 -0.000859623    0.0203307   -0.0115808    0.010223 -0.00407886  0.00970613  0.120229 0.0674319  -9.80803 
             50.3008  0.633693   -2.1157 -0.115974 -0.00689918 -0.00103827    0.797664 0 0 0   -0.011 -0.02329 -0.04412  -0.0807825 -0.00420223   0.0147477 -0.000850238    0.0203311    -0.011568   0.0100223 -0.00442458  0.00980146   0.12042 0.0675384  -9.80803 
             50.4007  0.212736 -0.943872 -0.128365   -0.0136444 -0.000781108     0.796159 0 0 0   -0.011 -0.02329 -0.04412  -0.0660803  0.00346693 -0.00173552 -0.000856639    0.0202869   -0.0115268   0.0103434 -0.00437432    0.010139  0.120811 0.0676266  -9.80802 
             50.5005 -0.0655922    0.30431 -0.0973008   -0.0157501 -0.000955635     0.792004 0 0 0   -0.011 -0.02329 -0.04412 -0.0361726   0.012289 -0.0212216 -0.000846121    0.0202856   -0.0115482   0.0104699 -0.00423963   0.0105984 0.121268 0.067673 -9.80802 
             50.5997  0.116127  0.980665 -0.133979 -0.0131304 0.00335707   0.788651 0 0 0   -0.011 -0.02329 -0.04412 0.00371092   0.024058 -0.0236157 -0.000885777    0.0203246   -0.0115242   0.0101619 -0.00446984   0.0107365  0.121431 0.0677334  -9.80801 
             50.7006   0.30558  0.946489 -0.147819 -0.00952353  0.00902995    0.787132 0 0 0   -0.011 -0.02329 -0.04412 0.0280625 0.0300368 -0.021449 -0.000888793    0.0203504   -0.0115246  0.0100077 -0.0047154  0.0106525  0.121493 0.0678023  -9.80801 
             50.8006  0.674691  0.373673 -0.111723 -0.0124598 0.00634637   0.786313 0 0 0   -0.011 -0.02329 -0.04412  0.0300439  0.0118648 -0.0103016 -0.000863343    0.0203772   -0.0115453   0.0105478 -0.00425598   0.0105284    0.1214 0.0677047  -9.80802 
             50.9007   1.10554 -0.302917 -0.135568  -0.013236 0.00238709   0.789759 0 0 0   -0.011 -0.02329 -0.04412   0.0271441 -0.00713894   0.0110788 -0.000877169    0.0203646   -0.0115312   0.0110864 -0.00389914   0.0100558 0.121559 0.067607 -9.80801 
             51.0006   1.19943 -0.508292 -0.144905  -0.010379 0.00572604   0.793124 0 0 0   -0.011 -0.02329 -0.04412  0.0336483 0.00112788  0.0214199 -0.000867936    0.0203597   -0.0115251   0.0111966 -0.00428781  0.00979655  0.121665 0.0676474  -9.80801 
             51.0997   0.910995  -0.467426 -0.0876718 -0.0142199 0.00513306    0.79565 0 0 0   -0.011 -0.02329 -0.04412   0.0169372 -0.00471741    0.025628 -0.000835624    0.0203615   -0.0115427   0.0117739 -0.00423988  0.00980617  0.121523 0.0676604  -9.80801 
             51.2007     0.7417 -0.0788462 -0.0883549 -0.0127569 0.00563103   0.796518 0 0 0   -0.011 -0.02329 -0.04412   0.0278066 -0.00409047   0.0287245 -0.000854614    0.0203039   -0.0115294   0.0118601 -0.00421411   0.0100619  0.121501 0.0677747  -9.80801 
             51.3008  0.743651  0.345194 -0.114061 -0.00386645   0.0075532    0.795917 0 0 0   -0.011 -0.02329 -0.04412   0.050793 0.00216087 0.00997943 -0.000862094    0.0203061   -0.0115161   0.0113949 -0.00426355   0.0104447  0.121627 0.0679397  -9.80801 
             51.4005 0.794218 0.247154 -0.10398 0.00172326  0.0111888   0.793348 0 0 0   -0.011 -0.02329 -0.04412  0.0534837 0.00552539 -0.0112381 -0.000875394    0.0203457   -0.0115295   0.0113413 -0.00443452   0.0108209  0.121611 0.0681184  -9.80801 
             51.4997   1.00024 -0.737618 -0.120621 0.000757017  0.00572389    0.791461 0 0 0   -0.011 -0.02329 -0.04412  0.0355078 -0.0117022 -0.0125302 -0.000881552    0.0203634   -0.0115566   0.0117818 -0.00396426   0.0109023  0.121476 0.0680334  -9.80801 
             51.6006   1.18993  -1.78075 -0.146964 0.00341486 0.00599909   0.788762 0 0 0   -0.011 -0.02329 -0.04412   0.0199846  -0.0123764 -0.00799511 -0.000862894    0.0203666   -0.0115592  0.0117672 -0.0040499  0.0111207  0.121463 0.0681312  -9.80801 
             51.7006   1.03495  -2.03051 -0.127399 0.00636427 0.00513933   0.788482 0 0 0   -0.011 -0.02329 -0.04412 0.00553743 -0.0182827 0.00516026 -0.000859769    0.0203324   -0.0115579   0.0116293 -0.00410458   0.0111575  0.121508 0.0681568  -9.80801 
             51.8007   0.870986   -1.71092 -0.0503407 0.00349076 0.00109865   0.789722 0 0 0   -0.011 -0.02329 -0.04412 -0.0143679 -0.0241658  0.0151808 -0.00085803   0.0202973  -0.0115893   0.0118343 -0.00393698    0.011127  0.121436 0.0681075  -9.80801 
             51.9006  0.712303  -1.31632 -0.156191  0.00451865 -0.00437458    0.790412 0 0 0   -0.011 -0.02329 -0.04412 -0.0150597  -0.027561  0.0191755 -0.000855763    0.0203036   -0.0115206   0.0117237 -0.00364495   0.0112682   0.12158 0.0680945  -9.80801 
             52.0005  0.391331 -0.821792 -0.145391  0.00879322 0.000374562    0.792411 0 0 0   -0.011 -0.02329 -0.04412 -0.00513768 0.000992131   0.0300627 -0.000853125    0.0202933   -0.0115303   0.0113088 -0.00417731   0.0113622  0.121759 0.0682554  -9.80801 
             52.1007 -0.0260328  -0.744764  -0.107833   0.008933 0.00387931   0.795585 0 0 0   -0.011 -0.02329 -0.04412 -0.00769505   0.0148137   0.0313473 -0.000851444    0.0202924   -0.0115519   0.0112575 -0.00441462   0.0113533  0.121767 0.0683108  -9.80801 
             52.2006  0.188331  -1.35269 -0.148307 0.00570602 0.00120579   0.796035 0 0 0   -0.011 -0.02329 -0.04412 -0.0260005 0.00684231  0.0197512 -0.000871885    0.0203551   -0.0115477   0.0115015 -0.00403957   0.0116244  0.121835 0.0682364  -9.80801 
             52.3005 0.572039  -1.8247 -0.10599 0.00078663 0.00119435   0.794376 0 0 0   -0.011 -0.02329 -0.04412 -0.0444155 0.00446146 0.00715617 -0.000872079    0.0203307    -0.011564   0.0118018 -0.00397856   0.0120586  0.121962 0.0682021    -9.808 
             52.4007   0.757578   -1.71335 -0.0963641 -0.00845085 0.000905638    0.794812 0 0 0   -0.011 -0.02329 -0.04412   -0.0637456 -0.000263356   0.00418295 -0.000875685    0.0202925   -0.0115595   0.0121498 -0.00391382    0.012061  0.121878 0.0681928  -9.80801 
             52.5006   0.812084   -1.20677 -0.0263796  -0.0168147 -0.00263278    0.795359 0 0 0   -0.011 -0.02329 -0.04412  -0.0653668 -0.00621731   0.0111294 -0.000859619    0.0202874   -0.0115871   0.0123141 -0.00360981   0.0120721  0.121843 0.0681234  -9.80801 
             52.6006   0.529803  -0.209902 -0.0518074 -0.0191739 -0.0059812   0.794138 0 0 0   -0.011 -0.02329 -0.04412  -0.0395476 -0.00789317 4.69905e-05 -0.000842257    0.0202631    -0.011551    0.012185 -0.00335141   0.0123155  0.122044 0.0681089    -9.808 
             52.7005   0.256366   0.695242 -0.0522259  -0.0167806 -0.00195992     0.79232 0 0 0   -0.011 -0.02329 -0.04412 0.00155259 0.00927554 -0.0142476 -0.000848563    0.0202684   -0.0115355   0.0118596 -0.00366946   0.0124777  0.122192 0.0682255    -9.808 
             52.8006   -0.07863     1.0164 -0.0550455 -0.00929123  0.00664169    0.790652 0 0 0   -0.011 -0.02329 -0.04412  0.0400962  0.0406151 -0.0182273 -0.000838625    0.0202911   -0.0115428   0.0113933 -0.00417781    0.012471    0.1223 0.0683586    -9.808 
             52.9005   0.011495   0.518355 -0.0563112 -0.0114852 0.00895073   0.789904 0 0 0   -0.011 -0.02329 -0.04412  0.0391118  0.0364513 -0.0183808 -0.000854265    0.0203279   -0.0115397   0.0119713 -0.00405332   0.0123489  0.122208 0.0683096    -9.808 
             53.0006   0.715494  -0.481551 -0.0836575 -0.0149735 0.00909225   0.789688 0 0 0   -0.011 -0.02329 -0.04412   0.0174521   0.0257605 -0.00922275 -0.000865624    0.0203551    -0.011534   0.0125691 -0.00377915    0.012182   0.12217 0.0682439    -9.808 
             53.1007      1.157   -1.46886 -0.0559126 -0.0180679 0.00931649   0.791316 0 0 0   -0.011 -0.02329 -0.04412 -0.00121601   0.0102867  0.00977151 -0.00085822   0.0203685  -0.0115762   0.0129808 -0.00363892   0.0119743  0.122167 0.0682076    -9.808 
             53.1998    1.30005   -1.57364 -0.0840934 -0.0188315 0.00990147   0.793753 0 0 0   -0.011 -0.02329 -0.04412 -0.00828071 -0.00119824   0.0181166 -0.000843413     0.020321   -0.0115629   0.0130163 -0.00365645   0.0118525  0.122162 0.0681897    -9.808 
             53.3006    1.25713   -1.00171 -0.0852599 -0.0194648 0.00853085   0.793828 0 0 0   -0.011 -0.02329 -0.04412 -0.0111041 -0.0102051  0.0200301 -0.000840862    0.0202892   -0.0115581   0.0130761 -0.00351323   0.0120554  0.122227 0.0682359    -9.808 
             53.4027    1.03996  -0.448042 -0.0726191 -0.0193586  0.0110551   0.794903 0 0 0   -0.011 -0.02329 -0.04412 -0.00253374  -0.0031398   0.0208404 -0.000831603    0.0202751   -0.0115591   0.0130467 -0.00374348    0.012188  0.122299 0.0683596    -9.808 
             53.5008   0.868817   -0.11264 -0.0929023 -0.020736 0.0149224  0.795128 0 0 0   -0.011 -0.02329 -0.04412  0.0109419 0.00488272 0.00513803 -0.000823323    0.0202959   -0.0115374   0.0132544 -0.00400301   0.0123617  0.122322 0.0685119    -9.808 
             53.6006    1.05638  0.0949409 -0.0653533 -0.0205215  0.0143047   0.793619 0 0 0   -0.011 -0.02329 -0.04412   0.0257371 -0.00583223 -0.00859447 -0.000851538    0.0202787   -0.0115578    0.013413 -0.00388935   0.0124902  0.122311 0.0685468    -9.808 
             53.7006    1.27839    0.18579 -0.0720614 -0.016876 0.0102621  0.792252 0 0 0   -0.011 -0.02329 -0.04412   0.0469068  -0.0204456 -0.00806592 -0.000860384    0.0203012   -0.0115491   0.0133995 -0.00363993   0.0125202  0.122315 0.0685035    -9.808 
             53.8007   1.31847  0.472349 -0.113026 -0.00939372  0.00940373    0.790551 0 0 0   -0.011 -0.02329 -0.04412  0.0721391 -0.0251166 -0.0109862 -0.000839134    0.0203037   -0.0115435   0.0132377 -0.00370445    0.012641   0.12233 0.0685776    -9.808 
             53.9007   1.16132  0.588056 -0.140539 -0.0018406 0.00301711   0.787647 0 0 0   -0.011 -0.02329 -0.04412  0.0799262 -0.0400119 -0.0228874 -0.000835494    0.0203039   -0.0115423   0.0131787 -0.00331777   0.0128399   0.12227 0.0685976    -9.808 
             54.0005    1.04504 0.00533571  -0.136061   0.0045193 -0.00337418    0.786444 0 0 0   -0.011 -0.02329 -0.04412  0.0780395 -0.0442346 -0.0148809 -0.000829204    0.0203342   -0.0115489   0.0133836 -0.00317259   0.0127329 0.122269 0.068507   -9.808 
             54.1005  0.536551  -1.06847 -0.174048   0.0113788 -0.00589861     0.78601 0 0 0   -0.011 -0.02329 -0.04412   0.0611626  -0.0278361 -0.00341236 -0.000812621    0.0203835   -0.0115486   0.0134374 -0.00332548   0.0126572  0.122292 0.0685024    -9.808 
             54.2007 -0.080437  -2.12921  -0.13308  0.00828772 -0.00198176    0.788573 0 0 0   -0.011 -0.02329 -0.04412   0.00943596 -6.45748e-05     0.017933 -0.000806235     0.020364   -0.0115627  0.0140964 -0.0038653  0.0124235   0.12219 0.0685541    -9.808 
             54.3006  -0.407529   -2.79713 -0.0755147  0.00860527 0.000614457    0.790998 0 0 0   -0.011 -0.02329 -0.04412 -0.0188852  0.0216284  0.0277603 -0.000832444    0.0203393   -0.0115705   0.0140576 -0.00399462   0.0124107  0.122198 0.0685806    -9.808 
             54.4005 -0.0808623   -2.58192 -0.0589873 -0.00152472  0.00179971    0.794863 0 0 0   -0.011 -0.02329 -0.04412 -0.0690645  0.0259879  0.0334555 -0.000864431    0.0202687   -0.0115758   0.0144795 -0.00387095   0.0123131  0.122021 0.0685775    -9.808 
             54.5007   0.454919   -2.39697 -0.0802602 -0.0123262 0.00105689   0.795938 0 0 0   -0.011 -0.02329 -0.04412 -0.0918903  0.0189893   0.028502 -0.000857742    0.0202737   -0.0115682   0.0149825 -0.00366692   0.0125781  0.122246 0.0684577    -9.808 
             54.6007  0.826237    -1.485 -0.044727   -0.0101823 -0.000652538     0.795937 0 0 0   -0.011 -0.02329 -0.04412 -0.0637894 0.00670024  0.0153654 -0.000858946    0.0202691   -0.0115857  0.0144777 -0.0034609  0.0129328  0.122816 0.0683431  -9.80799 
             54.7005   0.892523 -0.0694674 -0.0472766  -0.0097091 -0.00607672    0.795205 0 0 0   -0.011 -0.02329 -0.04412   -0.0353495   -0.0114037 -0.000716834 -0.000841095    0.0202349   -0.0115675   0.0142149 -0.00299846   0.0131548  0.123136 0.0682411  -9.80799 
             54.8008  0.643333   0.44274 0.0179142 -0.00838198 -0.00523079    0.793194 0 0 0   -0.011 -0.02329 -0.04412   -0.0111078 -0.000576663  -0.00957098 -0.000833982    0.0202922   -0.0116128  0.0140287 -0.0030865  0.0133866  0.123335 0.0683056  -9.80799 
             54.9005 0.0416391  0.273355 -0.104261  -0.0125468 -0.00431324    0.792534 0 0 0   -0.011 -0.02329 -0.04412 -0.00396026   0.0115052  -0.0100018 -0.000821208     0.020315   -0.0115624   0.0143216 -0.00314631   0.0133483  0.123253 0.0683015  -9.80799 
             54.9997 -0.213089 -0.186101 -0.129914 -0.0154726 0.00138655    0.79013 0 0 0   -0.011 -0.02329 -0.04412 -0.00304509   0.0303628   -0.020472 -0.00084386   0.0203147  -0.0115786   0.0145041 -0.00346362   0.0134795  0.123164 0.0683817  -9.80799 
             55.1006 -0.0733052  -0.293162  -0.172853 -0.0165762 0.00643941   0.789215 0 0 0   -0.011 -0.02329 -0.04412 0.00416822   0.039881  -0.010586 -0.000862997    0.0203085   -0.0115768    0.014631 -0.00358246   0.0133927  0.123161 0.0684106  -9.80799 
             55.2006  0.310072 0.0391698 -0.204873 -0.0143572  0.0124349   0.789149 0 0 0   -0.011 -0.02329 -0.04412   0.0183263   0.0463145 -0.00338573 -0.000870322    0.0203036   -0.0115569   0.0145653 -0.00371081   0.0132802  0.123206 0.0684604  -9.80799 
             55.2998 0.911311 0.164411 -0.15171 -0.0159971  0.0186395   0.788681 0 0 0   -0.011 -0.02329 -0.04412  0.0245934  0.0408238 0.00407702 -0.000886195    0.0203135   -0.0115714  0.0148852 -0.0038848  0.0133328   0.12313 0.0684976  -9.80799 
             55.3997   1.50976  0.185428 -0.140608 -0.0138933  0.0186726   0.793087 0 0 0   -0.011 -0.02329 -0.04412 0.0376989 0.0107193 0.0150967 -0.00088738    0.020292  -0.0115693   0.0150342 -0.00365357    0.012887  0.123195 0.0684471  -9.80799 
             55.5007   1.98604 0.0857118 -0.173031 -0.0040714  0.0177088   0.793833 0 0 0   -0.011 -0.02329 -0.04412  0.0559915 -0.0148214  0.0012718 -0.000864348    0.0203451   -0.0115592   0.0145546 -0.00356096   0.0129378  0.123277 0.0684156  -9.80799 
             55.6006   2.14596 -0.276154 -0.170204 -0.00287532   0.0127582    0.793537 0 0 0   -0.011 -0.02329 -0.04412    0.046864  -0.0402777 -0.00428205 -0.000867593    0.0203479   -0.0115679  0.0148963 -0.0033236  0.0129723  0.123183 0.0684089  -9.80799 
             55.7007   1.77249 -0.944836 -0.194146 -0.000342989   0.00713163     0.793768 0 0 0   -0.011 -0.02329 -0.04412   0.036481 -0.0521837 0.00194298 -0.000826564    0.0203547   -0.0115806  0.0150561 -0.0032629  0.0129201  0.123154 0.0683596  -9.80799 
             55.8007   1.09997  -1.27146 -0.174029 -0.00082461 0.000565285    0.792756 0 0 0   -0.011 -0.02329 -0.04412  0.0181987 -0.0524477  0.0105678 -0.000805851    0.0203192   -0.0116028   0.0153406 -0.00300601    0.013082  0.123088 0.0684845  -9.80799 
             55.9005  0.383312  -1.62565 -0.209015 0.000261695  0.00337378    0.793177 0 0 0   -0.011 -0.02329 -0.04412 -0.00293145  -0.0302882   0.0108084 -0.000810597    0.0203325   -0.0115867  0.0153477 -0.0035635  0.0131864  0.123152 0.0686816  -9.80799 
             56.0007 -0.234037  -1.73112 -0.216734 -0.00326242  0.00414502    0.790409 0 0 0   -0.011 -0.02329 -0.04412  -0.0241883  -0.0109096 -0.00164156 -0.000803444    0.0203163   -0.0115921    0.015748 -0.00360962   0.0136286  0.123309 0.0689353  -9.80798 
             56.1006 -0.153017  -1.56184 -0.207752 -0.00780537  0.00562508    0.788426 0 0 0   -0.011 -0.02329 -0.04412  -0.0409802  0.00320219 -0.00784891 -0.000829446    0.0202842   -0.0116012   0.0160026 -0.00372867    0.013846  0.123418 0.0689971  -9.80798 
             56.2005  0.295177   -1.2018 -0.215992 -0.00481364  0.00967534     0.78904 0 0 0   -0.011 -0.02329 -0.04412 -0.0217933  0.0157687 0.00354749 -0.000831663    0.0203009   -0.0115795   0.0154083 -0.00400419   0.0137635  0.123493 0.0690389  -9.80798 
             56.2996  0.799682  -0.59079 -0.192032 -0.0059199 0.00486113   0.789856 0 0 0   -0.011 -0.02329 -0.04412  -0.0157095 -0.00356331   0.0120053 -0.000849383    0.0203009   -0.0115816   0.0153154 -0.00353237   0.0137743  0.123485 0.0689314  -9.80798 
             56.4006   1.17797 -0.288482 -0.176493 -0.00727176  0.00192586    0.791048 0 0 0   -0.011 -0.02329 -0.04412 -0.00963589  -0.0124073   0.0154705 -0.000845111    0.0202978   -0.0115943  0.0153181 -0.0033625  0.0138035  0.123487 0.0688932  -9.80798 
             56.5007   1.02122 -0.297294  -0.21408 -0.00630153  0.00286901    0.791752 0 0 0   -0.011 -0.02329 -0.04412 -0.00869458  -0.0106775   0.0102242 -0.000814381    0.0203261   -0.0115961   0.0152093 -0.00354376   0.0138916  0.123547 0.0689341  -9.80798 
             56.6007  0.714995 -0.659657 -0.314008 -0.00598969  0.00325616    0.790038 0 0 0   -0.011 -0.02329 -0.04412 -0.0086382 -0.0115763 -0.0147804 -0.00081838   0.0203224  -0.0115682   0.0151178 -0.00363442   0.0141177  0.123593 0.0690167  -9.80798 
             56.7006  0.492813  -1.39988 -0.288641   -0.0160806 -0.000884769     0.787214 0 0 0   -0.011 -0.02329 -0.04412 -0.0378887  -0.015993 -0.0183863 -0.000801287    0.0203469   -0.0115981   0.0157824 -0.00331127   0.0142291  0.123435 0.0690501  -9.80798 
             56.7997  0.442786  -1.60771 -0.267184  -0.0216767 -0.00195164    0.788478 0 0 0   -0.011 -0.02329 -0.04412 -0.0441254 -0.0062939 0.00510075 -0.000826877    0.0203454   -0.0116018   0.0158289 -0.00339347   0.0139499  0.123367 0.0690014  -9.80798 
             56.9007  0.128944   -1.0148 -0.268793  -0.0232746 -0.00115172    0.791531 0 0 0   -0.011 -0.02329 -0.04412 -0.0315812 0.00493543  0.0174633 -0.000809987    0.0203234   -0.0115822   0.0155071 -0.00354256    0.013685  0.123323 0.0689642  -9.80798 
             57.0006 -0.00685082    0.282311   -0.217213 -0.0265308 0.00138997   0.794563 0 0 0   -0.011 -0.02329 -0.04412 -0.0113326  0.0163083  0.0192235 -0.000816412    0.0202583   -0.0115831   0.0155558 -0.00366914   0.0135201  0.123246 0.0689977  -9.80798 
             57.1005  0.140797   1.33451 -0.203069 -0.0260589 0.00451921   0.794119 0 0 0   -0.011 -0.02329 -0.04412    0.01883   0.024723 0.00317784 -0.00081948   0.0202525  -0.0115915   0.0155839 -0.00375988   0.0137317  0.123298 0.0689925  -9.80798 
             57.2006  0.402186    1.6136 -0.195647 -0.0162815  0.0103525   0.795354 0 0 0   -0.011 -0.02329 -0.04412 0.0717373 0.0369412 0.0102175 -0.000838331    0.0203096     -0.01158   0.0151747 -0.00401345   0.0136436  0.123438 0.0690146  -9.80798 
             57.3003 0.691241   1.3999 -0.27114 -0.00590937   0.0153714    0.793954 0 0 0   -0.011 -0.02329 -0.04412   0.0990734   0.0330266 -0.00809886 -0.000853752    0.0203339   -0.0115525   0.0148708 -0.00419143   0.0138491  0.123359 0.0690108  -9.80798 
             57.4005   1.34694  0.388777 -0.204881 -0.000276742    0.0153549     0.792258 0 0 0   -0.011 -0.02329 -0.04412  0.0937588  0.0172006 -0.0130077 -0.000861215    0.0203622   -0.0115936   0.0151137 -0.00393828   0.0139679  0.123167 0.0689938  -9.80798 
             57.5007    1.8745 -0.877769 -0.264825 0.00212944  0.0124411   0.791427 0 0 0   -0.011 -0.02329 -0.04412   0.0710434 -0.00960964  -0.0140091 -0.000869396    0.0203961   -0.0115926 0.0156708  -0.00361 0.0138895 0.123105 0.068956 -9.80799 
             57.6006   1.88371  -1.71387 -0.300141 0.00466936  0.0126139   0.791118 0 0 0   -0.011 -0.02329 -0.04412   0.0405782   -0.019708 -0.00142008 -0.000837753    0.0203936   -0.0115947   0.0159715 -0.00373614   0.0138554  0.123078 0.0689883  -9.80799 
             57.6997   1.44053  -2.08225 -0.271939 0.000230024  0.00634742     0.79133 0 0 0   -0.011 -0.02329 -0.04412 0.000294612  -0.0348663  0.00435331 -0.000816908    0.0203723   -0.0116204   0.0164906 -0.00336384   0.0138723  0.122947 0.0689845  -9.80799 
             57.8007   1.04768  -2.19654 -0.309602  0.00154437 0.000872394    0.789727 0 0 0   -0.011 -0.02329 -0.04412  -0.0104217  -0.0388784 -0.00245188 -0.000803308    0.0203565   -0.0116023   0.0164278 -0.00307479   0.0141115  0.123086 0.0691027  -9.80798 
             57.9005  0.592473  -1.56152 -0.259119 0.00405366 0.00257014    0.78759 0 0 0   -0.011 -0.02329 -0.04412 -0.00665051  -0.0173717 -0.00552752 -0.000796366    0.0203334   -0.0116162   0.0163377 -0.00337858   0.0143586   0.12337 0.0692947  -9.80798 
             58.0005 0.0588221  -0.81707 -0.285358 0.00832483 0.00314411   0.785945 0 0 0   -0.011 -0.02329 -0.04412 -0.00123274 -0.00346651 -0.00256149 -0.000800955    0.0203287   -0.0115926   0.0161131 -0.00347376   0.0145554  0.123616 0.0693613  -9.80798 
             58.1006 -0.0463724  -0.478917    -0.2035 0.000849045   0.0052125    0.786599 0 0 0   -0.011 -0.02329 -0.04412 -0.0147852  0.0120092 0.00825194 -0.000824843    0.0203044   -0.0116168   0.0166959 -0.00356895    0.014516  0.123484 0.0694314  -9.80798 
             58.2006  0.144835 -0.898212 -0.227141 -0.000785895   0.00918588      0.78828 0 0 0   -0.011 -0.02329 -0.04412 -0.0193766  0.0216237  0.0114707 -0.000832666     0.020369   -0.0116091   0.0166559 -0.00375545   0.0144708  0.123491 0.0694692  -9.80798 
             58.3008  0.682753  -1.18948 -0.246382 0.00312287  0.0137808   0.788778 0 0 0   -0.011 -0.02329 -0.04412 -0.00505418   0.0281672  0.00922972 -0.000851905    0.0203606   -0.0116142   0.0162579 -0.00397948   0.0145646  0.123622 0.0694602  -9.80798 
             58.4007   1.27341  -1.30706 -0.280613 -0.000661975    0.0107197     0.790615 0 0 0   -0.011 -0.02329 -0.04412 -0.0206088   0.005047  0.0109132 -0.000862357      0.02036   -0.0115953   0.0164127 -0.00353058   0.0144378 0.123513 0.069403 -9.80798 
             58.5008   1.60469  -1.22618 -0.292301 -0.00760474  0.00563078    0.791962 0 0 0   -0.011 -0.02329 -0.04412 -0.0361952 -0.0166726  0.0166907 -0.000839621    0.0203642   -0.0115957   0.0167424 -0.00309957   0.0144185  0.123404 0.0693501  -9.80798 
             58.6006   1.36258 -0.904739 -0.250965 -0.00988829  0.00228271    0.794317 0 0 0   -0.011 -0.02329 -0.04412 -0.0399875 -0.0256368  0.0186322 -0.000817982    0.0203636   -0.0116138   0.0165684 -0.00302673   0.0143517  0.123398 0.0692935  -9.80798 
             58.7006  0.796427 -0.598985 -0.239062  -0.0120315 0.000696976    0.793833 0 0 0   -0.011 -0.02329 -0.04412 -0.0270955 -0.0224115  0.0121855 -0.000792812    0.0203621   -0.0116044   0.0165845 -0.00294857   0.0146538   0.12353 0.0694399  -9.80798 
             58.8005  0.307732 -0.365347 -0.219462 -0.0199735 0.00276134   0.791688 0 0 0   -0.011 -0.02329 -0.04412  -0.0303804 -0.00249757 0.000988543 -0.00079396    0.020328   -0.011623   0.0171716 -0.00303667   0.0150208  0.123564 0.0696951  -9.80797 
             58.9004  0.130185 0.0497781 -0.301654 -0.0200266 0.00684957   0.792073 0 0 0   -0.011 -0.02329 -0.04412 -0.0106238  0.0173431 0.00021022 -0.000829355    0.0203128   -0.0115938   0.0170126 -0.00337688   0.0149437  0.123611 0.0697205  -9.80797 
             59.0006  0.289166  0.494673 -0.281357 -0.0207656 0.00859617   0.793435 0 0 0   -0.011 -0.02329 -0.04412  0.0106662  0.0253983 0.00646445 -0.000840363    0.0203209   -0.0115971   0.0170555 -0.00336109   0.0147801 0.123602 0.069707 -9.80797 
             59.1005  0.649769  0.721408 -0.305153  -0.020016 0.00922129   0.793429 0 0 0   -0.011 -0.02329 -0.04412  0.0301736  0.0186624 0.00740689 -0.000840451    0.0203421   -0.0115725   0.0171127 -0.00320772   0.0148767   0.12355 0.0696821  -9.80797 
             59.2007  0.974154  0.655239 -0.233868 -0.0170997  0.0073777   0.796147 0 0 0   -0.011 -0.02329 -0.04412   0.040735 0.00715804  0.0113837 -0.000845924    0.0203468   -0.0116158  0.0172371 -0.0029351  0.0146395   0.12361 0.0696395  -9.80797 
             59.3006   1.23327  0.311808 -0.333918 -0.0079973  0.0084242   0.794846 0 0 0   -0.011 -0.02329 -0.04412    0.0653619 -0.000213963  -0.00486895 -0.000839718    0.0203808   -0.0115737    0.016822 -0.00300836   0.0148274  0.123582 0.0696373  -9.80797 
             59.4008   1.16657 -0.252297 -0.322285 -0.00563602  0.00587324    0.794297 0 0 0   -0.011 -0.02329 -0.04412   0.0531871 -0.00986129  -0.0025101 -0.000816616    0.0203971   -0.0115867   0.0171319 -0.00278483    0.014827  0.123502 0.0696345  -9.80798 
             59.4996  0.950021 -0.961931 -0.297627 -0.00791594  0.00183164    0.793858 0 0 0   -0.011 -0.02329 -0.04412  0.0285484 -0.0150487 0.00373908 -0.000800098    0.0203713   -0.0116111   0.0176756 -0.00244439    0.014896  0.123343 0.0696762  -9.80798 
             59.6005  0.625193  -1.26206 -0.296496 -0.00851533  0.00369705    0.793742 0 0 0   -0.011 -0.02329 -0.04412  0.00803882 -0.00318962  0.00679348 -0.000798959    0.0203466   -0.0116213   0.0179446 -0.00265551   0.0149688  0.123323 0.0697794  -9.80798 
             59.7005  0.443653  -1.23422 -0.270121 -0.00613636   0.0057245     0.79246 0 0 0   -0.011 -0.02329 -0.04412  0.00750438  0.00656908 -0.00629721 -0.000809273    0.0203307   -0.0116454   0.0178698 -0.00279064   0.0151539    0.1234 0.0698505  -9.80798 
             59.7997  0.629916  -1.23655 -0.279589 -0.00753001  0.00409215    0.790462 0 0 0   -0.011 -0.02329 -0.04412  0.00649508  0.00366737 -0.00736446 -0.000830015    0.0203269   -0.0116233     0.01809 -0.00255726   0.0152793   0.12339 0.0698568  -9.80798 
             59.9005  0.802667 -0.976439 -0.264438 -0.00132519  0.00499672    0.789123 0 0 0   -0.011 -0.02329 -0.04412   0.016316 0.00539821 -0.0066089 -0.000814194    0.0203217   -0.0116237   0.0176897 -0.00260976   0.0153744  0.123515 0.0698274  -9.80797 
             60.0005  0.807642  -0.74296 -0.225668 0.00314855 0.00840531   0.788117 0 0 0   -0.011 -0.02329 -0.04412  0.0197651  0.0132382 0.00377966 -0.000805579      0.02035   -0.0116412   0.0175536 -0.00282485   0.0154994  0.123625 0.0698626  -9.80797 
             60.1001  0.884414 -0.852307 -0.247278 0.00526847 0.00592843   0.790602 0 0 0   -0.011 -0.02329 -0.04412 0.00583756 0.00491954  0.0122786 -0.000804752    0.0203473   -0.0116322  0.0173906 -0.0025701  0.0152711  0.123537 0.0697676  -9.80797 
             60.2016    1.0432  -1.58028 -0.260741 -0.000985939    0.0074541     0.793706 0 0 0   -0.011 -0.02329 -0.04412  -0.0241829 0.000946201   0.0134551 -0.00081714   0.0203741  -0.0116453    0.017819 -0.00270414   0.0150106  0.123383 0.0697764  -9.80798 
             60.3005   1.00791  -2.11827 -0.306823 -0.00977401  0.00835625    0.796158 0 0 0   -0.011 -0.02329 -0.04412   -0.0527944 -0.000450662    0.0180549 -0.000793472    0.0203418   -0.0116416    0.018213 -0.00276351    0.014884 0.123263 0.069789 -9.80798 
             60.4005  0.997889  -1.79468 -0.304191 -0.0125178 0.00645911   0.795699 0 0 0   -0.011 -0.02329 -0.04412 -0.0493714 -0.0052354 0.00985602 -0.000806572     0.020296   -0.0116396   0.0181185 -0.00255063   0.0151509  0.123438 0.0698191  -9.80797 
             60.5007  0.861694 -0.756297 -0.296434 -0.0183871 0.00602196   0.793556 0 0 0   -0.011 -0.02329 -0.04412  -0.0490857 -0.00112558  0.00174385 -0.000782876    0.0202555    -0.011632   0.0184281 -0.00242714   0.0155204  0.123673 0.0699333  -9.80797 
             60.6005  0.720405  0.210726 -0.199609  -0.019347 0.00610717    0.79188 0 0 0   -0.011 -0.02329 -0.04412 -0.0178348 0.00239594 0.00324329 -0.00079092    0.020256  -0.0116613   0.0183699 -0.00235779   0.0158051  0.123871 0.0699943  -9.80797 
             60.7005  0.620185  0.867914 -0.254904 -0.0138994  0.0121676   0.788926 0 0 0   -0.011 -0.02329 -0.04412   0.0130263   0.0170908 -0.00818034 -0.000804122    0.0202831   -0.0116172   0.0180137 -0.00274494   0.0162231  0.124102 0.0701351  -9.80796 
             60.7996  0.719043  0.892835 -0.241042 -0.0175098  0.0111573   0.789868 0 0 0   -0.011 -0.02329 -0.04412   0.0182739  0.00683872 -0.00201584 -0.000806996    0.0203155   -0.0116226   0.0184874 -0.00253806   0.0160183  0.124026 0.0700929  -9.80797 
             60.9007     1.09918 -0.00216474   -0.255936 -0.0190037  0.0064607    0.79087 0 0 0   -0.011 -0.02329 -0.04412   0.0219099  -0.0110412 0.000420786 -0.000826041    0.0203292   -0.0116312   0.0188059 -0.00214512   0.0158725  0.124007 0.0700189  -9.80797 
             61.0005   1.33298 -0.642545 -0.248523 -0.0190065 0.00487225   0.791042 0 0 0   -0.011 -0.02329 -0.04412   0.0158537  -0.0177769 0.000400399 -0.000814405    0.0203328   -0.0116547    0.018954 -0.00212371   0.0158641  0.123984 0.0700252  -9.80797 
             61.1006   1.19078 -0.682544 -0.283792 -0.0161138 0.00505547    0.79213 0 0 0   -0.011 -0.02329 -0.04412  0.0151309 -0.0136277 0.00815056 -0.000796799    0.0203115   -0.0116433  0.0188821 -0.0023283  0.0157731  0.124045 0.0700192  -9.80797 
             61.2005  0.918161 -0.565555  -0.32239 -0.0183232 0.00165127   0.792826 0 0 0   -0.011 -0.02329 -0.04412  0.00329186  -0.0266171 -0.00221443 -0.000779174    0.0202836    -0.011628   0.0191635 -0.00217658   0.0157521  0.123986 0.0700099  -9.80797 
             61.3013  0.687151 -0.646994 -0.281523 -0.0184619 0.00154917   0.790659 0 0 0   -0.011 -0.02329 -0.04412 0.00445493 -0.0229234 -0.0213283 -0.000774982    0.0202843   -0.0116558   0.0192564 -0.00234959    0.015879  0.124001 0.0701001  -9.80797 
             61.4006  0.498247 -0.412514 -0.306222  -0.0141411 -0.00167479    0.785922 0 0 0   -0.011 -0.02329 -0.04412  0.0201272 -0.0230101 -0.0328672 -0.000786799    0.0202809   -0.0116444   0.0190127 -0.00220612   0.0161372   0.12407 0.0701307  -9.80796 
             61.5008  0.412831  -0.15048 -0.275132  -0.0160878 -0.00603076     0.78577 0 0 0   -0.011 -0.02329 -0.04412  0.0222024 -0.0148137 -0.0105203 -0.000780264    0.0202708   -0.0116507   0.0193028 -0.00201667   0.0158649   0.12396 0.0700793  -9.80797 
             61.6004  0.211789 0.0359146 -0.201944  -0.0123713 -0.00175816    0.786738 0 0 0   -0.011 -0.02329 -0.04412  0.0333952 0.00812777  0.0031413 -0.000767652    0.0202759   -0.0116544  0.0192385 -0.0024742  0.0156939  0.124014 0.0701344  -9.80797 
             61.6997 0.0444613 0.0564706 -0.176943 -0.00673489  0.00527445    0.790121 0 0 0   -0.011 -0.02329 -0.04412 0.0441474  0.031636 0.0182878 -0.000781464     0.020275   -0.0116578   0.0191473 -0.00293774   0.0153983  0.124103 0.0702078  -9.80796 
             61.8005  0.224159 -0.186293 -0.230957 -0.000786335   0.00692616     0.795106 0 0 0   -0.011 -0.02329 -0.04412 0.0531723 0.0362231 0.0323387 -0.000807383    0.0202928   -0.0116403   0.0190781 -0.00275151   0.0150631  0.124167 0.0702084  -9.80796 
             61.9007  0.711094  -0.68341 -0.223652  -0.002876 0.00795621   0.799887 0 0 0   -0.011 -0.02329 -0.04412 0.0294891 0.0262918 0.0389616 -0.000831048    0.0203028   -0.0116475   0.0196466 -0.00252096   0.0149006  0.124089 0.0702288  -9.80796 
             62.0007  1.09902 -1.17113 -0.20192 -0.00382732   0.0114081    0.801277 0 0 0   -0.011 -0.02329 -0.04412 0.00921185  0.0183082  0.0140029 -0.000826755    0.0203144   -0.0116708   0.0198992 -0.00261618   0.0151081  0.124032 0.0702461  -9.80796 
             62.1005   1.40262  -1.24064 -0.228449 -0.00340854   0.0138661    0.800702 0 0 0   -0.011 -0.02329 -0.04412 -0.00529257  0.00968962 -0.00485661 -0.00081137   0.0202645  -0.0116552  0.0199148 -0.0026861  0.0152706  0.124055 0.0702771  -9.80796 
             62.1989   1.57697  -1.39692 -0.237376 -0.00170836   0.0129757    0.799851 0 0 0   -0.011 -0.02329 -0.04412 -0.00515765 -0.00651821  -0.0125099 -0.000815543     0.020277   -0.0116608   0.0197039 -0.00258548   0.0152827  0.124088 0.0702517  -9.80796 
             62.3007   1.6391 -1.40455 -0.22888 0.000230973  0.00948692    0.796751 0 0 0   -0.011 -0.02329 -0.04412 -0.00941273  -0.0191917  -0.0147516 -0.000811183     0.020296   -0.0116682   0.0195309 -0.00229824    0.015521  0.124221 0.0703114  -9.80796 
             62.4006   1.48723  -1.29578 -0.222892 -0.00184419  0.00704612    0.795826 0 0 0   -0.011 -0.02329 -0.04412 -0.0179477 -0.0255943 -0.0066131 -0.0008007   0.020287 -0.0116714   0.0195708 -0.00231982    0.015487  0.124196 0.0702964  -9.80796 
             62.5005    1.0342  -1.10194 -0.242233 -0.00369621  0.00616054    0.796173 0 0 0   -0.011 -0.02329 -0.04412  -0.0224158  -0.0241253 -0.00200431 -0.000771711    0.0202917   -0.0116632   0.0195145 -0.00253953    0.015387  0.124155 0.0702631  -9.80796 
                62.6  0.736995  -0.80295 -0.271318 -0.00586028  0.00552136    0.795527 0 0 0   -0.011 -0.02329 -0.04412 -0.0287783 -0.0161206 -0.0046524 -0.000770608    0.0202816   -0.0116438   0.0195384 -0.00264011   0.0154339 0.124183 0.070307 -9.80796 
             62.7005  0.588888 -0.545983 -0.219914 -0.00882246  0.00669078    0.793567 0 0 0   -0.011 -0.02329 -0.04412  -0.0248912 -0.00956639  -0.0132181 -0.000781441    0.0202735   -0.0116707   0.0196349 -0.00279093   0.0155732  0.124236 0.0703928  -9.80796 
             62.8007  0.491818 -0.625097 -0.233834 -0.00817011  0.00502129    0.792039 0 0 0   -0.011 -0.02329 -0.04412   -0.013304 -0.00848646 -0.00330957 -0.000780523    0.0203038   -0.0116544   0.0194327 -0.00268242   0.0156702  0.124292 0.0703854  -9.80796 
             62.9006  0.551286 -0.460597 -0.201714 -0.0106791 0.00328171   0.792111 0 0 0   -0.011 -0.02329 -0.04412  -0.0157096  -0.0100156 -0.00850225 -0.000794967    0.0202733   -0.0116657  0.0195328 -0.0026104  0.0155781 0.124254 0.070369 -9.80796 
             63.0005  0.628836 -0.599483 -0.217631 -0.0148464 0.00498654   0.791498 0 0 0   -0.011 -0.02329 -0.04412  -0.0172582 -0.00199274 -0.00990619 -0.000798027    0.0202797   -0.0116632   0.0197638 -0.00280181   0.0155529  0.124224 0.0704127  -9.80796 
             63.1005  0.827405 -0.752529 -0.176182 -0.0248373 0.00412761   0.792777 0 0 0   -0.011 -0.02329 -0.04412  -0.0334986 -0.00196045  0.00680142 -0.000806473    0.0202934   -0.0116847   0.0203723 -0.00271587   0.0153364 0.124101 0.070422 -9.80796 
             63.1996  0.863159 -0.437558 -0.193039 -0.0242366 0.00280397   0.794514 0 0 0   -0.011 -0.02329 -0.04412  -0.0127891 -0.00478064   0.0158247 -0.000791122    0.0202711   -0.0116646    0.020088 -0.00265922   0.0152548  0.124136 0.0703904  -9.80796 
             63.3005 0.908215 0.663112 -0.19673 -0.0261521  0.0014042   0.794108 0 0 0   -0.011 -0.02329 -0.04412  0.00481747 -0.00929492   0.0019755 -0.000800523    0.0202107   -0.0116408   0.0202265 -0.00257242   0.0154175 0.124123  0.07041 -9.80796 
             63.4006  0.797756   1.17897 -0.154618  -0.0230878 0.000877254    0.792871 0 0 0   -0.011 -0.02329 -0.04412   0.0344793 -0.00382922 9.86213e-05 -0.000792565    0.0202489   -0.0116587     0.02012 -0.00255345   0.0155836  0.124116 0.0704418  -9.80796 
             63.5007 0.53118 1.22569 -0.2144 -0.0109024 0.00789969   0.791248 0 0 0   -0.011 -0.02329 -0.04412   0.0726371   0.0189385 -0.00600256 -0.000783702     0.020277    -0.011619   0.0194807 -0.00308489   0.0157692  0.124152 0.0705552  -9.80796 
             63.6005  0.388947  0.742376 -0.195631 -0.00510837  0.00829771    0.791673 0 0 0   -0.011 -0.02329 -0.04412   0.077362 0.00979126  -0.014522 -0.000792646    0.0202961    -0.011633    0.019776 -0.00301709   0.0155533  0.124269 0.0705086  -9.80796 
             63.7007  0.817061  -0.90327 -0.148867 -0.00466324  0.00713254    0.790016 0 0 0   -0.011 -0.02329 -0.04412    0.038167 -0.00028193 -0.00716672 -0.000821298    0.0203677   -0.0116661  0.0202006 -0.0028672  0.0156285  0.124135 0.0705073  -9.80796 
             63.8006   1.13815  -2.07646 -0.150675 -0.0035366 0.00713698   0.792624 0 0 0   -0.011 -0.02329 -0.04412   0.0171703 0.000920812   0.0125941 -0.000817702     0.020348   -0.0116652   0.0205014 -0.00290795   0.0153028  0.124248 0.0704874  -9.80796 
             63.9005  1.27407 -2.41362 -0.15332 -0.0105529 0.00822121   0.795833 0 0 0   -0.011 -0.02329 -0.04412   -0.0195857 -0.000599583    0.0260398 -0.000822849    0.0203193   -0.0116728   0.0211119 -0.00302723   0.0151405  0.124138 0.0704907  -9.80796 
             64.0006   1.27556  -1.86722 -0.159288 -0.00862369   0.0021548     0.79641 0 0 0   -0.011 -0.02329 -0.04412 -0.015981 -0.019256 0.0190977 -0.000818303    0.0202846   -0.0116693   0.0208648 -0.00252056   0.0153479  0.124305 0.0704685  -9.80796 
             64.1007    1.04773  -0.657275 -0.0787334 -0.00960961  0.00128622    0.796099 0 0 0   -0.011 -0.02329 -0.04412 -0.0135871 -0.0129814  0.0142718 -0.000792437    0.0202244   -0.0116812   0.0210241 -0.00250157   0.0155954  0.124508 0.0705682  -9.80796 
             64.2005   0.552116 -0.0438265 -0.0964401 -0.00381696  0.00668431    0.794443 0 0 0   -0.011 -0.02329 -0.04412  0.0118667 0.00830724 0.00169585 -0.000763334    0.0202558   -0.0116762   0.0207446 -0.00286737   0.0159534  0.124823 0.0707808  -9.80795 
             64.3004  0.357102 0.0902647 -0.122868 -0.00197052  0.00788964    0.793129 0 0 0   -0.011 -0.02329 -0.04412 0.0230947 0.0193439  -0.01015 -0.000791428    0.0202844   -0.0116737   0.0207467 -0.00285779   0.0160362  0.124855 0.0708061  -9.80795 
             64.4006  0.644912 -0.643161 -0.183353 -0.00407225  0.00781352     0.79189 0 0 0   -0.011 -0.02329 -0.04412  0.00944054   0.0171193 -0.00489103 -0.000820364    0.0203511   -0.0116668   0.0210465 -0.00270163   0.0161023  0.124804 0.0707834  -9.80795 
             64.5006  0.971802  -1.35812 -0.219933 -0.00423864  0.00650913    0.793359 0 0 0   -0.011 -0.02329 -0.04412 -0.00769168  0.00993158  0.00637185 -0.000809529    0.0203422   -0.0116717  0.0210815 -0.0024674   0.015928  0.124813 0.0707316  -9.80795 
             64.6007   1.29837  -1.38451 -0.264152 -0.00893855  0.00670726    0.795282 0 0 0   -0.011 -0.02329 -0.04412 -0.0270805 0.00128316  0.0150335 -0.000826384    0.0203014   -0.0116526   0.0213439 -0.00245867   0.0157863  0.124757 0.0707131  -9.80795 
             64.7007   1.17542  -1.27641 -0.295088  -0.013556 0.00274924   0.793974 0 0 0   -0.011 -0.02329 -0.04412 -0.0358627 -0.0152578 0.00525124 -0.00080684   0.0202851  -0.0116441   0.0215751 -0.00207405   0.0161235  0.124819 0.0707421  -9.80795 
             64.8005   1.00199 -0.767056 -0.229653  -0.0185302 -0.00252073    0.792017 0 0 0   -0.011 -0.02329 -0.04412  -0.0356722  -0.0246954 -0.00614408 -0.000800597    0.0202783   -0.0116776  0.0217601 -0.0016933  0.0163883  0.124896 0.0707819  -9.80795 
             64.9007  0.743267 -0.339699 -0.199332  -0.0182869 0.000720271    0.789329 0 0 0   -0.011 -0.02329 -0.04412   -0.0178558  -0.00187375 -0.000891086 -0.000792123    0.0202852   -0.0116794   0.0216239 -0.00204308   0.0166854  0.125071 0.0709305  -9.80795 
             65.0005  0.166724  0.307136 -0.205085  -0.0212297 -0.00124718    0.787758 0 0 0   -0.011 -0.02329 -0.04412   -0.005038  -0.0022563 -0.00296674 -0.000780862     0.020267   -0.0116595   0.0218165 -0.00183793   0.0168609  0.125073 0.0709639  -9.80795 
             65.1004 0.0930749  0.760882 -0.191472  -0.0194555 -0.00254835    0.786988 0 0 0   -0.011 -0.02329 -0.04412    0.0252336   0.00448647 -0.000907466 -0.000798633     0.020272    -0.011674   0.0217452 -0.00169674   0.0169345  0.125073 0.0709484  -9.80795 
             65.2006  0.132931   1.01668 -0.229067 -0.0129899 -0.0016636   0.789221 0 0 0   -0.011 -0.02329 -0.04412 0.0489624 0.0173889  0.017747 -0.000812694    0.0203042   -0.0116454   0.0215626 -0.00169068   0.0167562   0.12517 0.0709457  -9.80794 
             65.3006  0.261165  0.782062 -0.210946 -0.00832117 0.000614788    0.792932 0 0 0   -0.011 -0.02329 -0.04412 0.0583662 0.0209153 0.0251674 -0.000811143    0.0203128   -0.0116388   0.0217656 -0.00168632   0.0165388  0.125279 0.0709845  -9.80794 
             65.4008  0.308822 -0.225813 -0.148863 -0.00432712  0.00310059    0.793665 0 0 0   -0.011 -0.02329 -0.04412 0.0560489  0.026736 0.0204006 -0.000796854    0.0203391   -0.0116695   0.0217909 -0.00170713   0.0167527  0.125113 0.0709538  -9.80795 
             65.5006  0.491156  -1.04378 -0.114085 -0.00146239  0.00752276     0.79572 0 0 0   -0.011 -0.02329 -0.04412  0.042769 0.0346737 0.0210191 -0.000795292    0.0203457   -0.0116832   0.0219878 -0.00182479   0.0167687  0.125079 0.0709775  -9.80795 
             65.6004  0.742924  -1.44712 -0.132618 -0.00285757   0.0143665    0.797556 0 0 0   -0.011 -0.02329 -0.04412 0.0202929 0.0397396 0.0221842 -0.000794023    0.0203356   -0.0116714   0.0223897 -0.00211106   0.0168268  0.125015 0.0710271  -9.80795 
             65.7004   1.21241  -1.53862 -0.148293 -0.00183024   0.0150028    0.799226 0 0 0   -0.011 -0.02329 -0.04412 0.00235397    0.01766  0.0143494 -0.000828242    0.0203211   -0.0116537   0.0223916 -0.00188224   0.0168611  0.125018 0.0709923  -9.80795 
             65.8006    1.69496   -1.45919 -0.0800778 -6.24633e-05    0.0129541     0.800386 0 0 0   -0.011 -0.02329 -0.04412  -0.0104423 -0.00258112  0.00353168 -0.000827768    0.0203136   -0.0116853    0.022188 -0.00162958   0.0168195 0.125029 0.070946 -9.80795 
             65.9006   1.86741  -1.64492 -0.136237 -0.00315688  0.00962395    0.797751 0 0 0   -0.011 -0.02329 -0.04412 -0.0205711 -0.0228589 -0.0207917 -0.00079841   0.0203169   -0.011664   0.0224824 -0.00134272   0.0170789  0.125152 0.0710101  -9.80794 
             66.0007   1.58617  -1.58868 -0.113794 -0.00727297  0.00871045     0.79511 0 0 0   -0.011 -0.02329 -0.04412 -0.0343273 -0.0278853 -0.0180657 -0.000780815    0.0202947   -0.0116898    0.022645 -0.00143468   0.0171934  0.125205 0.0710944  -9.80794 
             66.1006   1.07271  -1.31057 -0.142439 -0.0150493 0.00637738    0.79249 0 0 0   -0.011 -0.02329 -0.04412 -0.0503859 -0.0238798   -0.01309 -0.000776307     0.020271   -0.0116759  0.0230354 -0.0013829  0.0173391  0.125252 0.0711862  -9.80794 
             66.2006   0.61815 -0.559882 -0.133808 -0.0163238  0.0045536   0.791118 0 0 0   -0.011 -0.02329 -0.04412 -0.0340519 -0.0181069 -0.0101111 -0.000748948    0.0202445   -0.0116718   0.0227721 -0.00140797   0.0173644  0.125307 0.0712109  -9.80794 
             66.3005  0.440582 0.0985479  -0.18288 -0.0158273 0.00599543   0.789421 0 0 0   -0.011 -0.02329 -0.04412 -0.00838303 -0.00778423  -0.0120057 -0.000777059    0.0202616   -0.0116573  0.0225485 -0.0016193  0.0174564 0.125379 0.071287 -9.80794 
             66.4007   0.42346  0.688399 -0.202219 -0.0164653 0.00623179    0.78709 0 0 0   -0.011 -0.02329 -0.04412 0.00197295 0.00112217 -0.0132431 -0.000792354    0.0202318   -0.0116475    0.022609 -0.00164815   0.0175965  0.125387 0.0713176  -9.80794 
             66.4996  0.550054  0.528407 -0.200667 -0.0133882 0.00766089   0.788448 0 0 0   -0.011 -0.02329 -0.04412   0.0195501  0.00558116 -0.00139371 -0.000793056    0.0202848   -0.0116456   0.0225232 -0.00175393   0.0172924  0.125477 0.0713241  -9.80794 
             66.6004   0.74795  0.127929 -0.186024 -0.0128383 0.00926466   0.788902 0 0 0   -0.011 -0.02329 -0.04412  0.0247025 0.00636999 0.00574466 -0.000801787    0.0202825   -0.0116581   0.0226944 -0.00181222   0.0172529  0.125471 0.0713357  -9.80794 
             66.7006  0.815552 -0.448617 -0.219914  -0.011757 0.00680652   0.791064 0 0 0   -0.011 -0.02329 -0.04412  0.0219781 0.00514091  0.0339301 -0.000787261     0.020303   -0.0116428   0.0228212 -0.00150173    0.017227  0.125455 0.0712924  -9.80794 
             66.8005  0.949998   -0.5918 -0.214627 -0.0146524 0.00584824   0.792885 0 0 0   -0.011 -0.02329 -0.04412   3.405e-05 -0.00528186   0.0374609 -0.000806816    0.0202724   -0.0116561   0.0231276 -0.00137048    0.017451  0.125327 0.0713079  -9.80794 
             66.9005  0.787594 -0.676525  -0.21896 -0.0182533 0.00490416   0.795485 0 0 0   -0.011 -0.02329 -0.04412  -0.021961  0.0267986 0.00800096 -0.000769878    0.0202695   -0.0116766   0.0233929 -0.00126875   0.0175346 0.125274  0.07132 -9.80794 
             67.0006   0.40918 -0.758474 -0.252192 -0.0158295  0.0131415   0.791893 0 0 0   -0.011 -0.02329 -0.04412 -0.0193629  0.0581033 -0.0587145 -0.000790418    0.0202631    -0.011655   0.0229551 -0.00160185   0.0176464  0.125354 0.0713683  -9.80794 
             67.1005  -3.02334  -2.78834 -0.228495 -0.0225015  0.0226088   0.783845 0 0 0   -0.011 -0.02329 -0.04412  -0.057857   0.110937 -0.0863307 -0.000630173    0.0203326   -0.0116789   0.0232491 -0.00167245   0.0177457  0.125334 0.0713991  -9.80794 
             67.2004  -3.03527  -2.78714 -0.241237 -0.0304988  0.0422772   0.770544 0 0 0   -0.011 -0.02329 -0.04412 -0.0724475   0.167538  -0.105292 -0.000772097     0.020247   -0.0116875    0.023674 -0.00243431   0.0182211  0.125579 0.0712256  -9.80794 
             67.3006  -1.30393  -1.67932 -0.351462 -0.0369325  0.0650187   0.760453 0 0 0   -0.011 -0.02329 -0.04412 -0.0757202   0.191159 -0.0970095 -0.000863148    0.0202157   -0.0116875   0.0235757 -0.00282783   0.0181882  0.125593 0.0713206  -9.80794 
             67.4005   1.19592  -0.12985 -0.748628 -0.0402207  0.0728686   0.751903 0 0 0   -0.011 -0.02329 -0.04412 -0.0469941   0.140682 -0.0695459 -0.000900275    0.0201837   -0.0116398  0.0232634 -0.0021094  0.0182477   0.12561 0.0711239  -9.80794 
             67.5004  3.58476  1.12086 -1.67639 -0.0390302  0.0720882     0.7465 0 0 0   -0.011 -0.02329 -0.04412 -0.00566295   0.0521104  -0.0317167 -0.000902534     0.020195   -0.0116004   0.0227875 -0.00125008   0.0183032  0.125562 0.0708727  -9.80794 
             67.6005  4.45041  1.57547 -3.24926 -0.0363917  0.0645088   0.745982 0 0 0   -0.011 -0.02329 -0.04412   0.0291716  -0.0318299 0.000778576 -0.000845428    0.0202662   -0.0115916    0.0223756 -0.000605984    0.0181586   0.12535 0.0706464  -9.80794 
             67.7005  4.07604  1.68258 -5.41592 -0.0300755  0.0544083     0.7486 0 0 0   -0.011 -0.02329 -0.04412  0.0665044 -0.0891661  0.0274626 -0.000777481    0.0202648   -0.0115704    0.0220711 -0.000572499    0.0179927  0.125209 0.0702843  -9.80795 
             67.8005   2.9445   1.4794 -7.94814 -0.0211738  0.0455397   0.753086 0 0 0   -0.011 -0.02329 -0.04412  0.101033 -0.110355 0.0542639 -0.000742931    0.0202632   -0.0115794    0.0222122 -0.000820011    0.0179545  0.125404 0.0701593  -9.80795 
             67.9006  1.61105  1.20309 -10.7599 -0.0104395  0.0446771   0.759488 0 0 0   -0.011 -0.02329 -0.04412    0.12491 -0.0971147  0.0750234 -0.000739327    0.0202838   -0.0115355   0.0242486 -0.00130434   0.0180421  0.127321 0.0706076  -9.80792 
             68.0006 0.846985  1.09053 -13.4027 0.00190557  0.0411021    0.76893 0 0 0   -0.011 -0.02329 -0.04412   0.149677 -0.0872296  0.0953375 -0.000743853    0.0202477   -0.0115783   0.0262161 -0.00142418   0.0179642  0.129117 0.0710204  -9.80789 
             68.1004 1.11329 1.22948 -16.005 0.0138806 0.0358271  0.778997 0 0 0   -0.011 -0.02329 -0.04412   0.172157 -0.0967642   0.108636 -0.000808828    0.0201936   -0.0115687   0.0281617 0.000151682   0.0179975  0.130623 0.0729284  -9.80786 
             68.2006  1.96881  1.89481 -18.3542 0.0283919 0.0286442   0.78695 0 0 0   -0.011 -0.02329 -0.04412  0.197332 -0.122809  0.099643 -0.000840462    0.0201599   -0.0115969  0.0299728 0.00235368  0.0183232  0.132024 0.0753932  -9.80782 
             68.2998  2.84663  3.09451 -20.3049   0.049681 0.00416518   0.796728 0 0 0   -0.011 -0.02329 -0.04412  0.242738 -0.192985 0.0866986 -0.000841038    0.0201098   -0.0116166  0.0234676 0.00242783  0.0182226  0.125689 0.0745842  -9.80791 
             68.4005  3.19966  3.82415 -22.0279  0.0766298 -0.0271165   0.801869 0 0 0   -0.011 -0.02329 -0.04412  0.285359  -0.26422 0.0623271 -0.000824265    0.0201426   -0.0116024  0.0159977 0.00192358  0.0184845  0.118485 0.0732896  -9.80801 
             68.5006  2.50298  3.79945 -23.3666   0.114308 -0.0583264    0.80713 0 0 0   -0.011 -0.02329 -0.04412  0.353195  -0.30372 0.0487179 -0.000771231    0.0201468   -0.0116511   0.0136047 -0.00364644    0.018497  0.116708 0.0676146  -9.80807 
             68.6005  1.33126  2.88831 -24.4132   0.147249 -0.0907295   0.814775 0 0 0   -0.011 -0.02329 -0.04412  0.379064 -0.315213 0.0581368 -0.000762094    0.0202033   -0.0116826    0.0127038 -0.000728373    0.0181733  0.115521 0.0703337  -9.80807 
             68.7004 -0.0555699     1.5593   -25.1438  0.182438 -0.113483  0.819529 0 0 0   -0.011 -0.02329 -0.04412  0.398973 -0.280231 0.0649363 -0.000738888    0.0201728   -0.0116957  0.0195944 0.00437396   0.018437 0.121872  0.07594 -9.80795 
             68.7996 -1.06598 0.387142 -25.5263   0.21592 -0.126563  0.830355 0 0 0   -0.011 -0.02329 -0.04412   0.40237 -0.218373 0.0985329 -0.000775661    0.0201729   -0.0117057 0.0324117 0.0130422 0.0181984  0.133753 0.0853967  -9.80772 
             68.9005 -1.25767 0.102771 -25.5583  0.253934 -0.141837  0.839315 0 0 0   -0.011 -0.02329 -0.04412  0.405899 -0.183943  0.117167 -0.00081001   0.0201141  -0.0117429 0.0374657 0.0166881 0.0184816 0.138444 0.089367 -9.80762 
             69.0007 -0.673168  0.606127  -25.3521  0.300487 -0.163935  0.851447 0 0 0   -0.011 -0.02329 -0.04412  0.440997 -0.192722  0.129449 -0.000850658     0.020098   -0.0117557 0.0341879 0.0107042 0.0184831 0.135653 0.083261 -9.80771 
             69.1005 0.382747  1.53124 -24.9257  0.349093 -0.189269  0.863668 0 0 0   -0.011 -0.02329 -0.04412 0.477481  -0.2137 0.126523 -0.000852404    0.0200713    -0.011744  0.0289637 0.00668372  0.0185179  0.130809 0.0789432  -9.80781 
             69.2006  1.13006  2.09349 -24.2287 0.398642 -0.21657 0.872633 0 0 0   -0.011 -0.02329 -0.04412  0.512765 -0.246165  0.104746 -0.000835462     0.020096   -0.0117684  0.0243009 0.00545188  0.0188304  0.126305 0.0774101  -9.80788 
             69.3006   1.2518  2.31885 -23.5654  0.451734 -0.245713  0.883605 0 0 0   -0.011 -0.02329 -0.04412 0.540065 -0.26522 0.105633 -0.000798213     0.020098   -0.0117395  0.0210811 0.00495486  0.0187715  0.123183 0.0766812  -9.80793 
             69.4006 0.845273  2.11212 -22.7476  0.506265 -0.275163  0.892959 0 0 0   -0.011 -0.02329 -0.04412  0.565863 -0.272062 0.0989294 -0.000788776    0.0201238   -0.0117604 0.0184499 0.0048043 0.0188532  0.120616 0.0763404  -9.80796 
             69.5006 0.012693  1.37488 -21.9786  0.563219 -0.297899  0.902074 0 0 0   -0.011 -0.02329 -0.04412  0.579449 -0.249867   0.10039 -0.000754039    0.0201374   -0.0117415  0.0216451 0.00575927   0.019007  0.123676 0.0775434  -9.80791 
             69.6004 -0.780921  0.237314  -21.1089  0.619006 -0.317591  0.914805 0 0 0   -0.011 -0.02329 -0.04412  0.585069 -0.211119  0.127619 -0.000775303    0.0201636   -0.0117764  0.0250115 0.00887154  0.0188418  0.126713 0.0808553  -9.80785 
             69.7006  -1.1368 -0.53251 -20.1904  0.677495 -0.335554  0.927955 0 0 0   -0.011 -0.02329 -0.04412  0.595034 -0.184136  0.136531 -0.000778755    0.0201369   -0.0117834  0.0265326 0.00857089  0.0188119  0.128229 0.0806905  -9.80783 
              69.799 -0.887731 -0.275775  -19.2162  0.736857 -0.353001  0.943742 0 0 0   -0.011 -0.02329 -0.04412  0.594937 -0.161945  0.150489 -0.000829089    0.0200768   -0.0117911  0.0264694 0.00899667  0.0186423 0.128138 0.081095 -9.80783 
             69.9005 -0.433335  0.579586  -18.1836  0.794424 -0.369817  0.954406 0 0 0   -0.011 -0.02329 -0.04412  0.607242 -0.159091  0.139338 -0.000815101    0.0200383    -0.011771 0.0254319 0.0106272  0.019171  0.126921 0.0825925  -9.80783 
             70.0006 0.160991  1.14302 -17.1079  0.861824 -0.386139   0.96965 0 0 0   -0.011 -0.02329 -0.04412  0.637288 -0.158013  0.145994 -0.000836409    0.0200654   -0.0117824   0.025288 0.00672123  0.0190536  0.127197 0.0787639  -9.80786 
             70.1005 0.599846  1.48334 -16.1707  0.931705 -0.400219  0.983192 0 0 0   -0.011 -0.02329 -0.04412  0.662365 -0.158612  0.126775 -0.000832136      0.02009   -0.0117284  0.0267197 0.00341396  0.0191021  0.128958 0.0757042  -9.80786 
             70.2004   1.0154 0.785324 -15.1337  0.998561 -0.416755  0.993446 0 0 0   -0.011 -0.02329 -0.04412  0.659913 -0.162328  0.107104 -0.000822961    0.0201358   -0.0117709   0.026339 0.00297472  0.0193378  0.128632 0.0752465  -9.80787 
             70.3005   1.24454 -0.637687  -14.3121   1.05557 -0.433246   1.00501 0 0 0   -0.011 -0.02329 -0.04412 0.638544 -0.16654 0.109351 -0.000799473    0.0201342   -0.0117286  0.0264402 0.00759119  0.0192016  0.128126 0.0797276  -9.80784 
             70.4006   1.1778 -1.28528 -13.3444   1.11667 -0.456247   1.01644 0 0 0   -0.011 -0.02329 -0.04412   0.62418 -0.184496  0.102904 -0.000792239    0.0201001   -0.0117471   0.023473 0.00873051  0.0190564  0.125094 0.0803982  -9.80787 
             70.5005 0.746121 0.261129 -12.3576   1.18197 -0.476907   1.02525 0 0 0   -0.011 -0.02329 -0.04412  0.631078 -0.184516 0.0869603 -0.000774849    0.0200096    -0.011729  0.0223786 0.00783538  0.0191792  0.124184 0.0793639  -9.80789 
             70.6004 -0.190989   1.05526  -11.4894   1.24846 -0.493674   1.03338 0 0 0   -0.011 -0.02329 -0.04412  0.666207 -0.166101 0.0885744 -0.000735935    0.0200422   -0.0117075   0.022764 0.00695261   0.019272  0.124706 0.0785823  -9.80789 
             70.7017 -0.996674  0.859159  -10.6162   1.31505 -0.508965   1.03918 0 0 0   -0.011 -0.02329 -0.04412  0.683518 -0.144144 0.0720761 -0.000739818    0.0200974   -0.0117416 0.0228428 0.0069739 0.0195744  0.124775 0.0786245  -9.80789 
             70.8013 -1.41699 0.727706 -9.85373   1.38549 -0.513767   1.04756 0 0 0   -0.011 -0.02329 -0.04412   0.698602 -0.0965737   0.072756 -0.000759067    0.0200908   -0.0117273  0.0258489 0.00631269  0.0194805  0.127763 0.0786136  -9.80785 
             70.9007 -1.29539 0.799841 -9.05553  1.45032 -0.52098  1.05739 0 0 0   -0.011 -0.02329 -0.04412   0.694049 -0.0726576  0.0824364 -0.000800934    0.0200988   -0.0117191  0.0265397 0.00819678   0.019209  0.128033 0.0805158  -9.80783 
             71.0005 -0.73747  0.43403 -8.22222   1.51846 -0.532316   1.06506 0 0 0   -0.011 -0.02329 -0.04412   0.702239 -0.0706153   0.086563 -0.000795679    0.0201009   -0.0117272  0.0250916 0.00891543  0.0192877  0.126494 0.0808236  -9.80785 
             71.1004 -0.0992544   0.324087   -7.45991    1.5907 -0.539354   1.07465 0 0 0   -0.011 -0.02329 -0.04412   0.715541 -0.0662896  0.0910517 -0.000800045     0.020094    -0.011728  0.0249888 0.00873317  0.0192328  0.126464 0.0806237  -9.80785 
             71.2006 0.235093 0.597946 -6.81395   1.65758 -0.550806   1.08462 0 0 0   -0.011 -0.02329 -0.04412   0.709333 -0.0779941  0.0902104 -0.000801896    0.0200822   -0.0117018 0.0241073 0.0102424 0.0191626 0.125229  0.08169 -9.80786 
             71.3008 0.357626 0.819718 -6.13067   1.72695 -0.557938   1.08981 0 0 0   -0.011 -0.02329 -0.04412   0.723109 -0.0747942  0.0792139 -0.000782527    0.0200816   -0.0117118 0.0241793 0.0103464 0.0195679  0.125186 0.0818374  -9.80786 
             71.4006 0.145843 0.938675 -5.54594   1.80149 -0.568647   1.09855 0 0 0   -0.011 -0.02329 -0.04412   0.740434 -0.0778507  0.0875044 -0.00076607   0.0200829  -0.0116995 0.0235098 0.0103653 0.0195599  0.124619 0.0815894  -9.80787 
             71.5007 -0.253468   1.02375  -5.02735   1.88247 -0.572263     1.107 0 0 0   -0.011 -0.02329 -0.04412   0.769968 -0.0574138  0.0907601 -0.000753226    0.0200824   -0.0116836  0.0236899 0.00900766  0.0196235  0.125328 0.0806006  -9.80787 
             71.6006 -0.503224  0.497158  -4.58147   1.95336 -0.576628   1.11477 0 0 0   -0.011 -0.02329 -0.04412  0.759413 -0.041538 0.0885018 -0.000742259    0.0200865   -0.0116894  0.0241201 0.00978547  0.0197723  0.125251 0.0814116  -9.80786 
             71.7006 -0.312309 -0.324641  -4.18853   2.02563 -0.581364   1.12427 0 0 0   -0.011 -0.02329 -0.04412   0.743213 -0.0360838  0.0833086 -0.000781857    0.0200894   -0.0116967 0.0243478 0.0103195 0.0196645  0.125164 0.0818744  -9.80786 
             71.8007 -0.0304866  -0.650793   -3.86032    2.0993 -0.583099   1.13126 0 0 0   -0.011 -0.02329 -0.04412   0.728166 -0.0293678  0.0808505 -0.000773666    0.0200646   -0.0116992 0.0244292 0.0100858 0.0198091  0.125295 0.0817849  -9.80786 
             71.9005   0.22508 -0.674115  -3.52925    2.1749 -0.590836   1.13965 0 0 0   -0.011 -0.02329 -0.04412   0.732775 -0.0395344  0.0823345 -0.000775017    0.0200479   -0.0117186 0.0238065 0.0101893 0.0197994  0.124929 0.0814675  -9.80787 
             72.0006  0.461737 -0.766084  -3.33981   2.24997 -0.599304   1.14691 0 0 0   -0.011 -0.02329 -0.04412  0.715026 -0.051195 0.0750702 -0.000764984    0.0200399   -0.0116738 0.0233271 0.0103184 0.0199363   0.12465 0.0811984  -9.80787 
             72.1007  0.304699 -0.950856    -3.049   2.31738 -0.601584   1.15429 0 0 0   -0.011 -0.02329 -0.04412   0.698754 -0.0337418  0.0694985 -0.000749069    0.0200431   -0.0116836 0.0237318   0.01039 0.0199637 0.124724 0.081452 -9.80787 
             72.2006 0.0297486   -1.2129  -2.76357   2.38384 -0.604368   1.16197 0 0 0   -0.011 -0.02329 -0.04412   0.681662 -0.0243973  0.0730524 -0.000739984    0.0200477   -0.0116707 0.0238878 0.0105154 0.0198917  0.124673 0.0815786  -9.80787 
             72.3005 -0.215118  -1.03796  -2.46493   2.45133 -0.601856   1.16963 0 0 0   -0.011 -0.02329 -0.04412    0.672009 -0.00524002   0.0763667 -0.000733558    0.0200122   -0.0116709 0.0240836 0.0101928 0.0198731  0.124843 0.0816639  -9.80787 
             72.4003 -0.208034 -0.379337  -2.20343   2.52218 -0.599199    1.1739 0 0 0   -0.011 -0.02329 -0.04412  0.682364 0.0067314 0.0561605 -0.000731913    0.0200064   -0.0116527  0.0240918 0.00983258  0.0202004  0.125075 0.0815578  -9.80786 
             72.5006 0.338335 0.275867 -1.90606   2.58733 -0.600083   1.18208 0 0 0   -0.011 -0.02329 -0.04412    0.680399 0.000906724   0.0669917 -0.000770548    0.0200047   -0.0116696 0.0241708 0.0100912 0.0199077  0.124932 0.0816665  -9.80786 
             72.6005 0.945123 0.672758 -1.73201   2.65955 -0.598897   1.18425 0 0 0   -0.011 -0.02329 -0.04412    0.702293 -0.00963529   0.0423657 -0.000762585    0.0200193   -0.0116503   0.024014 0.00981359   0.020405  0.125016 0.0815439  -9.80786 
             72.7006  1.40952 0.882107 -1.60832   2.72896 -0.603098   1.18807 0 0 0   -0.011 -0.02329 -0.04412   0.713106 -0.0315831  0.0332063 -0.000763958    0.0200208   -0.0116566 0.0240749 0.0100133 0.0203953  0.124997 0.0815039  -9.80786 
             72.8006  1.67986 0.824594 -1.54223   2.79966 -0.614552    1.1914 0 0 0   -0.011 -0.02329 -0.04412   0.718947 -0.0656018  0.0303747 -0.000754248    0.0200462   -0.0116677 0.0241926 0.0105623 0.0203518  0.125036 0.0813683  -9.80787 
             72.9005  1.40108 0.484073 -1.62502  2.87663 -0.61878  1.19623 0 0 0   -0.011 -0.02329 -0.04412   0.745383 -0.0697366  0.0301471 -0.000727103    0.0200553     -0.01163 0.0240047  0.010308 0.0201617  0.125139 0.0813906  -9.80786 
             73.0007 0.632063 0.167145 -1.67412   2.94484 -0.624636   1.20016 0 0 0   -0.011 -0.02329 -0.04412   0.731104 -0.0663443  0.0333092 -0.000677477    0.0200553   -0.0116465 0.0244713 0.0101282  0.020029   0.12509 0.0812772  -9.80787 
             73.1005  0.0741155 -0.0664535   -1.58111   3.01384 -0.626953   1.20361 0 0 0   -0.011 -0.02329 -0.04412   0.722944 -0.0448544  0.0387729 -0.000672179    0.0200625   -0.0116672  0.0247465 0.00980527  0.0200616  0.124952 0.0812784  -9.80787 
             73.2007 -0.296318 -0.345596  -1.46788   3.08114 -0.629373   1.21102 0 0 0   -0.011 -0.02329 -0.04412   0.715626 -0.0303452  0.0667797 -0.000685961    0.0200777   -0.0116621  0.0250954 0.00961876   0.019763  0.124921 0.0812152  -9.80787 
             73.2997 -0.354071  0.174931  -1.23078   3.15371 -0.629837    1.2203 0 0 0   -0.011 -0.02329 -0.04412  0.726957 -0.015787    0.0758 -0.000695537    0.0200298   -0.0117128  0.0250367 0.00952432  0.0194691  0.124925 0.0813047  -9.80787 
             73.3996 0.0886735   0.97482  -1.15194   3.22704 -0.627743    1.2254 0 0 0   -0.011 -0.02329 -0.04412    0.746859 -0.00381581   0.0653982 -0.000716137    0.0200051     -0.01167 0.0249803 0.0091808 0.0197506  0.124831 0.0812698  -9.80787 
             73.5006 0.635038  1.58225 -1.01242     3.306 -0.628678   1.22987 0 0 0   -0.011 -0.02329 -0.04412    0.776906 -0.00804768   0.0556907 -0.000726345    0.0200035   -0.0116427  0.0247571 0.00918939  0.0199753  0.124828 0.0812481  -9.80787 
             73.6006  0.993121   1.37475 -0.766078   3.38356 -0.634188   1.23775 0 0 0   -0.011 -0.02329 -0.04412     0.7804 -0.0275802  0.0619415 -0.000725858    0.0200433   -0.0116614  0.0250241 0.00954849   0.019703  0.125065 0.0812184  -9.80787 
             73.7006    1.0598  0.513028 -0.531577   3.45518 -0.639373   1.24142 0 0 0   -0.011 -0.02329 -0.04412   0.774612 -0.0372042  0.0478098 -0.000693918    0.0200945   -0.0116607  0.0253542 0.00954764  0.0199737  0.124887 0.0809999  -9.80787 
             73.8005   0.73453 -0.445775 -0.268503   3.53789 -0.640583   1.24532 0 0 0   -0.011 -0.02329 -0.04412   0.773715 -0.0287478  0.0437048 -0.000667198     0.020091   -0.0116803  0.0248673 0.00954996  0.0200743  0.124812 0.0812207  -9.80787 
             73.9007  0.117387 -0.678357 0.0102095   3.60729 -0.638415   1.25305 0 0 0   -0.011 -0.02329 -0.04412    0.746169 -0.00844032    0.061824 -0.000661587     0.020063   -0.0116816  0.0252968 0.00884269  0.0197508  0.124583 0.0809302  -9.80787 
             74.0006 -0.159104  -1.02542  0.261599 3.68198 -0.6373  1.2569 0 0 0   -0.011 -0.02329 -0.04412   0.726491 0.00667025  0.0531094 -0.000671029    0.0200569   -0.0116811  0.0250757 0.00884732  0.0200384  0.124525 0.0810582  -9.80787 
             74.1004 -0.0754259   -1.29832   0.535771   3.75971 -0.639282   1.26227 0 0 0   -0.011 -0.02329 -0.04412   0.707614 0.00913205  0.0527551 -0.000684479    0.0200583    -0.011662  0.0248748 0.00940792  0.0200466  0.124814 0.0813312  -9.80787 
             74.2007 0.135555 -1.79286 0.844835   3.81934 -0.635025   1.26625 0 0 0   -0.011 -0.02329 -0.04412  0.666559 0.0235316 0.0580275 -0.000693867    0.0200545    -0.011673  0.0254087 0.00848252  0.0202362  0.124498 0.0806864  -9.80788 
             74.3005 0.242963 -1.90135  1.21759   3.88542 -0.630604   1.27484 0 0 0   -0.011 -0.02329 -0.04412   0.63923 0.0335407 0.0808695 -0.000690007    0.0200108   -0.0116685  0.0251305 0.00841949  0.0199983  0.124243 0.0807921  -9.80788 
             74.4008  0.315683 -0.974026   1.79873   3.95105 -0.630022   1.28076 0 0 0   -0.011 -0.02329 -0.04412  0.630444 0.0294732 0.0817296 -0.000680153    0.0199625   -0.0116855  0.0253942 0.00876459  0.0202683  0.124689 0.0808725  -9.80787 
             74.5007  0.514159 -0.227505   2.54322    4.0136 -0.625463   1.28613 0 0 0   -0.011 -0.02329 -0.04412   0.63544 0.0398934 0.0719928 -0.000694045    0.0199834   -0.0116911  0.0253829 0.00860827  0.0205328  0.124669 0.0808501  -9.80787 
             74.6004 0.525972  0.18622  3.56913   4.07439 -0.621158    1.2938 0 0 0   -0.011 -0.02329 -0.04412  0.637976 0.0466463 0.0734113 -0.000674146    0.0200127   -0.0117134  0.0255261 0.00822881  0.0204554  0.124539 0.0805154  -9.80788 
             74.7005 0.403051 0.905883  4.70878   4.14109 -0.618489   1.29999 0 0 0   -0.011 -0.02329 -0.04412  0.660204  0.049638 0.0725259 -0.00068225   0.0199898   -0.011651   0.025687 0.00866548  0.0205933  0.124884 0.0807499  -9.80787 
             74.8006 0.0772584   1.59316   6.18827   4.21022 -0.611415   1.30783 0 0 0   -0.011 -0.02329 -0.04412  0.692714 0.0695139 0.0672627 -0.000659721    0.0199915   -0.0116661  0.0253616 0.00886607  0.0204824  0.124726 0.0810688  -9.80787 
             74.9005 -0.252112   1.81217   7.81473   4.28288 -0.605673   1.31255 0 0 0   -0.011 -0.02329 -0.04412  0.715716 0.0843909 0.0505959 -0.000669925    0.0200156   -0.0116516    0.02562 0.00936485  0.0206811  0.125141 0.0813407  -9.80786 
             75.0007 -0.59427  1.62151  9.65048   4.35686 -0.590937   1.31746 0 0 0   -0.011 -0.02329 -0.04412  0.742666  0.128304 0.0469306 -0.00067056   0.0200453  -0.0116469  0.0243703 0.00941548  0.0206478  0.124062 0.0818328  -9.80787 
             75.1007 -1.09333  1.02034  11.5484   4.42759 -0.574065    1.3202 0 0 0   -0.011 -0.02329 -0.04412  0.736147  0.165538 0.0397026 -0.000654408    0.0200671   -0.0116629 0.0236213 0.0081526 0.0208703  0.123001 0.0808592   -9.8079 
             75.2006 -1.10056 0.639655  13.4718   4.49531 -0.552942   1.32327 0 0 0   -0.011 -0.02329 -0.04412  0.725149  0.202216 0.0313187 -0.000689388    0.0200468   -0.0116654  0.0227358 0.00589919  0.0209498   0.12158 0.0789861  -9.80793 
             75.3006 -0.793165  0.361583   15.2518     4.565 -0.528887   1.32856 0 0 0   -0.011 -0.02329 -0.04412  0.724671   0.23467 0.0399399 -0.000705464     0.020059   -0.0116522  0.0220071 0.00475915    0.02073  0.120602 0.0781115  -9.80795 
             75.4006 -0.227923  0.322542   16.7432    4.6376 -0.504931   1.33217 0 0 0   -0.011 -0.02329 -0.04412  0.728162  0.248409 0.0344036 -0.00071391   0.0200432  -0.0116553  0.0221086 0.00514714  0.0207357   0.12078 0.0784594  -9.80794 
             75.5005 0.435044 0.578333  17.7636   4.70792 -0.483546   1.33667 0 0 0   -0.011 -0.02329 -0.04412  0.738065  0.248417 0.0374166 -0.000713087    0.0200273   -0.0116027  0.0242981 0.00358465  0.0206578  0.122575 0.0765539  -9.80794 
             75.6005  0.87669 0.879891  18.4798    4.7861 -0.458896   1.34335 0 0 0   -0.011 -0.02329 -0.04412  0.756694  0.248502 0.0421027 -0.000698007    0.0200451   -0.0116005  0.0246094 0.00596983  0.0203005  0.123276 0.0788123  -9.80791 
             75.7005 1.01379 1.05533  18.764   4.86582 -0.434034    1.3474 0 0 0   -0.011 -0.02329 -0.04412  0.783812  0.252245 0.0439149 -0.000687544    0.0200347   -0.0115595  0.0247957 0.00800063  0.0203266  0.123789 0.0807405  -9.80789 
             75.8005 0.728684 0.604122  18.6947   4.94842 -0.411272   1.34939 0 0 0   -0.011 -0.02329 -0.04412 0.798562 0.245835 0.037009 -0.000653296    0.0200589   -0.0115439  0.0264037 0.00982961  0.0206351  0.125627 0.0822362  -9.80785 
             75.9006 0.499716 0.285354  18.3689   5.02308 -0.384868   1.35298 0 0 0   -0.011 -0.02329 -0.04412  0.784351  0.247164 0.0311166 -0.000654538    0.0200611   -0.0115456  0.0249882 0.00627892  0.0205738  0.123713 0.0790222   -9.8079 
             76.0006  0.392634 -0.398481   17.8041   5.09736 -0.361343   1.35264 0 0 0   -0.011 -0.02329 -0.04412  0.776214  0.233509 0.0236921 -0.000675607    0.0200555   -0.0115438  0.0250638 0.00422354  0.0209948  0.123468 0.0769997  -9.80792 
             76.1006  0.298255 -0.829767    16.955   5.17311 -0.336159   1.35357 0 0 0   -0.011 -0.02329 -0.04412  0.760979  0.228068 0.0161803 -0.000655474    0.0200379   -0.0115006   0.023593 0.00307658  0.0211177  0.121869 0.0761105  -9.80795 
             76.2004  0.640496 -0.976186   16.0746   5.24904 -0.313153   1.36087 0 0 0   -0.011 -0.02329 -0.04412  0.750096  0.207362 0.0413432 -0.000669037    0.0200268   -0.0115073  0.0228967 0.00289477  0.0204906  0.121169 0.0760449  -9.80796 
             76.3006 0.970454 -1.16591   15.174   5.31988 -0.292984   1.36677 0 0 0   -0.011 -0.02329 -0.04412  0.728127  0.183823 0.0524122 -0.000648044      0.02002   -0.0115414  0.0225348 0.00109625  0.0203176  0.120533 0.0743625  -9.80798 
             76.4005   1.32935 -0.836332   14.1496   5.39546 -0.278287   1.37112 0 0 0   -0.011 -0.02329 -0.04412  0.730836  0.149732 0.0556165 -0.000674692     0.019971   -0.0115317  0.0241657 0.00207713  0.0204953  0.122266 0.0750424  -9.80795 
             76.5006   1.49294 -0.200031   13.0532   5.47317 -0.262443   1.37182 0 0 0   -0.011 -0.02329 -0.04412  0.744227  0.131002 0.0358418 -0.000659637    0.0199593   -0.0115175  0.0232971 0.00483632  0.0210246  0.121895 0.0778704  -9.80793 
             76.6005  1.36696 0.137243  11.9333   5.54917 -0.252437   1.37395 0 0 0   -0.011 -0.02329 -0.04412  0.750895   0.10513 0.0224474 -0.000652422    0.0199561   -0.0115174 0.0243412  0.005643  0.021126   0.12304 0.0784534  -9.80791 
             76.7007   1.13358 -0.153598   10.8415   5.62029 -0.243222   1.37865 0 0 0   -0.011 -0.02329 -0.04412  0.745744 0.0896139 0.0304418 -0.000646973    0.0200004    -0.011526  0.0246824 0.00330244  0.0208509  0.122924 0.0761488  -9.80793 
             76.8007 0.592603 0.029295  9.77477   5.70052 -0.234124    1.3819 0 0 0   -0.011 -0.02329 -0.04412  0.765149 0.0855293 0.0228217 -0.000618721     0.019969   -0.0115238  0.0244521 0.00559324  0.0208097   0.12319 0.0783753  -9.80791 
             76.9006 0.099282 0.867429  8.75602   5.77197 -0.220869   1.38476 0 0 0   -0.011 -0.02329 -0.04412  0.765981  0.102081 0.0229116 -0.000631032    0.0199146   -0.0115304  0.0227695 0.00354506  0.0207241  0.121141 0.0768279  -9.80795 
             77.0005 -0.205625  0.833001   7.86335   5.84552 -0.204292   1.38354 0 0 0   -0.011 -0.02329 -0.04412  0.768718  0.120743 0.0114788 -0.00061192   0.0199531  -0.0115453  0.0206609 0.00172407  0.0211094   0.11871 0.0756236  -9.80799 
             77.1006 -0.0879538    1.05213    6.97181   5.92633 -0.190893   1.38367 0 0 0   -0.011 -0.02329 -0.04412  0.792065  0.115269 0.0168168 -0.000644897    0.0199337   -0.0115246  0.0199076 0.00290827  0.0212736  0.118332 0.0769079  -9.80798 
             77.2005 0.396121   1.0814  6.24706   6.00257 -0.179913   1.38853 0 0 0   -0.011 -0.02329 -0.04412 0.801315 0.105945 0.030697 -0.000654743    0.0199478   -0.0115325 0.0202899 0.0020055  0.020946 0.118406 0.076013 -9.80799 
             77.3004  1.09714 0.795339  5.63568   6.08435 -0.171611   1.39029 0 0 0   -0.011 -0.02329 -0.04412  0.807113 0.0818503 0.0231631 -0.00066651    0.019959  -0.0115325  0.0205533 0.00217138   0.021068  0.118698 0.0760589  -9.80799 
             77.4007  1.61672 0.500893  5.17235    6.1563 -0.166486   1.39497 0 0 0   -0.011 -0.02329 -0.04412  0.793453 0.0525688 0.0406699 -0.000670329    0.0199397   -0.0115585  0.0214985 0.00037776  0.0208756  0.118911 0.0741836    -9.808 
             77.5006   1.51884 -0.273912   4.73206   6.24556 -0.166628   1.40092 0 0 0   -0.011 -0.02329 -0.04412  0.819846 0.0242635  0.041701 -0.000619776    0.0199954   -0.0115737  0.0219062 0.00268846  0.0206283  0.120156 0.0760383  -9.80797 
             77.6005    1.2225 0.0647506   4.45741   6.32496 -0.162016   1.40558 0 0 0   -0.011 -0.02329 -0.04412  0.816347 0.0202807 0.0384699 -0.000625758    0.0199099   -0.0115922   0.021502 0.00191715  0.0205424  0.11952 0.075565 -9.80798 
             77.7004 0.446886 0.287481  4.28963   6.40385 -0.156882   1.40664 0 0 0   -0.011 -0.02329 -0.04412  0.810488 0.0285291 0.0362596 -0.000582563    0.0199163   -0.0115704  0.0211058 0.00122553   0.020865  0.118848 0.0751765  -9.80799 
             77.8006 -0.182382  0.289898   4.29427   6.48442 -0.149483    1.4064 0 0 0   -0.011 -0.02329 -0.04412  0.806603 0.0462383   0.02405 -0.000583657    0.0199159   -0.0115779  0.0203651 0.00107149  0.0213038   0.11814 0.0753889    -9.808 
             77.9004 -0.246935  0.249514   4.38679   6.56374 -0.140844   1.40727 0 0 0   -0.011 -0.02329 -0.04412  0.801658 0.0611685  0.020581 -0.000610829    0.0199239   -0.0115552   0.0198522 0.000653802   0.0214511  0.117543 0.0752993  -9.80801 
             78.0004 0.0192083 -0.260146   4.57158  6.64008 -0.13088  1.40981 0 0 0   -0.011 -0.02329 -0.04412  0.789205 0.0716724 0.0350782 -0.000622058    0.0199396   -0.0115844    0.0195574 -0.000139164    0.0214554 0.116943 0.074834 -9.80802 
             78.1005  0.323961 -0.437426   4.84937  6.71839 -0.12784  1.41564 0 0 0   -0.011 -0.02329 -0.04412   0.77939 0.0570052 0.0508779 -0.000621596    0.0199234   -0.0116381   0.0201736 0.000181543   0.0212814  0.117551 0.0748011  -9.80801 
             78.2004  0.597093 -0.430038   5.02949   6.80187 -0.123556   1.42381 0 0 0   -0.011 -0.02329 -0.04412  0.780595 0.0515593 0.0537926 -0.000622885    0.0199198   -0.0116086  0.0200331 0.00112878  0.0208903  0.117856 0.0756136    -9.808 
             78.3006   0.62764 -0.488103   5.31276   6.87745 -0.116219   1.42967 0 0 0   -0.011 -0.02329 -0.04412  0.763643 0.0493293 0.0542446 -0.000620694    0.0199157   -0.0115936   0.0196625 0.000773461   0.0207707 0.117397 0.075508 -9.80801 
             78.4006 0.328806 -1.02534  5.77953   6.94981 -0.108802   1.43229 0 0 0   -0.011 -0.02329 -0.04412  0.732337 0.0565649  0.035762 -0.000600644    0.0199224   -0.0116168   0.0194645 0.000121949    0.021047  0.116954 0.0750901  -9.80802 
             78.5009 0.186877 -1.69147  6.29139   7.0247 -0.10244  1.43439 0 0 0   -0.011 -0.02329 -0.04412  0.709788 0.0597606 0.0320033 -0.000589891    0.0199153   -0.0116261   0.0192366 0.000476299   0.0212059  0.116928 0.0754864  -9.80801 
             78.6006 0.117858 -2.15251  6.75287     7.0909 -0.0989894    1.43969 0 0 0   -0.011 -0.02329 -0.04412  0.661947 0.0590451 0.0345411 -0.000591742    0.0199098   -0.0116071   0.0198268 9.63466e-05   0.0209271  0.117242 0.0748929  -9.80801 
             78.7005 -0.011795  -2.17053   7.29043    7.15304 -0.0898372    1.44139 0 0 0   -0.011 -0.02329 -0.04412  0.632123 0.0749177  0.027466 -0.000596993    0.0198788   -0.0116196    0.0194067 -0.000591309    0.0210731  0.11663 0.074508 -9.80802 
             78.8004 -0.237605  -1.86724   7.79088    7.21463 -0.0807555    1.44118 0 0 0   -0.011 -0.02329 -0.04412  0.606069 0.0777495 0.0181226 -0.000600873    0.0198651   -0.0116365   0.0193381 -0.00101145   0.0213806  0.116449 0.0742417  -9.80803 
             78.9016 -0.295526 -0.990102   8.14133    7.27669 -0.0739392    1.44228 0 0 0   -0.011 -0.02329 -0.04412  0.602819 0.0854866 0.0161923 -0.000591076    0.0198536   -0.0116018    0.0196125 -0.000418119    0.0214798  0.116911 0.0746818  -9.80802 
             79.0006 -0.130174 0.0526623   8.55986     7.3381 -0.0656648    1.44203 0 0 0   -0.011 -0.02329 -0.04412  0.599048 0.0921774 0.0157235 -0.000607387    0.0198341   -0.0115802   0.0197796 2.71305e-05   0.0217282  0.117239 0.0750591  -9.80801 
             79.1005 -0.103494 0.0251508   9.03113   7.40173 -0.050837   1.44406 0 0 0   -0.011 -0.02329 -0.04412  0.596775  0.112629 0.0262424 -0.000608246    0.0198928   -0.0116058   0.0183844 0.000661594   0.0216956  0.116194 0.0760779  -9.80802 
             79.2006 -0.0818873  -0.767836    9.44444    7.46421 -0.0418481    1.44784 0 0 0   -0.011 -0.02329 -0.04412  0.593217  0.112643 0.0359896 -0.000607085    0.0199321   -0.0115909  0.0187976 0.00191531  0.0216245  0.116949 0.0770797    -9.808 
             79.3005 -0.00832493    -1.50262     9.82423    7.51501 -0.0326121    1.45554 0 0 0   -0.011 -0.02329 -0.04412   0.55782  0.112796 0.0634788 -0.000601181    0.0199256   -0.0116064   0.0197554 4.37043e-05   0.0212602  0.117236 0.0750933  -9.80801 
             79.4005 -0.040349  -1.48307   10.1941     7.5669 -0.0184096    1.46044 0 0 0   -0.011 -0.02329 -0.04412  0.539311  0.126957 0.0632955 -0.00059691   0.0198901  -0.0116267   0.0192132 -0.00110447   0.0214442  0.116424 0.0742058  -9.80803 
             79.5006 -0.0705298  -0.395292    10.4504   7.62002 -0.002816   1.46641 0 0 0   -0.011 -0.02329 -0.04412  0.541852  0.136289 0.0591587 -0.000593486    0.0198695   -0.0116069   0.0182734 -0.00131255   0.0214216  0.115502 0.0742744  -9.80804 
             79.5996 0.171881 0.775051  10.5834   7.67988 0.0113795   1.46758 0 0 0   -0.011 -0.02329 -0.04412  0.571417  0.137665 0.0373458 -0.000608638    0.0198466   -0.0115738     0.018122 -9.76662e-05    0.0219108 0.115717 0.075466 -9.80803 
             79.7004 0.479893  1.72413  10.5632   7.74743 0.0243812   1.47071 0 0 0   -0.011 -0.02329 -0.04412  0.610938  0.135652 0.0279556 -0.000622378    0.0198661   -0.0115221 0.0180404 0.0026277 0.0219473  0.116358 0.0780106    -9.808 
             79.8008 0.905822 0.970772  10.5294   7.81114 0.0426475     1.473 0 0 0   -0.011 -0.02329 -0.04412  0.625957  0.140007 0.0161328 -0.000626643    0.0199619   -0.0115572  0.0163499 0.00317262  0.0219192  0.114931 0.0789562  -9.80801 
             79.9007   1.01141 -0.638686   10.2877    7.8688 0.0522613   1.47535 0 0 0   -0.011 -0.02329 -0.04412 0.598167 0.107202 0.012342 -0.00060989   0.0199997  -0.0115746  0.0175268 0.00216726  0.0218557  0.115766 0.0777276  -9.80801 
             80.0005  1.20189 -1.84239  9.83662   7.91917 0.0578848   1.47896 0 0 0   -0.011 -0.02329 -0.04412  0.557964 0.0766778 0.0246259 -0.000598304    0.0199578   -0.0115376    0.019341 -0.00068754   0.0216526  0.116723 0.0746282  -9.80802 
             80.1007  1.10738 -2.09961  9.44842   7.96914 0.0673754   1.48553 0 0 0   -0.011 -0.02329 -0.04412  0.525546 0.0675444 0.0372351 -0.000593704     0.019912   -0.0115642   0.0187158 -0.00232191   0.0212184   0.11574 0.0732764  -9.80804 
             80.2005 0.902319 -1.50071  8.98234  8.01638 0.072462  1.48818 0 0 0   -0.011 -0.02329 -0.04412  0.506914 0.0587339 0.0354757 -0.000594317    0.0198891   -0.0115718  0.0193878 -0.0036664  0.0213649  0.115995 0.0718689  -9.80805 
             80.3007  0.560431 -0.204782   8.33739   8.07301 0.0730777   1.48726 0 0 0   -0.011 -0.02329 -0.04412  0.526445 0.0485236 0.0226601 -0.000582501    0.0198459   -0.0115057   0.0208355 -0.00167242   0.0218283  0.117852 0.0733624  -9.80802 
             80.4006 0.0650747  0.926619   7.84684   8.13317 0.0818382   1.48915 0 0 0   -0.011 -0.02329 -0.04412  0.555048 0.0645629 0.0127894 -0.00056704   0.0198477  -0.0115566   0.0195944 1.12641e-05   0.0218436  0.117202 0.0752591  -9.80801 
             80.5006 -0.486057   1.33007   7.17369   8.19096 0.0940389    1.4886 0 0 0   -0.011 -0.02329 -0.04412   0.579912  0.0976829 0.00806548 -0.000581318    0.0198677   -0.0115366   0.0182554 0.000212926   0.0220227  0.116051 0.0758565  -9.80802 
             80.6004 -0.619397  0.906395   6.54877  8.25045 0.112854  1.48935 0 0 0   -0.011 -0.02329 -0.04412   0.59193  0.128263 0.0103191 -0.000574629    0.0199025   -0.0115574    0.0161561 -0.000127011    0.0220007  0.114068 0.0762301  -9.80804 
             80.7005 0.0203234  0.190707    5.8503  8.30864 0.124549   1.4937 0 0 0   -0.011 -0.02329 -0.04412  0.620259  0.123556 0.0412887 -0.000640948    0.0199148   -0.0115669    0.0165354 -0.000473197    0.0217546   0.11427 0.0758313  -9.80804 
             80.8005  1.3017 1.01212 5.21391  8.36874 0.137794   1.5003 0 0 0   -0.011 -0.02329 -0.04412  0.657682  0.104572 0.0647461 -0.000678093      0.01982    -0.011554   0.0164739 -0.00130328     0.02157    0.1139 0.0751699  -9.80805 
             80.9004 2.39996 3.48733 4.71542  8.44498 0.148079  1.50425 0 0 0   -0.011 -0.02329 -0.04412  0.748838 0.0751249 0.0575645 -0.000659578    0.0197823   -0.0115327    0.0158267 -0.000284463    0.0218463  0.113766 0.0762303  -9.80804 
             81.0006 3.30024 5.54781  4.4064  8.52757 0.145556  1.50569 0 0 0   -0.011 -0.02329 -0.04412  0.846616 0.0202936 0.0409581 -0.00065099   0.0197832  -0.0115986    0.016644 0.000960864   0.0222792  0.114884 0.0767656  -9.80803 
             81.1005 3.35848 5.99135 3.79568  8.61914 0.142169  1.50535 0 0 0   -0.011 -0.02329 -0.04412   0.936039 -0.0202831  0.0229802 -0.000612503      0.01982   -0.0115358  0.0165178 0.00180504  0.0227178  0.114968 0.0772732  -9.80802 
             81.2005  2.4991 4.91574 3.17125  8.72024 0.141206  1.50981 0 0 0   -0.011 -0.02329 -0.04412    1.01448 -0.0328308  0.0201025 -0.000578434    0.0198757   -0.0115266  0.0165172 0.00194685  0.0224246  0.115277 0.0775628  -9.80802 
             81.3004 1.30232 2.97351 2.55282  8.81407 0.142301   1.5156 0 0 0   -0.011 -0.02329 -0.04412   1.02127 -0.022592 0.0373954 -0.000553606    0.0199291   -0.0115204   0.0172409 0.000295273   0.0221494  0.115196 0.0763244  -9.80803 
             81.4006 0.344487  1.05032  2.07961  8.91143 0.144979   1.5256 0 0 0   -0.011 -0.02329 -0.04412     1.01788 -0.00500248   0.0683337 -0.00057797   0.0198956  -0.0115069    0.0180266 -0.000835243    0.0216589  0.115577 0.0755988  -9.80803 
             81.5006 -0.0745961  -0.346775    1.76801  9.00697 0.151925  1.53683 0 0 0   -0.011 -0.02329 -0.04412  0.983144 0.0232035 0.0808365 -0.000595668    0.0198937   -0.0115284   0.0183585 -0.00187123   0.0212763  0.115494 0.0751345  -9.80803 
             81.6006  0.23931 -1.32767  1.56526  9.10048 0.153887  1.54287 0 0 0   -0.011 -0.02329 -0.04412  0.947044  0.023022 0.0667017 -0.000614302    0.0198805   -0.0115606  0.0184342 -0.0019585  0.0214221 0.115391 0.075005 -9.80803 
             81.6996 0.763425 -2.54741  1.40999  9.18971 0.151542  1.54369 0 0 0   -0.011 -0.02329 -0.04412   0.880642 0.00600674  0.0360401 -0.000620282     0.019868   -0.0115963  0.0188383 -0.0018675  0.0219807   0.11548 0.0747148  -9.80804 
             81.8007  1.14838 -3.45978  1.17528  9.26934 0.148463  1.54363 0 0 0   -0.011 -0.02329 -0.04412    0.788233 -0.00781824  0.00725842 -0.000610373    0.0198435   -0.0115739   0.0194498 -0.00188793   0.0223035  0.115659 0.0744104  -9.80804 
             81.9006  1.10013 -4.45135  1.07174  9.34762 0.144396  1.54212 0 0 0   -0.011 -0.02329 -0.04412   0.709851 -0.0154919  -0.003625 -0.000575806    0.0198361   -0.0115849   0.0195096 -0.00154234   0.0225083  0.115968 0.0744795  -9.80803 
             82.0005  0.55803 -6.13038 0.940029  9.41169 0.137185  1.54451 0 0 0   -0.011 -0.02329 -0.04412    0.59263 -0.0225876   0.005752 -0.000552175    0.0198745   -0.0115818    0.019458 -0.00120324   0.0222256  0.115833 0.0743322  -9.80803 
             82.1004 -0.0437484   -7.38737   0.950103  9.46846 0.142913  1.54306 0 0 0   -0.011 -0.02329 -0.04412   0.467599 0.00839825  0.0102344 -0.000548605    0.0198015   -0.0116054    0.019442 -0.00160236   0.0224932  0.116058 0.0745537  -9.80803 
             82.2007 -0.715476  -8.30973  0.963705  9.50969 0.156122  1.54684 0 0 0   -0.011 -0.02329 -0.04412    0.3265 0.0505536 0.0336286 -0.00054203   0.0197937   -0.011599   0.0187414 -0.00235747   0.0223358    0.1155 0.0747546  -9.80804 
             82.3006 -0.535748  -8.44047   1.05486  9.53071 0.168211  1.54952 0 0 0   -0.011 -0.02329 -0.04412  0.178836 0.0670047 0.0296995 -0.000603706    0.0197115   -0.0116257    0.019138 -0.00294075   0.0223861  0.115447 0.0747321  -9.80804 
             82.4005 0.763592 -8.21812  1.09392  9.55015 0.165517   1.5503 0 0 0   -0.011 -0.02329 -0.04412 0.0821617 0.0353844  0.020897 -0.000638152    0.0196785   -0.0116461   0.0195313 -0.00224049    0.022674  0.116378 0.0746823  -9.80803 
             82.5007  1.86614 -7.21437  1.06773  9.55859 0.163806  1.55189 0 0 0   -0.011 -0.02329 -0.04412 -0.011125 0.0008018 0.0101333 -0.000628997     0.019655   -0.0116395   0.0194175 -0.00185342   0.0227624  0.116702 0.0747227  -9.80802 
             82.6005  2.17213 -5.81123 0.965437  9.55678 0.163936  1.55143 0 0 0   -0.011 -0.02329 -0.04412 -0.0744044 -0.0137378  0.0037929 -0.000591801     0.019661   -0.0115892   0.0196413 -0.00186103    0.022938  0.117153 0.0748011  -9.80802 
             82.7004  1.83488 -4.20117  0.97285  9.55549 0.158861  1.54741 0 0 0   -0.011 -0.02329 -0.04412  -0.102685 -0.0356585 -0.0111447 -0.00054892   0.0196111  -0.0115885   0.0203116 -0.00139769   0.0234365 0.118474 0.075047   -9.808 
             82.8006  1.24611 -2.57214 0.865662  9.55231 0.156236  1.54735 0 0 0   -0.011 -0.02329 -0.04412  -0.106597 -0.0415431 -0.0127843 -0.000557061    0.0196378   -0.0115545   0.0195284 -0.00134509   0.0233761 0.118386 0.075218   -9.808 
             82.9006    0.671 -1.31255 0.666104  9.55013 0.155452  1.55033 0 0 0   -0.011 -0.02329 -0.04412 -0.0918077 -0.0283901 0.00945431 -0.000577736    0.0196656   -0.0114938  0.0183408 -0.0015074  0.0230564  0.117928 0.0753101    -9.808 
             83.0004  0.113958 -0.510323  0.602358  9.54396 0.152215  1.55304 0 0 0   -0.011 -0.02329 -0.04412 -0.0840849 -0.0175097  0.0225752 -0.000567013    0.0197061   -0.0115256   0.0180509 -0.00140927   0.0229459  0.117888 0.0753198    -9.808 
             83.1007 -0.0506629 -0.0199767   0.492744  9.53183 0.150303  1.55069 0 0 0   -0.011 -0.02329 -0.04412  -0.0825439  -0.0118422 -0.00206012 -0.000577423    0.0196929   -0.0115297    0.018562 -0.00138139   0.0233378  0.118042 0.0752978    -9.808 
             83.2006 -0.0168524   0.104656   0.295926   9.5154 0.155684  1.54978 0 0 0   -0.011 -0.02329 -0.04412 -0.0780926  0.0102808 0.00403292 -0.000594132    0.0197054   -0.0114985   0.0190456 -0.00192309    0.023434  0.117813 0.0752406    -9.808 
             83.3005 0.0833418  0.830142  0.191677  9.50624 0.157606   1.5504 0 0 0   -0.011 -0.02329 -0.04412 -0.0478926  0.0139582  0.0105222 -0.000610332    0.0196481   -0.0114922  0.0192084 -0.0020068  0.0234303  0.117759 0.0752185    -9.808 
             83.4006 0.579208  2.21652 0.169026  9.49852 0.154572  1.54687 0 0 0   -0.011 -0.02329 -0.04412 -0.000202879 -8.33746e-05   -0.0028641 -0.00061192   0.0196082  -0.0115081   0.0194973 -0.00182959   0.0238553   0.11761 0.0750403  -9.80801 
             83.5004  0.940261   3.54574 0.0814046   9.5004 0.154384  1.54698 0 0 0   -0.011 -0.02329 -0.04412   0.0658246 -0.00403366  0.00136999 -0.000607057    0.0195921   -0.0114684  0.0195549 -0.0018243  0.0238576  0.117596 0.0750345  -9.80801 
             83.6005  0.850867   4.34189 0.0429433  9.5066 0.15112 1.54479 0 0 0   -0.011 -0.02329 -0.04412    0.128246 -0.00907771 -0.00410974 -0.000591482    0.0196183   -0.0114609  0.0196104 -0.0016604  0.0240899  0.117365 0.0749807  -9.80801 
             83.7006  0.641069   4.08093 0.0146771   9.5258 0.150364   1.5469 0 0 0   -0.011 -0.02329 -0.04412    0.198062 -0.00768384  0.00335082 -0.000561761    0.0196808   -0.0114575   0.0196933 -0.00170243   0.0238246  0.117709 0.0749732  -9.80801 
             83.8006  0.357664   3.06544 0.0122785  9.55032 0.151738   1.5474 0 0 0   -0.011 -0.02329 -0.04412    0.231531 -0.00477051 -0.00186641 -0.000569953    0.0197121   -0.0114732   0.0195838 -0.00187383   0.0237459  0.117865 0.0749858  -9.80801 
             83.9005  0.0521541    1.09863 0.00716001  9.57146 0.152485  1.54982 0 0 0   -0.011 -0.02329 -0.04412    0.225733  0.00500408 0.000140908 -0.00057485   0.0197692  -0.0114732   0.0201271 -0.00192491   0.0234986  0.118196 0.0750017    -9.808 
             84.0004   0.114821   -1.50105 -0.0301769  9.58203 0.160074  1.55488 0 0 0   -0.011 -0.02329 -0.04412   0.17024 0.0275869 0.0247342 -0.000596036    0.0198119   -0.0114753   0.0213854 -0.00229792   0.0231002  0.118598 0.0751744  -9.80799 
             84.1006   0.279546   -3.75371 -0.0230972  9.59404 0.162929  1.55726 0 0 0   -0.011 -0.02329 -0.04412  0.112544 0.0223529  0.021729 -0.000581119    0.0197655   -0.0114999   0.0215599 -0.00229375   0.0231179  0.118551 0.0751959    -9.808 
             84.2007   0.925491   -4.55886 -0.0187933  9.59841 0.163851  1.55993 0 0 0   -0.011 -0.02329 -0.04412 0.0377985 0.0142207 0.0254569 -0.000600465    0.0196856   -0.0115255   0.0217963 -0.00217828   0.0230925  0.118488 0.0752076    -9.808 
             84.3004     1.31436    -4.40905 -0.00211635  9.59621 0.165246  1.56157 0 0 0   -0.011 -0.02329 -0.04412 -0.0206315 0.00501473  0.0237906 -0.000577505    0.0196458   -0.0115245  0.0220922 -0.0021943  0.0232138  0.118533 0.0752295    -9.808 
             84.4005   1.40966  -3.63647 0.0217296    9.596 0.169518  1.55951 0 0 0   -0.011 -0.02329 -0.04412  -0.029066 0.00771835  0.0137357 -0.000545788    0.0195689   -0.0115452   0.0226562 -0.00240805   0.0237408   0.11917 0.0753022  -9.80799 
             84.5004 0.602193  0.36428 0.177466   9.6096 0.168139  1.56163 0 0 0   -0.011 -0.02329 -0.04412  0.0109594 0.00642256  0.0113679 -0.000541088    0.0194722   -0.0115724   0.0214807 -0.00238953   0.0237093  0.119281 0.0751669  -9.80799 
             84.6005 0.356487   1.4517 0.128233  9.62018 0.164417  1.55987 0 0 0   -0.011 -0.02329 -0.04412   0.0411697 0.000797658 -0.00917518 -0.000558953    0.0195552   -0.0115475    0.021158 -0.00208533   0.0239794  0.119632 0.0751059  -9.80798 
             84.7005   0.380014  -0.271832 -0.0964596  9.62719 0.168521  1.56035 0 0 0   -0.011 -0.02329 -0.04412  0.0353113  0.0138918 -0.0136816 -0.000572304    0.0197017   -0.0114539   0.0208639 -0.00237724   0.0237971  0.119623 0.0751239  -9.80798 
             84.8005  0.231384   -2.5411 -0.163387  9.62774 0.175572  1.55819 0 0 0   -0.011 -0.02329 -0.04412 -0.000121054    0.0283353   -0.0201899 -0.000568558    0.0197307   -0.0114576   0.0209785 -0.00272824   0.0238681   0.11963 0.0752051  -9.80798 
             84.9005   0.419631   -4.15807 -0.0898644  9.61224 0.172883  1.55452 0 0 0   -0.011 -0.02329 -0.04412  -0.083476  0.0146295 -0.0180812 -0.000568694     0.019684   -0.0115258  0.0217997 -0.0022938  0.0240414 0.119414 0.075181 -9.80798 
             85.0006  0.780659  -4.03593 -0.112155  9.59174 0.170511  1.55608 0 0 0   -0.011 -0.02329 -0.04412   -0.13553 0.00472871 0.00915592 -0.000561449    0.0196084   -0.0114978   0.0223242 -0.00196279   0.0237867  0.119134 0.0751989  -9.80799 
             85.1007   0.80025  -2.13662 -0.029981 9.57733 0.17007 1.55872 0 0 0   -0.011 -0.02329 -0.04412  -0.143483 0.00189373  0.0227598 -0.000536823    0.0195209    -0.011502   0.0221834 -0.00192206   0.0236266  0.119004 0.0751951  -9.80799 
             85.2021 0.650266  0.55703 0.123768  9.57478 0.170835  1.56047 0 0 0   -0.011 -0.02329 -0.04412 -0.0839541 0.00148155  0.0250885 -0.000551811    0.0194766   -0.0115391   0.0215832 -0.00206175   0.0237304  0.119231 0.0751349  -9.80799 
             85.3005   0.410712    2.74896 -0.0167439  9.57778 0.174133  1.55863 0 0 0   -0.011 -0.02329 -0.04412 -0.0177635  0.0141848 0.00314674 -0.000547864    0.0194524   -0.0114374   0.0212892 -0.00231768   0.0241481  0.119639 0.0751316  -9.80798 
             85.4003   0.478185    3.39086 -0.0470309  9.58601 0.180285  1.55698 0 0 0   -0.011 -0.02329 -0.04412  0.0489106  0.0219039 -0.0110333 -0.000580943      0.01951    -0.011419   0.0208575 -0.00269102   0.0243184  0.119802 0.0751563  -9.80798 
             85.5006   0.752879    2.10556 -0.0818218  9.59953 0.183438  1.55343 0 0 0   -0.011 -0.02329 -0.04412  0.0934146  0.0174555 -0.0278101 -0.000599776    0.0196009   -0.0114209   0.0203122 -0.00282137   0.0245008  0.119839 0.0751316  -9.80798 
             85.6006     1.2795 -0.0337919  -0.051553  9.60447 0.181801  1.55474 0 0 0   -0.011 -0.02329 -0.04412  0.0823661 -0.0039706  -0.014031 -0.000574643    0.0196305   -0.0114515   0.0209151 -0.00260081   0.0241032 0.120079 0.075114 -9.80798 
             85.7005   1.63406  -1.95533 -0.116839  9.60467 0.180929  1.55776 0 0 0   -0.011 -0.02329 -0.04412  0.0488313 -0.0157371 0.00684247 -0.000578212    0.0196435   -0.0114462   0.0216625 -0.00259059    0.023736  0.120264 0.0751313  -9.80797 
             85.8006    1.67906   -2.65727 -0.0554053  9.59169 0.174759  1.56177 0 0 0   -0.011 -0.02329 -0.04412 -0.0116129 -0.0361996  0.0245228 -0.00055012   0.0195893  -0.0115052   0.0228317 -0.00225145   0.0234591  0.120117 0.0751418  -9.80798 
             85.9005   1.39602   -1.8685 0.0310811 9.58396 0.17082 1.56323 0 0 0   -0.011 -0.02329 -0.04412 -0.0316781 -0.0459633  0.0185437 -0.000548458    0.0195054   -0.0115251   0.0232225 -0.00219659    0.023556  0.120048 0.0752158  -9.80798 
             86.0007  0.814174 -0.275228   0.05018  9.57787 0.160629  1.56572 0 0 0   -0.011 -0.02329 -0.04412 -0.0256868 -0.0490516  0.0126109 -0.000520673    0.0194443   -0.0115107   0.0233715 -0.00177914   0.0234723  0.119934 0.0751324  -9.80798 
             86.1005   0.128492    1.17058 -0.0869545  9.58122 0.167536  1.56156 0 0 0   -0.011 -0.02329 -0.04412   0.0137391 -0.00849887 -0.00820714 -0.000524413    0.0194387   -0.0114292     0.02334 -0.00243234   0.0240001 0.120272 0.075401 -9.80797 
             86.2005  -0.483999    1.86457 -0.0173119  9.59382 0.173459   1.5588 0 0 0   -0.011 -0.02329 -0.04412  0.0664352  0.0191936 -0.0140117 -0.000521939    0.0194648   -0.0114723   0.0227847 -0.00287854   0.0241812  0.120465 0.0754578  -9.80797 
             86.3004  -0.310103    1.41993 -0.0402297  9.60316 0.172183  1.55444 0 0 0   -0.011 -0.02329 -0.04412  0.0872124  0.0163039 -0.0314457 -0.000547396    0.0194752    -0.011469  0.0226186 -0.0026532  0.0244053  0.12043 0.075395 -9.80797 
             86.4006   0.358431  -0.135116 -0.0944327  9.61358 0.175053  1.55473 0 0 0   -0.011 -0.02329 -0.04412  0.0878661  0.0188521 -0.0180278 -0.000577868    0.0195615   -0.0114424   0.0226597 -0.00267576   0.0240787  0.120591 0.0754586  -9.80797 
             86.5005   0.862667   -1.53561 -0.0313472  9.61363 0.179886  1.55545 0 0 0   -0.011 -0.02329 -0.04412   0.0522444   0.0196282 -0.00363983 -0.000574997    0.0195356   -0.0115005    0.023281 -0.00280441    0.023886  0.120586 0.0755852  -9.80797 
             86.6004    1.36774   -2.52455 -0.0334964  9.61147 0.174515  1.55633 0 0 0   -0.011 -0.02329 -0.04412  0.00428639 -0.00971086  0.00796639 -0.000568167    0.0195094   -0.0115011   0.0236398 -0.00229487   0.0238029  0.120482 0.0755447  -9.80797 
             86.7006    1.55757   -2.69021 -0.0843109  9.60884 0.169407  1.55643 0 0 0   -0.011 -0.02329 -0.04412 -0.0231696 -0.0319729  0.0118817 -0.000556064    0.0194601   -0.0114673   0.0237778 -0.00202875   0.0239346  0.120445 0.0755112  -9.80797 
             86.8005   1.08138  -1.87841 0.0262423   9.6095 0.164448  1.55683 0 0 0   -0.011 -0.02329 -0.04412  -0.023611 -0.0316682 0.00910472 -0.000504975     0.019403   -0.0115108   0.0235932 -0.00189613   0.0240377  0.120516 0.0754786  -9.80797 
             86.9005  0.469825 -0.837861 0.0838802  9.61195 0.163871  1.55794 0 0 0   -0.011 -0.02329 -0.04412 -0.0094325 -0.0164988 0.00297183 -0.000504736    0.0193715   -0.0115113  0.0232708 -0.0020873  0.0239888  0.120552 0.0754655  -9.80797 
             87.0005 -0.237993 -0.197678 0.0415307  9.61958 0.163382  1.55929 0 0 0   -0.011 -0.02329 -0.04412  0.0157645  0.0029139 0.00550717 -0.000492219    0.0193775   -0.0114934     0.02266 -0.00218115    0.023897  0.120604 0.0754055  -9.80797 
             87.1006  -0.649232 -0.0721273 -0.0815077  9.62955 0.171769  1.55747 0 0 0   -0.011 -0.02329 -0.04412  0.0357407  0.0318899 -0.0071754  -0.000491  0.0193949 -0.0114278   0.0222426 -0.00271861   0.0241412  0.120837 0.0754775  -9.80797 
             87.2007  -0.570574  -0.830393 -0.0181794  9.62889 0.183975  1.55771 0 0 0   -0.011 -0.02329 -0.04412   0.0150663   0.0619604 -0.00987454 -0.000488433     0.019422    -0.011469   0.0224696 -0.00325217   0.0240328  0.120817 0.0756109  -9.80796 
             87.3003  0.465212  -2.24633 0.0304054  9.62066 0.183679  1.55853 0 0 0   -0.011 -0.02329 -0.04412  -0.0395579   0.0379441 -0.00388612 -0.00055082   0.0194378  -0.0114839   0.0229704 -0.00273905   0.0238358  0.120652 0.0756162  -9.80797 
             87.4006    1.53719   -2.98447 -0.0351259  9.60756 0.179822  1.55581 0 0 0   -0.011 -0.02329 -0.04412  -0.0798102  0.00530571 -0.00965384 -0.000546206     0.019407   -0.0114631   0.0235459 -0.00228524   0.0240901  0.120559 0.0754972  -9.80797 
             87.5006   2.01506  -2.43157 0.0216645  9.59622 0.176293  1.55853 0 0 0   -0.011 -0.02329 -0.04412  -0.095428    -0.0186 0.00647658 -0.000524914    0.0193575   -0.0114913   0.0235213 -0.00202626   0.0237288  0.120358 0.0755033  -9.80797 
             87.6006   1.62954 -0.929045 0.0578835  9.58892 0.169064  1.55863 0 0 0   -0.011 -0.02329 -0.04412 -0.0836341 -0.0410998 0.00966921 -0.000466883    0.0192953   -0.0114854    0.023391 -0.00171076   0.0237742  0.120386 0.0754382  -9.80797 
             87.7005  0.752085  0.898681 0.0561659 9.58942 0.16398 1.55738 0 0 0   -0.011 -0.02329 -0.04412 -0.0388547 -0.0389173 0.00982031 -0.000437126    0.0192467   -0.0114588   0.0230339 -0.00162702   0.0240366  0.120621 0.0754622  -9.80797 
             87.8006 -0.314886   1.88305 0.0699981  9.59219 0.165386  1.55832 0 0 0   -0.011 -0.02329 -0.04412  0.0102544 -0.0152246 0.00228071 -0.000414725    0.0192905   -0.0114698   0.0227038 -0.00198336   0.0240302  0.120708 0.0754947  -9.80797 
             87.9006 -0.848067   1.70933 0.0555466 9.59864  0.1748 1.55376 0 0 0   -0.011 -0.02329 -0.04412  0.0415869  0.0299955 -0.0169387 -0.000436267    0.0192902   -0.0114635   0.0224254 -0.00260658   0.0244888  0.120769 0.0756724  -9.80796 
             88.0006   -0.596483    0.328104 -0.00319494  9.60393 0.184576   1.5527 0 0 0   -0.011 -0.02329 -0.04412  0.0475367  0.0486838 -0.0122893 -0.000457479    0.0193507   -0.0114273   0.0224314 -0.00305109   0.0244156  0.120838 0.0757593  -9.80796 
             88.1006   0.422092   -1.32219 -0.0565583  9.60345 0.192007  1.55611 0 0 0   -0.011 -0.02329 -0.04412  0.0267562  0.0434918 0.00467464 -0.000512071    0.0193515   -0.0114178    0.022982 -0.00310982   0.0239842  0.120999 0.0759177  -9.80796 
             88.2006   1.74606    -2.094 0.0635726  9.59416 0.194561   1.5575 0 0 0   -0.011 -0.02329 -0.04412 -0.0152984  0.0196032  0.0187586 -0.000522052    0.0193099   -0.0114976   0.0237109 -0.00299289   0.0239431  0.120869 0.0759551  -9.80796 
             88.3006   2.85508  -2.09376 0.0300113  9.58303 0.177432  1.56077 0 0 0   -0.011 -0.02329 -0.04412 -0.0444218 -0.0519128   0.037219 -0.000502729    0.0192911   -0.0114638   0.0242248 -0.00174629   0.0238706   0.12068 0.0757787  -9.80796 
             88.4006   2.81645  -0.93576 0.0433684  9.57813 0.162409  1.56445 0 0 0   -0.011 -0.02329 -0.04412 -0.0699208  -0.102493  0.0129945 -0.000434515    0.0192362   -0.0114586   0.0241688 -0.00117091   0.0237918   0.12062 0.0756542  -9.80797 
             88.5005   1.73222  0.330399 0.0863563   9.5775 0.159131   1.5617 0 0 0   -0.011 -0.02329 -0.04412  -0.0418077  -0.0921801 -0.00836524 -0.000401719    0.0191921     -0.01143    0.023924 -0.00153954   0.0241553  0.120855 0.0758943  -9.80796 
             88.6004 0.635183 -1.27523  0.46293  9.57744 0.157084  1.56193 0 0 0   -0.011 -0.02329 -0.04412   -0.041185  -0.0707957 -0.00774744 -0.000398056     0.019305   -0.0114634   0.0236058 -0.00210234   0.0240766  0.120914 0.0759113  -9.80796 
             88.7008 -0.41026 -1.14746  1.55934  9.57359 0.159957  1.55911 0 0 0   -0.011 -0.02329 -0.04412 -0.0374283 -0.0305739 -0.0209133 -0.000414539      0.01921   -0.0114852   0.0236467 -0.00263357   0.0242877  0.120978 0.0761223  -9.80796 
             88.8006 -0.57075 -1.05541  2.65346  9.57056 0.157744  1.55806 0 0 0   -0.011 -0.02329 -0.04412  -0.0471715 -0.00977115  -0.0234903 -0.000441167    0.0192165   -0.0114767  0.0235296 -0.0026415  0.0241553 0.120965 0.076099 -9.80796 
             88.9006 0.174926 -1.20518  1.92401  9.56244 0.156689  1.55891 0 0 0   -0.011 -0.02329 -0.04412  -0.0589836  0.00537741 -0.00932854 -0.000487659    0.0192488   -0.0114114  0.0236939 -0.0026299   0.023878  0.120884 0.0760366  -9.80796 
             89.0004 0.825327 -1.54935 -1.60884  9.55146 0.156501  1.55509 0 0 0   -0.011 -0.02329 -0.04412  -0.0803158  0.00427796 -0.00847144 -0.000471725    0.0192418   -0.0113112   0.0241341 -0.00278735   0.0242277  0.120941 0.0758104  -9.80796 
             89.1004  1.52435 -1.67125 -8.23016  9.54456 0.148064  1.55436 0 0 0   -0.011 -0.02329 -0.04412 -0.0992391 -0.0256796 0.00620083 -0.000459525    0.0192297   -0.0111422   0.0242184 -0.00218286   0.0242667  0.121165 0.0757365  -9.80796 
             89.2005  2.10229 -1.41964 -17.1232  9.54382 0.135585   1.5552 0 0 0   -0.011 -0.02329 -0.04412 -0.0857454 -0.0612861  0.0136935 -0.000458467    0.0191776   -0.0110727    0.023392 -0.00182974   0.0242636  0.121098 0.0753695  -9.80796 
             89.3005  2.34648 -1.80219 -28.0155  9.53721 0.116078  1.55743 0 0 0   -0.011 -0.02329 -0.04412 -0.106955 -0.105607 0.0227339 -0.000436026    0.0192016   -0.0110115   0.0216161 -0.00157098   0.0242186  0.119641 0.0746361  -9.80799 
             89.4005      2.7 -2.25509 -40.0712  9.51922 0.099742  1.55679 0 0 0   -0.011 -0.02329 -0.04412 -0.153458 -0.122401  0.016391 -0.000426469    0.0191499   -0.0109734   0.0200867 0.000477495    0.024484  0.117714 0.0761487    -9.808 
             89.5006  2.91538 -2.51982  -52.249   9.49088 0.0809054   1.55898 0 0 0   -0.011 -0.02329 -0.04412 -0.209977 -0.135974 0.0309565 -0.000409081     0.019128   -0.0110369  0.0156241 0.00637262  0.0243945  0.112514 0.0812469  -9.80802 
             89.6004   2.3081 -1.88962 -64.2592   9.47081 0.0645711   1.56041 0 0 0   -0.011 -0.02329 -0.04412 -0.226179 -0.137614 0.0276202 -0.000357974    0.0190564    -0.011075  0.0144191 0.00424476    0.02459  0.111553 0.0790074  -9.80805 
             89.7006   1.20321 -0.944473  -76.0143   9.45089 0.0541628   1.56402 0 0 0   -0.011 -0.02329 -0.04412 -0.221428 -0.118047 0.0431842 -0.000355899    0.0189953   -0.0111068  0.0181662 0.00184982  0.0245838  0.115376 0.0769197  -9.80802 
             89.8005  0.489169 -0.429978  -86.8593   9.42228 0.0475507    1.5678 0 0 0   -0.011 -0.02329 -0.04412 -0.242162 -0.109802 0.0424151 -0.000378281    0.0189713   -0.0112336 0.0189708 0.0115571 0.0245926  0.115675 0.0865304  -9.80794 
             89.9003 0.534245  0.47381 -96.8919   9.38819 0.0414151    1.5711 0 0 0   -0.011 -0.02329 -0.04412 -0.269843 -0.111574 0.0444239 -0.000401047    0.0188931   -0.0112844 0.0165652 0.0265704 0.0246335 0.112751 0.101219 -9.80783 
             90.0005 0.415591  2.02957 -106.053   9.35775 0.0435476   1.57445 0 0 0   -0.011 -0.02329 -0.04412 -0.282906 -0.102918 0.0446217 -0.000414721    0.0188159   -0.0113946 0.0271455 0.0403555 0.0247984 0.122717 0.115108 -9.80756 
             90.1005 -0.219807   3.48351   -114.31   9.32447 0.0413262   1.57844 0 0 0   -0.011 -0.02329 -0.04412 -0.304002 -0.125108 0.0362521 -0.000401393    0.0188018   -0.0114408 0.0313854 0.0531733 0.0247806 0.126605 0.127811 -9.80735 
             90.2004 -1.22488  4.58809 -121.827   9.29185 0.0196443   1.58278 0 0 0   -0.011 -0.02329 -0.04412 -0.324675 -0.206674 0.0309499 -0.000399981    0.0187575   -0.0114746 0.0251387 0.0489516  0.024634 0.120549 0.123574 -9.80748 
             90.3006 -2.44638  5.45364 -128.608    9.25496 -0.0102885    1.58064 0 0 0   -0.011 -0.02329 -0.04412   -0.352165   -0.289501 -0.00554611 -0.000389253    0.0187689   -0.0115037 0.0145818 0.0464579 0.0249719 0.110249 0.121044 -9.80763 
             90.4005 -2.71008  5.12419 -134.343    9.21827 -0.0523685    1.57843 0 0 0   -0.011 -0.02329 -0.04412  -0.381613  -0.372064 -0.0178038 -0.000479543    0.0188075   -0.0115604 0.00693156  0.0364099  0.0250423 0.102819  0.11115 -9.80783 
             90.5003 -2.03548  4.20975 -139.303    9.18382 -0.0931881    1.57719 0 0 0   -0.011 -0.02329 -0.04412  -0.392048  -0.412479 -0.0184424 -0.000497452    0.0187995   -0.0116236  0.012441 0.0321002 0.0249843 0.108221  0.10692 -9.80782 
             90.6006 -0.343615   3.18364   -143.67   9.14157 -0.130705   1.57954 0 0 0   -0.011 -0.02329 -0.04412   -0.433052   -0.404114 -0.00200684 -0.000510715    0.0188009    -0.011682 0.0134241 0.0369112 0.0245944 0.109175 0.111621 -9.80776 
             90.7005  1.41101  2.65627 -147.602   9.10133 -0.158376   1.57854 0 0 0   -0.011 -0.02329 -0.04412  -0.461922  -0.348409 -0.0047838 -0.000510415    0.0187958   -0.0117034   0.02342 0.0456052 0.0247549 0.119005 0.120078 -9.80754 
             90.8006  2.53321   2.4693 -151.134    9.0585 -0.193731   1.57457 0 0 0   -0.011 -0.02329 -0.04412  -0.494256  -0.316026 -0.0125679 -0.000478564    0.0187737   -0.0117135 0.0276725 0.0415643 0.0251393 0.123144 0.116079 -9.80754 
             90.9007  2.98965  2.96743 -154.215   9.00463 -0.219934   1.57022 0 0 0   -0.011 -0.02329 -0.04412  -0.550876   -0.25927 -0.0293228 -0.000460178    0.0187414   -0.0117534 0.0262931 0.0446819 0.0253558 0.121834  0.11915 -9.80752 
             91.0006  2.90125  3.43847 -157.126   8.94827 -0.248967   1.56474 0 0 0   -0.011 -0.02329 -0.04412   -0.60039  -0.229157 -0.0426102 -0.00041679   0.0187358  -0.0117665 0.0253399 0.0399008 0.0256003 0.120835 0.114482 -9.80759 
             91.1005  2.59202  3.60778 -159.704   8.88084 -0.278578   1.55748 0 0 0   -0.011 -0.02329 -0.04412  -0.660315  -0.212131 -0.0550773 -0.000412191    0.0187528   -0.0117916 0.0184148   0.03372 0.0258572 0.113954 0.108552 -9.80774 
             91.2004  2.33421  3.06178 -162.079   8.81329 -0.306579   1.55387 0 0 0   -0.011 -0.02329 -0.04412 -0.692046 -0.189305 -0.049031 -0.000427882    0.0187649   -0.0118096 0.0169136 0.0265414  0.025679 0.112342 0.101562 -9.80783 
             91.3024  2.29259  2.04889 -164.166  8.74453 -0.33523  1.55267 0 0 0   -0.011 -0.02329 -0.04412  -0.712486  -0.173274 -0.0331622 -0.000430926     0.018776   -0.0118193 0.0162934 0.0174419 0.0253208  0.111537 0.0926824  -9.80793 
             91.4005  2.50351 0.983135 -165.856   8.67557 -0.354242   1.55313 0 0 0   -0.011 -0.02329 -0.04412  -0.708827  -0.136304 -0.0219177 -0.000465284    0.0187494   -0.0118515 0.0178702 0.0143583 0.0249733  0.113003 0.0896402  -9.80794 
             91.5005  2.98883  0.62608 -167.291   8.60676 -0.362294   1.55177 0 0 0   -0.011 -0.02329 -0.04412 -0.691545 -0.079098 -0.012563 -0.000437705    0.0187022   -0.0118699 0.0202052 0.0165465 0.0249212 0.115339 0.091726 -9.80789 
             91.6006   3.0027 0.239148 -168.506  8.54084 -0.36478  1.54379 0 0 0   -0.011 -0.02329 -0.04412   -0.68267 -0.0275932 -0.0323108 -0.000420353    0.0187014   -0.0118799 0.0218445 0.0186289 0.0255756  0.117003 0.0937016  -9.80785 
             91.7004  2.18696 0.387122 -169.427   8.46526 -0.372104   1.54348 0 0 0   -0.011 -0.02329 -0.04412  -0.696855 -0.0137021 -0.0254717 -0.000384847    0.0186315   -0.0119127 0.0171074 0.0149925 0.0252707   0.11227 0.0902881  -9.80794 
             91.8005 0.900822  1.35505 -170.201   8.38606 -0.383226   1.53896 0 0 0   -0.011 -0.02329 -0.04412  -0.719364 -0.0332743 -0.0354202 -0.000377145     0.018606   -0.0118821  0.0102431 0.00910821  0.0254872  0.105394 0.0847308  -9.80807 
             91.9006 -0.296268   1.29462  -170.716   8.30721 -0.392954   1.53045 0 0 0   -0.011 -0.02329 -0.04412  -0.724338 -0.0536365 -0.0594108 -0.000376679    0.0186415   -0.0119046 0.00467401 0.00571833  0.0259862 0.0998559 0.0815729  -9.80815 
             92.0004  -0.849849 -0.0587046   -171.073   8.23193 -0.399271   1.52153 0 0 0   -0.011 -0.02329 -0.04412   -0.70245 -0.0643543 -0.0739591 -0.000402398    0.0186919   -0.0119357 0.00253882 0.00557447  0.0262763  0.097768 0.0814929  -9.80817 
             92.1007 -1.06825 -1.78996 -171.485   8.16635 -0.407547    1.5154 0 0 0   -0.011 -0.02329 -0.04412  -0.650386  -0.078574 -0.0571003 -0.000414878    0.0186952   -0.0119404 0.00389623 0.00477238  0.0262197 0.0990677 0.0806678  -9.80817 
             92.2005 -1.11002 -2.49689 -171.971   8.10537 -0.418055   1.51275 0 0 0   -0.011 -0.02329 -0.04412  -0.597189  -0.094889 -0.0386748 -0.000441581    0.0186357   -0.0119292 0.00494318 0.00356548  0.0259463  0.100053 0.0794567  -9.80817 
             92.3008 -0.986691  -1.70131  -172.381   8.04374 -0.427965   1.50964 0 0 0   -0.011 -0.02329 -0.04412  -0.588941  -0.101398 -0.0333875 -0.000420012    0.0185502   -0.0119388 0.00310922  0.0034722  0.0259163 0.0982619  0.079425  -9.80819 
             92.4004 -0.625538 0.0216804  -172.839   7.97975 -0.437303   1.50777 0 0 0   -0.011 -0.02329 -0.04412  -0.586716  -0.100633 -0.0227255 -0.000431448    0.0184953   -0.0118963 0.000284022  0.00410417   0.0258157 0.0955312 0.0801333  -9.80821 
             92.5006 -0.478036   1.22533  -173.145   7.91712 -0.447852   1.50364 0 0 0   -0.011 -0.02329 -0.04412 -0.606409 -0.107955 -0.031109 -0.00040961   0.0185283   -0.011915 -0.00195766  0.00399411   0.0259998 0.0933407 0.0801018  -9.80823 
             92.6004 -0.265308   1.66019  -173.505   7.84916 -0.456424   1.50016 0 0 0   -0.011 -0.02329 -0.04412   -0.64166  -0.103727 -0.0298481 -0.000418635    0.0185652   -0.0118794 -0.00490488  0.00506913   0.0260622  0.090507 0.0812487  -9.80825 
             92.7005 -0.148941   2.18011  -173.908   7.78126 -0.463317    1.4948 0 0 0   -0.011 -0.02329 -0.04412  -0.668333 -0.0949716 -0.0473593 -0.000417575    0.0185538   -0.0119016 -0.00606308  0.00668342   0.0262397 0.0894356 0.0828599  -9.80824 
             92.8006 -0.236591   2.52225  -174.537   7.70645 -0.476975   1.48831 0 0 0   -0.011 -0.02329 -0.04412  -0.710412   -0.10301 -0.0685011 -0.000413142    0.0185512   -0.0118755 -0.0096325 0.00480228  0.0263679 0.0859002 0.0811555  -9.80829 
             92.9005 -0.199154    1.9894  -175.199   7.63708 -0.489615   1.48443 0 0 0   -0.011 -0.02329 -0.04412  -0.715887  -0.105359 -0.0604053 -0.000412169    0.0185902   -0.0118849 -0.00828647   0.0038292   0.0260783 0.0871689 0.0801622  -9.80829 
             93.0005 -0.0592055    1.18339    -175.97   7.57112 -0.493929   1.48221 0 0 0   -0.011 -0.02329 -0.04412  -0.703496 -0.0900629 -0.0434469 -0.000408072    0.0186243   -0.0118777 -0.0057399 0.00623114  0.0256998  0.089722 0.0824043  -9.80824 
             93.1005 0.350592 0.715281 -176.788   7.49979 -0.503778   1.47977 0 0 0   -0.011 -0.02329 -0.04412  -0.715644 -0.0854349 -0.0303458 -0.000419937    0.0185488   -0.0118598 -0.00608437  0.00579879   0.0255436  0.089369 0.0819979  -9.80825 
             93.2003 0.306378 0.926945 -177.636   7.43138 -0.510528   1.47618 0 0 0   -0.011 -0.02329 -0.04412  -0.711023  -0.063611 -0.0400185 -0.000390707    0.0185526   -0.0118539 -0.00469218   0.0061298   0.0255555 0.0907325 0.0822652  -9.80824 
             93.3016 0.537863  1.21099  -178.39   7.3586 -0.51457  1.46806 0 0 0   -0.011 -0.02329 -0.04412  -0.721796 -0.0379099 -0.0492895 -0.000395129    0.0185312   -0.0118702 -0.00519151  0.00671509   0.0260167 0.0902751 0.0828497  -9.80823 
             93.4005 0.666368  1.57188  -179.07   7.28107 -0.512955   1.46138 0 0 0   -0.011 -0.02329 -0.04412  -0.748241 -0.0116613 -0.0598546 -0.000396652    0.0185284   -0.0118891 -0.00727658  0.00841698   0.0261492 0.0883264 0.0845846  -9.80824 
             93.5004 0.619497  1.99803 -179.609   7.19863 -0.515673   1.45375 0 0 0   -0.011 -0.02329 -0.04412  -0.777627 0.00348219 -0.0737912 -0.000379407    0.0185127   -0.0119155 -0.0099747 0.00741685  0.0262824 0.0856723 0.0837323  -9.80827 
             93.5997 0.326009  1.57674  179.904    7.1219 -0.520538   1.45001 0 0 0   -0.011 -0.02329 -0.04412   -0.777074 -0.00194865  -0.0582834 -0.000356824    0.0185438   -0.0118809 -0.00951152  0.00549521   0.0259056 0.0860305 0.0818565  -9.80828 
             93.7005 0.169611 0.635896  179.651   7.04447 -0.524811   1.44271 0 0 0   -0.011 -0.02329 -0.04412  -0.762891 0.00912117 -0.0739539 -0.000372547    0.0185709   -0.0118937 -0.00936679  0.00376872   0.0260109 0.0860925 0.0801796  -9.80829 
             93.8005  0.502474 -0.415881   179.566  6.96561 -0.52132  1.43538 0 0 0   -0.011 -0.02329 -0.04412  -0.748854  0.0299191 -0.0682965 -0.00039684   0.0185998  -0.0119367 -0.0107918 0.00434452   0.026058 0.0847438 0.0808025   -9.8083 
              93.903 0.747557 -1.38625  179.431   6.90111 -0.518815   1.42972 0 0 0   -0.011 -0.02329 -0.04412  -0.696654  0.0444075 -0.0509192 -0.000384913    0.0185714   -0.0119424 -0.00764367  0.00404138     0.02601 0.0877673 0.0803589  -9.80828 
             94.0005 0.722028 -1.69833  179.351   6.83818 -0.519081   1.42825 0 0 0   -0.011 -0.02329 -0.04412  -0.647611  0.0450543 -0.0237976 -0.000374245    0.0185528   -0.0119578 -0.00594756  0.00238467   0.0257364 0.0893243 0.0786812  -9.80828 
             94.1006  0.443311 -0.608985   179.296  6.76978 -0.51346  1.42315 0 0 0   -0.011 -0.02329 -0.04412    -0.6497  0.0532898 -0.0268321 -0.000374759    0.0184629   -0.0119509 -0.00738307  0.00254939    0.026069 0.0879446 0.0789065  -9.80829 
             94.2006 0.145219  0.66075  179.215    6.6999 -0.510675   1.42095 0 0 0   -0.011 -0.02329 -0.04412  -0.663103  0.0520042 -0.0236304 -0.000356946    0.0184783   -0.0119046 -0.00915583  0.00156086   0.0260502 0.0861899 0.0780418  -9.80831 
             94.3005 -0.185018   1.65306   179.158   6.62624 -0.501964   1.41796 0 0 0   -0.011 -0.02329 -0.04412  -0.701405  0.0598665 -0.0297984 -0.00036093   0.0184947  -0.0118797 -0.0113142 0.00252107  0.0261135 0.0841601 0.0790712  -9.80832 
             94.4004 -0.455909    1.8852   179.195   6.54721 -0.493218   1.41432 0 0 0   -0.011 -0.02329 -0.04412   -0.72971  0.0622365 -0.0328933 -0.000367199    0.0185001   -0.0119167 -0.0137311 0.00322609  0.0261987 0.0818718 0.0798675  -9.80833 
             94.5006 -0.92149  1.60703  179.085   6.47402 -0.489339      1.41 0 0 0   -0.011 -0.02329 -0.04412  -0.732914  0.0403038 -0.0527342 -0.000345302    0.0185606   -0.0118983 -0.0139371 0.00273501  0.0262557 0.0816502 0.0794057  -9.80834 
             94.6004 -1.51765 0.435987  178.896   6.40067 -0.486815   1.40309 0 0 0   -0.011 -0.02329 -0.04412  -0.715184  0.0162785 -0.0537651 -0.000326015    0.0185755   -0.0118778 -0.0139571 0.00254547  0.0264483 0.0816242 0.0792247  -9.80834 
             94.7007 -1.74353 -1.13604  178.738   6.33399 -0.490413   1.40049 0 0 0   -0.011 -0.02329 -0.04412  -0.682277 -0.0108747 -0.0361679 -0.000357201    0.0185955   -0.0118885 -0.0129079 0.00136226  0.0262205 0.0825692  0.078037  -9.80834 
             94.8006 -1.77109 -1.76553  178.469   6.27451 -0.494295   1.40175 0 0 0   -0.011 -0.02329 -0.04412  -0.627671 -0.0268794 -0.0136792 -0.000356242    0.0185758   -0.0118763  -0.0112109 0.000923986   0.0257357 0.0841723 0.0775284  -9.80833 
             94.9003 -1.19313 -1.23251  178.334  6.21113 -0.49697  1.40186 0 0 0   -0.011 -0.02329 -0.04412   -0.615611  -0.0319185 -0.00187063 -0.000368948    0.0185024   -0.0119195 -0.0113066 0.00106429  0.0256128 0.0840889  0.077666  -9.80833 
             95.0005 -0.435172  0.855402   178.043   6.14367 -0.498373    1.3992 0 0 0   -0.011 -0.02329 -0.04412  -0.633501  -0.013458 -0.0212394 -0.000387366    0.0184452   -0.0118726 -0.0128899  0.0013276  0.0258612 0.0825848 0.0780007  -9.80834 
             95.1005 0.200244  2.25134  177.818   6.07131 -0.492846   1.39498 0 0 0   -0.011 -0.02329 -0.04412  -0.684184  0.0137576 -0.0410054 -0.000384355    0.0184623   -0.0118742 -0.0152203 0.00289664  0.0260429 0.0804371 0.0796202  -9.80835 
             95.2005 0.546918  2.42029  177.397   5.99557 -0.486439   1.39072 0 0 0   -0.011 -0.02329 -0.04412  -0.716039  0.0429405 -0.0495495 -0.000356484     0.018528   -0.0118133 -0.0170734 0.00384304    0.02603 0.0787178 0.0806197  -9.80835 
             95.3004 0.365446  1.90356  176.997   5.91973 -0.482344   1.38465 0 0 0   -0.011 -0.02329 -0.04412  -0.733059  0.0475628 -0.0637875 -0.000326201    0.0185565   -0.0118172 -0.0178378 0.00367231  0.0261329 0.0779817 0.0804965  -9.80836 
             95.4007 -0.116397  0.835207   176.537  5.85094 -0.48114  1.37565 0 0 0   -0.011 -0.02329 -0.04412  -0.718087  0.0356834 -0.0682149 -0.000309129    0.0185932   -0.0118209 -0.0167074 0.00287102  0.0264192   0.07902 0.0796701  -9.80836 
             95.5006 -0.526443 -0.428414   176.142   5.78145 -0.476867    1.3709 0 0 0   -0.011 -0.02329 -0.04412  -0.701946  0.0404514 -0.0583838 -0.000299109    0.0186124   -0.0118489 -0.0164107 0.00298223  0.0262026  0.079305 0.0797616  -9.80836 
             95.6004 -0.440143 -0.717722   175.665   5.71761 -0.477077   1.36357 0 0 0   -0.011 -0.02329 -0.04412  -0.674223  0.0300176 -0.0503176 -0.000300788    0.0185611   -0.0118419 -0.0149322 0.00204406  0.0264114  0.080659 0.0787861  -9.80835 
             95.7006   -0.17294 -0.0508666     175.24   5.64848 -0.474188   1.35697 0 0 0   -0.011 -0.02329 -0.04412  -0.674636  0.0403112 -0.0503388 -0.00032083   0.0185121  -0.0118532 -0.0155684 0.00181967  0.0266211  0.080042 0.0786091  -9.80836 
             95.8004 0.337493  1.04369  174.789   5.58695 -0.468941   1.35157 0 0 0   -0.011 -0.02329 -0.04412  -0.665633  0.0556535 -0.0479075 -0.000331073    0.0184873   -0.0118566 -0.0140684  0.0020592  0.0266568 0.0814778 0.0787478  -9.80835 
             95.9004 0.77574 2.12474 174.264   5.51577 -0.458137   1.34501 0 0 0   -0.011 -0.02329 -0.04412  -0.693696  0.0913136 -0.0571617 -0.000333757    0.0184679   -0.0118305 -0.0148188 0.00292722  0.0268476  0.080819 0.0796144  -9.80834 
             96.0005 0.919653  2.62173  173.771   5.44184 -0.445553   1.34114 0 0 0   -0.011 -0.02329 -0.04412  -0.726468   0.119571 -0.0604083 -0.000302557    0.0184845   -0.0118476 -0.0156237 0.00347508  0.0266098 0.0800904 0.0801846  -9.80835 
             96.1005 0.635955  2.12897  173.201   5.36414 -0.431337   1.33472 0 0 0   -0.011 -0.02329 -0.04412 -0.756918  0.135291 -0.063543 -0.000293981    0.0185318   -0.0118136  -0.016755 0.00374031   0.026659 0.0790395 0.0805065  -9.80835 
             96.2003 0.153294  1.21782  172.786   5.28435 -0.418216   1.32694 0 0 0   -0.011 -0.02329 -0.04412  -0.755504   0.137697 -0.0667048 -0.000277169    0.0185578    -0.011839 -0.0175748 0.00351961  0.0267907 0.0782543 0.0803499  -9.80836 
             96.3006 -0.316925  0.178534   172.206    5.2089 -0.406891    1.3197 0 0 0   -0.011 -0.02329 -0.04412  -0.740263   0.132994 -0.0650009 -0.000284618    0.0185269   -0.0118098 -0.0176347 0.00296217  0.0269101 0.0781625 0.0798271  -9.80836 
             96.4005 -0.482868  -1.08252   171.683   5.14119 -0.396634    1.3154 0 0 0   -0.011 -0.02329 -0.04412  -0.706447   0.124316 -0.0439858 -0.00028607   0.0185402  -0.0118612 -0.0166044 0.00249857   0.026769 0.0790985 0.0793207  -9.80836 
             96.5004 -0.289213  -1.55869   170.918   5.07549 -0.388878   1.31705 0 0 0   -0.011 -0.02329 -0.04412   -0.657329    0.114044 -0.00627642 -0.000306757    0.0185036   -0.0118479 -0.0157035 0.00161459  0.0262374 0.0798827 0.0784277  -9.80836 
             96.6006 0.117162 -1.01929  170.131   5.00469 -0.379087   1.31515 0 0 0   -0.011 -0.02329 -0.04412  -0.655721    0.12133 -0.0028251 -0.000308708    0.0184446   -0.0118493 -0.0171083 0.00106587  0.0264376 0.0785223 0.0780159  -9.80838 
             96.7004   0.57775 -0.183136   169.388   4.93849 -0.364142   1.31366 0 0 0   -0.011 -0.02329 -0.04412    -0.646154      0.14298 -0.000696314 -0.000299353     0.018409   -0.0118331 -0.0172462 0.00149686  0.0266447 0.0784226 0.0784301  -9.80837 
             96.8006 0.953198 0.802915  168.715   4.86741 -0.345068   1.30983 0 0 0   -0.011 -0.02329 -0.04412  -0.667707   0.173464 -0.0113796 -0.000308128    0.0183995   -0.0117972 -0.0187399 0.00208019  0.0271059  0.077065 0.0790917  -9.80838 
             96.9005 0.857974   1.4097  168.353   4.80421 -0.319483   1.30971 0 0 0   -0.011 -0.02329 -0.04412   -0.655956    0.211458 0.000664352 -0.000290041    0.0183844   -0.0118143 -0.0182373 0.00355588  0.0270189 0.0776552 0.0804302  -9.80836 
             97.0005 0.296706  1.15912  168.112   4.73936 -0.299626   1.31299 0 0 0   -0.011 -0.02329 -0.04412 -0.661862  0.208623 0.0189184 -0.000295693    0.0184348   -0.0118303 -0.0179367 0.00327439  0.0267047 0.0779113 0.0801465  -9.80836 
             97.1007 -0.789114    1.1347   168.007    4.6665 -0.284428   1.31598 0 0 0   -0.011 -0.02329 -0.04412 -0.688799  0.184745 0.0294375 -0.000266573    0.0184219   -0.0118303 -0.0190245 0.00202888  0.0266106 0.0767902 0.0790821  -9.80838 
             97.2006 -1.56712   1.2378  168.048   4.59687 -0.270941   1.31573 0 0 0   -0.011 -0.02329 -0.04412 -0.703701  0.159757 0.0265574 -0.00027153   0.0183887   -0.011832 -0.0190274  0.0011979  0.0269941 0.0767182 0.0783062  -9.80839 
             97.3005 -1.87318  1.23023  168.177  4.52382 -0.26055  1.31723 0 0 0   -0.011 -0.02329 -0.04412 -0.721624  0.131022 0.0227225 -0.000274451     0.018378   -0.0118194   -0.019126 0.000209756    0.027111   0.07654 0.0773971   -9.8084 
             97.4006 -1.33888  1.34029  168.452   4.45133 -0.248818   1.31909 0 0 0   -0.011 -0.02329 -0.04412 -0.728115  0.119707 0.0229258 -0.000319107    0.0183743   -0.0118201  -0.0191093 1.02673e-05   0.0271696 0.0765385  0.077211   -9.8084 
             97.5006 -0.59427  1.11448  168.837   4.37743 -0.235449   1.32197 0 0 0   -0.011 -0.02329 -0.04412  -0.73338  0.123507 0.0352543 -0.000343173    0.0183878   -0.0118191  -0.0194534 0.000225634   0.0271485 0.0762387 0.0774409   -9.8084 
             97.6005 -0.0980902   0.620628    169.339    4.3046 -0.220348   1.32531 0 0 0   -0.011 -0.02329 -0.04412 -0.728331  0.135375 0.0354478 -0.000329462    0.0184052    -0.011853  -0.0194434 0.000633719    0.027162  0.076284 0.0778177  -9.80839 
             97.7005 0.104119 0.222908  169.811    4.2319 -0.206594   1.32942 0 0 0   -0.011 -0.02329 -0.04412 -0.727929  0.133356 0.0427087 -0.000304957    0.0184007   -0.0118309  -0.0193339 0.000707635   0.0271021 0.0763911 0.0778764  -9.80839 
             97.8005 -0.251308  0.180553   170.394   4.15838 -0.193931   1.33459 0 0 0   -0.011 -0.02329 -0.04412 -0.724997   0.13009 0.0498948 -0.000289752    0.0183796   -0.0118344  -0.0194768 0.000507039   0.0270474  0.076242 0.0777035   -9.8084 
             97.9007 -0.571417  0.556802   170.993   4.08694 -0.181504   1.33826 0 0 0   -0.011 -0.02329 -0.04412 -0.724161  0.122493  0.046766 -0.000286076    0.0183414   -0.0118387  -0.0193903 0.000457342   0.0271664 0.0763178   0.07765   -9.8084 
             98.0004 -0.947971   1.14748    171.54   4.01402 -0.168779   1.34244 0 0 0   -0.011 -0.02329 -0.04412  -0.73127  0.115596 0.0430563 -0.000272734    0.0183024   -0.0118176  -0.0192739 0.000597589   0.0272333 0.0764362 0.0777697  -9.80839 
             98.1006 -1.21252  1.39389  172.171   3.94277 -0.153985   1.34671 0 0 0   -0.011 -0.02329 -0.04412 -0.740424  0.110148 0.0429345 -0.00028699   0.0183193  -0.0118276 -0.0190674 0.00131253  0.0272322  0.076681 0.0784113  -9.80839 
             98.2005 -1.37451  1.45273  172.763   3.86447 -0.148046   1.35028 0 0 0   -0.011 -0.02329 -0.04412 -0.766157 0.0823376 0.0427955 -0.000284554    0.0183266   -0.0118226 -0.0194579 0.00048286  0.0272992 0.0762616 0.0776782   -9.8084 
             98.3006 -1.66166  1.75661  173.301 3.78738 -0.1442  1.3527 0 0 0   -0.011 -0.02329 -0.04412 -0.778189 0.0510267 0.0330526 -0.000268316    0.0182883   -0.0117938     -0.01933 -0.000115416    0.0274591 0.0763384 0.0771211   -9.8084 
             98.4006 -1.32102  2.04702  173.871   3.70474 -0.138678   1.35561 0 0 0   -0.011 -0.02329 -0.04412 -0.816454 0.0436434 0.0236124 -0.000302464    0.0182909   -0.0117925   -0.0200637 -3.37362e-05    0.0274092 0.0756712 0.0772453   -9.8084 
             98.5005 -0.770833   1.91702   174.413   3.62369 -0.134168   1.35859 0 0 0   -0.011 -0.02329 -0.04412 -0.827805 0.0397833 0.0239833 -0.000324053    0.0182942   -0.0117965   -0.019674 1.04736e-05   0.0273243 0.0760291 0.0772598   -9.8084 
             98.6007 -0.22732  1.41496  174.827   3.54234 -0.126542    1.3635 0 0 0   -0.011 -0.02329 -0.04412  -0.82742 0.0535905 0.0349237 -0.000302931    0.0183268   -0.0117697 -0.0194891  0.0006024  0.0270366 0.0762291 0.0777877   -9.8084 
             98.7006 0.0477655  0.952658   175.194  3.46205 -0.11496  1.36673 0 0 0   -0.011 -0.02329 -0.04412 -0.822661 0.0704151 0.0344501 -0.000297836    0.0183183   -0.0117749 -0.0192645 0.00162868  0.0270541 0.0764946 0.0787116  -9.80839 
             98.8005 -0.000183683     0.623239      175.449  3.38029 -0.10854  1.37054 0 0 0   -0.011 -0.02329 -0.04412 -0.822763 0.0705409 0.0418393 -0.000288819    0.0183088   -0.0117584 -0.0191888 0.00150893  0.0270251 0.0765565 0.0785982  -9.80839 
             98.9003 -0.581168  0.646001   175.706   3.29482 -0.104873   1.37414 0 0 0   -0.011 -0.02329 -0.04412 -0.828132 0.0551959 0.0364064 -0.000257174    0.0182861   -0.0117758  -0.0195716 0.000970122   0.0270795 0.0761795 0.0781281  -9.80839 
             99.0005 -0.876912   1.08507   175.853   3.20951 -0.100856    1.3757 0 0 0   -0.011 -0.02329 -0.04412 -0.839985 0.0436695 0.0301355 -0.000273309    0.0182484   -0.0117636  -0.0200316 0.000741083   0.0272887 0.0757505 0.0779429   -9.8084 
             99.1005 -0.921907  0.999935   175.896    3.12556 -0.0968611    1.37847 0 0 0   -0.011 -0.02329 -0.04412 -0.827251 0.0364241 0.0403933 -0.000278462    0.0182565   -0.0117324  -0.0199196 0.000703963   0.0273451 0.0758505 0.0779035   -9.8084 
             99.2007 -0.707065  0.514035    175.87    3.04538 -0.0956324    1.38251 0 0 0   -0.011 -0.02329 -0.04412 -0.801824 0.0310718 0.0431389 -0.000289035    0.0182719   -0.0117269  -0.0196739 0.000357341      0.0274 0.0760564 0.0775773   -9.8084 
             99.3005 -0.199999 -0.275739   175.635    2.96312 -0.0906029    1.38572 0 0 0   -0.011 -0.02329 -0.04412 -0.786917 0.0384764 0.0435443 -0.00030245   0.0182872  -0.0117024  -0.0202561 0.000595298   0.0275422 0.0755419 0.0778213   -9.8084 
             99.4005 0.160274 -1.15373  175.375    2.88607 -0.0808997    1.38938 0 0 0   -0.011 -0.02329 -0.04412 -0.750654 0.0605004 0.0467173 -0.00029027   0.0182786  -0.0117026 -0.0202123 0.00145719  0.0276832 0.0756233  0.078598  -9.80839 
             99.5006 0.268181 -1.67226  175.105    2.81378 -0.0701248    1.39375 0 0 0   -0.011 -0.02329 -0.04412 -0.711909  0.077666 0.0464517 -0.000267254    0.0182772   -0.0117203 -0.0201705 0.00214668  0.0277494 0.0756942 0.0792176  -9.80839 
             99.6005 0.155941 -1.11328  174.745   2.74487 -0.065067   1.39654 0 0 0   -0.011 -0.02329 -0.04412 -0.696371 0.0774279 0.0413064 -0.000278065     0.018194   -0.0117096 -0.0199208 0.00167067  0.0279818 0.0758919 0.0787755  -9.80839 
             99.7005   -0.41816 -0.0263273     174.33      2.67 -0.057987   1.39983 0 0 0   -0.011 -0.02329 -0.04412 -0.697727 0.0773669 0.0478866 -0.000255078    0.0181757   -0.0116945 -0.0207007 0.00151911  0.0281438 0.0751805 0.0786785   -9.8084 
             99.8006 -0.81901  1.31283  173.894    2.59363 -0.0501669    1.40496 0 0 0   -0.011 -0.02329 -0.04412   -0.7292 0.0791533 0.0442743 -0.00024898   0.0181591  -0.0116731 -0.0215614  0.0014952   0.028137 0.0744075  0.078703   -9.8084 
             99.9007 -0.772171   1.82027   173.418    2.52101 -0.0445879    1.40758 0 0 0   -0.011 -0.02329 -0.04412  -0.73329 0.0648907 0.0357221 -0.000263843    0.0181871   -0.0116675 -0.0216034 0.00123966  0.0283543  0.074355 0.0784762   -9.8084 
                 100 -0.541025   1.66388   172.866    2.44525 -0.0366354    1.41034 0 0 0   -0.011 -0.02329 -0.04412 -0.738882  0.076078 0.0302896 -0.000269011     0.018204   -0.0116585 -0.0218272 0.00135047  0.0284156 0.0741618 0.0785882   -9.8084 
             100.101 -0.31714 0.715106  172.231    2.36724 -0.0307653    1.41486 0 0 0   -0.011 -0.02329 -0.04412 -0.743569 0.0845545 0.0268785 -0.000268623    0.0182377   -0.0116608  -0.0224101 0.000987146   0.0282018 0.0736173 0.0782993  -9.80841 
             100.201 0.0765228 -0.343026   171.681    2.29091 -0.0240609    1.41954 0 0 0   -0.011 -0.02329 -0.04412 -0.729257 0.0899325 0.0293113 -0.000273257    0.0182353   -0.0116766  -0.0228879 0.000651661   0.0279413 0.0731675 0.0780313  -9.80842 
             100.301 0.531678 -1.17598  171.288     2.23047 -0.00961723     1.42327 0 0 0   -0.011 -0.02329 -0.04412 -0.675059  0.117498 0.0400546 -0.00028726   0.0182215  -0.0116828 -0.0214082 0.00151747  0.0279032 0.0745397 0.0787015   -9.8084 
               100.4 0.521279 -1.19934  170.886    2.17038 0.00212562    1.42822 0 0 0   -0.011 -0.02329 -0.04412 -0.637976  0.128902 0.0448804 -0.00025056   0.0181802  -0.0116763 -0.0204271 0.00152764  0.0278334 0.0754105  0.078642  -9.80839 
             100.501  0.300731 0.0302559   170.393   2.10608 0.0103944   1.43362 0 0 0   -0.011 -0.02329 -0.04412 -0.641287  0.126584 0.0505817 -0.000251305    0.0181142    -0.011655  -0.0205283 0.000773633   0.0277586 0.0752665 0.0779831   -9.8084 
               100.6 -0.0991839    1.52498    169.841   2.03483 0.0248924   1.43536 0 0 0   -0.011 -0.02329 -0.04412 -0.664005  0.143232 0.0440879 -0.000230646    0.0181147   -0.0116528   -0.021369 0.000797017   0.0281621 0.0745212 0.0780644  -9.80841 
             100.701 -0.229107   2.37222   169.172   1.96285 0.0380073   1.43747 0 0 0   -0.011 -0.02329 -0.04412 -0.686755    0.1507 0.0277536 -0.000258474    0.0181592   -0.0116014  -0.0220506 0.000458389   0.0283856 0.0738933 0.0778185  -9.80841 
             100.801 -0.135391   1.68516   168.686   1.88898 0.0563744   1.43902 0 0 0   -0.011 -0.02329 -0.04412 -0.695911  0.169837 0.0213859 -0.000271635    0.0182069   -0.0116303  -0.0227916 0.000718177   0.0284874 0.0732645 0.0781072  -9.80842 
             100.901 -0.0790991  0.0345734    168.128 1.82525 0.07009 1.44137 0 0 0   -0.011 -0.02329 -0.04412 -0.666914  0.169001  0.023472 -0.000259304    0.0182436   -0.0116379  -0.0221548 0.000334683   0.0284768 0.0737896 0.0777162  -9.80841 
             101.001 -0.06341  -1.5432  167.668   1.76681 0.0860572   1.45002 0 0 0   -0.011 -0.02329 -0.04412  -0.61075  0.165738 0.0566074 -0.000247291    0.0182151   -0.0116607  -0.0211495 0.000344814   0.0278738  0.074663 0.0776386  -9.80841 
             101.101 -0.251697  -1.83456   167.446  1.71207 0.104595  1.45552 0 0 0   -0.011 -0.02329 -0.04412 -0.578664  0.171672 0.0559451 -0.000228988    0.0181652   -0.0116964  -0.0204808 0.000735966   0.0279135  0.075283 0.0779174   -9.8084 
             101.201 -0.510564 -0.999801   167.381 1.65265  0.1224  1.4633 0 0 0   -0.011 -0.02329 -0.04412 -0.560291  0.164534 0.0713012 -0.000216538    0.0181407    -0.011703  -0.0208256 0.000816611     0.02773 0.0749928 0.0780212   -9.8084 
             101.301  -1.08471 -0.279436    167.54  1.59365 0.139065  1.46723 0 0 0   -0.011 -0.02329 -0.04412 -0.560291  0.156824  0.053149 -0.000199088    0.0181456   -0.0117034  -0.0213241 0.000821596   0.0280113 0.0745556 0.0780749  -9.80841 
               101.4 -1.48122 0.241494  167.918  1.53708 0.149978  1.46948 0 0 0   -0.011 -0.02329 -0.04412 -0.550378  0.128055 0.0441766 -0.000225424    0.0181453   -0.0117114  -0.0213157 0.000319901   0.0283167 0.0745085 0.0776404  -9.80841 
               101.5 -1.75216 0.312395   168.53  1.47683 0.163303   1.4744 0 0 0   -0.011 -0.02329 -0.04412 -0.560444  0.120166 0.0405995 -0.000219641    0.0181625   -0.0117055   -0.022033 0.000336031   0.0282842 0.0738904 0.0777257  -9.80841 
               101.6 -1.65581  0.25112    169.3  1.41671 0.172549  1.47617 0 0 0   -0.011 -0.02329 -0.04412   -0.5621  0.101066 0.0285966 -0.000245523    0.0181688   -0.0117044   -0.022493 1.13529e-05   0.0285403 0.0734613 0.0774932  -9.80842 
             101.701  -1.36377 -0.279629   170.219  1.36772 0.178986  1.48143 0 0 0   -0.011 -0.02329 -0.04412 -0.536639 0.0843543 0.0407269 -0.000244522    0.0181851   -0.0116856   -0.0216792 -0.000194629    0.0283259 0.0741424 0.0772358  -9.80842 
               101.8  -1.08055 -0.326455   171.171  1.31707 0.185363  1.48657 0 0 0   -0.011 -0.02329 -0.04412 -0.523535 0.0702482 0.0404699 -0.000234264    0.0181251    -0.011717   -0.0213032 -0.000323776    0.0281786 0.0744541 0.0770888  -9.80841 
               101.9 -0.70214 0.405844  171.799  1.26414 0.195507  1.49292 0 0 0   -0.011 -0.02329 -0.04412 -0.526502 0.0743822 0.0441379 -0.000231644     0.018105   -0.0116737  -0.0213342 6.55421e-05    0.027891 0.0744611 0.0774231  -9.80841 
             102.001 -0.63328  1.14171   172.13  1.20825 0.204582  1.49371 0 0 0   -0.011 -0.02329 -0.04412 -0.542541 0.0773539 0.0257196 -0.00021326   0.0181205  -0.0116434  -0.0217576 0.000211222   0.0282485 0.0741088 0.0775841  -9.80841 
               102.1 -0.734507   1.65308   172.138 1.14981 0.20798 1.49392 0 0 0   -0.011 -0.02329 -0.04412  -0.557881  0.0618333 0.00842884 -0.00020262   0.0181416  -0.0116298    -0.022073 -0.000346847     0.028427 0.0737978 0.0771297  -9.80842 
             102.201 -0.817067   1.16259   171.819  1.09417 0.214374  1.49272 0 0 0   -0.011 -0.02329 -0.04412   -0.565616   0.0602793 0.000126166 -0.000214559    0.0181712   -0.0115835   -0.0219834 -0.000311267     0.028586 0.0738782 0.0771541  -9.80842 
             102.301 -0.805788  0.316425   171.575  1.03761 0.219467  1.49605 0 0 0   -0.011 -0.02329 -0.04412 -0.560315 0.0586711 0.0181133 -0.00021889   0.0181783  -0.0116078   -0.0220747 -0.000416488    0.0282817 0.0737898   0.07707  -9.80842 
             102.401  -0.628175 0.00229633    171.527 0.981141 0.224441  1.50077 0 0 0   -0.011 -0.02329 -0.04412 -0.558183 0.0578253 0.0283541 -0.000229642    0.0181559   -0.0115744   -0.0220437 -0.000524981    0.0279872 0.0738065  0.076975  -9.80842 
             102.501 -0.412209  0.260144   172.219 0.929576 0.233006  1.50455 0 0 0   -0.011 -0.02329 -0.04412 -0.544682 0.0618115 0.0319832 -0.000210343    0.0181326    -0.011625     -0.02159 -0.000102323    0.0278779 0.0742201 0.0773039  -9.80841 
             102.601 -0.375645  0.808055   173.583  0.87811 0.242832   1.5069 0 0 0   -0.011 -0.02329 -0.04412 -0.550522 0.0673684 0.0334811 -0.000211422    0.0181249   -0.0116688  -0.0212709 0.000372516   0.0280022 0.0745226 0.0776857  -9.80841 
               102.7 -0.574124   1.53171   175.265 0.815973 0.247121  1.50926 0 0 0   -0.011 -0.02329 -0.04412  -0.59198 0.0538185   0.02543 -0.000191131    0.0181314   -0.0116538  -0.0219868 2.78854e-05   0.0280481 0.0738942 0.0774397  -9.80842 
             102.801 -1.17327  2.30656  177.218 0.750717 0.243353  1.50819 0 0 0   -0.011 -0.02329 -0.04412 -0.635431 0.0183338 0.0151488 -0.000174544    0.0181343   -0.0116553  -0.022447 -0.0010206  0.0284563 0.0734462 0.0765791  -9.80843 
               102.9 -1.23594   3.0441  179.128 0.684628 0.239941  1.50708 0 0 0   -0.011 -0.02329 -0.04412  -0.682599 -0.0105263 0.00938657 -0.000217591    0.0181419   -0.0116176  -0.0224686 -0.00153966   0.0287609 0.0734066 0.0761417  -9.80843 
             102.999 -0.717367    3.3596  -179.023 0.614081 0.242824  1.50821 0 0 0   -0.011 -0.02329 -0.04412   -0.73236  -0.010262 0.00917198 -0.00023928   0.0181822  -0.0116121   -0.0224977 -0.000996863    0.0287712 0.0734024 0.0766009  -9.80843 
               103.1 -0.0414664    3.65371   -177.429 0.540551 0.240858  1.51179 0 0 0   -0.011 -0.02329 -0.04412  -0.773031 -0.0142851  0.0239772 -0.000241786    0.0181856   -0.0116135 -0.0221914 -0.0010654  0.0285043  0.073651 0.0765349  -9.80842 
               103.2 0.343282  3.81802 -176.312 0.465065 0.241251  1.51724 0 0 0   -0.011 -0.02329 -0.04412  -0.807295 -0.0121669  0.0377006 -0.00021875   0.0181831  -0.0115877   -0.0217661 -0.000838049    0.0282067 0.0740005 0.0767217  -9.80842 
               103.3 0.615842  3.38129 -175.861 0.381466 0.243463   1.5212 0 0 0   -0.011 -0.02329 -0.04412   -0.841774 -0.00520529   0.0372396 -0.000216001    0.0182027   -0.0115557   -0.0217919 -0.000445871    0.0281727 0.0739761 0.0770507  -9.80842 
             103.401 0.463838  2.42831  -176.16 0.296583 0.242624  1.52694 0 0 0   -0.011 -0.02329 -0.04412   -0.856025 -0.00567281   0.0408284 -0.000205994    0.0182147   -0.0115159  -0.0217938 -0.00048814   0.0279503 0.0739668 0.0770167  -9.80842 
             103.501 0.181117  1.17029 -177.288 0.213215 0.246899  1.53169 0 0 0   -0.011 -0.02329 -0.04412  -0.840852 0.00286518  0.0413986 -0.00019665   0.0182025  -0.0114815  -0.0216322 8.34518e-05   0.0278669 0.0740863 0.0774982  -9.80841 
             103.601  -0.10199 -0.462145  -179.278  0.12987 0.246858  1.53601 0 0 0   -0.011 -0.02329 -0.04412   -0.808582 -0.00256949   0.0396221 -0.00017855   0.0182025  -0.0114381  -0.0217186 8.25255e-05   0.0278364 0.0740137 0.0774956  -9.80841 
               103.7 -0.206584  -2.17032   178.127 0.0506219  0.249009   1.54086 0 0 0   -0.011 -0.02329 -0.04412   -0.748499 -0.00134964   0.0481915 -0.000180512    0.0181789   -0.0114398  -0.0216445 0.000407321   0.0277681 0.0740679 0.0777676  -9.80841 
             103.801 -0.181737   -3.5975   175.367 -0.0187425   0.248042    1.54564 0 0 0   -0.011 -0.02329 -0.04412  -0.666274 0.00283969  0.0410274 -0.000179401    0.0181459   -0.0114304 -0.0215715 0.00025878   0.027717 0.0741304 0.0776454  -9.80841 
             103.901  0.12738 -4.65734  173.777 -0.0789652   0.251497    1.54922 0 0 0   -0.011 -0.02329 -0.04412 -0.554325 0.0174151 0.0379503 -0.000209536    0.0181375   -0.0115063  -0.0214299 0.000601096   0.0277495 0.0742489 0.0779282  -9.80841 
             104.002 0.274989 -5.66024  174.326 -0.126502  0.253587    1.5521 0 0 0   -0.011 -0.02329 -0.04412 -0.432008 0.0299841 0.0391262 -0.000205671    0.0181062   -0.0116114  -0.0210805 0.000574881   0.0278811 0.0745313 0.0778984  -9.80841 
             104.101 -0.169293  -5.95063   178.349 -0.162429  0.253904   1.55628 0 0 0   -0.011 -0.02329 -0.04412  -0.31865 0.0385938 0.0374884 -0.000178343    0.0180817   -0.0117485  -0.0208206 0.000183048   0.0278362 0.0747328 0.0775663  -9.80841 
             104.201 -0.863146  -5.41908  -173.436 -0.192657  0.250129   1.55763 0 0 0   -0.011 -0.02329 -0.04412 -0.241808 0.0331422 0.0209145 -0.000177314     0.018077   -0.0118731   -0.0210526 -0.000805187    0.0280618 0.0744889 0.0767632  -9.80842 
               104.3 -1.46454  -4.2615 -160.679 -0.213858   0.23805   1.55632 0 0 0   -0.011 -0.02329 -0.04412  -0.183685 0.00803352 0.00611059 -0.000180746    0.0180797   -0.0120623  -0.0209406 -0.00262876   0.0284031 0.074517 0.075262 -9.80843 
             104.401 -1.69528 -3.00374 -143.829 -0.230386   0.23154    1.5566 0 0 0   -0.011 -0.02329 -0.04412   -0.151085 -0.00850042 -0.00439922 -0.000191031     0.018117   -0.0122113  -0.0209516 -0.00346573   0.0284184 0.0745279 0.0745716  -9.80843 
             104.501 -1.24703 -2.08962  -124.13 -0.239808  0.229398   1.55619 0 0 0   -0.011 -0.02329 -0.04412   -0.113922   -0.027609 -0.00653127 -0.000180024    0.0182009   -0.0123468  -0.0204669 -0.00365695    0.028377 0.0749516 0.0744686  -9.80843 
             104.601 -1.26078 -1.25037 -102.305 -0.238793    0.2278   1.55708 0 0 0   -0.011 -0.02329 -0.04412 -0.0567719 -0.0512388 -0.0110122 -0.000116612     0.018247    -0.012445  -0.0192651 -0.00391043   0.0280583 0.0760131 0.0745519  -9.80842 
             104.701   -1.05397 -0.0695127    -80.322 -0.229778  0.218608   1.55584 0 0 0   -0.011 -0.02329 -0.04412  0.0176574 -0.0900453 -0.0170437 -7.46794e-05    0.0182835   -0.0123402  -0.0183283 -0.00489859   0.0279973 0.0771158 0.0741747  -9.80842 
             104.801 -0.291794   1.03115  -58.9973 -0.214082  0.220623   1.55102 0 0 0   -0.011 -0.02329 -0.04412  0.0902452 -0.0894946 -0.0424925 -6.30159e-05    0.0183102   -0.0122784  -0.0169128 -0.00505313   0.0281859 0.0782378 0.0748727   -9.8084 
               104.9 0.441188 0.433727 -39.4965 -0.204598   0.23431    1.5479 0 0 0   -0.011 -0.02329 -0.04412   0.120985 -0.0398517 -0.0414771 -4.32958e-06     0.018407   -0.0121565  -0.0153337 -0.00405806   0.0280292 0.0784453 0.0764794  -9.80839 
             105.001  0.658617 -0.756002  -23.1516 -0.203618  0.250093    1.5465 0 0 0   -0.011 -0.02329 -0.04412  0.0986665  0.0235601 -0.0229447 4.42536e-05   0.0184638  -0.0119822  -0.0138705 -0.00300433    0.027776 0.0779595 0.0778858  -9.80838 
             105.101 0.425119 -2.13521 -11.9766 -0.198077  0.270123   1.54767 0 0 0   -0.011 -0.02329 -0.04412   0.0726698   0.0769474 -0.00339337 7.70147e-05   0.0185004  -0.0116764  -0.0125982 -0.00311103   0.0274598 0.0779611 0.0789257  -9.80837 
             105.201 0.637962 -2.94067 -5.37158 -0.221056  0.286409    1.5461 0 0 0   -0.011 -0.02329 -0.04412 -0.0226092  0.0963815 0.00390832 9.00414e-05   0.0184611  -0.0114272   -0.010825 -0.00200954    0.027623 0.0764959 0.0797017  -9.80838 
             105.301  1.96096 -3.36053 -2.05342 -0.247205  0.299176   1.54679 0 0 0   -0.011 -0.02329 -0.04412 -0.098635 0.0730776 0.0134842 2.78058e-05   0.0184824  -0.0111914 -0.00935549 -0.00148243   0.0275735 0.0753992 0.0800964  -9.80838 
               105.4   3.57106  -1.93764 -0.402958 -0.260087  0.297018   1.54629 0 0 0   -0.011 -0.02329 -0.04412 -0.0969974 0.00290293 0.00924119 2.82347e-06   0.0184039  -0.0110992  -0.00932171 -0.000898067    0.0277412 0.0752241 0.0797531  -9.80839 
               105.5  4.79264 0.809911 0.367952 -0.26736 0.273127  1.54815 0 0 0   -0.011 -0.02329 -0.04412 -0.0577197  -0.114042 0.00759026 1.00263e-05   0.0183258  -0.0110128 -0.00967252 0.000679209   0.0276178 0.0752547 0.0787383   -9.8084 
             105.601  4.62228  2.95334 0.620812 -0.26147 0.245054  1.54669 0 0 0   -0.011 -0.02329 -0.04412   0.0227543   -0.187514 -0.00391541 6.4666e-05   0.018352 -0.0109582 -0.0103727 0.00180261  0.0278073 0.0756858 0.0780312   -9.8084 
             105.701  2.65135   3.7658 0.585052 -0.242118  0.212927    1.5436 0 0 0   -0.011 -0.02329 -0.04412   0.117179   -0.21564 -0.0215141 0.000147581   0.0184064  -0.0109654 -0.0113313 0.00281047  0.0280219 0.0763334 0.0774347   -9.8084 
             105.801 -0.746822   2.97771  0.172204 -0.228137  0.193773   1.54071 0 0 0   -0.011 -0.02329 -0.04412    0.15229  -0.165683 -0.0307521 0.000214387    0.018436  -0.0109059 -0.0113715 0.00276844  0.0280557 0.0763554 0.0774655   -9.8084 
             105.902  -3.89107  0.223291 0.0541183 -0.220717  0.188648   1.54145 0 0 0   -0.011 -0.02329 -0.04412    0.127913  -0.0587497 -0.00407333 0.000202613   0.0185411  -0.0109478  -0.010871 0.00217581  0.0277698 0.0760058 0.0778097   -9.8084 
             106.001  -5.87547  -2.54209 0.0814827 -0.222139  0.199913   1.54447 0 0 0   -0.011 -0.02329 -0.04412 0.0829074 0.0363916 0.0373385 0.000144604   0.0185342  -0.0109585 -0.0100178  0.0011766  0.0275645 0.0753871 0.0784189   -9.8084 
               106.1  -4.98507  -3.40698 0.0636168 -0.224556  0.212883   1.54935 0 0 0   -0.011 -0.02329 -0.04412 0.0238807  0.107386  0.027333 3.69504e-05    0.018412   -0.010959 -0.0094062 0.00073547  0.0273585 0.0749568 0.0786901   -9.8084 
             106.201 -0.269237  -1.54889 0.0580868 -0.225219  0.220381    1.5515 0 0 0   -0.011 -0.02329 -0.04412 0.00832175  0.0988992  0.0212436 -0.000208535    0.0182724   -0.0109777 -0.00921566 0.000941946   0.0273865 0.0748408 0.0785399   -9.8084 
               106.3   2.25149 -0.342139  0.106058 -0.221785  0.214878   1.55058 0 0 0   -0.011 -0.02329 -0.04412 0.0238085 0.0347766 0.0101778 -0.000111382    0.0182971   -0.0109611 -0.00935679  0.00187095     0.02776  0.074988 0.0778955   -9.8084 
             106.401  3.17916 0.295202 0.135771 -0.21304 0.204098  1.55093 0 0 0   -0.011 -0.02329 -0.04412  0.0504524  -0.030205 0.00344268 -5.36284e-05    0.0183347   -0.0109392 -0.00975559  0.00272335   0.0278509   0.07529 0.0773349  -9.80841 
             106.501  2.39806 0.407753  0.17361 -0.202561  0.187844   1.54896 0 0 0   -0.011 -0.02329 -0.04412  0.0659671 -0.0775121 -0.0161607 2.43342e-05   0.0183535  -0.0109526 -0.0100999 0.00358387  0.0280462 0.0755534 0.0767704  -9.80841 
               106.6   0.65234 -0.437869  0.130419 -0.195045  0.180592   1.54792 0 0 0   -0.011 -0.02329 -0.04412  0.0588152 -0.0606331 -0.0148578 7.17687e-05   0.0183976  -0.0109588 -0.0101687 0.00358976  0.0279853 0.0755993 0.0767671  -9.80841 
             106.701  -1.50159  -1.71016 0.0757631 -0.184925  0.184829   1.54419 0 0 0   -0.011 -0.02329 -0.04412   0.0443509 -0.00215857  -0.0225481 9.99369e-05   0.0184029  -0.0109609 -0.0105177 0.00301121  0.0282203 0.0758096 0.0771685   -9.8084 
             106.802  -2.75239  -2.86161 0.0805045 -0.192879  0.199602   1.54156 0 0 0   -0.011 -0.02329 -0.04412 -0.0204892   0.065957 -0.0177288 6.86154e-05   0.0183671  -0.0109784 -0.00982391  0.00207637   0.0282901 0.0753214 0.0777616   -9.8084 
             106.901  -2.37006  -3.71231 0.0287944 -0.200101  0.214328   1.54131 0 0 0   -0.011 -0.02329 -0.04412  -0.0682254    0.103219 -0.00728469 -2.69654e-05    0.0183432   -0.0109545 -0.00961118   0.0016065   0.0281442 0.0751632 0.0780651   -9.8084 
             107.001 -0.364463  -2.92262 0.0977252 -0.207577  0.227879   1.54169 0 0 0   -0.011 -0.02329 -0.04412 -0.0922778   0.101555 0.00341683 -0.000102165    0.0182721   -0.0109953 -0.00967336  0.00138984   0.0280824 0.0751942 0.0782109   -9.8084 
             107.101    1.8857  -1.78536 0.0529263 -0.214947  0.233352   1.54367 0 0 0   -0.011 -0.02329 -0.04412 -0.0910766  0.0629841  0.0164883 -0.000123102    0.0182554   -0.0109624 -0.00983056  0.00162756   0.0279607 0.0752981 0.0780662   -9.8084 
               107.2   3.69925 -0.377176  0.129002 -0.221091  0.226673   1.54828 0 0 0   -0.011 -0.02329 -0.04412 -0.0727847 -0.0150464  0.0321792 -0.000110144    0.0182507   -0.0109727 -0.0100216 0.00236044  0.0277026 0.0754347 0.0776022   -9.8084 
               107.3   4.17472   0.69888 0.0692426 -0.21924 0.213877  1.55024 0 0 0   -0.011 -0.02329 -0.04412 -0.0309166 -0.0862335  0.0135775 -4.66934e-05    0.0182764   -0.0109182 -0.0105728 0.00298691  0.0277949 0.0758145  0.077216   -9.8084 
             107.401   3.28956   1.24019 0.0290312 -0.217946   0.20262   1.55083 0 0 0   -0.011 -0.02329 -0.04412 0.00509335   -0.10961 0.00661384 2.70891e-05   0.0182786  -0.0109166 -0.0107789 0.00311494  0.0278675 0.0759522  0.077143   -9.8084 
             107.501     1.44696    0.957403 -0.00551131 -0.213661  0.200363   1.54774 0 0 0   -0.011 -0.02329 -0.04412  0.0317831 -0.0859973 -0.0116017 7.15498e-05    0.018297  -0.0109278 -0.0109877 0.00251448  0.0282437 0.0760626 0.0775536   -9.8084 
             107.601  -0.356284   -0.12616 -0.0465776 -0.210558  0.200881   1.54732 0 0 0   -0.011 -0.02329 -0.04412  0.0266676 -0.0468317 -0.0129129 7.43084e-05   0.0183395  -0.0109414 -0.0109874 0.00192568  0.0281374  0.076046 0.0779242   -9.8084 
             107.701   -1.12218   -1.28906 -0.0824206 -0.208539  0.211487   1.54575 0 0 0   -0.011 -0.02329 -0.04412  0.0143955 0.00834053 -0.0151405 3.94566e-05   0.0183376  -0.0109344  -0.0110027 0.000926185   0.0281829 0.0760237 0.0785621  -9.80839 
             107.801  -0.690312   -2.12419 -0.0671884 -0.218042  0.214453   1.54574 0 0 0   -0.011 -0.02329 -0.04412  -0.0278088   0.0231318 -0.00901165 -2.19942e-05    0.0182977   -0.0109453   -0.010307 0.000807948   0.0280404 0.0755802 0.0786155  -9.80839 
               107.9   0.548405   -2.10269 -0.0563877 -0.231601  0.214097   1.54831 0 0 0   -0.011 -0.02329 -0.04412 -0.0638082 0.00987093 0.00928674 -3.23059e-05    0.0182644   -0.0109495 -0.00961534 0.000968324   0.0276884 0.0751451 0.0784981   -9.8084 
                 108     1.75412   -0.936418 -0.00253345 -0.236102   0.20856   1.54808 0 0 0   -0.011 -0.02329 -0.04412 -0.0488788   -0.01827 0.00416769 -6.624e-05  0.0182326 -0.0109497 -0.00971298  0.00137227   0.0278149 0.0752213 0.0782448   -9.8084 
               108.1   2.22428  0.889435 0.0392706 -0.239157  0.194932   1.54813 0 0 0   -0.011 -0.02329 -0.04412 -0.0135512 -0.0589986 0.00873193 -2.61081e-05    0.0181902   -0.0109197 -0.00974508  0.00211181   0.0278955 0.0752654 0.0777814   -9.8084 
             108.201    1.7178   1.98633 0.0310396 -0.229317  0.189168   1.54808 0 0 0   -0.011 -0.02329 -0.04412  0.0456109 -0.0591029 0.00286973 1.33293e-05   0.0182154  -0.0108981 -0.0103821 0.00209662  0.0279777 0.0756636 0.0778108   -9.8084 
             108.301  0.382918   2.07337 0.0175908 -0.220235  0.182238   1.54696 0 0 0   -0.011 -0.02329 -0.04412   0.0859709  -0.0499033 -0.00940933 5.81925e-05   0.0182564  -0.0109112 -0.0105974 0.00220479  0.0280931 0.0757997 0.0777522   -9.8084 
             108.401  -0.807605   0.915085 -0.0167015 -0.212028  0.185577   1.54429 0 0 0   -0.011 -0.02329 -0.04412   0.0897288 -0.00846788  -0.0169539 6.15058e-05   0.0183116  -0.0109182 -0.0105306 0.00169592  0.0282296 0.0757393 0.0780678   -9.8084 
             108.501   -1.58396  -0.866538 0.00441352 -0.207648  0.191395   1.54483 0 0 0   -0.011 -0.02329 -0.04412  0.0723198  0.0339961 -0.0134917 6.44841e-05   0.0183397    -0.01095 -0.0102439   0.001329  0.0279817 0.0755588 0.0782852   -9.8084 
               108.6    -1.253  -2.17647 0.0143362 -0.203749  0.199477   1.54563 0 0 0   -0.011 -0.02329 -0.04412  0.0323065  0.0648411 0.00159022   1.97e-05  0.0183232 -0.0109539 -0.0101296 0.00108442  0.0277712 0.0754853 0.0784353   -9.8084 
             108.701  -0.291046   -3.01992 0.00819256 -0.202422  0.206912   1.54832 0 0 0   -0.011 -0.02329 -0.04412 -0.000891727     0.071334    0.0124871 -4.33777e-06    0.0182952   -0.0109623 -0.0100937 0.00104087  0.0275018 0.0754617 0.0784676   -9.8084 
               108.8    1.00077   -3.02115 -0.0491093 -0.206236  0.208119   1.55125 0 0 0   -0.011 -0.02329 -0.04412 -0.0432697  0.0436313  0.0261487 -1.14218e-05    0.0182525   -0.0109303 -0.00996911  0.00142001   0.0273748 0.0753941 0.0782353   -9.8084 
             108.901    1.85832   -2.53641 -0.0336478 -0.216713  0.209852   1.55248 0 0 0   -0.011 -0.02329 -0.04412 -0.072016   0.02255 0.0220534 -7.52192e-06    0.0182383   -0.0109353 -0.00959952   0.0015263   0.0275076 0.0751775 0.0781576   -9.8084 
             109.001   2.14955  -1.39312 0.0328998 -0.214549  0.210255   1.55336 0 0 0   -0.011 -0.02329 -0.04412  -0.0518491 0.000123989    0.015885 2.02706e-05    0.018178  -0.0109385 -0.0102542 0.00159214  0.0276705 0.0755827 0.0781372   -9.8084 
             109.099   1.87995 -0.114224 0.0558781 -0.217911  0.206388   1.55255 0 0 0   -0.011 -0.02329 -0.04412 -0.0384318 -0.0295097 0.00137354 6.87963e-05   0.0181587  -0.0109127 -0.0103357 0.00179799  0.0278675 0.0756454 0.0780182   -9.8084 
             109.201 1.46386 0.60779 0.06181 -0.215681  0.203229   1.54959 0 0 0   -0.011 -0.02329 -0.04412 -0.0067452 -0.0344524 -0.0089952 7.83911e-05   0.0181831  -0.0109063 -0.0106749  0.0018192  0.0282162 0.0758583 0.0780235   -9.8084 
               109.3  0.911277  0.638118 0.0521572 -0.219116  0.201179   1.54759 0 0 0   -0.011 -0.02329 -0.04412 -0.00245799  -0.0308478  -0.0196273 8.23717e-05   0.0182149  -0.0109048 -0.0104613 0.00171811  0.0282842 0.0757274 0.0780794   -9.8084 
               109.4   0.453872 -0.0340491  0.0272527 -0.220105  0.206311   1.54769 0 0 0   -0.011 -0.02329 -0.04412 -0.000131037   -0.0069592  -0.00956344 7.01371e-05   0.0182537  -0.0108965 -0.0103931 0.00113867  0.0280874 0.0756711 0.0784199  -9.80839 
             109.501  0.409571  -0.46213 0.0284739 -0.221529  0.206643   1.54945 0 0 0   -0.011 -0.02329 -0.04412  0.00232854 -0.00849157  0.00208083 5.51262e-05   0.0182032  -0.0108999 -0.0102534 0.00106474  0.0278361 0.0755887 0.0784569  -9.80839 
             109.601  0.671445 -0.534808 0.0535732 -0.224672  0.207549    1.5491 0 0 0   -0.011 -0.02329 -0.04412  0.00232212 -0.00241243  0.00584376 6.3888e-05  0.0181755 -0.0109058  -0.0100006 0.000958997   0.0279103  0.075435 0.0785125   -9.8084 
             109.701   1.10836 -0.357777 0.0292956 -0.221522  0.207505   1.55006 0 0 0   -0.011 -0.02329 -0.04412  0.0150313 -0.0113837 0.00944136 3.01756e-05   0.0181659  -0.0108865  -0.0101852 0.000915785   0.0278837 0.0755429 0.0785435  -9.80839 
             109.801   1.32793 -0.060014  0.030189 -0.216202  0.202234   1.54845 0 0 0   -0.011 -0.02329 -0.04412  0.0278854 -0.0300505 0.00472981 5.78608e-05   0.0181716  -0.0108621  -0.010413 0.00118496  0.0281485 0.0756847 0.0783924  -9.80839 
             109.901   1.34405 -0.156656 0.0973845 -0.216502  0.197815   1.55002 0 0 0   -0.011 -0.02329 -0.04412  0.0165786 -0.0334845  0.0153846 7.42194e-05   0.0181727   -0.010899 -0.0102069  0.0012785  0.0281364 0.0755666 0.0783314   -9.8084 
                 110  0.938807 -0.649631 0.0424766 -0.217951  0.192849   1.55149 0 0 0   -0.011 -0.02329 -0.04412  0.0136342 -0.0338005  0.0147187 9.80353e-05    0.018186  -0.0108832 -0.00996832  0.00138696   0.0281128 0.0754304 0.0782608   -9.8084 
             110.101  0.405617  -1.09885 0.0924145 -0.210259  0.193712   1.55293 0 0 0   -0.011 -0.02329 -0.04412  0.0193129 -0.0181458  0.0120297 8.46339e-05   0.0181727  -0.0109046 -0.0104328 0.00112261  0.0280971 0.0756931 0.0784281  -9.80839 
             110.201 -0.061626  -1.31895 0.0759746 -0.211313   0.19392   1.55042 0 0 0   -0.011 -0.02329 -0.04412  0.00485691 -0.00099972 -0.00296346 8.20569e-05    0.018162  -0.0108985 -0.0102515  0.0010323  0.0284609 0.0755872 0.0784781  -9.80839 
             110.301 -0.234505  -1.36565 0.0848372 -0.21631  0.19256  1.55022 0 0 0   -0.011 -0.02329 -0.04412  -0.0243206  0.00641188 -0.00306313 9.49257e-05     0.01815  -0.0108915 -0.00993307  0.00114724   0.0284401 0.0754062 0.0784023   -9.8084 
             110.401 -0.0489057    -1.3603  0.0609018 -0.211084  0.196596   1.54966 0 0 0   -0.011 -0.02329 -0.04412  -0.0112557   0.0229575 -0.00594449 7.6115e-05  0.0181346  -0.010888  -0.0104618 0.000957566   0.0284413 0.0757051 0.0785271  -9.80839 
             110.501  0.123102  -1.14863 0.0183836 -0.216316   0.19807   1.54876 0 0 0   -0.011 -0.02329 -0.04412  -0.0273606   0.0235512 -0.00624542 7.7172e-05  0.0181219 -0.0108501 -0.0102307 0.00101261  0.0284793 0.0755748 0.0784884  -9.80839 
               110.6   0.51655  -1.29759 0.0761956 -0.220987  0.197396   1.54855 0 0 0   -0.011 -0.02329 -0.04412 -0.0331187   0.012379 -0.0164631 4.98993e-05   0.0181252  -0.0108768 -0.0101022  0.0011996  0.0283901 0.0755052 0.0783785   -9.8084 
             110.702  0.808936 -0.829675   0.10422 -0.222171  0.193186   1.54545 0 0 0   -0.011 -0.02329 -0.04412  -0.0195482 -0.00405225  -0.0278109 6.61111e-05   0.0181026  -0.0108667 -0.0102088 0.00157119  0.0285243 0.0755787  0.078169   -9.8084 
             110.801  0.640476 -0.356427  0.105425 -0.219361  0.191382   1.54232 0 0 0   -0.011 -0.02329 -0.04412 -0.00495453 -0.00818991  -0.0405058 0.000104519   0.0180962  -0.0108576 -0.0105199 0.00166709  0.0285179 0.0757579 0.0781235   -9.8084 
             110.901  0.315932 -0.130363   0.13859 -0.220873  0.195104   1.53961 0 0 0   -0.011 -0.02329 -0.04412 0.00292844 0.00798779 -0.0295417 0.00012266  0.0181207 -0.0108772 -0.0104191 0.00136795  0.0284284 0.0756916 0.0782896   -9.8084 
             111.001 -0.0589354   -0.17571  0.0897651 -0.223705  0.196954   1.53961 0 0 0   -0.011 -0.02329 -0.04412  0.0028315   0.019693 -0.0121373 0.000127084   0.0181106  -0.0108604 -0.0101997 0.00131035  0.0281269 0.0755654 0.0783154   -9.8084 
               111.1 0.0123437 -0.291647 0.0920284 -0.222001   0.20497   1.54207 0 0 0   -0.011 -0.02329 -0.04412  0.0150073  0.0348452 0.00257404 8.33676e-05   0.0181131  -0.0108565  -0.0102763 0.000882777   0.0277794 0.0755963 0.0785583  -9.80839 
             111.201   0.336628 -0.0698217  0.0540423 -0.224498   0.20998   1.54436 0 0 0   -0.011 -0.02329 -0.04412 0.0106736 0.0355443 0.0174902 7.87833e-05   0.0180737  -0.0108338 -0.00999993 0.000758288   0.0275908 0.0754386  0.078621  -9.80839 
               111.3    1.0374 -0.305014 0.0940842 -0.227738  0.206117    1.5434 0 0 0   -0.011 -0.02329 -0.04412 0.00466034 0.00470854 0.00771406 6.1148e-05  0.0181057 -0.0108536 -0.00968074  0.00121083   0.0278661 0.0752728 0.0783582   -9.8084 
               111.4   1.70295 -0.172066  0.148321 -0.232494  0.202758   1.54438 0 0 0   -0.011 -0.02329 -0.04412 0.00651624 -0.0148952 0.00237696 8.29456e-05   0.0180737  -0.0108827 -0.0092734 0.00141959  0.0278132 0.0750527 0.0782308   -9.8084 
               111.5   1.66366 0.0223443  0.114844 -0.226871  0.203012   1.54556 0 0 0   -0.011 -0.02329 -0.04412  0.0318125 -0.0228498 0.00671341 0.000121439   0.0180734  -0.0108666 -0.00957642  0.00123538   0.0277508 0.0752153 0.0783407   -9.8084 
               111.6   1.11874  0.450941 0.0616239 -0.219672  0.200341   1.54473 0 0 0   -0.011 -0.02329 -0.04412   0.0503936  -0.0292301 -0.00586124 0.000144543   0.0180554    -0.01085 -0.00979424  0.00124233    0.027862  0.075335 0.0783445   -9.8084 
             111.701  0.552904  0.357082 0.0243106 -0.211755  0.202512   1.54439 0 0 0   -0.011 -0.02329 -0.04412   0.0682789  -0.0163109 -0.00712763 0.000165318    0.018057  -0.0108382 -0.00992689 0.000906016   0.0278523 0.0753986 0.0785326   -9.8084 
             111.801    0.29829  -0.239622 -0.0314965 -0.205087   0.20269    1.5455 0 0 0   -0.011 -0.02329 -0.04412   0.0667547 -0.00368103 -0.00251339 0.000119415   0.0180739  -0.0108187 -0.00991367 0.000801672   0.0276601 0.0753905 0.0785871   -9.8084 
             111.901   0.306924   -1.11243 -0.0128876 -0.199991  0.201418   1.54368 0 0 0   -0.011 -0.02329 -0.04412   0.0479281 -0.00607663 -0.00808568 0.000111433   0.0180716  -0.0108377 -0.00984351 0.000861409   0.0278406 0.0753523 0.0785537   -9.8084 
             112.001   0.506668   -1.88616 -0.0178274 -0.204876  0.199865   1.54315 0 0 0   -0.011 -0.02329 -0.04412 0.00674677 -0.0049586 -0.0032749 0.000111238   0.0180644  -0.0108526 -0.00924381 0.000938956   0.0278164 0.0750289  0.078496   -9.8084 
               112.1   0.503578   -2.36796 -0.0397542 -0.206446  0.199997   1.54517 0 0 0   -0.011 -0.02329 -0.04412 -0.0237121 0.00348192  0.0196241 0.000154398   0.0180388  -0.0108576 -0.00917854 0.000903075   0.0276215 0.0749907 0.0785139   -9.8084 
             112.201  0.627644  -2.14092 -0.017359 -0.217248  0.197908   1.54727 0 0 0   -0.011 -0.02329 -0.04412  -0.0574318 -0.00364349   0.0252887 0.00012176  0.0179995 -0.0108638 -0.00865086  0.00104945   0.0276324 0.0747103 0.0784218   -9.8084 
             112.301   0.509475    -1.2683 -0.0148256 -0.212423    0.1993   1.54707 0 0 0   -0.011 -0.02329 -0.04412  -0.0291415 -0.00120742  0.00605695 0.000135019   0.0179593  -0.0108529 -0.00935189 0.000935531    0.027887 0.0750907 0.0785003   -9.8084 
             112.401  0.540836 -0.158902 0.0224471 -0.209864  0.198736   1.54545 0 0 0   -0.011 -0.02329 -0.04412   -0.0146237   0.00305536 -2.49678e-05 0.000128555   0.0179255  -0.0108539 -0.00972694 0.000986794   0.0281207 0.0752986 0.0784822   -9.8084 
             112.501    0.541311   -0.187348 -0.00896436 -0.207077  0.200468   1.54551 0 0 0   -0.011 -0.02329 -0.04412 -0.00385499   0.0022888  -0.0097598 0.000123841   0.0179741  -0.0108391  -0.0100145 0.000879174   0.0280842 0.0754487 0.0785467   -9.8084 
             112.601    0.611412   -0.564052 -0.00113928 -0.204013  0.197527   1.54428 0 0 0   -0.011 -0.02329 -0.04412   0.00668704 -0.000276528  -0.00349849 0.000107611   0.0179654  -0.0108585 -0.0102361 0.00111485  0.0281422 0.0755727  0.078427   -9.8084 
               112.7 0.589055 -1.20479 -0.04181 -0.212032  0.197307   1.54333 0 0 0   -0.011 -0.02329 -0.04412  -0.0245972 -0.00662897 -0.00174954 0.000114537   0.0179886  -0.0108442 -0.00967319  0.00108981   0.0282129 0.0752744 0.0784265   -9.8084 
             112.801   0.481945    -1.4338 -0.0652622 -0.211665   0.19872   1.54596 0 0 0   -0.011 -0.02329 -0.04412 -0.0204972 0.00380818  0.0162886 0.000144082   0.0179598  -0.0108316 -0.00988575 0.000978358   0.0279693 0.0753826 0.0784901   -9.8084 
               112.9  0.387553  -1.15123 0.0142007 -0.213853  0.194964   1.54674 0 0 0   -0.011 -0.02329 -0.04412  -0.0290248 -0.00614273   0.0116438 0.000133343   0.0179191  -0.0108536 -0.00989983  0.00125142   0.0280588 0.0753973 0.0783471   -9.8084 
                 113  0.346023 -0.678344 0.0783458 -0.222772  0.195104   1.54793 0 0 0   -0.011 -0.02329 -0.04412  -0.0434206 -0.00402454   0.0193007 0.000131746   0.0178963  -0.0108722 -0.00950482  0.00118384   0.0281113 0.0751897  0.078373   -9.8084 
             113.101  0.197337 -0.275201 0.0104164 -0.230042  0.194818   1.55042 0 0 0   -0.011 -0.02329 -0.04412 -0.0408473 0.00210391  0.0270829 0.000141572   0.0178998  -0.0108249 -0.00928303  0.00119365   0.0280673 0.0750739 0.0783626   -9.8084 
               113.2  0.105714  0.331202 0.0154049 -0.223224  0.202213   1.55106 0 0 0   -0.011 -0.02329 -0.04412 0.000256425   0.0189915  0.00855622 0.000135231   0.0179061   -0.010819 -0.0099752   0.000709  0.0282252 0.0754228 0.0786308  -9.80839 
               113.3  0.300868  0.810345 0.0957492 -0.219951  0.203964   1.54997 0 0 0   -0.011 -0.02329 -0.04412   0.0290045   0.0150596 -0.00224041 0.000108464   0.0178952  -0.0108372  -0.0101055 0.000727852   0.0284421 0.0754906 0.0786233  -9.80839 
             113.401 0.654453 0.552192 0.073325 -0.218274  0.203724   1.54991 0 0 0   -0.011 -0.02329 -0.04412   0.0366313  0.00792561 -0.00700558 0.000101553   0.0179361  -0.0108157  -0.0100025 0.000832641   0.0283831 0.0754406  0.078567   -9.8084 
             113.501   1.01496 -0.130366 0.0870661 -0.213457  0.203798    1.5504 0 0 0   -0.011 -0.02329 -0.04412   0.0421987 -0.00509532 -0.00565044 0.000132297   0.0179369  -0.0108257   -0.010064 0.000846976   0.0282342 0.0754746 0.0785616   -9.8084 
             113.601   1.06768 -0.785252 0.0510427 -0.210775  0.201383   1.54762 0 0 0   -0.011 -0.02329 -0.04412    0.03662  -0.010853 -0.0135413 0.000153716   0.0179339  -0.0108098  -0.0099527 0.000964337    0.028448 0.0754178  0.078499   -9.8084 
             113.701  0.89996 -1.26244 0.112305 -0.21457 0.197763  1.54683 0 0 0   -0.011 -0.02329 -0.04412  0.0120863 -0.0260589 -0.0131566 0.000163255   0.0179136  -0.0108372 -0.00947815  0.00107363   0.0283503 0.0751792  0.078431   -9.8084 
             113.801 0.480003 -1.28987 0.100204 -0.21278 0.197245  1.54723 0 0 0   -0.011 -0.02329 -0.04412   0.0122185  -0.0151128 -0.00564813 0.000185362   0.0178719  -0.0108195 -0.00952606 0.000963325   0.0281877 0.0752003  0.078487   -9.8084 
             113.901 0.0355552  -1.01062   0.11794 -0.212758  0.197383    1.5484 0 0 0   -0.011 -0.02329 -0.04412  0.00558043 -0.00385148  0.00446716 0.000176673   0.0178796   -0.010808 -0.00947516 0.000862572   0.0280446 0.0751706 0.0785358   -9.8084 
             114.001 -0.110529 -0.871233  0.215509 -0.212603  0.199671    1.5483 0 0 0   -0.011 -0.02329 -0.04412 0.00490328 0.00915701 0.00478541 0.000162122    0.017871  -0.0108459 -0.00946675 0.000696727   0.0281031  0.075163 0.0786194   -9.8084 
             114.101 -0.0919125  -0.777989    0.20381 -0.215084   0.20127   1.54816 0 0 0   -0.011 -0.02329 -0.04412 -0.00769246   0.0141676  0.00530724 0.000154033   0.0178495  -0.0108229 -0.00927676    0.000657   0.0281853 0.0750676 0.0786342   -9.8084 
               114.2   0.25274 -0.727689  0.202739 -0.211441  0.201857   1.54776 0 0 0   -0.011 -0.02329 -0.04412 -0.00129135   0.0160972  0.00722022 0.00015126  0.0178467 -0.0108285 -0.00958554 0.000742131   0.0282834 0.0752254 0.0785988   -9.8084 
             114.301  0.565698 -0.873426  0.179412 -0.207715   0.20578   1.54825 0 0 0   -0.011 -0.02329 -0.04412 0.00459506  0.0119099 0.00415304 0.000149576   0.0178571   -0.010811 -0.00985231 0.000564271   0.0283072  0.075354 0.0786944  -9.80839 
               114.4 0.874782 -1.07123 0.146786 -0.211313  0.203538   1.54597 0 0 0   -0.011 -0.02329 -0.04412  -0.0153404 -0.00234429 -0.00271921 0.000149744   0.0178688  -0.0107944 -0.00958213 0.000788165   0.0285764 0.0752278 0.0785746   -9.8084 
             114.502  1.00706 -1.24148 0.184621 -0.210091  0.201001   1.54808 0 0 0   -0.011 -0.02329 -0.04412 -0.0236513 -0.0111706   0.018743 0.000167462   0.0178523  -0.0108091 -0.00982385 0.000941538   0.0284225 0.0753501 0.0785051   -9.8084 
             114.601  0.89532 -1.37435 0.151215 -0.216793  0.200752   1.55042 0 0 0   -0.011 -0.02329 -0.04412 -0.0399564 -0.0156911   0.014996 0.000182188   0.0178501     -0.0108 -0.00954408 0.000855735   0.0283361 0.0752091 0.0785398   -9.8084 
               114.7 0.639703 -1.38717 0.133505 -0.221511  0.200901   1.55035 0 0 0   -0.011 -0.02329 -0.04412 -0.0436889 -0.0116768  0.0152439 0.000202537   0.0178478  -0.0107974 -0.00952653 0.000744751   0.0285428 0.0752003 0.0785952   -9.8084 
             114.801  0.425059 -0.958107  0.184684 -0.222623  0.196381   1.55201 0 0 0   -0.011 -0.02329 -0.04412  -0.026933 -0.0182846  0.0159707 0.000182623   0.0178017  -0.0108155 -0.00972843 0.000975072   0.0285393 0.0753049 0.0784876   -9.8084 
               114.9   0.266082 -0.0690259   0.188831 -0.221204   0.19587   1.54961 0 0 0   -0.011 -0.02329 -0.04412 -0.00878601  -0.0131731 -0.00397233 0.000195349    0.017788  -0.0107988 -0.00998529  0.00089454   0.0289059 0.0754332 0.0785348   -9.8084 
             115.001  0.17779 0.271267 0.192572 -0.218446   0.19507   1.54802 0 0 0   -0.011 -0.02329 -0.04412  0.00862222 -0.00393824 -0.00876848 0.000193325   0.0178103  -0.0107938  -0.0101987 0.000890525   0.0290001 0.0755376 0.0785422  -9.80839 
             115.101 0.0441871  0.155038  0.146798 -0.22335 0.198706  1.54651 0 0 0   -0.011 -0.02329 -0.04412 0.00101948 0.00518857 -0.0141699 0.000189268   0.0178153   -0.010766 -0.00977262 0.000605043    0.029042 0.0753241 0.0786696   -9.8084 
               115.2 0.0568144 -0.318399  0.147156 -0.222755  0.199759   1.54527 0 0 0   -0.011 -0.02329 -0.04412  0.00756582   0.0106817 -0.00835567 0.000183429   0.0178255  -0.0107861 -0.00977219 0.000597598   0.0290258 0.0753238 0.0786732   -9.8084 
               115.3  0.326051 -0.324578  0.150056 -0.217794  0.202057    1.5436 0 0 0   -0.011 -0.02329 -0.04412   0.0222561    0.012271 -0.00593737 0.000180544   0.0177844  -0.0107877  -0.0100376 0.000529336   0.0291528 0.0754489 0.0787118  -9.80839 
               115.4  0.594633 -0.371498  0.143954 -0.21902 0.199648  1.54285 0 0 0   -0.011 -0.02329 -0.04412    0.0134351 -3.20551e-05  -0.00480526 0.000171914   0.0177902  -0.0107794 -0.00977955 0.000760572   0.0291683 0.0753309 0.0785947   -9.8084 
             115.501   0.79741 -0.413851  0.211387 -0.220753  0.197292   1.54337 0 0 0   -0.011 -0.02329 -0.04412 0.00506558 -0.0094997 0.00518767 0.000188505   0.0177817  -0.0107972 -0.00956565 0.000898477   0.0291088 0.0752325 0.0785239   -9.8084 
             115.601 0.572529  -0.7851 0.209691 -0.220013   0.19052    1.5443 0 0 0   -0.011 -0.02329 -0.04412 0.00884374 -0.0228114  0.0104435 0.000219139   0.0177998   -0.010791 -0.00957522   0.0012835   0.0291034 0.0752463  0.078341   -9.8084 
             115.701  0.263146 -0.817811  0.275184 -0.218621  0.193461   1.54536 0 0 0   -0.011 -0.02329 -0.04412   0.0069299 -0.00502709   0.0142731 0.000210194    0.017761  -0.0108002  -0.0096287 0.000938098   0.0291273 0.0752632  0.078506   -9.8084 
             115.801 -0.294962 -0.695687  0.295063 -0.221529  0.193296   1.54616 0 0 0   -0.011 -0.02329 -0.04412 -0.00470598  0.00270241   0.0140636 0.000219198   0.0177331  -0.0107734 -0.00938779 0.000931122   0.0292001 0.0751498 0.0785033   -9.8084 
             115.901 -0.376174 -0.771192  0.450715 -0.219666  0.199662   1.54631 0 0 0   -0.011 -0.02329 -0.04412 -0.00283853   0.0208018   0.0144904 0.000198024   0.0177496  -0.0108044 -0.00955213 0.000536642   0.0293839 0.0752182 0.0786923   -9.8084 
             116.001 -0.280644 -0.700104  0.558886 -0.214532    0.2015   1.54596 0 0 0   -0.011 -0.02329 -0.04412  0.0100409  0.0214208 0.00560492 0.000191627   0.0177431  -0.0108241 -0.00993889 0.000559758   0.0295551  0.075401 0.0786902  -9.80839 
               116.1  0.199964 -0.713595  0.511459 -0.214844  0.202655   1.54875 0 0 0   -0.011 -0.02329 -0.04412 0.00805003   0.013659  0.0103146 0.000184418   0.0177244  -0.0107621 -0.00985647 0.000595278   0.0292878 0.0753617 0.0786744  -9.80839 
               116.2  0.692163 -0.733457  0.552484 -0.221058  0.202342   1.55119 0 0 0   -0.011 -0.02329 -0.04412 -0.0189332  0.0018351  0.0131684 0.000170077   0.0177362   -0.010776 -0.00941684 0.000661738   0.0291113 0.0751583 0.0786326   -9.8084 
             116.301 0.966813 -0.73563 0.574657 -0.219475  0.198907   1.55097 0 0 0   -0.011 -0.02329 -0.04412 -0.00899724  -0.0201486   0.0104571 0.00018066   0.017745 -0.0107943 -0.00963786 0.000872475    0.029268 0.0752678 0.0785407   -9.8084 
             116.401  0.964605 -0.342588  0.512595 -0.213215  0.194307   1.55162 0 0 0   -0.011 -0.02329 -0.04412    0.0089002   -0.0327962 -0.000273994 0.000172989   0.0177196  -0.0107678 -0.0101096  0.0010338   0.029276 0.0754902 0.0784806   -9.8084 
             116.501   0.731428 0.00428377   0.452962 -0.214189  0.191283   1.55226 0 0 0   -0.011 -0.02329 -0.04412  0.0108083 -0.0335219 0.00101318 0.000187665   0.0177022  -0.0107586  -0.0099524 0.000993564   0.0292166 0.0754166  0.078494   -9.8084 
             116.601 0.0653469 -0.061503  0.455458 -0.214581  0.188419   1.55295 0 0 0   -0.011 -0.02329 -0.04412    0.0093487   -0.0313106 -0.000634163 0.000230701   0.0177206   -0.010775 -0.00984492 0.000961857   0.0291675 0.0753665 0.0785049   -9.8084 
             116.701 -0.491922 -0.325439  0.445077 -0.210185  0.192193   1.55144 0 0 0   -0.011 -0.02329 -0.04412   0.0170912 -0.00467244 -0.00801301 0.000224011   0.0177279  -0.0107736   -0.010074 0.000543764   0.0293092 0.0754581 0.0787028  -9.80839 
             116.801 -0.758222 -0.643937  0.460604 -0.208238  0.198045   1.55032 0 0 0   -0.011 -0.02329 -0.04412   0.0103962   0.0193427 -0.00880477 0.000213279   0.0177156  -0.0107681  -0.0101035 0.000148667   0.0293443   0.07546 0.0788831  -9.80839 
             116.901  -0.43022 -0.986771  0.441505 -0.214682  0.202981   1.54786 0 0 0   -0.011 -0.02329 -0.04412 -0.0180591  0.0283374 -0.0171996 0.000183796   0.0176867  -0.0107671   -0.0096275 -5.93341e-05    0.0294692 0.0752385 0.0789623  -9.80839 
             117.001 0.263027 -1.42375 0.429499 -0.220157  0.202832   1.54895 0 0 0   -0.011 -0.02329 -0.04412 -0.0369281  0.0162815 0.00082565 0.000170627   0.0177199  -0.0107649 -0.00941536 0.000131084   0.0292171 0.0751473 0.0788742   -9.8084 
             117.101  0.947775 -0.999802  0.408082 -0.222251  0.202035   1.54971 0 0 0   -0.011 -0.02329 -0.04412  -0.0349559 -0.00151866   0.0047751 0.000166247   0.0176852  -0.0107586 -0.00954613 0.000259443   0.0291918 0.0752093 0.0788205  -9.80839 
             117.201   1.27418 -0.273732  0.328972 -0.226934   0.19587   1.54965 0 0 0   -0.011 -0.02329 -0.04412 -0.0322015 -0.0263903 0.00213487 0.000191232   0.0176538  -0.0107337 -0.00944811 0.000624699   0.0292506 0.0751761 0.0786538   -9.8084 
             117.301   1.1329 0.350783 0.406291 -0.230159  0.192248   1.55012 0 0 0   -0.011 -0.02329 -0.04412 -0.0232838 -0.0351633  0.0058908 0.000209282   0.0176546  -0.0107756 -0.00942104  0.00066429   0.0292329 0.0751649 0.0786353   -9.8084 
             117.401  0.37238 0.839259 0.405116 -0.228567  0.188453   1.55093 0 0 0   -0.011 -0.02329 -0.04412 0.00194499 -0.0301227  0.0080511 0.000234948   0.0176541  -0.0107703 -0.00960823 0.000699008    0.029227 0.0752491 0.0786247   -9.8084 
               117.5 -0.385418   1.08726  0.392291 -0.225713  0.189947    1.5498 0 0 0   -0.011 -0.02329 -0.04412    0.016735  -0.0112573 -0.00345665 0.000238656   0.0176446  -0.0107757 -0.00974569 0.000410771   0.0294188 0.0753009 0.0787574  -9.80839 
             117.601 -0.819644  0.555824  0.293425 -0.219949  0.192816   1.54806 0 0 0   -0.011 -0.02329 -0.04412  0.0284183 0.00400786  -0.015156 0.000239102   0.0176848  -0.0107406  -0.0100002 0.000188325   0.0295539 0.0754053 0.0788622  -9.80839 
             117.701  -0.72228 -0.228095  0.291481 -0.216184  0.197897   1.54704 0 0 0   -0.011 -0.02329 -0.04412   0.025679  0.0243813 -0.0182613 0.000205781   0.0176962  -0.0107604   -0.0100645 -7.85483e-05    0.0294779 0.0754282  0.078982  -9.80839 
             117.801 -0.253623  -1.06693  0.206665 -0.215607  0.200226   1.54698 0 0 0   -0.011 -0.02329 -0.04412 0.00814858   0.027278 -0.0081387  0.0001948  0.0176919 -0.0107272  -0.00999021 -5.15548e-05    0.0293106 0.0753988  0.078971  -9.80839 
             117.901 0.389944 -1.68282 0.318376 -0.224013    0.2033   1.54709 0 0 0   -0.011 -0.02329 -0.04412 -0.0369491  0.0232546 0.00868335 0.000194226   0.0176716  -0.0107791  -0.00944338 -0.000108363     0.029267  0.075159 0.0789833  -9.80839 
             118.001 0.831543    -1.51 0.313989 -0.230223  0.200897   1.54851 0 0 0   -0.011 -0.02329 -0.04412  -0.0545256 0.000289772   0.0168667 0.000212469   0.0176464  -0.0107458 -0.00928509 0.000174607   0.0292471 0.0750967 0.0788567   -9.8084 
             118.101   1.04457 -0.603576  0.313733 -0.233841  0.194654   1.54816 0 0 0   -0.011 -0.02329 -0.04412 -0.0436327 -0.0252812 0.00804068 0.000208963   0.0176001  -0.0107366  -0.0093944 0.000568229   0.0294615 0.0751563 0.0786876   -9.8084 
               118.2 0.761986 0.256531 0.345689 -0.238108  0.191187    1.5471 0 0 0   -0.011 -0.02329 -0.04412  -0.030446 -0.0270517 0.00255055 0.000237264   0.0175868  -0.0107405 -0.00938601 0.000627726   0.0296561 0.0751568 0.0786621   -9.8084 
             118.301 0.0416637   1.03232  0.443355 -0.234762  0.192574   1.54669 0 0 0   -0.011 -0.02329 -0.04412 -0.00381334  -0.0170812 0.000404638  0.0002763  0.0175929 -0.0107646 -0.00979107 0.000337513   0.0297428 0.0753247 0.0787969  -9.80839 
             118.401 -0.525456   1.39175  0.375942 -0.231749  0.193768    1.5461 0 0 0   -0.011 -0.02329 -0.04412   0.0162635 -0.00300237 -0.00838664 0.000273224   0.0175917  -0.0107279 -0.00996644 0.000168432   0.0297718 0.0753957 0.0788737  -9.80839 
             118.501 -0.565192  0.789454  0.435266 -0.227644  0.196628   1.54512 0 0 0   -0.011 -0.02329 -0.04412   0.0336293   0.0103006 -0.00927034 0.000258448   0.0176339  -0.0107544   -0.0100634 -1.30309e-05    0.0297955 0.0754323 0.0789535  -9.80839 
               118.6 -0.358978 0.0166079   0.38936 -0.227488  0.199178   1.54661 0 0 0   -0.011 -0.02329 -0.04412   0.0272067   0.0167509 -0.00637426 0.000251243   0.0176478  -0.0107448   -0.0098515 -8.95878e-05    0.0295119 0.0753464 0.0789839  -9.80839 
             118.701  0.114732 -0.604627  0.376266 -0.223204  0.204649   1.54816 0 0 0   -0.011 -0.02329 -0.04412  0.0225849  0.0242291 0.00505848 0.000233893    0.017626  -0.0107416  -0.00997003 -0.000332917    0.0293018 0.0753944  0.079093  -9.80839 
             118.801   0.46872 -0.906525  0.359601 -0.224531  0.204214    1.5494 0 0 0   -0.011 -0.02329 -0.04412 0.00821797 0.00559907 0.00763232 0.000236182    0.017609   -0.010723  -0.00974992 -0.000169647    0.0292465 0.0753061 0.0790193  -9.80839 
               118.9 0.966066 -0.93627 0.401466 -0.233311  0.203238   1.54903 0 0 0   -0.011 -0.02329 -0.04412 -0.0200806 -0.0046808 0.00473113 0.000230075   0.0175866  -0.0107289  -0.00912856 -0.000107036    0.0293757 0.0750461 0.0789765  -9.80839 
             119.001   1.14487 -0.512407  0.467027 -0.23188 0.195405  1.54772 0 0 0   -0.011 -0.02329 -0.04412 -0.0162984 -0.0335312 -0.0026446 0.000249109   0.0175713  -0.0107333 -0.00935745 0.000358156   0.0295778 0.0751544 0.0787868   -9.8084 
               119.1 0.808764  0.28199 0.527186 -0.229924  0.193499   1.54746 0 0 0   -0.011 -0.02329 -0.04412  0.00243511  -0.0344578 -0.00492057 0.000267885   0.0175364   -0.010746 -0.00954506 0.000257557   0.0295487   0.07523 0.0788333  -9.80839 
             119.201 0.0745221  0.685244  0.469131 -0.22673 0.196397  1.54452 0 0 0   -0.011 -0.02329 -0.04412    0.02057 -0.0136724 -0.0110388 0.000309019   0.0175277  -0.0107183  -0.00970807 -0.000147147    0.0298116 0.0752882 0.0790076  -9.80839 
             119.301 -0.480109  0.434918  0.507041 -0.219876  0.195146   1.54281 0 0 0   -0.011 -0.02329 -0.04412   0.0343339 -0.00562889  -0.0139621 0.000302994   0.0175753  -0.0107407   -0.0100355 -0.000115453    0.0298812 0.0754243 0.0790031  -9.80839 
             119.401 -0.475564 -0.155251  0.553387 -0.218572   0.19765   1.54223 0 0 0   -0.011 -0.02329 -0.04412   0.0254027   0.0121047 -0.00617784 0.000304912   0.0175707  -0.0107589  -0.00989835 -0.000278506    0.0298075 0.0753643 0.0790672  -9.80839 
             119.501 -0.359039 -0.916227  0.572437 -0.218544  0.198217   1.54335 0 0 0   -0.011 -0.02329 -0.04412 0.00901675   0.017011 0.00587028 0.000279626   0.0175557  -0.0107523  -0.00976037 -0.000207679    0.0296484 0.075311 0.079036 -9.80839 
               119.6 -0.0605495   -1.17447   0.536822 -0.22413 0.203263  1.54617 0 0 0   -0.011 -0.02329 -0.04412 -0.014331 0.0267993 0.0151379 0.000272912   0.0175447  -0.0107294  -0.00934703 -0.000441952    0.0294278 0.0751364  0.079124  -9.80839 
             119.701  0.385703 -0.912313  0.549415 -0.224779  0.204229   1.54634 0 0 0   -0.011 -0.02329 -0.04412 -0.0213334  0.0155813  0.0158162 0.000275878   0.0175014  -0.0107342  -0.00944027 -0.000342717    0.0296012 0.0751776 0.0790838  -9.80839 
               119.8  0.842494 -0.331676  0.592263 -0.220578  0.203395   1.54825 0 0 0   -0.011 -0.02329 -0.04412 -0.00650764  0.00308805   0.0151948 0.000256595   0.0174819  -0.0107213  -0.00986686 -0.000182465    0.0295725 0.0753551 0.0790301  -9.80839 
             119.901   1.07075 0.0937514  0.608434 -0.221897  0.200754   1.54765 0 0 0   -0.011 -0.02329 -0.04412 -0.00623154  -0.0144021  0.00546711 0.000275839   0.0174749  -0.0107131 -0.00980442 -1.9965e-05    0.029767 0.0753354  0.078962  -9.80839 
                 120  0.897058 -0.119451  0.653903 -0.224862  0.198201   1.54842 0 0 0   -0.011 -0.02329 -0.04412 -0.0149359 -0.0215001 0.00187966 0.000295528   0.0175134  -0.0107303 -0.00966293 3.20817e-05   0.0297258 0.0752796 0.0789371  -9.80839 
               120.1 0.549839 -0.33517 0.624992 -0.224478   0.19747    1.5478 0 0 0   -0.011 -0.02329 -0.04412 -0.00470242  -0.0159851 0.000314814 0.000313584   0.0174949  -0.0107243  -0.00976976 -5.52734e-05    0.0298106 0.0753201 0.0789756  -9.80839 
             120.201  0.181735 -0.193606  0.627129 -0.226975    0.1981   1.54856 0 0 0   -0.011 -0.02329 -0.04412 -0.00651218 -0.00760889  0.00180172 0.000315762   0.0174588  -0.0107177  -0.00963497 -0.000199038    0.0297339 0.0752624 0.0790291  -9.80839 
             120.301 0.0197833  0.133688  0.612334 -0.226431  0.203025    1.5473 0 0 0   -0.011 -0.02329 -0.04412 0.00357027  0.0129589 -0.0025953 0.000300554   0.0174425   -0.010699  -0.00969942 -0.000564466    0.0298932 0.0752777 0.0791773  -9.80839 
             120.401 0.218858 0.338007 0.717912 -0.22428 0.203699  1.54761 0 0 0   -0.011 -0.02329 -0.04412  0.00859376  0.00940136 -0.00292376 0.000285736   0.0174622  -0.0107302  -0.00981394 -0.000523427    0.0298264 0.0753247 0.0791642  -9.80839 
             120.501 0.571908 0.104845 0.686562 -0.224673  0.201746   1.54761 0 0 0   -0.011 -0.02329 -0.04412   0.0145744 0.000246818 -0.00221633 0.000276515   0.0174765  -0.0107068  -0.00969805 -0.000339456    0.0297818 0.0752841 0.0790883  -9.80839 
             120.601   0.84805 -0.277351   0.74661 -0.226577  0.197134   1.54621 0 0 0   -0.011 -0.02329 -0.04412 0.00430096 -0.0140175 0.00321903 0.000293086   0.0174588  -0.0107326  -0.00947705 -5.23633e-05    0.0299573 0.0752033 0.0789682  -9.80839 
               120.7  0.767218 -0.449534  0.710717 -0.227633  0.195414   1.54902 0 0 0   -0.011 -0.02329 -0.04412 -0.00428535  -0.0127329   0.0151756 0.000313768   0.0174642  -0.0107122  -0.00940103 -3.76114e-05    0.0297325 0.0751753 0.0789603  -9.80839 
               120.8 0.405722 -0.35874 0.683281 -0.22683 0.196569  1.55087 0 0 0   -0.011 -0.02329 -0.04412 0.000776758 -0.00419814   0.0217019 0.000314911   0.0174411  -0.0106966  -0.00949811 -0.000196448      0.02973 0.0752089 0.0790253  -9.80839 
             120.901 -0.0571362  -0.173824   0.714682 -0.225343  0.202744   1.55098 0 0 0   -0.011 -0.02329 -0.04412 9.87612e-06   0.0156805    0.011773 0.000324109   0.0174144  -0.0107098  -0.00960957 -0.000625191     0.029906 0.0752401 0.0791963  -9.80839 
                 121 -0.0269121 -0.0746037   0.720874 -0.228694  0.206041   1.54983 0 0 0   -0.011 -0.02329 -0.04412  -0.00519978    0.0191639 -0.000623678 0.000304427   0.0174288  -0.0107057  -0.00937456 -0.000739597    0.0301195 0.0751453 0.0792341  -9.80839 
             121.101  0.458542 -0.131348  0.682608 -0.22711 0.206029  1.54972 0 0 0   -0.011 -0.02329 -0.04412  0.00387042   0.0111395 -0.00690264 0.000290447   0.0174336  -0.0106875 -0.00949926 -0.00060916   0.0300958 0.0751973 0.0791871  -9.80839 
               121.2 0.976942  0.11117 0.745305  -0.2257 0.201477  1.54784 0 0 0   -0.011 -0.02329 -0.04412 0.00883782 -0.0111949 -0.0128492 0.000280781     0.01742  -0.0107042  -0.00954573 -0.000253042    0.0302037 0.0752249 0.0790504  -9.80839 
             121.301  1.21618 0.208825 0.806481 -0.223327  0.197141   1.54488 0 0 0   -0.011 -0.02329 -0.04412  0.0222571 -0.0246223 -0.0179693 0.000303332   0.0174083  -0.0107189  -0.00959125 -4.38949e-05     0.030382 0.0752473 0.0789711  -9.80839 
             121.402 0.766833 0.259918 0.760424 -0.217242  0.194389   1.54543 0 0 0   -0.011 -0.02329 -0.04412   0.0309592    -0.02971 -0.00596703 0.000350567   0.0173969  -0.0106851  -0.00983461 -3.82331e-05    0.0301469 0.0753423 0.0789746  -9.80839 
             121.501  0.259601 -0.134656  0.742826 -0.213103  0.191819   1.54624 0 0 0   -0.011 -0.02329 -0.04412  0.0307087 -0.0227194 0.00513186 0.000346455   0.0174134  -0.0106873  -0.00990311 -3.26587e-05    0.0300116 0.0753698 0.0789735  -9.80839 
             121.601 -0.356699 -0.716607  0.723747 -0.214997  0.197491   1.54646 0 0 0   -0.011 -0.02329 -0.04412  0.0108437 0.00696264 0.00635946 0.000348912   0.0174024  -0.0106858   -0.0096054 -0.000539036    0.0300496 0.0752421  0.079158  -9.80839 
               121.7  -0.45649 -0.918334   0.71062 -0.215538  0.200209   1.54704 0 0 0   -0.011 -0.02329 -0.04412 0.000734435   0.0206614   0.0138805 0.000329139   0.0173715  -0.0106855  -0.00950851 -0.000634266     0.030079 0.0752026 0.0791913  -9.80839 
             121.801 -0.19616 -0.62091  0.69666 -0.215812  0.200613   1.55022 0 0 0   -0.011 -0.02329 -0.04412 -0.00388767    0.019316    0.020129 0.000321579   0.0173558  -0.0106714  -0.00949967 -0.000502887    0.0298877 0.0752024  0.079143  -9.80839 
               121.9  0.386205 -0.318957  0.719875 -0.21259 0.204728  1.55056 0 0 0   -0.011 -0.02329 -0.04412 0.00358926  0.0233898 0.00854662 0.00030825  0.0173596 -0.0106814  -0.00975714 -0.000638116    0.0300078 0.0752962 0.0791996  -9.80839 
             122.001  0.856711 -0.201002  0.748487 -0.214505  0.202351   1.54808 0 0 0   -0.011 -0.02329 -0.04412 -0.00142262  0.00530511 -0.00681611 0.000297561   0.0173705  -0.0106869  -0.00960366 -0.000343838    0.0303345  0.075248 0.0790822  -9.80839 
             122.101   1.04294 -0.364964  0.710501 -0.216249  0.199671   1.54714 0 0 0   -0.011 -0.02329 -0.04412 -0.00808234 -0.00806148 -0.00719546 0.000310715   0.0173711  -0.0106711  -0.00950175 -0.000154744    0.0303642 0.0752151 0.0790087  -9.80839 
             122.201  0.963057 -0.526133  0.664577 -0.218329  0.197461   1.54663 0 0 0   -0.011 -0.02329 -0.04412 -0.00790818  -0.0091729  -0.0199957 0.000333812   0.0173811   -0.010668   -0.0094061 -4.61814e-05    0.0302952 0.0751824 0.0789656  -9.80839 
             122.301  0.186743 -0.170911   0.83851 -0.218044  0.199818   1.54302 0 0 0   -0.011 -0.02329 -0.04412 -0.00528805 0.000478975  -0.0614528 0.000371128    0.017336  -0.0106898  -0.00949037 -0.000273754    0.0302663 0.0752076  0.079052  -9.80839 
               122.4 -0.276483  0.193562   0.94514 -0.221625  0.201347   1.53373 0 0 0   -0.011 -0.02329 -0.04412 -0.0102314  0.0125929  -0.105829 0.000360904   0.0173305  -0.0106763  -0.0092787 -0.00034509   0.0303755 0.0751275 0.0790733  -9.80839 
             122.501 -0.291447   0.24572   1.04928 -0.217021   0.20744    1.5218 0 0 0   -0.011 -0.02329 -0.04412 0.0132567 0.0305771 -0.133884 0.000343649    0.017325  -0.0106797  -0.00963228 -0.000640971    0.0303844 0.0752494 0.0791919  -9.80839 
               122.6 0.0711489  0.378608   1.09304 -0.211531  0.214116   1.50458 0 0 0   -0.011 -0.02329 -0.04412 0.0256153 0.0379214 -0.164692 0.000331813   0.0173332  -0.0106794  -0.00991698 -0.000868872    0.0306428 0.0753457 0.0792821  -9.80839 
             122.701 0.796662 0.107391  1.09214 -0.214081  0.214729   1.48851 0 0 0   -0.011 -0.02329 -0.04412 0.0138431 0.0231579 -0.161395 0.000317277   0.0173521  -0.0106614 -0.00955554 -0.00067199   0.0306069   0.07522 0.0791996  -9.80839 
             122.801  1.38404 -0.39728  1.13946 -0.214952  0.211588   1.47406 0 0 0   -0.011 -0.02329 -0.04412  0.00645299 -0.00114369   -0.152024 0.000326006   0.0173539  -0.0106837  -0.00940716 -0.000339248    0.0304653 0.0751778 0.0790746  -9.80839 
               122.9   1.61167 -0.634982   1.11628 -0.215887  0.209248   1.46002 0 0 0   -0.011 -0.02329 -0.04412 0.00128072  -0.014667  -0.137694 0.000358098   0.0173257  -0.0106651  -0.00931708 -0.000219598    0.0303996 0.0751494 0.0790282  -9.80839 
             123.001   1.21604 -0.611883   1.10888 -0.218719  0.208195   1.44793 0 0 0   -0.011 -0.02329 -0.04412 -0.0083426 -0.0153949  -0.120955 0.000392545   0.0173042  -0.0106674  -0.00912501 -0.000277947    0.0303055 0.0750784  0.079042  -9.80839 
               123.1  0.831581 -0.336208   1.11471 -0.223193  0.205695    1.4393 0 0 0   -0.011 -0.02329 -0.04412 -0.0188539 -0.0185072 -0.0942742 0.000376882   0.0172737  -0.0106747   -0.0088884 -0.000248734    0.0300246  0.074994 0.0790199   -9.8084 
               123.2    0.317969 -0.00142213     1.08856 -0.219483  0.204168   1.43028 0 0 0   -0.011 -0.02329 -0.04412 -0.00332121  -0.0140672  -0.0873057 0.000397013   0.0172705  -0.0106736   -0.0092556 -0.000244883    0.0300211 0.0751257 0.0790306  -9.80839 
               123.3 0.184254 0.405135  1.07063 -0.216672  0.206409   1.42152 0 0 0   -0.011 -0.02329 -0.04412  0.0125129 0.00121404 -0.0841945 0.00036952  0.0172647 -0.0106736  -0.00943846 -0.000453868    0.0300414 0.0751841 0.0791114  -9.80839 
             123.401 0.0911071  0.485035   1.01483 -0.217627  0.205298   1.41155 0 0 0   -0.011 -0.02329 -0.04412  0.0117826 0.00749711 -0.0913527 0.000384745   0.0172709  -0.0106601  -0.00926149 -0.000342724    0.0301635 0.0751242 0.0790663  -9.80839 
             123.501 0.317592 0.227828 0.939764 -0.210712  0.208075   1.40204 0 0 0   -0.011 -0.02329 -0.04412  0.0284925  0.0148188 -0.0953982 0.000377299   0.0172978  -0.0106436  -0.00963662 -0.000458395    0.0302169 0.0752531 0.0791191  -9.80839 
               123.6   0.570478 -0.0291314   0.923275 -0.20999 0.208783   1.3942 0 0 0   -0.011 -0.02329 -0.04412  0.0246286  0.0143092 -0.0894119 0.000345589   0.0172959  -0.0106507  -0.00947745 -0.000398516    0.0300463 0.0752005 0.0790938  -9.80839 
             123.701  0.751096 -0.382214  0.929206 -0.211892  0.209583    1.3846 0 0 0   -0.011 -0.02329 -0.04412 0.00812345  0.0104708 -0.0913139 0.000350198    0.017274  -0.0106752 -0.00920097 -0.00036686   0.0301138 0.0751035 0.0790741  -9.80839 
               123.8  0.848449 -0.583859  0.892989 -0.214188   0.20679   1.37394 0 0 0   -0.011 -0.02329 -0.04412 -0.00163607  -0.0024741  -0.0941841 0.000372126   0.0172734  -0.0106773   -0.0089882 -0.000108598    0.0302657 0.0750355 0.0789773   -9.8084 
             123.901  0.785465 -0.274373  0.897622 -0.215401  0.206345   1.36438 0 0 0   -0.011 -0.02329 -0.04412  -0.00596751 -0.000703308   -0.0950457 0.00039005  0.0172405 -0.0106786  -0.00892572 -8.62592e-05    0.0302744 0.0750143 0.0789678   -9.8084 
             124.001 0.546337 0.185877 0.890585 -0.213861  0.207671   1.35459 0 0 0   -0.011 -0.02329 -0.04412 0.000894793  0.00234951  -0.0958814 0.000385778   0.0172097  -0.0106683   -0.0090633 -0.000178555    0.0303237 0.0750596  0.079004  -9.80839 
               124.1 0.408491 0.264101 0.897692 -0.216324  0.206524   1.34388 0 0 0   -0.011 -0.02329 -0.04412 -0.000887081   0.00535408    -0.101468 0.000387365   0.0172411  -0.0106838  -0.00887575 -6.12351e-05    0.0304234 0.0749976 0.0789585   -9.8084 
             124.201 0.334959  0.15333 0.906391 -0.214111   0.20565   1.33457 0 0 0   -0.011 -0.02329 -0.04412 0.00486492 0.00187803 -0.0952169 0.000399403   0.0172439  -0.0106744 -0.00903416 4.69719e-05   0.0303608 0.0750556 0.0789253   -9.8084 
             124.301 0.328227 0.242843 0.897042 -0.210305  0.208771   1.32515 0 0 0   -0.011 -0.02329 -0.04412  0.0150232  0.0144689 -0.0984788 0.000373928   0.0172064  -0.0106653  -0.00925044 -0.000118143    0.0303235 0.0751258  0.078988  -9.80839 
               124.4   0.431051 -0.0144361   0.960058 -0.212983  0.213474   1.31559 0 0 0   -0.011 -0.02329 -0.04412 0.00150009  0.0237968 -0.0933103 0.000373381   0.0172173  -0.0106908  -0.00898258 -0.000334238    0.0303096 0.0750282  0.079055  -9.80839 
             124.501  0.611994 -0.462809  0.925662 -0.213406  0.213631   1.30641 0 0 0   -0.011 -0.02329 -0.04412 -0.00404448   0.0169076  -0.0972633 0.000379499   0.0172396  -0.0106649  -0.00895356 -0.000191866     0.030288 0.0750223 0.0790055  -9.80839 
               124.6  0.996326 -0.495769  0.935139 -0.211894   0.21532   1.29923 0 0 0   -0.011 -0.02329 -0.04412 -0.00923025  0.00919803  -0.0870808 0.000369406   0.0172227  -0.0106627   -0.0091229 -0.000209991    0.0300059 0.0750809 0.0790165  -9.80839 
             124.701  1.16423 -0.51025 0.918894 -0.216531   0.21661    1.2918 0 0 0   -0.011 -0.02329 -0.04412 -0.0212381  0.0028968 -0.0882739 0.000366601   0.0171967  -0.0106539  -0.00888955 -0.000279903    0.0298595     0.075 0.0790335  -9.80839 
             124.801   1.37615 -0.424283  0.969982 -0.222748  0.215765   1.28077 0 0 0   -0.011 -0.02329 -0.04412 -0.0342229 -0.0114694 -0.0964649 0.000366995   0.0171675  -0.0106726   -0.0086274 -0.000250039    0.0300641 0.0749124 0.0790175   -9.8084 
             124.901   1.25475 -0.198388   1.00598 -0.222209  0.208761    1.2702 0 0 0   -0.011 -0.02329 -0.04412 -0.0226025 -0.0315287  -0.106085 0.000395343   0.0171848  -0.0106793 -0.00889186 0.000155838   0.0301153 0.0750126 0.0788885   -9.8084 
             125.001  1.03499 0.488871  0.95834 -0.224148  0.207219   1.25782 0 0 0   -0.011 -0.02329 -0.04412 -0.0104377  -0.028606  -0.113756 0.000399718   0.0171519  -0.0106349 -0.00888528 3.84502e-05   0.0302993 0.0750073 0.0789299   -9.8084 
               125.1 0.595124 0.932263  1.01502 -0.221037  0.207415   1.24554 0 0 0   -0.011 -0.02329 -0.04412 0.00850941 -0.0185699   -0.11527 0.000416215    0.017145  -0.0106562  -0.0091472 -0.00016158   0.0303816 0.075089 0.079005 -9.80839 
             125.201 0.361717  1.08879  1.07733 -0.213386  0.205579   1.23258 0 0 0   -0.011 -0.02329 -0.04412  0.0395043 -0.0125798  -0.120572 0.000404659   0.0171667   -0.010666  -0.00958481 -0.000128347    0.0305604 0.0752339 0.0790076  -9.80839 
               125.3 0.152635 0.763386  1.00019 -0.210947  0.206822   1.22209 0 0 0   -0.011 -0.02329 -0.04412 0.0422095 0.0018557 -0.116428 0.00039869  0.0171809 -0.0106177 -0.00942887 -0.00028621   0.0303783 0.0751808 0.0790549  -9.80839 
             125.401   0.249406 -0.0397246    1.04234 -0.213308   0.20763   1.21054 0 0 0   -0.011 -0.02329 -0.04412  0.0200162 0.00893481  -0.109411 0.000379957   0.0171939  -0.0106461  -0.00899776 -0.000334772    0.0304094 0.0750363 0.0790589  -9.80839 
               125.5  0.346224 -0.842121   1.06758 -0.218519   0.20844   1.20044 0 0 0   -0.011 -0.02329 -0.04412 -0.0115547  0.0116051 -0.0996368 0.000401184   0.0171923  -0.0106571  -0.00855076 -0.000343473    0.0303636 0.0748895 0.0790494   -9.8084 
             125.601 0.662371  -1.0548  1.05744 -0.215333  0.206443   1.19316 0 0 0   -0.011 -0.02329 -0.04412 -0.0153902  0.0030619 -0.0843437 0.000395725   0.0171853  -0.0106554  -0.0089014 -0.00010852   0.0301028 0.0750129  0.078983   -9.8084 
             125.701  0.792442 -0.736724  0.977352 -0.217396  0.205581   1.18462 0 0 0   -0.011 -0.02329 -0.04412  -0.0240129 -0.00398475  -0.0835614 0.000394043   0.0171382   -0.010627  -0.00889075 -4.07752e-05    0.0301198 0.0750113 0.0789605   -9.8084 
             125.802   0.79027 -0.346585  0.960458 -0.224041  0.203251   1.17497 0 0 0   -0.011 -0.02329 -0.04412  -0.0337599 -0.00436271  -0.0857359 0.000410494   0.0171277  -0.0106189 -0.00859947 9.46405e-05   0.0302643 0.0749212 0.0789084   -9.8084 
             125.901 0.580489 0.128928  1.04704 -0.22414  0.20139  1.16741 0 0 0   -0.011 -0.02329 -0.04412  -0.0161007 -0.00684245  -0.0901741 0.000415869   0.0171147  -0.0106446  -0.0088044 0.000209437   0.0301252   0.07499 0.0788762   -9.8084 
             126.001 0.263797  0.69736  1.01116 -0.225017   0.20369   1.15736 0 0 0   -0.011 -0.02329 -0.04412 -0.0031917  0.0116426  -0.102732 0.000424567   0.0170962  -0.0106197 -0.00883044 4.62138e-05   0.0301867 0.0749941   0.07893   -9.8084 
               126.1 0.0293072  0.907903   1.05846 -0.223704  0.209309   1.14693 0 0 0   -0.011 -0.02329 -0.04412 0.0150685 0.0298202 -0.107714 0.000426342   0.0170966  -0.0106447  -0.00891027 -0.000244797    0.0302053 0.0750118 0.0790261  -9.80839 
             126.199 0.172067  1.08999   1.0145 -0.219129  0.212429   1.13343 0 0 0   -0.011 -0.02329 -0.04412   0.03009 0.0334137  -0.12507 0.00040679  0.0170972 -0.0106207  -0.00909986 -0.000236097     0.030427 0.0750704  0.079028  -9.80839 
               126.3 0.630981 0.956656  1.03935 -0.220699  0.211886   1.12403 0 0 0   -0.011 -0.02329 -0.04412 0.0226438 0.0209442 -0.113253 0.000411898   0.0171041  -0.0106328 -0.00874207 1.93313e-05   0.0301127 0.0749682 0.0789379   -9.8084 
               126.4  1.11707  0.22637 0.913201 -0.219899  0.212448   1.11046 0 0 0   -0.011 -0.02329 -0.04412 0.0181147 0.0115409  -0.12491 0.000397737   0.0171312  -0.0105908 -0.00864075 0.000101089   0.0303284 0.0749338 0.0789084   -9.8084 
             126.501   1.45913 -0.287724   0.92016 -0.219411  0.208568   1.09992 0 0 0   -0.011 -0.02329 -0.04412   0.0145821 -0.00581186   -0.109481 0.000415739   0.0171111  -0.0106247 -0.00854119 0.000439392   0.0301721 0.0749139  0.078798   -9.8084 
             126.601    1.3545 -0.368985  0.905112 -0.218448  0.203864   1.09032 0 0 0   -0.011 -0.02329 -0.04412 0.00990736 -0.0167443 -0.0959389 0.000434291   0.0170957   -0.010628 -0.00851851 0.000709923   0.0300543  0.074915 0.0787108   -9.8084 
             126.701    0.927715 -0.00674615    0.861908 -0.21721 0.206957  1.08183 0 0 0   -0.011 -0.02329 -0.04412   0.0133118 -0.00249764  -0.0945156 0.000446511    0.017066  -0.0106111 -0.00853859 0.000371227   0.0299509 0.0749134 0.0788171   -9.8084 
             126.801 0.471493 0.294251 0.883616 -0.216398  0.208731     1.072 0 0 0   -0.011 -0.02329 -0.04412  0.0141234 0.00922059 -0.0947604 0.000456779   0.0170501  -0.0106298 -0.00848602 0.000264462   0.0300051 0.0748941   0.07885   -9.8084 
             126.901 0.271194 0.223088 0.912005 -0.210935  0.210314   1.06151 0 0 0   -0.011 -0.02329 -0.04412 0.0234969 0.0179805 -0.102543 0.000457481   0.0170596  -0.0106438 -0.00877262 0.000250088   0.0300887 0.0749832 0.0788621   -9.8084 
             127.001 0.542122 0.194523 0.881172 -0.20961 0.211983  1.05205 0 0 0   -0.011 -0.02329 -0.04412  0.0187695  0.0204508 -0.0982572 0.000418652   0.0170483  -0.0106191 -0.00869942 0.000271043   0.0300177 0.0749612 0.0788536   -9.8084 
             127.101  0.759123 -0.165226  0.842317 -0.210942  0.219336   1.04042 0 0 0   -0.011 -0.02329 -0.04412 0.00368507  0.0332046  -0.105749 0.000423891   0.0170417  -0.0106066  -0.00849226 -0.000109269    0.0301829 0.0748867 0.0789671   -9.8084 
             127.201   1.13849 -0.502258  0.889961 -0.212063  0.220608   1.02827 0 0 0   -0.011 -0.02329 -0.04412 -0.00614183   0.0217418   -0.104912 0.000429569   0.0170442  -0.0106416  -0.0084012 2.07116e-05   0.0303748 0.0748604 0.0789248   -9.8084 
               127.3   1.54032 -0.498357  0.840747 -0.214106  0.219599   1.01713 0 0 0   -0.011 -0.02329 -0.04412 -0.0135978 0.00680631   -0.10661 0.000430316   0.0170311  -0.0106052 -0.00830741 0.000217973   0.0304276 0.0748359 0.0788618   -9.8084 
             127.401   1.88555 -0.175843  0.912182 -0.21701 0.216886  1.00698 0 0 0   -0.011 -0.02329 -0.04412 -0.0130149 -0.0125869 -0.0992579 0.000432027   0.0170128  -0.0106074 -0.00818973 0.000420365   0.0304045 0.0748044 0.0787966   -9.8084 
             127.501   1.7634 0.144476 0.976718 -0.216067  0.213796  0.997032 0 0 0   -0.011 -0.02329 -0.04412 -0.00108529  -0.0224553   -0.107457 0.000462859   0.0170064   -0.010627 -0.00834117 0.000533653   0.0303613 0.0748534 0.0787647   -9.8084 
               127.6  1.42552 0.330284  0.96786 -0.211782  0.214244   0.98824 0 0 0   -0.011 -0.02329 -0.04412  0.0119179 -0.0196529  -0.105127 0.000462015   0.0170037  -0.0106318 -0.00864579 0.000323944   0.0301356 0.0749421 0.0788318   -9.8084 
               127.7  1.09143 0.277797 0.895194 -0.212352  0.214696  0.978984 0 0 0   -0.011 -0.02329 -0.04412 0.00531575 -0.0139247  -0.101262 0.000467451   0.0169934  -0.0106165 -0.00850884 0.000149248   0.0299789 0.0748971 0.0788788   -9.8084 
             127.802  0.862612 0.0515017  0.832398 -0.212267  0.216712  0.968308 0 0 0   -0.011 -0.02329 -0.04412  0.00556408 -0.00456974   -0.102634 0.000478329   0.0169966  -0.0106134  -0.00845594 -8.67869e-05    0.0300286 0.0748751 0.0789499   -9.8084 
               127.9   0.968324 -0.0789316   0.818935 -0.206978  0.216573  0.957461 0 0 0   -0.011 -0.02329 -0.04412    0.0190037 -0.000528015    -0.106541 0.000466471   0.0170026  -0.0106233  -0.00877332 -8.36324e-05     0.030056 0.0749709 0.0789567   -9.8084 
                 128    1.13094 -0.0813538   0.749934 -0.204154  0.211345   0.94632 0 0 0   -0.011 -0.02329 -0.04412  0.0196627 -0.0140224  -0.107318 0.00047193  0.0169825 -0.0105973 -0.00882316 0.000263621   0.0300971 0.0749934 0.0788536   -9.8084 
             128.101   1.33696 -0.246678  0.701524 -0.212332  0.208876  0.937414 0 0 0   -0.011 -0.02329 -0.04412 -0.00889998  -0.0166474  -0.0917193 0.000462333   0.0169608  -0.0105733 -0.00812549 0.000303511   0.0299762 0.0747858 0.0788253   -9.8084 
               128.2   1.00629 -0.552852  0.758453 -0.215101  0.208096  0.930592 0 0 0   -0.011 -0.02329 -0.04412 -0.0254372 -0.0124774 -0.0692898 0.000491303    0.016964  -0.0106076  -0.0080626 0.000233769   0.0298127  0.074766 0.0788433   -9.8084 
             128.301  0.729676 -0.264763  0.784648 -0.215948  0.205181  0.923093 0 0 0   -0.011 -0.02329 -0.04412 -0.0211446 -0.0113774 -0.0619343 0.000496262   0.0169275  -0.0105981 -0.00817163 0.000384845   0.0298912 0.0748015 0.0788013   -9.8084 
             128.401 0.466961  0.29625 0.851434 -0.221311  0.206466  0.915401 0 0 0   -0.011 -0.02329 -0.04412  -0.023432 0.00578926 -0.0707575 0.00049628  0.0169014 -0.0105949 -0.00791656 0.000249194   0.0299984 0.0747232 0.0788371   -9.8084 
             128.501 0.330112 0.675397 0.905081 -0.217253  0.211884  0.903488 0 0 0   -0.011 -0.02329 -0.04412 0.00122827  0.0258264  -0.098016 0.000498332   0.0169104  -0.0106017  -0.00833155 -3.96391e-05    0.0304408 0.0748392 0.0789329   -9.8084 
             128.601 0.509506 0.993768 0.944093 -0.211758  0.213049   0.89173 0 0 0   -0.011 -0.02329 -0.04412 0.0223971 0.0294585  -0.11545 0.000479276   0.0169126  -0.0106115  -0.0086718 9.95267e-05   0.0305943 0.0749412 0.0788991   -9.8084 
               128.7 0.950064 0.625575  0.85177 -0.212578  0.214082  0.879676 0 0 0   -0.011 -0.02329 -0.04412  0.019048 0.0242402 -0.123482 0.000470866   0.0169553  -0.0105664 -0.00842746 0.000219614   0.0306256 0.0748717 0.0788586   -9.8084 
               128.8     1.33036 -0.00461009    0.860492 -0.213941  0.219851  0.866039 0 0 0   -0.011 -0.02329 -0.04412 0.00907281  0.0283788   -0.12687 0.000482021   0.0169435  -0.0105829  -0.00820368 -3.89019e-05    0.0307742 0.0747984 0.0789294   -9.8084 
               128.9    1.5086 -0.360839  0.920288 -0.21061 0.216486 0.855645 0 0 0   -0.011 -0.02329 -0.04412 0.0129558 0.0104816 -0.118353 0.000490118   0.0169223  -0.0106234 -0.00837847 0.000387464   0.0305165 0.0748618 0.0788077   -9.8084 
                 129   1.74504 -0.363854  0.865149 -0.205254  0.217049  0.845372 0 0 0   -0.011 -0.02329 -0.04412   0.0134799 -0.00148595   -0.102363 0.000479637    0.016912  -0.0105941 -0.00869189 0.000399533   0.0304367 0.0749536 0.0788102   -9.8084 
               129.1   1.56998 -0.163292     0.872 -0.208532   0.21535  0.835496 0 0 0   -0.011 -0.02329 -0.04412 -0.00448312 -0.00940745  -0.0918951 0.000516845   0.0168794  -0.0105942 -0.00839554 0.000480676     0.03045 0.0748697 0.0787805   -9.8084 
             129.201   1.29654 -0.287897  0.869953 -0.205841   0.21335  0.825913 0 0 0   -0.011 -0.02329 -0.04412 -0.00157514   -0.012042  -0.0867726 0.000530358   0.0168877  -0.0105995 -0.00864105 0.000562786   0.0305115 0.0749421 0.0787632   -9.8084 
             129.301   1.05571 -0.400546  0.919272 -0.202387  0.214032   0.81563 0 0 0   -0.011 -0.02329 -0.04412 -0.00216051 -0.00435319  -0.0938868 0.000517027   0.0168849  -0.0106152 -0.00893077 0.000449903   0.0306906 0.0750228 0.0788046   -9.8084 
             129.401  0.925108 -0.619926  0.822494 -0.20782 0.214917 0.804361 0 0 0   -0.011 -0.02329 -0.04412  -0.027707 0.00428979 -0.0955915 0.000502609   0.0168884  -0.0105749 -0.00860134 0.000365704    0.030885  0.074927 0.0788242   -9.8084 
               129.5 0.809574 -1.02313 0.835921 -0.215054  0.218228  0.792301 0 0 0   -0.011 -0.02329 -0.04412 -0.0506856  0.0143471  -0.106188 0.000533591   0.0168696  -0.0105877 -0.00833785 0.000154028    0.031138  0.074848 0.0788814   -9.8084 
               129.6  1.07336 -1.00531 0.832547 -0.217026  0.220142  0.782665 0 0 0   -0.011 -0.02329 -0.04412 -0.0494355  0.0114074 -0.0999236 0.000496251   0.0168545  -0.0105921 -0.00859934 0.000107985   0.0310447 0.0749207 0.0788993   -9.8084 
             129.701  1.33891 -0.38497 0.882671 -0.219183  0.218318  0.772461 0 0 0   -0.011 -0.02329 -0.04412  -0.028746 0.00106068  -0.106314 0.000492178   0.0168249  -0.0106013 -0.00877295 0.000305312   0.0310495  0.074974 0.0788471   -9.8084 
             129.801  1.62584 0.505692 0.894538 -0.222369  0.216939  0.762983 0 0 0   -0.011 -0.02329 -0.04412 -0.0201069 -0.0165877 -0.0997738 0.000496028   0.0167979  -0.0105774 -0.00874396 0.000367163   0.0309224 0.0749662  0.078828   -9.8084 
             129.901  1.49584  1.02328 0.996783 -0.222716  0.212244  0.752927 0 0 0   -0.011 -0.02329 -0.04412 0.00219051 -0.0255651  -0.107748 0.000525136    0.016782   -0.010599 -0.00879055 0.000567273   0.0308847 0.0749834 0.0787723   -9.8084 
             130.001  1.31417   1.2709 0.980806 -0.219611  0.208285  0.742404 0 0 0   -0.011 -0.02329 -0.04412  0.0236045 -0.0280806  -0.101897 0.000530692   0.0168179  -0.0105594 -0.00896175 0.000660739   0.0308779 0.0750334 0.0787497   -9.8084 
             130.101 0.878142 0.800107 0.970359 -0.223208  0.206174  0.736079 0 0 0   -0.011 -0.02329 -0.04412  0.0251598 -0.0180031 -0.0856388 0.000546145   0.0168217  -0.0105644 -0.00846722   0.0006122   0.0304944 0.0749006 0.0787475   -9.8084 
               130.2 0.473283 0.756975 0.972226 -0.223487  0.210037  0.730062 0 0 0   -0.011 -0.02329 -0.04412  0.0311104 0.00391726 -0.0700987 0.000542809   0.0167836  -0.0105748 -0.00822838  0.00021869   0.0302842 0.0748298 0.0788494   -9.8084 
             130.301 0.328467  0.86712 0.952684 -0.217445  0.212101  0.723705 0 0 0   -0.011 -0.02329 -0.04412   0.053756  0.0201407 -0.0643477 0.000521307    0.016782   -0.010571 -0.00837761  0.00015819   0.0302155 0.0748711 0.0788691   -9.8084 
               130.4 0.581324  1.17091 0.963262 -0.210321  0.214373    0.7166 0 0 0   -0.011 -0.02329 -0.04412 0.0716139 0.0275902 -0.076009 0.000520293   0.0167598  -0.0105688 -0.00843119 0.000176011   0.0302288  0.074886 0.0788654   -9.8084 
               130.5  1.11486 0.802828 0.909486 -0.208919   0.21651   0.70721 0 0 0   -0.011 -0.02329 -0.04412  0.0704039  0.0337196 -0.0915257 0.000500811   0.0168002  -0.0105442 -0.00798228 0.000235571   0.0303751 0.0747613  0.078839   -9.8084 
             130.601   1.47378 -0.153476  0.922653 -0.203119  0.215765   0.69854 0 0 0   -0.011 -0.02329 -0.04412  0.0670068  0.0183524 -0.0891286 0.000522994   0.0168327  -0.0105747 -0.00789994 0.000493203   0.0303196 0.0747453 0.0787665   -9.8084 
             130.701   1.74933 -0.585455  0.889112 -0.191891  0.220024  0.688791 0 0 0   -0.011 -0.02329 -0.04412  0.0744596  0.0226571 -0.0972728 0.000513392   0.0168199  -0.0105942 -0.00825467 0.000323645   0.0303657 0.0748378 0.0788206   -9.8084 
             130.801   1.73142 -0.688196  0.755425 -0.187909  0.221799  0.681107 0 0 0   -0.011 -0.02329 -0.04412  0.0529032  0.0152063 -0.0978202 0.000529544   0.0167729  -0.0105618 -0.00804131 0.000320989   0.0301247 0.0747812 0.0788142   -9.8084 
             130.901   1.83992 -0.988694  0.611273  -0.1853 0.223725 0.670991 0 0 0   -0.011 -0.02329 -0.04412 0.0317871 0.0104204  -0.10301 0.000531641   0.0167646  -0.0105452 -0.00787307 0.000277463   0.0301225 0.0747348 0.0788226   -9.8084 
                 131  1.85716 -1.51517 0.567423 -0.176179  0.224307  0.659852 0 0 0   -0.011 -0.02329 -0.04412 0.0306956 0.0029919 -0.109877 0.000520422   0.0168006  -0.0105715 -0.00836118  0.00030349   0.0301723 0.0748673 0.0788256   -9.8084 
             131.101  2.04859 -1.85918  0.51201 -0.17577  0.22157 0.648926 0 0 0   -0.011 -0.02329 -0.04412  0.00576918 -0.00821822   -0.114073 0.000536576    0.016775  -0.0105648 -0.00822454 0.000510365   0.0301285 0.0748337 0.0787667   -9.8084 
               131.2  2.03158 -1.92238 0.512022 -0.182949  0.221713  0.637229 0 0 0   -0.011 -0.02329 -0.04412 -0.0353285 -0.0136095   -0.11713 0.000546402   0.0167429  -0.0105582 -0.00772936 0.000386729   0.0301373 0.0746993 0.0787922   -9.8084 
             131.301  1.86779 -1.84359 0.545403 -0.189157  0.223613  0.625082 0 0 0   -0.011 -0.02329 -0.04412 -0.0607535 -0.0170113  -0.113318 0.000531876     0.01673  -0.0105576 -0.00759183 0.000105343   0.0301851 0.0746593 0.0788664   -9.8084 
               131.4  1.68932 -1.39507 0.644306 -0.191857  0.217199  0.612094 0 0 0   -0.011 -0.02329 -0.04412 -0.0586996 -0.0309524  -0.121584 0.000538424   0.0167304  -0.0105724 -0.00786785 0.000452939   0.0303595  0.074742 0.0787816   -9.8084 
               131.5  1.57971 -1.04688 0.623778 -0.194248  0.216494  0.598782 0 0 0   -0.011 -0.02329 -0.04412 -0.0568921 -0.0265224  -0.116202 0.000542935    0.016721  -0.0105492 -0.00815246 0.000287874   0.0305403 0.074819 0.078833  -9.8084 
               131.6  1.36154  -1.2045 0.696823 -0.199618  0.216908    0.5876 0 0 0   -0.011 -0.02329 -0.04412 -0.0533663 -0.0130117  -0.108916 0.000533628   0.0167137  -0.0105873 -0.00818566 8.15652e-05   0.0305099 0.0748241 0.0788875   -9.8084 
             131.701   1.1611 -1.15578  0.63733 -0.20338 0.214203 0.576715 0 0 0   -0.011 -0.02329 -0.04412 -0.0547213 -0.0137558 -0.0947838 0.000546973   0.0167246   -0.010571 -0.00832948 0.000206026    0.030574 0.0748649 0.0788579   -9.8084 
               131.8  1.11812 -1.12129 0.537874 -0.20702 0.214234 0.566373 0 0 0   -0.011 -0.02329 -0.04412   -0.0468513 -0.000314272   -0.0911733 0.000528879   0.0167232   -0.010538 -0.00846442 0.000139435   0.0306854 0.0749008 0.0788788   -9.8084 
               131.9   1.15596 -0.894021  0.567475 -0.213466  0.213874  0.558399 0 0 0   -0.011 -0.02329 -0.04412 -0.0484095 0.00174643 -0.0765521 0.000527934   0.0166797  -0.0105486  -0.0083453 0.000164304   0.0306103 0.0748691 0.0788697   -9.8084 
             132.001   1.14619 -0.713203  0.576771 -0.215698   0.21536  0.551911 0 0 0   -0.011 -0.02329 -0.04412 -0.0412404 0.00942128 -0.0591871 0.000533474   0.0166953   -0.010554 -0.00853309 9.86103e-05   0.0305305 0.0749162  0.078889   -9.8084 
             132.101   1.25137 -0.291512  0.572743 -0.218238  0.214271  0.545528 0 0 0   -0.011 -0.02329 -0.04412 -0.0289336 0.00734749 -0.0649481 0.000525436   0.0166843  -0.0105396 -0.00862007 0.000257389   0.0305876 0.0749416 0.0788494   -9.8084 
               132.2   1.35151 0.0857182  0.572048 -0.226298  0.215663  0.537546 0 0 0   -0.011 -0.02329 -0.04412 -0.0248316 0.00959325  -0.071583 0.000529173   0.0166767  -0.0105302 -0.00819172 0.000203328   0.0307348 0.0748307 0.0788586   -9.8084 
             132.301  1.37336 0.576714 0.606836 -0.230455  0.216196   0.52844 0 0 0   -0.011 -0.02329 -0.04412 -0.00825527  0.00888122  -0.0868179 0.000537006   0.0166748  -0.0105314  -0.0079933 0.000236639   0.0308908   0.07478 0.0788487   -9.8084 
               132.4  1.48845  1.39656 0.684131 -0.22211 0.219078 0.516578 0 0 0   -0.011 -0.02329 -0.04412  0.044588  0.016967 -0.112419 0.000535886   0.0166689  -0.0105591 -0.00856146 0.000127591   0.0311153 0.0749233 0.0788869   -9.8084 
             132.501  1.51318  1.97106 0.568074 -0.219543  0.219355  0.504179 0 0 0   -0.011 -0.02329 -0.04412 0.0676069 0.0151733 -0.130829 0.000522269   0.0166755  -0.0104924 -0.00832742  0.00022584   0.0311725 0.0748639 0.0788591   -9.8084 
               132.6  1.54402  1.43176 0.583351 -0.207767  0.222823  0.491355 0 0 0   -0.011 -0.02329 -0.04412 0.0982099 0.0179975 -0.131065 0.000537891   0.0167327  -0.0105207 -0.00860229  8.8761e-05   0.0310982 0.0749339 0.0788971   -9.8084 
             132.701 1.50994 0.65769 0.52101 -0.199918  0.223615  0.480437 0 0 0   -0.011 -0.02329 -0.04412  0.102058 0.0159151 -0.118779 0.000562683   0.0167205   -0.010526 -0.00841093 0.000161928   0.0308968 0.0748918 0.0788732   -9.8084 
             132.801   1.62818 -0.385212  0.421388 -0.188166  0.225731  0.471307 0 0 0   -0.011 -0.02329 -0.04412  0.0943915 0.00982779  -0.105767 0.000541532   0.0167442  -0.0105271 -0.00856159 7.98095e-05   0.0306043  0.074936 0.0788922   -9.8084 
             132.901  1.73949  -1.3036 0.334639 -0.190013  0.223879  0.464737 0 0 0   -0.011 -0.02329 -0.04412   0.0384281 -0.00415954  -0.0768375 0.000538768   0.0167117  -0.0105415 -0.00781284 0.000237917   0.0303184 0.0747537 0.0788386   -9.8084 
             133.001  1.82015 -2.18784 0.212556 -0.189902  0.223412  0.456494 0 0 0   -0.011 -0.02329 -0.04412  0.00699409 -0.00835623  -0.0668745 0.000552547   0.0167144  -0.0105314 -0.00760884 0.000240314   0.0304363 0.0747022 0.0788374   -9.8084 
             133.101  1.70198 -2.13373 0.161163 -0.189793  0.224963  0.448493 0 0 0   -0.011 -0.02329 -0.04412  -0.0138058 -0.00582593  -0.0649739 0.000569508   0.0166583   -0.010548 -0.00762928   6.152e-05    0.030629 0.0747076 0.0788856   -9.8084 
             133.201   1.62815  -1.33957 0.0932717 -0.188164  0.223649  0.441044 0 0 0   -0.011 -0.02329 -0.04412  -0.0169835 -0.00895695  -0.0698756 0.000538096   0.0166196  -0.0105287 -0.00788072 0.000115589    0.030733  0.074773 0.0788762   -9.8084 
               133.3   1.48142 -0.627738 0.0329902 -0.185445  0.222031  0.430771 0 0 0   -0.011 -0.02329 -0.04412  -0.0107633 -0.00938703   -0.085427 0.000548041   0.0166141  -0.0105126 -0.00822079 0.000173704    0.031056 0.0748655 0.0788696   -9.8084 
               133.4   1.38064 -0.578716 0.0579556 -0.180864  0.221694   0.41933 0 0 0   -0.011 -0.02329 -0.04412 -0.00636002 -0.00780242   -0.101762 0.000555057    0.016656  -0.0105417 -0.00865814 0.000144058   0.0313538 0.0749793 0.0788843   -9.8084 
               133.5     1.23123   -0.707908 -0.00209889 -0.178503  0.222397  0.407661 0 0 0   -0.011 -0.02329 -0.04412  -0.0121319 -0.00132296    -0.11497 0.000558551   0.0166533  -0.0105343  -0.0089132 4.27104e-05   0.0314479 0.075043 0.078912  -9.8084 
               133.6   1.32703   -1.5901 -0.124816 -0.183676  0.222031  0.398115 0 0 0   -0.011 -0.02329 -0.04412  -0.0410784 -0.00378667   -0.110498 0.000547316   0.0166825  -0.0105122  -0.0086779 5.11036e-05   0.0312115 0.0749831 0.0789062   -9.8084 
             133.701   1.3383 -2.18824 -0.16615 -0.191478  0.221707  0.388466 0 0 0   -0.011 -0.02329 -0.04412  -0.0742287 -0.00487172   -0.105484 0.000564354   0.0166587  -0.0105261 -0.00849164 5.06489e-05   0.0310882 0.0749361 0.0789043   -9.8084 
             133.801   1.30714  -1.99655 -0.140626 -0.203811  0.222394   0.37776 0 0 0   -0.011 -0.02329 -0.04412   -0.104542 -0.00272244   -0.101354 0.000568828   0.0166064  -0.0105301  -0.00818988 -3.55386e-05    0.0311188 0.0748626 0.0789249   -9.8084 
               133.9   1.37852  -1.32297 -0.112033 -0.215377  0.225544  0.367259 0 0 0   -0.011 -0.02329 -0.04412    -0.1071 0.00589038 -0.0963832 0.000557167   0.0165927  -0.0105206  -0.00812341 -0.000283554    0.0311714 0.0748469 0.0789857   -9.8084 
             134.001    1.45512 0.00164306 -0.0158708 -0.227735  0.220762   0.35503 0 0 0   -0.011 -0.02329 -0.04412 -0.0970115 -0.0093822  -0.103671 0.00056583  0.0165342 -0.0105424 -0.00793645 0.000101067   0.0314403 0.0748081 0.0788946   -9.8084 
             134.101   1.62978   1.25372 -0.016325 -0.227225  0.216028  0.342878 0 0 0   -0.011 -0.02329 -0.04412  -0.043886 -0.0211781  -0.110928 0.000554897   0.0165575  -0.0105173 -0.00859407 0.000373322   0.0316324 0.0749706  0.078832   -9.8084 
             134.201    1.39083    1.90673 -0.0257004 -0.22473 0.213078 0.330146 0 0 0   -0.011 -0.02329 -0.04412 0.00234181  -0.021888  -0.114758 0.00056493  0.0166022 -0.0105132 -0.00901479 0.000442612    0.031797 0.0750724 0.0788182   -9.8084 
             134.301  0.961135   1.89039 -0.028902 -0.219101  0.213551  0.318238 0 0 0   -0.011 -0.02329 -0.04412  0.0422416 -0.0101788  -0.111981 0.00059102  0.0166194 -0.0105041 -0.00928989 0.000279969   0.0318692 0.0751372 0.0788589   -9.8084 
             134.401   0.602383    1.20117 -0.0164505 -0.217922  0.217162  0.308935 0 0 0   -0.011 -0.02329 -0.04412  0.0487681  0.0102547 -0.0989221 0.000589331    0.016654  -0.0105201  -0.00899446 -3.24728e-05    0.0317159 0.0750697 0.0789314   -9.8084 
               134.5 0.571224 0.261661 0.031303 -0.217887   0.21841  0.299372 0 0 0   -0.011 -0.02329 -0.04412  0.0406611  0.0141317 -0.0995851 0.000590028   0.0166708  -0.0105331  -0.00861342 -3.86225e-05    0.0316776 0.0749799 0.0789314   -9.8084 
             134.601    1.02244  -0.268746 -0.0349002 -0.22335 0.222949 0.291945 0 0 0   -0.011 -0.02329 -0.04412  0.0152158  0.0224131 -0.0843557 0.000564454   0.0166339  -0.0105028  -0.00792462 -0.000269012    0.0314744 0.0748204 0.0789836   -9.8084 
             134.701    1.40619  -0.221178 -0.0274455 -0.225184  0.221926  0.285473 0 0 0   -0.011 -0.02329 -0.04412  0.0102529 0.00518221 -0.0796005 0.000571988   0.0165827  -0.0104879    -0.007668 -7.37512e-05    0.0312778 0.074763 0.078936  -9.8084 
             134.801   1.89076  0.262269 0.0737291 -0.22236 0.220747 0.277192 0 0 0   -0.011 -0.02329 -0.04412  0.0183714 -0.0071558  -0.086078 0.000557409   0.0165767  -0.0105192 -0.00780866 1.66511e-05   0.0312607 0.0747966 0.0789151   -9.8084 
               134.9  2.00986 0.825384 0.101054 -0.218772  0.214199  0.268056 0 0 0   -0.011 -0.02329 -0.04412  0.0349397 -0.0324586 -0.0915351 0.000570311   0.0165644  -0.0105032 -0.00789722 0.000401349   0.0312669 0.0748188 0.0788248   -9.8084 
                 135   1.68275  0.823444 0.0297708 -0.212425   0.20933  0.255083 0 0 0   -0.011 -0.02329 -0.04412  0.0440395 -0.0368971  -0.112867 0.000607778   0.0165933  -0.0104776 -0.00810704 0.000521431   0.0316102 0.0748659 0.0788025   -9.8084 
               135.1    1.14307   0.433644 0.00690178 -0.210031  0.206345  0.242872 0 0 0   -0.011 -0.02329 -0.04412  0.0380898 -0.0379027  -0.125731 0.000619897   0.0165979   -0.010488 -0.00795833 0.000440051   0.0316748 0.0748301  0.078822   -9.8084 
               135.2    0.431899    -0.32344 -0.00703889 -0.208303  0.203391  0.231259 0 0 0   -0.011 -0.02329 -0.04412  0.0292829 -0.0265766  -0.122005 0.000628975   0.0165982   -0.010501 -0.00780544  0.00041025   0.0315363 0.0747961 0.0788263   -9.8084 
             135.301  0.0336688  -0.790838 -0.0471554 -0.208137  0.200628  0.219353 0 0 0   -0.011 -0.02329 -0.04412  0.0104353 -0.0110602  -0.120296 0.000625382   0.0165812  -0.0104921 -0.00765257 0.000486319   0.0315114 0.0747612 0.0788078   -9.8084 
             135.401 -0.0472301  -0.772299 0.00250043 -0.208913  0.204149  0.207017 0 0 0   -0.011 -0.02329 -0.04412 -0.00275714   0.0152632   -0.110718 0.000612676   0.0165269   -0.010512 -0.00752503 0.000198604   0.0316324 0.0747304 0.0788739   -9.8084 
             135.501 -0.132906 -0.577402 0.0141237 -0.207664  0.211211  0.196618 0 0 0   -0.011 -0.02329 -0.04412 -0.00772492   0.0366864   -0.103454 0.000619769   0.0165384  -0.0105046  -0.00767848 -0.000158203    0.0315925 0.0747644  0.078957   -9.8084 
             135.601  0.251193 -0.576635 0.0721772 -0.20402 0.214399 0.186048 0 0 0   -0.011 -0.02329 -0.04412 -0.00675682   0.0354601  -0.0998935 0.000574717   0.0165588  -0.0105076  -0.00803294 -0.000114953    0.0316654 0.0748462 0.0789477   -9.8084 
               135.7   0.92753 -0.572916   0.10539 -0.204924  0.219728  0.175952 0 0 0   -0.011 -0.02329 -0.04412 -0.0157777  0.0338165  -0.093334 0.000594476   0.0165421  -0.0104918 -0.00803844 -0.00024462   0.0317076 0.0748472  0.078977   -9.8084 
               135.8   1.57254 -0.774304   0.14127 -0.204031   0.22054  0.167258 0 0 0   -0.011 -0.02329 -0.04412  -0.022318  0.0138478 -0.0897848 0.000584732    0.016578  -0.0104804  -0.00826553 -0.000114093    0.0316459 0.0748992 0.0789485   -9.8084 
             135.901   2.08886 -0.932551  0.213641 -0.204676  0.217749  0.161216 0 0 0   -0.011 -0.02329 -0.04412 -0.0317676 -0.0132242 -0.0789991 0.000584228   0.0165518  -0.0104832 -0.00842532 0.000110721   0.0313098 0.0749346 0.0788973   -9.8084 
                 136  1.95123 -1.14761 0.264852 -0.218102  0.218185  0.149226 0 0 0   -0.011 -0.02329 -0.04412 -0.0693845 -0.0271618   -0.08815 0.000630404   0.0165283   -0.010492  -0.00770886 -9.16089e-05    0.0317602 0.0747746 0.0789443   -9.8084 
             136.101  1.66822 -1.02825  0.27327 -0.228805   0.21592  0.139665 0 0 0   -0.011 -0.02329 -0.04412 -0.0834027  -0.037875 -0.0843851 0.000637161    0.016485  -0.0104835 -0.00744668  -0.0001634   0.0318517 0.0747159 0.0789605   -9.8084 
             136.201   1.23531 -0.170069  0.328974 -0.234882  0.204282  0.134807 0 0 0   -0.011 -0.02329 -0.04412  -0.067805 -0.0627467 -0.0725726 0.000644673   0.0164869  -0.0105019 -0.00758008  0.00038328   0.0314801 0.0747459  0.078832   -9.8084 
             136.301 0.877316  1.24156 0.266192 -0.235502  0.200967  0.129878 0 0 0   -0.011 -0.02329 -0.04412 -0.0235467 -0.0503081 -0.0621038  0.0006273  0.0164695 -0.0104571 -0.00793432 0.000164369   0.0312612 0.0748221 0.0788803   -9.8084 
             136.401 0.157906  2.36451  0.24835 -0.230645  0.201858  0.121402 0 0 0   -0.011 -0.02329 -0.04412  0.0289647 -0.0249242 -0.0669992 0.000643319   0.0164678  -0.0104442  -0.00837428 -0.000219371    0.0315421 0.0749164 0.0789725   -9.8084 
             136.501 -0.28444  2.45328 0.262966 -0.224832  0.203722   0.11425 0 0 0   -0.011 -0.02329 -0.04412   0.0619906 -0.00224819   -0.072894  0.0006279  0.0165191 -0.0104558  -0.00848482 -0.000513543    0.0315624 0.0749385  0.079039   -9.8084 
               136.6 -0.187068   1.74474  0.199857 -0.218205  0.202532   0.10864 0 0 0   -0.011 -0.02329 -0.04412  0.0738189 0.00217748 -0.0639248 0.00060447  0.0165468 -0.0104352  -0.00843748 -0.000407853    0.0313569 0.0749349 0.0790163   -9.8084 
             136.701 0.159606 0.447682 0.225632 -0.212269   0.20409  0.100647 0 0 0   -0.011 -0.02329 -0.04412  0.072906 0.0121832 -0.079424 0.000607178    0.016578  -0.0104319  -0.00832068 -0.000478118    0.0315132 0.0749033 0.0790292   -9.8084 
             136.801  0.532596 -0.971669  0.256123   -0.2088  0.202843 0.0917764 0 0 0   -0.011 -0.02329 -0.04412  0.0464844 0.00498346 -0.0803094 0.00060235  0.0165713 -0.0104388   -0.0080989 -0.000282737    0.0316506 0.0748522  0.078983   -9.8084 
             136.901  0.67566 -1.93472 0.325558  -0.21231  0.195889 0.0859894 0 0 0   -0.011 -0.02329 -0.04412  0.0105439 -0.0120296 -0.0628896 0.000600571   0.0165469  -0.0104766 -0.00754181 0.000281454   0.0314708 0.0747368  0.078857   -9.8084 
             137.001  0.72857 -1.93007 0.329971 -0.219274  0.189157 0.0819234 0 0 0   -0.011 -0.02329 -0.04412 -0.0228228 -0.0194371 -0.0458378 0.000606964   0.0165117  -0.0104497 -0.00699401 0.000708431   0.0313188 0.0746201 0.0787604   -9.8084 
             137.101  0.090857 -0.633443  0.413254   -0.2197  0.190852 0.0758722 0 0 0   -0.011 -0.02329 -0.04412   -0.014882 0.000940903  -0.0448574 0.000646372   0.0164186  -0.0104508 -0.00713629 0.000485417   0.0314904 0.0746519 0.0788098   -9.8084 
             137.201 -0.550991  0.534376  0.598084 -0.213827  0.193857 0.0702451 0 0 0   -0.011 -0.02329 -0.04412 0.00826503   0.019091 -0.0510433 0.000654032   0.0164472  -0.0104879 -0.00765611  0.00031242   0.0316402 0.0747655 0.0788514   -9.8084 
               137.3 -0.890265   1.31479  0.582509 -0.208917  0.201193 0.0633594 0 0 0   -0.011 -0.02329 -0.04412 0.0352349  0.048267 -0.068162 0.000640829   0.0164107   -0.010449  -0.00787163 -3.14465e-06    0.0317661 0.0748103 0.0789208   -9.8084 
             137.401 -0.634348  0.619158  0.612629 -0.202306  0.212618 0.0559913 0 0 0   -0.011 -0.02329 -0.04412  0.0456649  0.0671666 -0.0813103 0.000602264   0.0165031  -0.0104363  -0.00810025 -0.000471236    0.0317563 0.0748547 0.0790244   -9.8084 
               137.5  0.160437 -0.516261   0.69362  -0.19836   0.22001 0.0480249 0 0 0   -0.011 -0.02329 -0.04412  0.0331304  0.0622863 -0.0851009 0.000566399   0.0165502   -0.010438  -0.00811646 -0.000530114    0.0317224 0.0748579 0.0790378   -9.8084 
               137.6  1.26544 -1.64703 0.798724 -0.204669  0.216775 0.0391377 0 0 0   -0.011 -0.02329 -0.04412 -0.0140822  0.0183299 -0.0883287 0.000563176   0.0165089  -0.0104467 -0.00745809 8.16639e-05   0.0317732 0.0747243 0.0788976   -9.8084 
             137.701  2.31638 -2.15934 0.885717 -0.210224  0.212176 0.0305301 0 0 0   -0.011 -0.02329 -0.04412 -0.0400308 -0.0218985 -0.0838617 0.000580518   0.0165232  -0.0104505 -0.00722433 0.000468893   0.0317423 0.0746798  0.078812   -9.8084 
               137.8   2.1935 -1.43977 0.946238  -0.21843  0.203837 0.0219614 0 0 0   -0.011 -0.02329 -0.04412 -0.0556648 -0.0561504 -0.0706629 0.00063335  0.0164337 -0.0104213 -0.00693146 0.000810785   0.0318479 0.0746242 0.0787356   -9.8084 
             137.901   1.41071 -0.026718   1.14725 -0.224104  0.196541 0.0172577 0 0 0   -0.011 -0.02329 -0.04412 -0.0417625  -0.064607 -0.0525822 0.000657164   0.0164053  -0.0104607  -0.0068844 0.000875941    0.031644 0.0746118 0.0787178   -9.8084 
             138.001 -0.0332743    1.62131    1.17743 -0.222747  0.194236 0.0124985 0 0 0   -0.011 -0.02329 -0.04412 -0.00448276  -0.0422043  -0.0568223 0.000696619   0.0163772  -0.0104365  -0.0072263 0.000625231   0.0315983 0.0746787 0.0787758   -9.8084 
             138.101 -1.13082   2.5842   1.0597  -0.207404   0.201463 0.00684256 0 0 0   -0.011 -0.02329 -0.04412  0.0613767 0.00421634 -0.0653235 0.00067566   0.016402 -0.0104007  -0.00833054 -9.63181e-05    0.0315529 0.0748975 0.0789488   -9.8084 
             138.201 -1.53214  2.13444 0.966467   -0.199778    0.213896 -0.00189646 0 0 0   -0.011 -0.02329 -0.04412  0.0654152  0.0510668 -0.0698087 0.000641957   0.0164681  -0.0103908  -0.00845759 -0.000905706    0.0318114  0.074903 0.0791197  -9.80839 
             138.301  -0.666748 0.00394509   0.951264   -0.196341    0.222144 -0.00999375 0 0 0   -0.011 -0.02329 -0.04412  0.0509497  0.0650177 -0.0731929 0.000602864   0.0165438  -0.0104029 -0.00825406 -0.00111998   0.0319126 0.0748531 0.0791582  -9.80839 
               138.4   1.1299 -1.96057 0.948553  -0.202157   0.223085 -0.0126855 0 0 0   -0.011 -0.02329 -0.04412  0.0152231  0.0253162 -0.0304969 0.000551961   0.0165498  -0.0104108  -0.00748844 -0.000801861     0.031556 0.0747097 0.0790852   -9.8084 
             138.501 2.63554 -2.6097 1.08463  -0.208869   0.211481 -0.0138526 0 0 0   -0.011 -0.02329 -0.04412  -0.0152409  -0.0407264 -0.00297187 0.000553737   0.0164731  -0.0104482 -0.00674973 6.88313e-05   0.0316687 0.0745724 0.0788889   -9.8084 
               138.6  3.08779 -1.72415  1.52897  -0.209575   0.204676 -0.0130707 0 0 0   -0.011 -0.02329 -0.04412 -0.0188788 -0.0592988 -0.0141545 0.000619487   0.0164185  -0.0104635 -0.00683693 0.000238276   0.0314922 0.0745916 0.0788552   -9.8084 
               138.7   2.05605 -0.901342   1.19125  -0.210339   0.199429 -0.0149338 0 0 0   -0.011 -0.02329 -0.04412 0.00975936 -0.0294854 0.00734709 0.000687363   0.0164143  -0.0104308 -0.00684677 0.000235502   0.0315697 0.0745951 0.0788574   -9.8084 
             138.801   1.19641  0.255282 0.0890408  -0.204503   0.197626 -0.0150556 0 0 0   -0.011 -0.02329 -0.04412  0.00715002 0.000402422 -0.00407184 0.000668007   0.0163747   -0.010377 -0.00726077 0.000294866   0.0316006 0.0746816 0.0788545   -9.8084 
             138.901 0.554564 0.732316 -0.34544  -0.195291    0.20575 -0.0201874 0 0 0   -0.011 -0.02329 -0.04412  0.0253963 0.00518335 -0.0221144 0.000655023    0.016423  -0.0104019  -0.00793714 -0.000276398    0.0321923  0.074816 0.0789961   -9.8084 
             139.001 -0.108982  0.808247 -0.202854 -0.196749  0.210634 -0.022972 0 0 0   -0.011 -0.02329 -0.04412  0.0114999   0.014461 -0.0262217 0.000668037   0.0164064  -0.0104297  -0.00763239 -0.000621213    0.0322272 0.0747494 0.0790629   -9.8084 
             139.101 0.0336353  0.708874 -0.107288  -0.198526   0.210985 -0.0234471 0 0 0   -0.011 -0.02329 -0.04412 0.00917738 0.00750414 -0.0202837 0.000636747   0.0163892  -0.0104201 -0.00738923 -0.00058832   0.0319795 0.0747022  0.079054   -9.8084 
               139.2   0.470925   0.432509 -0.0527371   -0.19538   0.215159 -0.0236594 0 0 0   -0.011 -0.02329 -0.04412  0.0121533  0.0162503 -0.0129782 0.000616449   0.0164215  -0.0104201  -0.00756295 -0.000820985    0.0317584 0.0747398 0.0791028   -9.8084 
               139.3   0.701404   0.405385 -0.0511711 -0.196045  0.213762 -0.019899 0 0 0   -0.011 -0.02329 -0.04412 0.00787839 0.00785185  0.0045125 0.000624091   0.0163984  -0.0104111   -0.0073979 -0.000614018    0.0312128 0.0747144 0.0790649   -9.8084 
               139.4    1.13531   0.284752 -0.0841268  -0.200507   0.203523 -0.0169635 0 0 0   -0.011 -0.02329 -0.04412 -0.00179896  -0.0155526  0.00914571 0.000625186   0.0163886  -0.0104079 -0.00700493 0.000214439   0.0309351 0.0746389 0.0788999   -9.8084 
             139.501   1.33235 0.0593717 -0.137134  -0.199891   0.199277 -0.0164814 0 0 0   -0.011 -0.02329 -0.04412 0.00110342 -0.0070351 0.00309059 0.000643508   0.0163964  -0.0103973 -0.00705949  0.00049179   0.0309437 0.0746496 0.0788443   -9.8084 
             139.601   0.71721  0.208545 -0.102577  -0.199127   0.203472 -0.0188577 0 0 0   -0.011 -0.02329 -0.04412 -0.00132517  -0.0112096 -0.00450214 0.000678777   0.0163663  -0.0104209 -0.00710591 8.78284e-05   0.0312604 0.0746565 0.0789261   -9.8084 
             139.701   0.228521   0.344898 -0.0176971  -0.204184   0.204852 -0.0217941 0 0 0   -0.011 -0.02329 -0.04412  -0.0101849 0.000154017  -0.0164887 0.000679915   0.0163311  -0.0103848  -0.00670435 -4.69133e-05    0.0314999 0.0745753 0.0789542   -9.8084 
             139.801 0.117358 0.332266 0.106174  -0.200671   0.210406 -0.0205314 0 0 0   -0.011 -0.02329 -0.04412 -0.000638069   0.00852565  -0.00929412 0.000658691   0.0163571    -0.01042  -0.00704964 -0.000477739    0.0311753 0.0746457 0.0790392   -9.8084 
             139.901 0.155204  0.56382 0.130733  -0.197769   0.214044 -0.0202882 0 0 0   -0.011 -0.02329 -0.04412  0.00217421   0.0131667 -0.00297735 0.000645377   0.0163332  -0.0103969  -0.00730569 -0.000704743    0.0310717 0.0746967 0.0790847   -9.8084 
             140.001 0.468143 0.369788 0.165266  -0.200015    0.21233 -0.0193625 0 0 0   -0.011 -0.02329 -0.04412  0.00185438  0.00613922 -0.00233978 0.000641519   0.0163538  -0.0104048   -0.0070961 -0.000464301    0.0309307 0.0746572 0.0790377   -9.8084 
             140.101 0.728116 0.271802 0.201074  -0.200986   0.205032 -0.0190089 0 0 0   -0.011 -0.02329 -0.04412  -0.00418909   -0.0110574 -0.000389772 0.000650505   0.0163238  -0.0104293 -0.00701479 0.000128671   0.0308763 0.0746436 0.0789214   -9.8084 
             140.201  0.945768  0.192888 0.0433692  -0.194507   0.204973 -0.0195429 0 0 0   -0.011 -0.02329 -0.04412 0.00333741 -0.0229553  0.0432682 0.000646887   0.0163423  -0.0103775 -0.00740147 6.67453e-05    0.030858 0.0747191 0.0789351   -9.8084 
             140.301 0.850986 0.825942 0.051845   -0.19442   0.206476 -0.0150909 0 0 0   -0.011 -0.02329 -0.04412 0.0089652 0.0079022 0.0218898 0.000665939   0.0163246  -0.0104069  -0.00732084 -0.000140136    0.0305379 0.0747051 0.0789753   -9.8084 
             140.401  0.866829  0.897365 0.0583147  -0.197113   0.204836 -0.0179004 0 0 0   -0.011 -0.02329 -0.04412  0.00293791  -0.0100572 -0.00378403 0.000683496   0.0162965   -0.010407  -0.00701672 -2.62926e-05     0.030977 0.0746423 0.0789528   -9.8084 
             140.501  0.912267  0.875963 0.0125808  -0.196755   0.203515 -0.0178686 0 0 0   -0.011 -0.02329 -0.04412  0.00092041 -0.00715077  0.00767508 0.000679791   0.0163212  -0.0103779 -0.00704008  6.1367e-05   0.0310547 0.0746461 0.0789361   -9.8084 
             140.601  0.814188  0.795538 0.0265109  -0.195813   0.204221 -0.0184759 0 0 0   -0.011 -0.02329 -0.04412   0.00156168 -0.000235529   0.00184892 0.000675215   0.0163502  -0.0103871  -0.00711445 -6.26067e-05    0.0311969  0.074658 0.0789607   -9.8084 
             140.701  0.908498  0.848603 0.0463493  -0.199116   0.202239 -0.0183793 0 0 0   -0.011 -0.02329 -0.04412 -0.00815515  -0.0108989 0.000696923 0.000677957   0.0163168   -0.010395 -0.00684379 7.02936e-05   0.0312047 0.0746063 0.0789345   -9.8084 
             140.801  0.889118  0.882923 0.0596593  -0.201063   0.200833 -0.0198846 0 0 0   -0.011 -0.02329 -0.04412  -0.0110885 -0.00981341 -0.00614941 0.000674518   0.0162909  -0.0104002 -0.00675493 0.000120765   0.0313616  0.074587 0.0789251   -9.8084 
               140.9  0.848017  0.812505 0.0602352  -0.196875   0.206437 -0.0210416 0 0 0   -0.011 -0.02329 -0.04412  0.00325626   0.0100025 -0.00902813 0.00068619  0.0163223 -0.0103983 -0.00716693  -0.0003796   0.0314117 0.0746636 0.0790217   -9.8084 
             140.995  0.872225   0.83093 0.0370502  -0.195206   0.208242 -0.0211107 0 0 0   -0.011 -0.02329 -0.04412  0.00668419   0.0107197 -0.00722734 0.000689882   0.0163078  -0.0103837  -0.00726551 -0.000440407     0.031308 0.0746838 0.0790332   -9.8084 
             141.101      0.889    0.87106 0.00569515 -0.199503  0.202793 -0.019986 0 0 0   -0.011 -0.02329 -0.04412 -0.00682445 -0.00781452 -0.00258953 0.000674162   0.0162844   -0.010365 -0.00688719 3.91476e-05   0.0311138 0.0746163 0.0789408   -9.8084 
             141.201  0.877605  0.848515 0.0208743  -0.197927   0.200258 -0.0194382 0 0 0   -0.011 -0.02329 -0.04412 -0.00083414  -0.0118192 -0.00159659 0.000675509   0.0162887  -0.0103716 -0.00705145 0.000169088   0.0310122 0.0746491 0.0789164   -9.8084 
             141.301   0.881255   0.822762 0.00576102  -0.198701   0.201023 -0.0200942 0 0 0   -0.011 -0.02329 -0.04412 -0.00369333 -0.00644695 -0.00464887 0.000679185   0.0162982   -0.010361 -0.00700324 2.32948e-05   0.0310623 0.0746389 0.0789439   -9.8084 
             141.401   0.87341  0.849992 0.0503404  -0.198655    0.20079 -0.0202221 0 0 0   -0.011 -0.02329 -0.04412 -0.00251437 -0.00564857 -0.00477187 0.000688318   0.0162761  -0.0103839  -0.00702915 -6.80745e-06    0.0310205 0.0746443 0.0789495   -9.8084 
             141.501 0.899376 0.858643 0.044554  -0.200297   0.200856 -0.0190509 0 0 0   -0.011 -0.02329 -0.04412  -0.00657642  -0.00435101 -0.000678129 0.000673727   0.0162667    -0.01038   -0.0069188 -5.82538e-05    0.0308453 0.0746263 0.0789583   -9.8084 
               141.6    0.875503    0.829094 -0.00703531  -0.196434   0.202517 -0.0210029 0 0 0   -0.011 -0.02329 -0.04412  0.00551564  0.00180008 -0.00833783 0.000687126   0.0162764  -0.0103498  -0.00726559 -0.000207362     0.031029 0.0746877 0.0789874   -9.8084 
             141.701    0.8696  0.838149 0.0243117  -0.198092    0.20296 -0.0214131 0 0 0   -0.011 -0.02329 -0.04412 -0.00125596  0.00265209 -0.00832815 0.000692837   0.0162647  -0.0103647   -0.0070947 -0.000228254     0.030984 0.0746567 0.0789908   -9.8084 
             141.801   0.88027  0.871797 0.0833701  -0.201131   0.201602 -0.0195853 0 0 0   -0.011 -0.02329 -0.04412  -0.00916252  -0.00206874 -0.000737555 0.000688436   0.0162388  -0.0103939 -0.00686045 -0.00011503   0.0307014 0.0746178 0.0789685   -9.8084 
             141.901   0.876601    0.82572 0.00901525  -0.198002   0.199931 -0.0202138 0 0 0   -0.011 -0.02329 -0.04412  0.00166512 -0.00643024 -0.00339265 0.000691481   0.0162606  -0.0103514 -0.00717231 -2.9078e-06   0.0307413 0.0746748 0.0789486   -9.8084 
             142.001 0.890416 0.832674  0.04447  -0.197637   0.207157 -0.0213047 0 0 0   -0.011 -0.02329 -0.04412  0.00171895   0.0158061 -0.00700218 0.000684066   0.0162497   -0.010368  -0.00718773 -0.000590219    0.0308264 0.0746751 0.0790567   -9.8084 
               142.1  0.886593  0.850045 0.0888161  -0.198215   0.207445 -0.0195405 0 0 0   -0.011 -0.02329 -0.04412 -0.000134585    0.0121103  1.58835e-05 0.00068824  0.0162315 -0.0103883  -0.00712312 -0.000500162     0.030558 0.0746674 0.0790394   -9.8084 
               142.2  0.893317  0.844554 0.0275691  -0.195214   0.206101 -0.0196523 0 0 0   -0.011 -0.02329 -0.04412 0.00831458 0.00491507 -0.0014561 0.000686214   0.0162321   -0.010354  -0.00735566 -0.000309985    0.0305528 0.0747103 0.0790052   -9.8084 
             142.301   0.88279  0.814553 0.0348189  -0.195029   0.203582 -0.0213844 0 0 0   -0.011 -0.02329 -0.04412   0.0056357 -0.00352575 -0.00789376 0.000693871   0.0162404  -0.0103577  -0.00731162 -8.26725e-05    0.0307128 0.0747005 0.0789643   -9.8084 
               142.4  0.899512  0.848603 0.0863772  -0.198359   0.202631 -0.0210797 0 0 0   -0.011 -0.02329 -0.04412 -0.00552869  -0.0055733 -0.00574872 0.00068838  0.0162153 -0.0103833  -0.00700913 -4.43626e-05     0.030601 0.0746475 0.0789563   -9.8084 
               142.5  0.878846  0.856752 0.0192983  -0.202088    0.20035 -0.0208085 0 0 0   -0.011 -0.02329 -0.04412 -0.0146488 -0.0103379 -0.0042644 0.00070107  0.0162053 -0.0103463 -0.00676253 8.17537e-05   0.0305106 0.0746047 0.0789326   -9.8084 
             142.601   0.875615   0.825559 -0.0146665  -0.200695   0.199324 -0.0208923 0 0 0   -0.011 -0.02329 -0.04412 -0.00717909  -0.0102634 -0.00428584 0.00070418  0.0162166 -0.0103265 -0.00698114  8.0061e-05   0.0304597 0.0746446 0.0789333   -9.8084 
               142.7  0.884291   0.84081 0.0477642  -0.198696   0.202619 -0.0206161 0 0 0   -0.011 -0.02329 -0.04412 0.000310915  0.00215249 -0.00282413 0.000700646   0.0162016   -0.010358 -0.00718699  -0.0002414   0.0303762 0.0746819 0.0789911   -9.8084 
             142.801  0.894154  0.860865 0.0541161  -0.200019    0.20353 -0.0196749 0 0 0   -0.011 -0.02329 -0.04412 -0.00290625  0.00386466 0.000233312 0.000698352   0.0161831  -0.0103575  -0.00707653 -0.000298321    0.0302461  0.074664 0.0790007   -9.8084 
               142.9    0.8921  0.863769 0.0730095   -0.20034   0.202027 -0.0188928 0 0 0   -0.011 -0.02329 -0.04412 -0.00251279 -0.00145517  0.00153621 0.000701073   0.0161749  -0.0103666   -0.0070716 -0.000160584    0.0301562 0.0746646 0.0789759   -9.8084 
             143.001   0.895745   0.809208 -0.0139222  -0.198079   0.201643 -0.0208566 0 0 0   -0.011 -0.02329 -0.04412  0.00376565 -0.00245515 -0.00677993 0.000701199   0.0161996  -0.0103168  -0.00727316 -0.000140928    0.0303644 0.0746974 0.0789735   -9.8084 
             143.101  0.876019  0.844372 0.0280289   -0.19858   0.204998 -0.0200773 0 0 0   -0.011 -0.02329 -0.04412  0.00129738  0.00809837 -0.00326444 0.000713618   0.0161732  -0.0103385  -0.00720194 -0.000412824    0.0302107 0.0746864 0.0790209   -9.8084 
               143.2   0.904046   0.851079 0.00407887  -0.200266   0.200706 -0.0200024 0 0 0   -0.011 -0.02329 -0.04412 -0.00394127 -0.00671685 -0.00316045 0.000699962   0.0161635  -0.0103253  -0.00706114 -3.76447e-05     0.030157 0.0746632 0.0789544   -9.8084 
               143.3   0.87959  0.845255 0.0296309  -0.199498   0.205171 -0.0198572 0 0 0   -0.011 -0.02329 -0.04412 -0.000937787   0.00814428  -0.00290013 0.000715467   0.0161605  -0.0103371  -0.00714993 -0.000421861    0.0301051 0.0746787 0.0790219   -9.8084 
             143.401  0.880044  0.846009 0.0530261  -0.199926   0.206537 -0.0207011 0 0 0   -0.011 -0.02329 -0.04412  -0.0023347  0.00978717 -0.00599314 0.000715277   0.0161539   -0.010348  -0.00712605 -0.000464204    0.0301594 0.0746737 0.0790294   -9.8084 
             143.501    0.894146    0.847322 -0.00213398 -0.202415  0.203778 -0.020344 0 0 0   -0.011 -0.02329 -0.04412  -0.00883677 -0.000758179  -0.00440889 0.00070889  0.0161484 -0.0103172   -0.0069524 -0.000188728    0.0300485 0.0746456 0.0789807   -9.8084 
             143.601  0.893708  0.859489 0.0695529  -0.200638   0.201561 -0.0190834 0 0 0   -0.011 -0.02329 -0.04412  -0.0010006  -0.0067363 5.41738e-05 0.000711893   0.0161372  -0.0103532   -0.0071497 -3.07019e-05    0.0298527 0.0746828 0.0789531   -9.8084 
             143.701  0.887629  0.837686 0.0135671  -0.197413   0.201128 -0.0208723 0 0 0   -0.011 -0.02329 -0.04412  0.00813785 -0.00591529 -0.00724453 0.000716513   0.0161424  -0.0103206  -0.00740666 -4.52572e-05    0.0300226 0.0747248 0.0789566   -9.8084 
               143.8  0.879637  0.837578 0.0272601  -0.197353   0.206464 -0.0208845 0 0 0   -0.011 -0.02329 -0.04412  0.00573299   0.0110294 -0.00606496 0.000723887   0.0161362  -0.0103264  -0.00734963 -0.000481665    0.0299538 0.0747151 0.0790316   -9.8084 
               143.9  0.892908  0.844252 0.0342595  -0.199088   0.206637 -0.0203964 0 0 0   -0.011 -0.02329 -0.04412 -0.00109222  0.00836608 -0.00361998 0.000718912   0.0161263  -0.0103279   -0.0071761 -0.000416127    0.0298388  0.074687 0.0790196   -9.8084 
