... logging to /root/.ros/log/babd6748-82d5-11f1-a8c4-f068e322ab4c/roslaunch-diffbot-3525224.log
Checking log directory for disk usage. This may take a while.
Press Ctrl-C to interrupt
Done checking log file disk usage. Usage is <1GB.
]2;/root/ws/real_planner/src/General-Planner/src/Planner/task_planner/launch/exploration.launch
[1mstarted roslaunch server http://127.0.0.1:45671/[0m

SUMMARY
========

CLEAR PARAMETERS
 * /exploration_node/
 * /perfect_drone/

PARAMETERS
 * /exploration_node/BackupMaxAcc: 15.0
 * /exploration_node/BackupMaxStartTime: 2.4
 * /exploration_node/BackupMaxVel: 10.0
 * /exploration_node/BackupMinStartTime: 1.3
 * /exploration_node/BackupPieceNum: 2
 * /exploration_node/BackupSampleDt: 0.06
 * /exploration_node/BackupSearchMargin: 5.5
 * /exploration_node/BackupStartRatio: 0.55
 * /exploration_node/BackupTrajEnable: True
 * /exploration_node/BrakeAccel: 12.0
 * /exploration_node/ChiVec: [200000.0, 20000....
 * /exploration_node/CommitBackupTimeBuffer: 0.18
 * /exploration_node/CommitKnownFreeSafeDistance: 0.45
 * /exploration_node/CommitMaxDuration: 2.3
 * /exploration_node/CommitMinDuration: 0.5
 * /exploration_node/CommitSampleDt: 0.05
 * /exploration_node/ControlLatency: 0.08
 * /exploration_node/CorridorBoxSearchSkipNum: 2
 * /exploration_node/CorridorCruiseEnable: True
 * /exploration_node/CorridorCruiseForwardWeight: 0.4
 * /exploration_node/CorridorCruiseKnownFreeLength: 18.0
 * /exploration_node/CorridorCruiseLateralPenalty: 14.0
 * /exploration_node/CorridorCruiseMaxBacktrackDistance: 2.0
 * /exploration_node/CorridorCruiseMaxGoalDistance: 45.0
 * /exploration_node/CorridorCruiseMinAlignment: 0.7
 * /exploration_node/CorridorCruiseMinProgress: 4.0
 * /exploration_node/CorridorIrisIterNum: 3
 * /exploration_node/CorridorLineMaxLength: 2.0
 * /exploration_node/CorridorMaxStartShift: 0.45
 * /exploration_node/CorridorMinOverlapThreshold: 0.15
 * /exploration_node/CorridorRobotRadius: 0.45
 * /exploration_node/CorridorUseRogOccPoints: False
 * /exploration_node/CorridorVirtualCeilHeight: 6.4
 * /exploration_node/CorridorVirtualGroundHeight: -0.1
 * /exploration_node/CurvatureMinRadius: 0.8
 * /exploration_node/DilateRadiusHard: 0.45
 * /exploration_node/DilateRadiusSoft: 0.6
 * /exploration_node/DynamicVelocityClearanceMargin: 0.45
 * /exploration_node/DynamicVelocityEnable: False
 * /exploration_node/DynamicVelocityMinClearance: 0.25
 * /exploration_node/DynamicVelocityOpenClearance: 2.2
 * /exploration_node/EdgeBackupPenaltyWeight: 14.0
 * /exploration_node/EdgeKnownFreePenaltyWeight: 0.45
 * /exploration_node/EdgeTurnPenaltyWeight: 1.1
 * /exploration_node/EdgeYawPenaltyWeight: 0.2
 * /exploration_node/EnergyWeight: 0.15
 * /exploration_node/FinishNoFrontierMinCount: 4
 * /exploration_node/FinishNoFrontierMinDuration: 1.5
 * /exploration_node/FinishRecheckAfterGoalReached: True
 * /exploration_node/FinishRequireVehicleSlow: True
 * /exploration_node/FinishSlowSpeed: 0.5
 * /exploration_node/FrontierManager/boundary_ignore_cells: 1
 * /exploration_node/FrontierManager/cell_size: 0.6
 * /exploration_node/FrontierManager/cluster_direction_radius: 0.0
 * /exploration_node/FrontierManager/cluster_match_radius: 3.0
 * /exploration_node/FrontierManager/cluster_max_fov_edge_ratio: 0.65
 * /exploration_node/FrontierManager/cluster_max_gap_ratio: 0.85
 * /exploration_node/FrontierManager/cluster_max_size: 14.0
 * /exploration_node/FrontierManager/cluster_min_observation_frames: 2
 * /exploration_node/FrontierManager/cluster_min_radius: 2.0
 * /exploration_node/FrontierManager/cluster_min_size: 4.0
 * /exploration_node/FrontierManager/cluster_minmum_point_num: 10
 * /exploration_node/FrontierManager/good_observation_direction_score: 0.65
 * /exploration_node/FrontierManager/good_observation_force_trust_length: 7.0
 * /exploration_node/FrontierManager/good_observation_trust_length: 28.0
 * /exploration_node/FrontierManager/noise_cell_range: 1
 * /exploration_node/FrontierManager/update_length: 36.0
 * /exploration_node/FrontierManager/view_cluster: False
 * /exploration_node/FrontierManager/view_frt: False
 * /exploration_node/GeneralCorridorEnable: True
 * /exploration_node/GoalKeepCostRatio: 1.35
 * /exploration_node/GoalLockEnable: True
 * /exploration_node/GoalLockMatchRadius: 1.0
 * /exploration_node/GoalReachedRadius: 0.35
 * /exploration_node/GoalSwitchHighSpeedMultiplier: 1.8
 * /exploration_node/GoalSwitchMinImprovement: 2.0
 * /exploration_node/GoalSwitchMinInterval: 1.2
 * /exploration_node/GravAcc: 9.8
 * /exploration_node/HighSpeedModeExitThreshold: 3.0
 * /exploration_node/HighSpeedModeThreshold: 5.0
 * /exploration_node/HorizDrag: 0.7
 * /exploration_node/IntegralIntervs: 40
 * /exploration_node/KnownFreeLongLength: 18.0
 * /exploration_node/KnownFreeMediumLength: 10.0
 * /exploration_node/KnownFreeShortLength: 4.0
 * /exploration_node/MaxAccMag: 10.0
 * /exploration_node/MaxCorridorSize: 7.0
 * /exploration_node/MaxThrust: 55.0
 * /exploration_node/MaxTiltAngle: 1.1
 * /exploration_node/MaxVelMag: 5.0
 * /exploration_node/MinSegmentVel: 1.5
 * /exploration_node/MinThrust: 6.0
 * /exploration_node/NonstopTerminalMaxTurnAngle: 0.65
 * /exploration_node/NonstopTerminalMaxYawDelta: 1.0
 * /exploration_node/NonstopTerminalMinPathLength: 8.0
 * /exploration_node/NonstopTerminalVelocityEnable: False
 * /exploration_node/NonstopTerminalVelocityRatio: 0.7
 * /exploration_node/OpenSegmentVel: 10.0
 * /exploration_node/ParasDrag: 0.01
 * /exploration_node/PlannerLatency: 0.12
 * /exploration_node/RelCostTol: 1e-06
 * /exploration_node/ReorientationHeadingAngle: 1.75
 * /exploration_node/ReplanCommitDelay: 0.45
 * /exploration_node/RogKnownFreeFallbackToLio: True
 * /exploration_node/RogMapConfigPath: /root/ws/real_pla...
 * /exploration_node/RogMapEnable: True
 * /exploration_node/SafetyBrakeMargin: 0.8
 * /exploration_node/SafetyClearanceTolerance: 0.02
 * /exploration_node/SafetyMapQueryStep: 0.2
 * /exploration_node/SafetyMapUnknownAllowedForExplore: True
 * /exploration_node/SafetyMapUnknownAsOccupiedForBackup: True
 * /exploration_node/SafetyMapUnknownAsOccupiedForCommit: True
 * /exploration_node/SmoothingEps: 0.015
 * /exploration_node/SpeedEps: 0.0001
 * /exploration_node/TrajectoryRetryMinVel: 1.0
 * /exploration_node/TurnHardAngle: 1.05
 * /exploration_node/TurnHardVelocity: 2.0
 * /exploration_node/TurnLateralAcceleration: 5.0
 * /exploration_node/TurnSoftAngle: 0.35
 * /exploration_node/TurnSoftVelocity: 7.0
 * /exploration_node/TurnVelocityEnable: True
 * /exploration_node/VehicleMass: 1.9
 * /exploration_node/VelocityLogEnable: True
 * /exploration_node/VelocityLongKnownFree: 6.0
 * /exploration_node/VelocityMediumKnownFree: 4.0
 * /exploration_node/VelocityShortKnownFree: 2.0
 * /exploration_node/VertDrag: 0.8
 * /exploration_node/ViewScoreBackupPenalty: 8.0
 * /exploration_node/ViewScoreClearanceWeight: 0.45
 * /exploration_node/ViewScoreGainWeight: 1.0
 * /exploration_node/ViewScoreHardGateEnable: True
 * /exploration_node/ViewScoreHardGateMaxTurnAngle: 1.4
 * /exploration_node/ViewScoreHardGateMaxYawDelta: 1.6
 * /exploration_node/ViewScoreHardGateMinClearance: 0.45
 * /exploration_node/ViewScoreHardGateMinKnownFreeRatio: 1.0
 * /exploration_node/ViewScoreKnownFreeMaxLen: 25.0
 * /exploration_node/ViewScoreKnownFreeWeight: 0.2
 * /exploration_node/ViewScoreProgressWeight: 0.12
 * /exploration_node/ViewScoreTopCandidateNum: 2
 * /exploration_node/ViewScoreTurnWeight: 1.35
 * /exploration_node/ViewScoreVelocityAlignWeight: 2.0
 * /exploration_node/ViewScoreYawWeight: 0.25
 * /exploration_node/ViewpointManager/consider_range: 20
 * /exploration_node/ViewpointManager/global_recluster_size: 36
 * /exploration_node/ViewpointManager/local_tsp_size: 10
 * /exploration_node/ViewpointManager/sample_pillar_circle_sample_num: 8
 * /exploration_node/ViewpointManager/sample_pillar_height_layer_num: 5
 * /exploration_node/ViewpointManager/sample_pillar_max_height: 1.8
 * /exploration_node/ViewpointManager/sample_pillar_max_radius: 5.2
 * /exploration_node/ViewpointManager/sample_pillar_min_height: -1.2
 * /exploration_node/ViewpointManager/sample_pillar_min_radius: 1.2
 * /exploration_node/ViewpointManager/sample_pillar_radius_layer_num: 5
 * /exploration_node/ViewpointManager/top_candidate_num: 2
 * /exploration_node/ViewpointManager/view_direction_range: 140.0
 * /exploration_node/WeightSafeT: 260.0
 * /exploration_node/WeightT: 1500.0
 * /exploration_node/box_0/down: [-20.0, -20.0, -0.2]
 * /exploration_node/box_0/up: [20.0, 20.2, 3.8]
 * /exploration_node/box_1/down: [-9.5, -9.5, 2.8]
 * /exploration_node/box_1/up: [9.5, 9.5, 6.4]
 * /exploration_node/box_num: 2
 * /exploration_node/bubble_astar/allocate_num: 1000000
 * /exploration_node/bubble_astar/debug: False
 * /exploration_node/bubble_astar/lambda_heu: 100.0
 * /exploration_node/bubble_astar/resolution_astar: 0.25
 * /exploration_node/bubble_astar/safe_distance: 0.45
 * /exploration_node/bubble_topo/bubble_min_radius: 0.46
 * /exploration_node/bubble_topo/cube_discrete_size: 0.3
 * /exploration_node/bubble_topo/frontier_bubble_min_radius: 0.46
 * /exploration_node/bubble_topo/init_region_size_x: 4.0
 * /exploration_node/bubble_topo/init_region_size_y: 4.0
 * /exploration_node/bubble_topo/init_region_size_z: 2.0
 * /exploration_node/bubble_topo/min_x: 0.35
 * /exploration_node/bubble_topo/min_y: 0.35
 * /exploration_node/bubble_topo/min_z: 0.25
 * /exploration_node/bubble_topo/odom_node_distance: 2.5
 * /exploration_node/cloud_topic: /cloud_registered
 * /exploration_node/coverage_guidance/executable_candidate_bonus: 3.0
 * /exploration_node/coverage_guidance/executable_candidate_enable: True
 * /exploration_node/coverage_guidance/executable_candidate_max_count: 8
 * /exploration_node/coverage_guidance/executable_candidate_max_speed: 0.5
 * /exploration_node/coverage_guidance/executable_empty_min_count: 4
 * /exploration_node/coverage_guidance/executable_empty_min_duration: 1.5
 * /exploration_node/coverage_guidance/fine_cell_size: 3.6
 * /exploration_node/coverage_guidance/finish_guard_enable: True
 * /exploration_node/coverage_guidance/finish_min_progress_voxels: 12
 * /exploration_node/coverage_guidance/finish_plateau_duration: 20.0
 * /exploration_node/coverage_guidance/full_rank_weight: 12.0
 * /exploration_node/coverage_guidance/macro_cell_size: 10.8
 * /exploration_node/coverage_guidance/max_cp_nodes: 160
 * /exploration_node/coverage_guidance/max_preferred_clusters: 16
 * /exploration_node/coverage_guidance/min_unknown_voxels: 8
 * /exploration_node/coverage_guidance/mode: full
 * /exploration_node/coverage_guidance/near_expand_radius: 36.0
 * /exploration_node/coverage_guidance/rank_penalty_cap: 0.0
 * /exploration_node/coverage_guidance/recovery_max_failure_attempts: 2
 * /exploration_node/coverage_guidance/recovery_max_no_gain_attempts: 2
 * /exploration_node/coverage_guidance/recovery_min_gain_voxels: 12
 * /exploration_node/coverage_guidance/recovery_reached_radius: 1.0
 * /exploration_node/coverage_guidance/recovery_target_cooldown: 45.0
 * /exploration_node/coverage_guidance/recovery_target_match_radius: 1.8
 * /exploration_node/coverage_guidance/recovery_target_timeout: 25.0
 * /exploration_node/coverage_guidance/soft_weight: 3.0
 * /exploration_node/coverage_guidance/stale_timeout: 3.0
 * /exploration_node/coverage_guidance/unknown_edge_penalty: 1.8
 * /exploration_node/coverage_guidance/unknown_first_penalty: 1000.0
 * /exploration_node/coverage_guidance/update_period: 1.0
 * /exploration_node/coverage_guidance/visualization_enable: True
 * /exploration_node/coverage_guidance/voxel_resolution: 0.6
 * /exploration_node/dead_area_num: 0
 * /exploration_node/exploration/original_frontend_compatibility: True
 * /exploration_node/exploration/tsp_dir: /tmp
 * /exploration_node/exploration/use_lkh: True
 * /exploration_node/frontier/candidate_dphi: 0.26
 * /exploration_node/frontier/candidate_znum: 3
 * /exploration_node/fsm/adaptive_tight_path_horizon_enable: True
 * /exploration_node/fsm/auto_trigger: True
 * /exploration_node/fsm/auto_trigger_delay: 2.0
 * /exploration_node/fsm/caution_recovery_retry_interval: 0.75
 * /exploration_node/fsm/caution_stop_retry_interval: 0.8
 * /exploration_node/fsm/cloud_odom_mode: approximate_sync
 * /exploration_node/fsm/cloud_subscriber_queue: 1
 * /exploration_node/fsm/controlled_reorientation_enable: True
 * /exploration_node/fsm/debug_planner: False
 * /exploration_node/fsm/emergency_replan_control_error: 1.5
 * /exploration_node/fsm/global_path_update_min_interval: 0.2
 * /exploration_node/fsm/latest_odom_timeout: 0.5
 * /exploration_node/fsm/max_cloud_age: 0.5
 * /exploration_node/fsm/max_odom_age: 0.5
 * /exploration_node/fsm/odom_subscriber_queue: 50
 * /exploration_node/fsm/path_densify_step: 2.5
 * /exploration_node/fsm/plan_failure_refresh_count: 3
 * /exploration_node/fsm/plan_failure_retry_delay: 0.2
 * /exploration_node/fsm/reorient_exit_speed: 0.45
 * /exploration_node/fsm/reorient_stop_retry_interval: 0.8
 * /exploration_node/fsm/reorient_timeout: 6.0
 * /exploration_node/fsm/replan_time: 0.25
 * /exploration_node/fsm/replan_time_after_traj_start: 0.35
 * /exploration_node/fsm/replan_time_before_traj_end: 1.0
 * /exploration_node/fsm/sync_queue: 20
 * /exploration_node/fsm/thresh_replan: 0.5
 * /exploration_node/fsm/tight_path_min_horizon: 4.0
 * /exploration_node/fsm/tight_path_turn_threshold: 2.5
 * /exploration_node/fsm/trigger_topic: /move_base_simple...
 * /exploration_node/global_planning/candidate_debt_saturation: 3.0
 * /exploration_node/global_planning/candidate_debt_weight: 2.5
 * /exploration_node/global_planning/candidate_future_return_weight: 0.55
 * /exploration_node/global_planning/candidate_gain_saturation: 30.0
 * /exploration_node/global_planning/candidate_information_gain_weight: 2.0
 * /exploration_node/global_planning/candidate_return_cost_cap: 12.0
 * /exploration_node/global_planning/candidate_return_horizon: 4
 * /exploration_node/global_planning/candidate_travel_weight: 1.0
 * /exploration_node/global_planning/candidate_turn_brake_weight: 1.0
 * /exploration_node/global_planning/candidate_wait_saturation: 18.0
 * /exploration_node/global_planning/candidate_wait_weight: 1.5
 * /exploration_node/global_planning/composite_candidate_cost_enable: True
 * /exploration_node/global_planning/epic_simple_cost: False
 * /exploration_node/global_planning/failed_goal_cooldown: 30.0
 * /exploration_node/global_planning/failed_goal_penalty: 2000.0
 * /exploration_node/global_planning/frontier_pass_cooldown: 4.0
 * /exploration_node/global_planning/frontier_pass_debt_increment: 1.0
 * /exploration_node/global_planning/frontier_pass_debt_max: 4.0
 * /exploration_node/global_planning/frontier_pass_exit_margin: 2.0
 * /exploration_node/global_planning/frontier_pass_radius: 10.0
 * /exploration_node/global_planning/w_firstnode: 0.2
 * /exploration_node/global_planning/w_vdir: 0.3
 * /exploration_node/global_planning/w_yawdir: 0.0
 * /exploration_node/lidar_perception/fov_down: -7.0
 * /exploration_node/lidar_perception/fov_up: 52.0
 * /exploration_node/lidar_perception/fov_viewpoint_down: -5.0
 * /exploration_node/lidar_perception/fov_viewpoint_up: 48.0
 * /exploration_node/lidar_perception/lidar_pitch: 40.0
 * /exploration_node/lidar_perception/max_ray_length: 36
 * /exploration_node/maxBdrMag: 10000.0
 * /exploration_node/max_traj_len: 26.0
 * /exploration_node/max_update_region_num: 99999999
 * /exploration_node/odometry_topic: /lidar_slam/odom
 * /exploration_node/parallel_astar/insert_node_timeout: 0.02
 * /exploration_node/parallel_astar/update_connection_timeout: 0.02
 * /exploration_node/view_graph: False
 * /exploration_node/viewpoint_param/global_viewpoint_num: 14
 * /exploration_node/viewpoint_param/local_viewpoint_num: 6
 * /exploration_node/yaw_max_vel: 5.0
 * /exploration_node/yaw_rho_vis: 10000.0
 * /exploration_node/yaw_time_fwd: 2.5
 * /perfect_drone/config_path: /root/ws/real_pla...
 * /rosdistro: noetic
 * /rosversion: 1.17.4
 * /traj_server/heartbeat_timeout: 1.5
 * /traj_server/odometry_topic: /lidar_slam/odom
 * /traj_server/replan_time: 0.25

NODES
  /
    exploration_node (general_planner/exploration_node)
    perfect_drone (perfect_drone_sim/perfect_drone)
    traj_server (general_planner/highspeed_traj_server)
 -- [Fsm-Test] Load config from: /root/ws/real_planner/src/General-Planner/src/Planner/general_planner/config/exploration_sim.yaml
Load config file: /root/ws/real_planner/src/General-Planner/src/Planner/general_planner/config/exploration_sim.yaml
[0;32m Load param mesh_resource success: [0;0mpackage://perfect_drone_sim/meshes/yunque-M.dae
[0;32m Load param cmd_topic success: [0;0m/planning/pos_cmd
[0;32m Load param odom_topic success: [0;0m/lidar_slam/odom
[0;32m Load param pose_topic success: [0;0m/lidar_slam/pose
[0;32m Load param local_pc_topic success: [0;0m/cloud_registered
[0;32m Load param global_pc_topic success: [0;0m/global_pc
[0;33m Load param dynamic_cloud_topic failed, use default value: [0;0m/perfect_drone/dynamic_obstacle_cloud
[0;32m Load param robot_frame_id success: [0;0mperfect_drone
[0;32m Load param init_position/x success: [0;0m-17
[0;32m Load param init_position/y success: [0;0m0
[0;32m Load param init_position/z success: [0;0m2
[0;33m Load param init_roll failed, use default value: [0;0m0
Multi thread started 
max boundary:   20
20.2
 6.4
[0;33m Load param init_pitch failed, use default value: [0;0m0
min boundary:  -20
 -20
-0.2
[0;32m Load param init_yaw success: [0;0m0
[0;32m Load param lidar_pitch success: [0;0m40
[0;32m Load param sensing_rate success: [0;0m10
[0;33m Load param dynamic_cloud_en failed, use default value: [0;0m0
Load config file: /root/ws/real_planner/src/General-Planner/src/Planner/general_planner/config/exploration_sim.yaml
[0;32m Load param sensing_blind success: [0;0m1
[0;32m Load param sensing_horizon success: [0;0m60
[0;32m Load param sensing_rate success: [0;0m10
[0;32m Load param lidar_type success: [0;0m3
[0;32m Load param pcd_name success: [0;0mvilla_extreme_obstacles.pcd
[0;32m Load param is_360lidar success: [0;0m1
[0;32m Load param polar_resolution success: [0;0m0.2
[0;33m Load param fx failed, use default value: [0;0m250
[0;33m Load param fy failed, use default value: [0;0m250
[0;33m Load param line_number failed, use default value: [0;0m64
[0;32m Load param downsample_res success: [0;0m0.1
[0;33m Load param yaw_fov failed, use default value: [0;0m360
[0;32m Load param vertical_fov success: [0;0m90
[0;32m Load param depth_image_en success: [0;0m0
[0;33m Load param inf_point_en failed, use default value: [0;0m0
[0;32m Load param print_time_consumption success: [0;0m0
Load config file: /root/ws/real_planner/src/General-Planner/src/Planner/general_planner/config/exploration_rog_map.yaml
[0;32m Load param rog_map/esdf/resolution success: [0;0m0.15
[0;32m Load param rog_map/esdf/enable success: [0;0m0
[0;32m Load param rog_map/esdf/local_update_box success: [0;0m[12 12 4 ]
[0;32m Load param rog_map/load_pcd_en success: [0;0m0
[0;32m Load param rog_map/map_sliding/enable success: [0;0m1
[0;32m Load param rog_map/map_sliding/threshold success: [0;0m0.3
[0;32m Load param rog_map/fix_map_origin success: [0;0m[0 0 1.5 ]
[0;32m Load param rog_map/frontier_extraction_en success: [0;0m0
[0;32m Load param rog_map/ros_callback/enable success: [0;0m0
[0;33m Load param rog_map/ros_callback/cloud_topic failed, use default value: [0;0m/cloud_registered
[0;33m Load param rog_map/ros_callback/odom_topic failed, use default value: [0;0m/lidar_slam/odom
[0;32m Load param rog_map/ros_callback/odom_timeout success: [0;0m0.1
[0;32m Load param rog_map/visualization/enable success: [0;0m1
[0;33m Load param rog_map/visualization/use_dynamic_reconfigure failed, use default value: [0;0m0
[0;32m Load param rog_map/visualization/pub_unknown_map_en success: [0;0m0
[0;32m Load param rog_map/visualization/frame_id success: [0;0mworld
[0;32m Load param rog_map/visualization/time_rate success: [0;0m1
[0;32m Load param rog_map/visualization/frame_rate success: [0;0m0
[0;32m Load param rog_map/visualization/range success: [0;0m[30 30 5 ]
[0;32m Load param rog_map/resolution success: [0;0m0.15
[0;32m Load param rog_map/inflation_resolution success: [0;0m0.15
[0;32m Load param rog_map/unk_inflation_en success: [0;0m0
[0;32m Load param rog_map/unk_inflation_step success: [0;0m1
[0;32m Load param rog_map/inflation_step success: [0;0m2
[0;32m Load param rog_map/intensity_thresh success: [0;0m-10
[0;32m Load param rog_map/map_size success: [0;0m[72 72 8 ]
[0;32m Load param rog_map/point_filt_num success: [0;0m1
[0;32m Load param rog_map/raycasting/enable success: [0;0m1
[0;32m Load param rog_map/raycasting/batch_update_size success: [0;0m1
[0;32m Load param rog_map/raycasting/unk_thresh success: [0;0m1
[0;32m Load param rog_map/raycasting/p_hit success: [0;0m0.9
[0;32m Load param rog_map/raycasting/p_miss success: [0;0m0.49
[0;32m Load param rog_map/raycasting/p_min success: [0;0m0.12
[0;32m Load param rog_map/raycasting/p_max success: [0;0m0.97
[0;32m Load param rog_map/raycasting/p_occ success: [0;0m0.85
[0;32m Load param rog_map/raycasting/p_free success: [0;0m0.499
[0;32m Load param rog_map/raycasting/p_free success: [0;0m0.499
[0;32m Load param rog_map/raycasting/ray_range success: [0;0m[0.5 60 ]
[0;32m Load param rog_map/raycasting/local_update_box success: [0;0m[70 70 6 ]
[0;32m Load param rog_map/virtual_ground_height success: [0;0m-0.1
[0;32m Load param rog_map/virtual_ceil_height success: [0;0m6.4
[32m -- [RM-Config] inflation_resolution: 0.15[0m
 -- [ROG-Map] Init, resetMapSize: ORIGIN_AT_CORNER.
 -- [ROG-Map] Init, resetMapSize: virtual_ceil_height: 5.925, virtual_ground_height: 0.22499999999999998.
[34m	[ROG] n_free: 1[0m
[34m	[ROG] n_occ: 1[0m
[34m	[ROG] l_hit: 2.19722[0m
[34m	[ROG] l_miss: -0.0400053[0m
[34m	[ROG] l_min: -1.99243[0m
[34m	[ROG] l_max: 3.4761[0m
[34m	[ROG] l_occ: 1.7346[0m
[34m	[ROG] l_free: -0.00399995[0m
[33m -- [Inf-Map] Clear all local map.[0m
[32m -- [CounterMap] Init successfully -- .[0m
[32m	resolution: 0.15[0m
[32m	map_sliding_en: 1[0m
[32m	local_map_size_i: 487 487  59[0m
[32m	local_map_size_d: 73.05 73.05  8.85[0m
[33m -- [Inf-Map] Clear all local map.[0m
[32m -- [InfMap] Init successfully -- .[0m
[32m	resolution: 0.15[0m
[32m	map_sliding_en: 1[0m
[32m	local_map_size_i: 487 487  59[0m
[32m	local_map_size_d: 73.05 73.05  8.85[0m
[ProbMap] virtual_ceil_height: 5.85
[ProbMap] virtual_ground_height: 0.15
[33m -- [Prob-Map] Clear all local map.[0m
[32m -- [ProbMap] Init successfully -- .[0m
[32m	resolution: 0.15[0m
[32m	map_sliding_en: 1[0m
[32m	local_map_size_i: 481 481  53[0m
[32m	local_map_size_d: 72.15 72.15  7.95[0m
[33m -- [Inf-Map] Clear all local map.[0m
GLAD init success
Load shader frome: /root/ws/real_planner/src/General-Planner/src/Planner/mars_uav_sim/marsim_render/config/pattern/360camera.vs
Failed to find match for field 'intensity'.
Now initing the point cloud data: 
Number of points = 279.024X 10000
Load data finish 
========== OpenGL Info ==========
Vendor: NVIDIA Corporation
Renderer: NVIDIA GeForce RTX 5070 Ti/PCIe/SSE2
OpenGL Version: 3.3.0 NVIDIA 580.159.03
GLSL Version: 3.30 NVIDIA via Cg compiler
========== OpenGL Info ==========
[33m[WARN] [1784398992.292065207]: PerfectDrone is waiting for the first odometry snapshot before rendering[0m
[33m[WARN] [1784398993.150587241]: no odom.[0m
[0m[INFO] [1784398992.081272163]: [highspeed_exp adapter] ROG corridor backend initialized: /root/ws/real_planner/src/General-Planner/src/Planner/general_planner/config/exploration_rog_map.yaml[0m
[0m[INFO] [1784398992.134996431]: [frontier storage] compact inline key enabled, bits=7 7 4 bytes=3[0m
[0m[INFO] [1784398992.142877429]: [coverage guidance] mode=full persistent_voxels=54672 resolution=0.6 fine_cell=3.6 macro_cell=10.8 update_period=1s[0m
[0m[INFO] [1784398992.143182842]: [frontend compatibility] original_behavior=1 epic_simple_cost=0 composite_candidate_cost=1 lkh=1 work_dir=/tmp/highspeed_exp_lkh_u0_p3525261[0m
[0m[INFO] [1784398992.148458719]: [exploration trigger] auto=1 nav_goal_topic=/move_base_simple/goal legacy_path_topic=/waypoint_generator/waypoints[0m
[0m[INFO] [1784398992.150392280]: [cloud sync] mode=approximate_sync cloud_topic=/cloud_registered odom_topic=/lidar_slam/odom cloud_queue=1 odom_queue=50 sync_queue=20 max_cloud_age=0.5s independent_odom=1 max_odom_age=0.5s[0m
[0m[INFO] [1784398993.150872522]: [cloud input] mode=approximate_sync points=10049 age=0.0593717s stamp_valid=1[0m
 -- [TIMER] updateMap time consuming [32m 79.445166 ms[0m
[0m[INFO] [1784398993.235083577]: cloud odom callback cost: map update:81.6565ms  update frontier clusters: 2.51863ms  total: 84.1751ms
[0m
[32m[FSM][0m: from INIT to WAIT_TRIGGER
[33m[WARN] [1784398993.264003724]: wait for trigger.[0m
[33m[WARN] [1784398994.273243274]: wait for trigger.[0m
[0m[INFO] [1784398992.291547199]: PerfectDrone LiDAR mount: body pitch 40.000 deg; cloud and odometry use an identical pose timestamp[0m
[0m[INFO] [1784398992.397482465]: Publish local map size: 9572[0m
[0m[INFO] [1784398993.496397546]: Publish local map size: 9907[0m
 -- [MARSIM] Running FPS: 218.214
[0m[INFO] [1784398993.238797199]: [coverage guidance] plan valid=1 map_v=1 frontier_v=1 zones(f/u)=4/264 observed=1660/35519 coverage=0.0467 voxels(f/o/u)=27/1633/0 active=1 reachable_unknown=158 route_nodes=160 preferred=1 cost=3.7ms[0m
 -- [TIMER] updateMap time consuming [32m 17.830155 ms[0m
[0m[INFO] [1784398993.263983742]: auto trigger armed, waiting 1.89s/topology ready=0[0m
 -- [TIMER] updateMap time consuming [32m 15.751123 ms[0m
[0m[INFO] [1784398993.350785006]: [global update] actual callback interval=200.079ms configured=200ms[0m
 -- [TIMER] updateMap time consuming [32m 13.775810 ms[0m
 -- [TIMER] updateMap time consuming [32m 13.251740 ms[0m
 -- [TIMER] updateMap time consuming [32m 11.947144 ms[0m
 -- [TIMER] updateMap time consuming [32m 12.547308 ms[0m
 -- [TIMER] updateMap time consuming [32m 13.243359 ms[0m
 -- [TIMER] updateMap time consuming [32m 11.970676 ms[0m
 -- [TIMER] updateMap time consuming [32m 12.971798 ms[0m
 -- [TIMER] updateMap time consuming [32m 11.520772 ms[0m
[0m[INFO] [1784398994.196639165]: [cloud input] mode=approximate_sync points=9345 age=0.00512521s stamp_valid=1[0m
 -- [TIMER] updateMap time consuming [32m 12.366965 ms[0m
[0m[INFO] [1784398994.273221792]: auto trigger armed, waiting 0.88s/topology ready=1[0m
 -- [TIMER] updateMap time consuming [32m 13.037553 ms[0m
[0m[INFO] [1784398994.344789214]: cloud odom callback cost: map update:23.1371ms  update frontier clusters: 3.19983ms  total: 26.337ms
[0m
 -- [TIMER] updateMap time consuming [32m 14.866847 ms[0m
 -- [TIMER] updateMap time consuming [32m 12.574729 ms[0m
[0m[INFO] [1784398994.520517558]: [global update] actual callback interval=227.327ms configured=200ms[0m
 -- [TIMER] updateMap time consuming [32m 13.788958 ms[0m
 -- [TIMER] updateMap time consuming [32m 14.058768 ms[0m
 -- [TIMER] updateMap time consuming [32m 11.723887 ms[0m
 -- [TIMER] updateMap time consuming [32m 11.802873 ms[0m
 -- [TIMER] updateMap time consuming [32m 13.496115 ms[0m
 -- [TIMER] updateMap time consuming [32m 13.043483 ms[0m
[32m[auto trigger][0m: from WAIT_TRIGGER to PLAN_TRAJ


[1;33m------------- <9> Plan Global Path start---------------[0m
[0m[INFO] [1784398995.182343814]: update topo skeleton cost: 9.583069ms, update odom vertex cost:9.928525ms [0m
[0m[INFO] [1784398995.182372276]: [highspeed_exp adapter] safety map ready=1 rog_ready=1 cloud_size=9648[0m
[0m[INFO] [1784398995.186169653]: [view score] cluster=74 best_score=8.65759 visible_gain=4 speed=0 corridor_cruise=0 hard_gate=0 rejected=0 top_k=2 known_free=17.5702 clearance=1.01706 turn=0 selected_yaw=-1.1781 current_yaw=0 yaw_delta=1.1781 heading_known_free=6.4 vp=(-17.3447, -17.5292, 0.85)[0m
[0m[INFO] [1784398995.209834211]: vp cluster cost: 1.741907ms  ,remove unreachable cost: 1.113951ms, select vp cost: 24.477267ms[0m
insert viewpoint to graph time: 9.82465 ms
[0m[INFO] [1784398995.219965590]: [edge cost] len=7.61485 total=6.87174 time=4.00743 turn_pen=2.86431 known_pen=0 backup_pen=0 yaw_pen=0 known_free=7.08428 min_clearance=1.49377 vel_limit=2 reason=curvature backup_feasible=1[0m
[0m[INFO] [1784398995.233880266]: [frontier lifecycle] selected cluster=79 selected_count=1 match_distance=0[0m
[0m[INFO] [1784398995.233910918]: [candidate cost] chosen_cluster=79 chosen_coverage=0 raw_best_cluster=79 raw_best_coverage=0 | #0 c=79/cp=0 J=7.80096 T=2.06333 TB=0.970205 R=8.11462 G=0.516129 W=0.109734 D=0 C=1.50125 | #1 c=77/cp=0 J=11.9255 T=2.95779 TB=0.970205 R=9.35842 G=0.268293 W=0.109734 D=0 C=3.55157 | #2 c=62/cp=0 J=16.2308 T=4.57455 TB=1.90534 R=8.72329 G=0.117647 W=0.00143372 D=0 C=5.19054[0m
calculate tsp cost matrix cost 14.1987ms

tour solver cost: 2.20017ms
[1;33m-------------Plan Global Path end-----------------[0m

total time cost: 73.9945ms
[32m[planGlobalPath: succeed][0m: from PLAN_TRAJ to PLAN_TRAJ
viz&&print cost:0.026832ms
[0m[INFO] [1784398995.237046597]: [path condition] raw_pts=6 conditioned_pts=3 dense_pts=4 len=5.28998 known_free=5.28998 min_clearance=1.14463 turn=1.17818 max_local_turn=1.17818 initial_heading=0.588003 backup_feasible=1 sched_v=2 reason=curvature[0m
[0m[INFO] [1784398995.245525495]: [highspeed_exp adapter] backup not required for verified known-free terminal-stop primary. duration=4.97271 known_len=4.54996[0m
[0m[INFO] [1784398995.245575509]: [highspeed_exp adapter] planned General MINCO exploration traj: pieces=1, duration=4.97271, max_v=2.00153, max_a=1.38244, sfc(raw/simplified/final)=3/1/1, corridor=general, prefix=no, prefix_dur=0, switch_delay=0, head_path_dist=inf, shifted_start=0, sched_v=2, opt_v=2, opt_bound=2, suffix_max_v=2.00153, suffix_max_a=1.38244, terminal_v=0, backup=no, backup_start=inf, backup_known_len=4.54996, sched_reason=curvature[0m
[0m[INFO] [1784398995.245595090]: [31m call planner [0m: 8.770[0m
[32m[plan success: new traj pub][0m: from PLAN_TRAJ to EXEC_TRAJ
[0m[INFO] [1784398995.245689237]: [cloud input] mode=approximate_sync points=10050 age=0.0541915s stamp_valid=1[0m
 -- [TIMER] updateMap time consuming [32m 13.012580 ms[0m
 -- [TIMER] updateMap time consuming [32m 18.944932 ms[0m
 -- [TIMER] updateMap time consuming [32m 16.491354 ms[0m
[0m[INFO] [1784398995.423250447]: cloud odom callback cost: map update:22.9606ms  update frontier clusters: 3.36606ms  total: 26.3267ms
[0m
[0m[INFO] [1784398995.428952283]: [coverage guidance] plan valid=1 map_v=3 frontier_v=3 zones(f/u)=109/275 observed=2769/35519 coverage=0.0780 voxels(f/o/u)=931/1695/143 active=3 reachable_unknown=156 route_nodes=160 preferred=3 cost=5.7ms[0m
 -- [TIMER] updateMap time consuming [32m 21.448056 ms[0m
 -- [TIMER] updateMap time consuming [32m 17.983093 ms[0m
[0m[INFO] [1784398995.656477389]: [global update] actual callback interval=219.58ms configured=200ms[0m


[1;33m------------- <11> Plan Global Path start---------------[0m
[0m[INFO] [1784398995.681146569]: update topo skeleton cost: 24.209737ms, update odom vertex cost:0.237398ms [0m
[0m[INFO] [1784398995.686417174]: [view score] cluster=125 best_score=16.2922 visible_gain=12 speed=0.0532373 corridor_cruise=0 hard_gate=0 rejected=0 top_k=2 known_free=8.79255 clearance=1.40213 turn=0 selected_yaw=-0.149162 current_yaw=-0.149162 yaw_delta=0 heading_known_free=6.6 vp=(-12.0021, 7.23197, 2.25)[0m
[0m[INFO] [1784398995.715495086]: vp cluster cost: 1.315406ms  ,remove unreachable cost: 0.780597ms, select vp cost: 32.100843ms[0m
insert viewpoint to graph time: 17.3673 ms
[0m[INFO] [1784398995.733093921]: [edge cost] len=6.97917 total=7.29557 time=3.68959 turn_pen=3.60598 known_pen=0 backup_pen=0 yaw_pen=0 known_free=5.66667 min_clearance=1.79211 vel_limit=2 reason=curvature backup_feasible=1[0m
[0m[INFO] [1784398995.746340827]: [frontier lifecycle] selected cluster=124 selected_count=2 match_distance=0[0m
[0m[INFO] [1784398995.746371570]: [candidate cost] chosen_cluster=124 chosen_coverage=0 raw_best_cluster=124 raw_best_coverage=0 | #0 c=124/cp=0 J=7.0052 T=2.10542 TB=0.724909 R=7.61921 G=0.53125 W=0.0267555 D=0 C=1.08694 | #1 c=125/cp=0 J=14.6363 T=3.40558 TB=1.21818 R=12 G=0.2966 W=0.136197 D=0 C=4.20999 | #2 c=119/cp=0 J=15.2455 T=3.32062 TB=1.29076 R=12 G=0.117647 W=0.0295255 D=0 C=4.31366[0m
calculate tsp cost matrix cost 13.4547ms

tour solver cost: 1.94212ms
[1;33m-------------Plan Global Path end-----------------[0m

total time cost: 93.3075ms
[32m[planGlobalPath: succeed][0m: from EXEC_TRAJ to PLAN_TRAJ
viz&&print cost:0.040003ms
[0m[INFO] [1784398995.750327648]: [path condition] raw_pts=6 conditioned_pts=3 dense_pts=4 len=5.41626 known_free=5.41626 min_clearance=1.1501 turn=0.318967 max_local_turn=0.318967 initial_heading=0.433952 backup_feasible=1 sched_v=3 reason=known_free[0m
[0m[INFO] [1784398995.758589151]: [highspeed_exp adapter] backup not required for verified known-free terminal-stop primary. duration=3.77564 known_len=5.41702[0m
[0m[INFO] [1784398995.758645235]: [highspeed_exp adapter] planned General MINCO exploration traj: pieces=2, duration=3.77564, max_v=3.00099, max_a=2.84171, sfc(raw/simplified/final)=3/1/1, corridor=general, prefix=yes, prefix_dur=0.442208, switch_delay=0.45, head_path_dist=0.0410571, shifted_start=0, sched_v=3, opt_v=3, opt_bound=3, suffix_max_v=3.00099, suffix_max_a=2.84171, terminal_v=0, backup=no, backup_start=inf, backup_known_len=5.41702, sched_reason=known_free[0m
[0m[INFO] [1784398995.758664517]: [31m call planner [0m: 8.605[0m
[32m[plan success: new traj pub][0m: from PLAN_TRAJ to EXEC_TRAJ
 -- [TIMER] updateMap time consuming [32m 16.289539 ms[0m
 -- [TIMER] updateMap time consuming [32m 16.867991 ms[0m
 -- [TIMER] updateMap time consuming [32m 17.952070 ms[0m
 -- [TIMER] updateMap time consuming [32m 13.252006 ms[0m
 -- [TIMER] updateMap time consuming [32m 15.290104 ms[0m
 -- [TIMER] updateMap time consuming [32m 15.727816 ms[0m


[1;33m------------- <13> Plan Global Path start---------------[0m
[0m[INFO] [1784398996.294822426]: update topo skeleton cost: 54.479300ms, update odom vertex cost:17.337054ms [0m
[0m[INFO] [1784398996.298375825]: [view score] cluster=187 best_score=7.13939 visible_gain=3 speed=0.477291 corridor_cruise=0 hard_gate=0 rejected=0 top_k=2 known_free=5.90409 clearance=1.21324 turn=0 selected_yaw=-0.283445 current_yaw=-0.283445 yaw_delta=0 heading_known_free=6.6 vp=(-11.2852, 1.71228, 1.3)[0m
[0m[INFO] [1784398996.319588701]: vp cluster cost: 1.731186ms  ,remove unreachable cost: 0.986992ms, select vp cost: 21.904087ms[0m
insert viewpoint to graph time: 11.524 ms
[0m[INFO] [1784398996.331388631]: [edge cost] len=8.57923 total=6.98765 time=4.48961 turn_pen=2.43083 known_pen=0 backup_pen=0 yaw_pen=0.067202 known_free=8.57923 min_clearance=0.665802 vel_limit=2 reason=curvature backup_feasible=1[0m
[0m[INFO] [1784398996.342192278]: [frontier lifecycle] selected cluster=188 selected_count=3 match_distance=0[0m
[0m[INFO] [1784398996.342209449]: [candidate cost] chosen_cluster=188 chosen_coverage=0 raw_best_cluster=188 raw_best_coverage=0 | #0 c=188/cp=0 J=6.32145 T=2.19418 TB=0.522194 R=7.80541 G=0.469074 W=0.0318468 D=0 C=0.298028 | #1 c=186/cp=0 J=12.9718 T=3.45253 TB=1.38284 R=10.2046 G=0.452105 W=0.0318468 D=0 C=3.47586 | #2 c=182/cp=0 J=15.1893 T=3.65173 TB=1.54919 R=10.9175 G=0.117647 W=0.0630871 D=0 C=4.31366[0m
calculate tsp cost matrix cost 11.0336ms

tour solver cost: 1.64013ms
[1;33m-------------Plan Global Path end-----------------[0m

total time cost: 122.074ms
[32m[planGlobalPath: succeed][0m: from EXEC_TRAJ to PLAN_TRAJ
viz&&print cost:0.029872ms
[33m[WARN] [1784398996.352602087]: [highspeed_exp adapter] invalid safe flight corridor after simplify/shortcut: head_outside_first_poly[0m
[0m[INFO] [1784398996.345322576]: [path condition] raw_pts=7 conditioned_pts=3 dense_pts=4 len=5.68253 known_free=5.68253 min_clearance=1.1507 turn=1.13084 max_local_turn=1.13084 initial_heading=0.317353 backup_feasible=1 sched_v=2 reason=curvature[0m
[0m[INFO] [1784398996.352642370]: [31m call planner [0m: 7.534[0m
[31m[PLAN_TRAJ: plan failed, keep safe terminal-stop trajectory][0m: from PLAN_TRAJ to EXEC_TRAJ
[0m[INFO] [1784398996.352745607]: [cloud input] mode=approximate_sync points=9678 age=0.0612512s stamp_valid=1[0m
 -- [TIMER] updateMap time consuming [32m 12.482590 ms[0m
 -- [TIMER] updateMap time consuming [32m 16.472671 ms[0m
[0m[INFO] [1784398996.424499117]: cloud odom callback cost: map update:24.6009ms  update frontier clusters: 3.38883ms  total: 27.9897ms
[0m
 -- [TIMER] updateMap time consuming [32m 15.128783 ms[0m


[1;33m------------- <14> Plan Global Path start---------------[0m
[0m[INFO] [1784398996.606325517]: update topo skeleton cost: 44.382674ms, update odom vertex cost:16.778703ms [0m
[0m[INFO] [1784398996.606359050]: [frontier debt] passed cluster=222 count=1 debt=1 closest=8.75078[0m
[0m[INFO] [1784398996.632745543]: vp cluster cost: 1.936781ms  ,remove unreachable cost: 1.041796ms, select vp cost: 23.267676ms[0m
insert viewpoint to graph time: 12.9935 ms
calculate tsp cost matrix cost 6.48469ms

tour solver cost: 1.28632ms
[1;33m-------------Plan Global Path end-----------------[0m

total time cost: 109.533ms
[32m[planGlobalPath: succeed][0m: from EXEC_TRAJ to PLAN_TRAJ
viz&&print cost:0.016761ms
[0m[INFO] [1784398996.654932249]: [path condition] raw_pts=5 conditioned_pts=3 dense_pts=4 len=5.38901 known_free=5.38901 min_clearance=1.15286 turn=1.08621 max_local_turn=1.08621 initial_heading=0.295417 backup_feasible=1 sched_v=2 reason=curvature[0m
[0m[INFO] [1784398996.662684494]: [highspeed_exp adapter] backup not required for verified known-free terminal-stop primary. duration=3.14574 known_len=5.03385[0m
[0m[INFO] [1784398996.662730248]: [highspeed_exp adapter] planned General MINCO exploration traj: pieces=2, duration=3.14574, max_v=2.78469, max_a=2.9653, sfc(raw/simplified/final)=3/1/1, corridor=general, prefix=yes, prefix_dur=0.442628, switch_delay=0.45, head_path_dist=0.134594, shifted_start=0, sched_v=2, opt_v=2, opt_bound=2.5014, suffix_max_v=2.78469, suffix_max_a=2.9653, terminal_v=0, backup=no, backup_start=inf, backup_known_len=5.03385, sched_reason=curvature[0m
[0m[INFO] [1784398996.662744539]: [31m call planner [0m: 8.032[0m
[32m[plan success: new traj pub][0m: from PLAN_TRAJ to EXEC_TRAJ
[0m[INFO] [1784398994.596644723]: Publish local map size: 10038[0m
[0m[INFO] [1784398995.696986015]: Publish local map size: 9519[0m
[0m[INFO] [1784398996.796278490]: Publish local map size: 9956[0m
 -- [MARSIM] Running FPS: 232.666
 -- [TIMER] updateMap time consuming [32m 12.609109 ms[0m
 -- [TIMER] updateMap time consuming [32m 17.749464 ms[0m
 -- [TIMER] updateMap time consuming [32m 15.409693 ms[0m
[0m[INFO] [1784398996.854773493]: [global update] actual callback interval=309.609ms configured=200ms[0m
 -- [TIMER] updateMap time consuming [32m 11.721525 ms[0m
 -- [TIMER] updateMap time consuming [32m 11.648297 ms[0m


[1;33m------------- <16> Plan Global Path start---------------[0m
[0m[INFO] [1784398997.129869607]: update topo skeleton cost: 40.912457ms, update odom vertex cost:0.259839ms [0m
[0m[INFO] [1784398997.134968708]: [view score] cluster=294 best_score=11.1034 visible_gain=7 speed=2.14242 corridor_cruise=0 hard_gate=0 rejected=0 top_k=2 known_free=5.53426 clearance=1.83063 turn=0.273478 selected_yaw=-0.392699 current_yaw=-0.633868 yaw_delta=0.241168 heading_known_free=6.4 vp=(-11.882, -4.22059, 2.15714)[0m
[0m[INFO] [1784398997.161823092]: vp cluster cost: 1.789200ms  ,remove unreachable cost: 1.206638ms, select vp cost: 28.814596ms[0m
insert viewpoint to graph time: 18.9252 ms
[0m[INFO] [1784398997.181027570]: [edge cost] len=7.60649 total=8.67513 time=4.00324 turn_pen=4.66224 known_pen=0 backup_pen=0 yaw_pen=0.00964674 known_free=6.29399 min_clearance=1.55635 vel_limit=2 reason=curvature backup_feasible=1[0m
[0m[INFO] [1784398997.189177683]: [frontier lifecycle] selected cluster=294 selected_count=4 match_distance=0[0m
[0m[INFO] [1784398997.189209375]: [candidate cost] chosen_cluster=294 chosen_coverage=0 raw_best_cluster=294 raw_best_coverage=0 | #0 c=294/cp=0 J=11.5555 T=3.21299 TB=1.13323 R=7.43638 G=0.359431 W=0.0455338 D=0 C=3.90639 | #1 c=292/cp=0 J=12.2932 T=3.55268 TB=1.12358 R=6.95172 G=0.342919 W=0.0786375 D=0 C=4.59724 | #2 c=295/cp=0 J=13.1586 T=2.92087 TB=1.14535 R=10.1246 G=0.220855 W=0.0821921 D=0 C=4.08889[0m
calculate tsp cost matrix cost 8.41344ms

tour solver cost: 1.54512ms
[1;33m-------------Plan Global Path end-----------------[0m

total time cost: 103.544ms
[32m[planGlobalPath: succeed][0m: from EXEC_TRAJ to PLAN_TRAJ
viz&&print cost:0.018492ms
[0m[INFO] [1784398997.192604482]: [path condition] raw_pts=6 conditioned_pts=3 dense_pts=6 len=8.73896 known_free=8.73896 min_clearance=1.29273 turn=1.94462 max_local_turn=1.94462 initial_heading=0.680956 backup_feasible=1 sched_v=2 reason=curvature[0m
[0m[INFO] [1784398997.209687785]: [highspeed_exp adapter] backup not required for verified known-free terminal-stop primary. duration=3.38175 known_len=5.77805[0m
[0m[INFO] [1784398997.209740919]: [highspeed_exp adapter] planned General MINCO exploration traj: pieces=3, duration=3.38175, max_v=2.78469, max_a=2.54906, sfc(raw/simplified/final)=3/2/2, corridor=general, prefix=yes, prefix_dur=0.433298, switch_delay=0.45, head_path_dist=0.878643, shifted_start=0, sched_v=2, opt_v=2, opt_bound=3.06555, suffix_max_v=2.76555, suffix_max_a=2.54906, terminal_v=0, backup=no, backup_start=inf, backup_known_len=5.77805, sched_reason=curvature[0m
[0m[INFO] [1784398997.209773302]: [31m call planner [0m: 17.527[0m
[32m[plan success: new traj pub][0m: from PLAN_TRAJ to EXEC_TRAJ
 -- [TIMER] updateMap time consuming [32m 14.773395 ms[0m
 -- [TIMER] updateMap time consuming [32m 15.486967 ms[0m
[0m[INFO] [1784398997.473878979]: [cloud input] mode=approximate_sync points=10079 age=0.0823709s stamp_valid=1[0m
 -- [TIMER] updateMap time consuming [32m 16.597458 ms[0m
[0m[INFO] [1784398997.503359224]: cloud odom callback cost: map update:25.8837ms  update frontier clusters: 3.54871ms  total: 29.4325ms
[0m
[0m[INFO] [1784398997.508947541]: [coverage guidance] plan valid=1 map_v=5 frontier_v=5 zones(f/u)=119/275 observed=3531/35519 coverage=0.0994 voxels(f/o/u)=1484/1870/177 active=4 reachable_unknown=155 route_nodes=160 preferred=4 cost=5.6ms[0m
 -- [TIMER] updateMap time consuming [32m 18.824010 ms[0m
 -- [TIMER] updateMap time consuming [32m 17.650755 ms[0m


[1;33m------------- <18> Plan Global Path start---------------[0m
[0m[INFO] [1784398997.785121738]: update topo skeleton cost: 40.832261ms, update odom vertex cost:70.404393ms [0m
[0m[INFO] [1784398997.785167171]: [highspeed_exp adapter] safety map ready=1 rog_ready=1 cloud_size=10007[0m
[0m[INFO] [1784398997.790795011]: [view score] cluster=333 best_score=11.2969 visible_gain=10 speed=2.75222 corridor_cruise=0 hard_gate=0 rejected=0 top_k=2 known_free=12.1453 clearance=1.26531 turn=1.8191 selected_yaw=-0.323354 current_yaw=-0.323354 yaw_delta=0 heading_known_free=4.8 vp=(-11.3712, 10.3948, 2.2)[0m
[0m[INFO] [1784398997.813134366]: vp cluster cost: 2.051169ms  ,remove unreachable cost: 1.113941ms, select vp cost: 24.686176ms[0m
insert viewpoint to graph time: 16.6272 ms
[0m[INFO] [1784398997.830166175]: [edge cost] len=13.4707 total=9.0596 time=6.93537 turn_pen=2.12422 known_pen=0 backup_pen=0 yaw_pen=0 known_free=13.4707 min_clearance=0.885626 vel_limit=2 reason=curvature backup_feasible=1[0m
[0m[INFO] [1784398997.836834581]: [frontier lifecycle] selected cluster=336 selected_count=3 match_distance=0[0m
[0m[INFO] [1784398997.836863023]: [candidate cost] chosen_cluster=336 chosen_coverage=0 raw_best_cluster=336 raw_best_coverage=0 | #0 c=336/cp=0 J=15.5049 T=3.02443 TB=1.49611 R=7.3594 G=0.301948 W=0.114821 D=0 C=7.71282 | #1 c=333/cp=0 J=17.9167 T=6.93537 TB=2.12422 R=11.9444 G=0.289287 W=0.252733 D=0.333333 C=4.07875 | #2 c=304/cp=0 J=26.1578 T=6.55492 TB=3.60316 R=12 G=0.142857 W=0.118425 D=0 C=9.86304[0m
calculate tsp cost matrix cost 7.05684ms

tour solver cost: 1.33374ms
[1;33m-------------Plan Global Path end-----------------[0m

total time cost: 168.771ms
[32m[planGlobalPath: succeed][0m: from EXEC_TRAJ to PLAN_TRAJ
viz&&print cost:0.037443ms
[33m[WARN] [1784398997.843054373]: [highspeed_exp adapter] reject frontend path: failed to align optimization head. head_path_dist=1.32235 max_allowed=1.125 switch_delay=0.45 speed=2.75222[0m
[0m[INFO] [1784398997.843029851]: [path condition] raw_pts=6 conditioned_pts=3 dense_pts=4 len=7.2226 known_free=7.2226 min_clearance=1.02347 turn=0.439946 max_local_turn=0.439946 initial_heading=0.906731 backup_feasible=1 sched_v=2.61401 reason=curvature[0m
[0m[INFO] [1784398997.843067404]: [31m call planner [0m: 0.404[0m
[31m[PLAN_TRAJ: plan failed, keep safe terminal-stop trajectory][0m: from PLAN_TRAJ to EXEC_TRAJ
 -- [TIMER] updateMap time consuming [32m 24.746121 ms[0m
 -- [TIMER] updateMap time consuming [32m 18.772336 ms[0m
 -- [TIMER] updateMap time consuming [32m 16.856165 ms[0m
[0m[INFO] [1784398998.042721747]: [global update] actual callback interval=368.867ms configured=200ms[0m


[1;33m------------- <19> Plan Global Path start---------------[0m
[0m[INFO] [1784398998.158518671]: update topo skeleton cost: 51.048629ms, update odom vertex cost:64.694571ms [0m
[0m[INFO] [1784398998.180644349]: vp cluster cost: 2.094512ms  ,remove unreachable cost: 1.235990ms, select vp cost: 18.690958ms[0m
insert viewpoint to graph time: 18.8327 ms
calculate tsp cost matrix cost 6.09664ms

tour solver cost: 0.347125ms
[1;33m-------------Plan Global Path end-----------------[0m

total time cost: 165.784ms
[32m[planGlobalPath: succeed][0m: from EXEC_TRAJ to PLAN_TRAJ
viz&&print cost:0.024551ms
[0m[INFO] [1784398998.208826997]: [path condition] raw_pts=8 conditioned_pts=3 dense_pts=4 len=7.49206 known_free=7.49206 min_clearance=0.944875 turn=0.957478 max_local_turn=0.957477 initial_heading=0.631457 backup_feasible=1 sched_v=2.39653 reason=curvature[0m
[0m[INFO] [1784398998.218005853]: [highspeed_exp adapter] backup not required for verified known-free terminal-stop primary. duration=5.11869 known_len=7.46767[0m
[0m[INFO] [1784398998.218092240]: [highspeed_exp adapter] planned General MINCO exploration traj: pieces=3, duration=5.11869, max_v=2.42362, max_a=2.54906, sfc(raw/simplified/final)=3/1/1, corridor=general, prefix=yes, prefix_dur=0.441472, switch_delay=0.45, head_path_dist=0.654566, shifted_start=0, sched_v=2.39653, opt_v=2.39653, opt_bound=2.39653, suffix_max_v=2.42362, suffix_max_a=2.5477, terminal_v=0, backup=no, backup_start=inf, backup_known_len=7.46767, sched_reason=curvature[0m
[0m[INFO] [1784398998.218121082]: [31m call planner [0m: 9.552[0m
[32m[plan success: new traj pub][0m: from PLAN_TRAJ to EXEC_TRAJ
 -- [TIMER] updateMap time consuming [32m 16.189807 ms[0m
 -- [TIMER] updateMap time consuming [32m 14.279868 ms[0m
 -- [TIMER] updateMap time consuming [32m 14.643994 ms[0m
[0m[INFO] [1784398998.540610423]: [cloud input] mode=approximate_sync points=9860 age=0.0490986s stamp_valid=1[0m
 -- [TIMER] updateMap time consuming [32m 12.362519 ms[0m
[0m[INFO] [1784398998.565076861]: cloud odom callback cost: map update:21.4225ms  update frontier clusters: 2.99804ms  total: 24.4206ms
[0m
 -- [TIMER] updateMap time consuming [32m 11.179372 ms[0m
 -- [TIMER] updateMap time consuming [32m 8.824011 ms[0m


[1;33m------------- <21> Plan Global Path start---------------[0m
[0m[INFO] [1784398998.866694356]: update topo skeleton cost: 50.492649ms, update odom vertex cost:75.671068ms [0m
[0m[INFO] [1784398998.871070654]: [view score] cluster=265 best_score=4.8946 visible_gain=4 speed=1.92046 corridor_cruise=0 hard_gate=0 rejected=0 top_k=2 known_free=20.542 clearance=0.942645 turn=2.51513 selected_yaw=-2.74889 current_yaw=-1.01906 yaw_delta=1.72984 heading_known_free=2.8 vp=(-16.268, 17.792, 0.85)[0m
[0m[INFO] [1784398998.887690502]: vp cluster cost: 1.395752ms  ,remove unreachable cost: 1.392991ms, select vp cost: 18.105716ms[0m
insert viewpoint to graph time: 14.5832 ms
[0m[INFO] [1784398998.902636317]: [edge cost] len=9.85542 total=4.23113 time=3.58514 turn_pen=0.576797 known_pen=0 backup_pen=0 yaw_pen=0.0691935 known_free=9.85542 min_clearance=0.884931 vel_limit=3 reason=known_free backup_feasible=1[0m
[0m[INFO] [1784398998.904068261]: [frontier lifecycle] selected cluster=358 selected_count=1 match_distance=0[0m
[0m[INFO] [1784398998.904087993]: [candidate cost] chosen_cluster=358 chosen_coverage=0 raw_best_cluster=358 raw_best_coverage=0 | #0 c=358/cp=0 J=5.36681 T=3.58514 TB=0.645991 R=0.753522 G=0.25 W=0.178073 D=0 C=1.48835 | #1 c=360/cp=0 J=15.5362 T=6.91134 TB=7.98258 R=2.31356 G=0.230769 W=0.312431 D=0 C=0.3[0m
calculate tsp cost matrix cost 1.76821ms

tour solver cost: 0.238448ms
[1;33m-------------Plan Global Path end-----------------[0m

total time cost: 164.435ms
[32m[planGlobalPath: succeed][0m: from EXEC_TRAJ to PLAN_TRAJ
viz&&print cost:0.016261ms
[0m[INFO] [1784398998.905298611]: [path condition] raw_pts=15 conditioned_pts=3 dense_pts=6 len=9.85542 known_free=9.85542 min_clearance=0.882111 turn=0.462541 max_local_turn=0.46254 initial_heading=0.337547 backup_feasible=1 sched_v=3 reason=known_free[0m
[0m[INFO] [1784398998.918490379]: [highspeed_exp adapter] backup not required for verified known-free terminal-stop primary. duration=4.92841 known_len=9.50177[0m
[0m[INFO] [1784398998.918618988]: [highspeed_exp adapter] planned General MINCO exploration traj: pieces=2, duration=4.92841, max_v=3.00101, max_a=2.28318, sfc(raw/simplified/final)=3/1/1, corridor=general, prefix=yes, prefix_dur=0.437405, switch_delay=0.45, head_path_dist=0.47901, shifted_start=0, sched_v=3, opt_v=3, opt_bound=3, suffix_max_v=3.00101, suffix_max_a=1.86193, terminal_v=0, backup=no, backup_start=inf, backup_known_len=9.50177, sched_reason=known_free[0m
[0m[INFO] [1784398998.918653571]: [31m call planner [0m: 13.675[0m
[32m[plan success: new traj pub][0m: from PLAN_TRAJ to EXEC_TRAJ
[0m[INFO] [1784398997.796884303]: Publish local map size: 9554[0m
[0m[INFO] [1784398998.897048031]: Publish local map size: 9850[0m
 -- [MARSIM] Running FPS: 224.838
 -- [TIMER] updateMap time consuming [32m 14.244545 ms[0m
 -- [TIMER] updateMap time consuming [32m 9.425804 ms[0m
 -- [TIMER] updateMap time consuming [32m 8.952779 ms[0m
[0m[INFO] [1784398999.116132817]: [global update] actual callback interval=375.606ms configured=200ms[0m
 -- [TIMER] updateMap time consuming [32m 7.893923 ms[0m
 -- [TIMER] updateMap time consuming [32m 11.672007 ms[0m
 -- [TIMER] updateMap time consuming [32m 8.136050 ms[0m


[1;33m------------- <23> Plan Global Path start---------------[0m
[0m[INFO] [1784398999.578398445]: update topo skeleton cost: 43.244318ms, update odom vertex cost:78.938557ms [0m
[0m[INFO] [1784398999.583190522]: [view score] cluster=265 best_score=4.57007 visible_gain=4 speed=2.35368 corridor_cruise=0 hard_gate=0 rejected=0 top_k=2 known_free=20.4477 clearance=1.83699 turn=2.86895 selected_yaw=2.74889 current_yaw=-1.4944 yaw_delta=2.0399 heading_known_free=7.4 vp=(-16.7788, 16.2052, 2.05)[0m
[0m[INFO] [1784398999.600284322]: vp cluster cost: 1.672692ms  ,remove unreachable cost: 1.575894ms, select vp cost: 18.453919ms[0m
insert viewpoint to graph time: 5.12446 ms
[0m[INFO] [1784398999.605818894]: [edge cost] len=10.0411 total=3.40167 time=2.91027 turn_pen=0.472635 known_pen=0 backup_pen=0 yaw_pen=0.018764 known_free=10.0411 min_clearance=0.885011 vel_limit=4 reason=known_free backup_feasible=1[0m
[0m[INFO] [1784398999.607031092]: [frontier lifecycle] selected cluster=363 selected_count=1 match_distance=0[0m
[0m[INFO] [1784398999.607045463]: [candidate cost] chosen_cluster=363 chosen_coverage=0 raw_best_cluster=363 raw_best_coverage=0 | #0 c=363/cp=0 J=4.96036 T=3.26083 TB=0.472635 R=3.48447 G=0.230769 W=0.35202 D=0 C=0.3 | #1 c=361/cp=0 J=6.57682 T=2.91027 TB=0.491399 R=4.11506 G=0.197782 W=0.0386773 D=0 C=1.36545[0m
calculate tsp cost matrix cost 1.58342ms

tour solver cost: 0.251639ms
[1;33m-------------Plan Global Path end-----------------[0m

total time cost: 152.663ms
[32m[planGlobalPath: succeed][0m: from EXEC_TRAJ to PLAN_TRAJ
viz&&print cost:0.017251ms
[0m[INFO] [1784398999.609531963]: [path horizon] shorten high-curvature local path: horizon=9.42284m pts=11 turn=5.64027 max_local_turn=1.26452[0m
[0m[INFO] [1784398999.609546134]: [path condition] raw_pts=14 conditioned_pts=11 dense_pts=11 len=9.42284 known_free=9.42284 min_clearance=0.560266 turn=5.64027 max_local_turn=1.26452 initial_heading=0.862238 backup_feasible=1 sched_v=2 reason=curvature[0m
[0m[INFO] [1784398999.635705002]: [highspeed_exp adapter] backup not required for verified known-free terminal-stop primary. duration=4.91231 known_len=9.61174[0m
[0m[INFO] [1784398999.635775827]: [highspeed_exp adapter] planned General MINCO exploration traj: pieces=3, duration=4.91231, max_v=2.92314, max_a=3.43249, sfc(raw/simplified/final)=3/2/2, corridor=general, prefix=yes, prefix_dur=0.424605, switch_delay=0.45, head_path_dist=1.10503, shifted_start=0, sched_v=2, opt_v=2, opt_bound=2.92246, suffix_max_v=2.92314, suffix_max_a=3.43249, terminal_v=0, backup=no, backup_start=inf, backup_known_len=9.61174, sched_reason=curvature[0m
[0m[INFO] [1784398999.635799759]: [31m call planner [0m: 26.915[0m
[32m[plan success: new traj pub][0m: from PLAN_TRAJ to EXEC_TRAJ
[0m[INFO] [1784398999.635883595]: [cloud input] mode=approximate_sync points=9736 age=0.0443943s stamp_valid=1[0m
 -- [TIMER] updateMap time consuming [32m 13.154405 ms[0m
[0m[INFO] [1784398999.658518057]: cloud odom callback cost: map update:19.9565ms  update frontier clusters: 2.64062ms  total: 22.5972ms
[0m
[0m[INFO] [1784398999.663725885]: [coverage guidance] plan valid=1 map_v=7 frontier_v=7 zones(f/u)=113/272 observed=4047/35519 coverage=0.1139 voxels(f/o/u)=1936/1936/175 active=6 reachable_unknown=153 route_nodes=160 preferred=9 cost=5.2ms[0m
 -- [TIMER] updateMap time consuming [32m 8.019712 ms[0m
 -- [TIMER] updateMap time consuming [32m 11.785325 ms[0m
 -- [TIMER] updateMap time consuming [32m 8.192614 ms[0m
 -- [TIMER] updateMap time consuming [32m 8.536559 ms[0m
 -- [TIMER] updateMap time consuming [32m 7.572239 ms[0m
[0m[INFO] [1784399000.137500693]: [global update] actual callback interval=319.641ms configured=200ms[0m


[1;33m------------- <25> Plan Global Path start---------------[0m
[0m[INFO] [1784399000.243335410]: update topo skeleton cost: 34.632949ms, update odom vertex cost:71.145894ms [0m
[0m[INFO] [1784399000.243363542]: [highspeed_exp adapter] safety map ready=1 rog_ready=1 cloud_size=9153[0m
[0m[INFO] [1784399000.247566956]: [view score] cluster=265 best_score=4.84218 visible_gain=4 speed=2.65649 corridor_cruise=0 hard_gate=0 rejected=0 top_k=2 known_free=22.0951 clearance=1.83699 turn=2.91446 selected_yaw=2.74889 current_yaw=-1.55572 yaw_delta=1.97857 heading_known_free=5 vp=(-16.7788, 16.2052, 2.05)[0m
[0m[INFO] [1784399000.267553434]: vp cluster cost: 1.552042ms  ,remove unreachable cost: 1.511210ms, select vp cost: 20.984940ms[0m
insert viewpoint to graph time: 5.78377 ms
[0m[INFO] [1784399000.273681928]: [edge cost] len=11.1402 total=10.0745 time=5.7701 turn_pen=4.25785 known_pen=0 backup_pen=0 yaw_pen=0.0465209 known_free=11.1402 min_clearance=0.555442 vel_limit=2 reason=curvature backup_feasible=1[0m
[0m[INFO] [1784399000.275050847]: [candidate cost] chosen_cluster=365 chosen_coverage=0 raw_best_cluster=365 raw_best_coverage=0 | #0 c=365/cp=0 J=14.2855 T=5.56605 TB=6.86841 R=4.29823 G=0.268293 W=0.0366945 D=0 C=0.0786129 | #1 c=338/cp=0 J=21.0679 T=9.76701 TB=4.44763 R=8.7303 G=0.0909091 W=0.00129917 D=0 C=2.23532[0m
calculate tsp cost matrix cost 1.66235ms

tour solver cost: 0.236777ms
[1;33m-------------Plan Global Path end-----------------[0m

total time cost: 138.453ms
[32m[planGlobalPath: succeed][0m: from EXEC_TRAJ to PLAN_TRAJ
[0m[INFO] [1784399000.276005776]: [frontier storage] labels=1753/1741 normals=113/823 clusters=11 terminal=0 cluster_cells(cap)=77 candidates(cap)=20 derived_viewpoints(cap)=0 estimated_kb=40.2197 revision=52 audit_ready=0[0m
viz&&print cost:0.735823ms
[0m[INFO] [1784399000.277090485]: [path condition] raw_pts=13 conditioned_pts=10 dense_pts=12 len=10.7321 known_free=10.7321 min_clearance=0.560266 turn=6.4292 max_local_turn=1.25791 initial_heading=0.424894 backup_feasible=1 sched_v=2 reason=curvature[0m
[0m[INFO] [1784399000.306253478]: [highspeed_exp adapter] backup not required for verified known-free terminal-stop primary. duration=7.0475 known_len=11.545[0m
[0m[INFO] [1784399000.306339234]: [highspeed_exp adapter] planned General MINCO exploration traj: pieces=3, duration=7.0475, max_v=2.78952, max_a=2.64901, sfc(raw/simplified/final)=4/2/2, corridor=general, prefix=yes, prefix_dur=0.422095, switch_delay=0.45, head_path_dist=0.578855, shifted_start=0, sched_v=2, opt_v=2, opt_bound=2.99593, suffix_max_v=2.78952, suffix_max_a=2.64901, terminal_v=0, backup=no, backup_start=inf, backup_known_len=11.545, sched_reason=curvature[0m
[0m[INFO] [1784399000.306383807]: [31m call planner [0m: 29.644[0m
[32m[plan success: new traj pub][0m: from PLAN_TRAJ to EXEC_TRAJ
 -- [TIMER] updateMap time consuming [32m 9.231219 ms[0m
 -- [TIMER] updateMap time consuming [32m 8.101266 ms[0m
 -- [TIMER] updateMap time consuming [32m 9.005052 ms[0m
 -- [TIMER] updateMap time consuming [32m 9.230009 ms[0m
[0m[INFO] [1784399000.696404181]: [cloud input] mode=approximate_sync points=9980 age=0.00489607s stamp_valid=1[0m
 -- [TIMER] updateMap time consuming [32m 10.659832 ms[0m
[0m[INFO] [1784399000.719143958]: cloud odom callback cost: map update:19.6795ms  update frontier clusters: 2.99214ms  total: 22.6716ms
[0m


[1;33m------------- <27> Plan Global Path start---------------[0m
[0m[INFO] [1784399000.912908224]: update topo skeleton cost: 52.324810ms, update odom vertex cost:77.133338ms [0m
[0m[INFO] [1784399000.917364357]: [view score] cluster=265 best_score=5.74174 visible_gain=4 speed=2.68482 corridor_cruise=0 hard_gate=0 rejected=0 top_k=2 known_free=23.7767 clearance=1.83699 turn=2.66168 selected_yaw=2.74889 current_yaw=-2.09451 yaw_delta=1.43978 heading_known_free=2.8 vp=(-16.7788, 16.2052, 2.05)[0m
[0m[INFO] [1784399000.940709188]: vp cluster cost: 1.474107ms  ,remove unreachable cost: 1.538072ms, select vp cost: 24.637284ms[0m
insert viewpoint to graph time: 5.21014 ms
[0m[INFO] [1784399000.946371919]: [edge cost] len=14.0683 total=11.4035 time=7.23416 turn_pen=4.13273 known_pen=0 backup_pen=0 yaw_pen=0.0366567 known_free=14.0683 min_clearance=1.15166 vel_limit=2 reason=curvature backup_feasible=1[0m
[0m[INFO] [1784399000.948120085]: [frontier lifecycle] selected cluster=338 selected_count=1 match_distance=0[0m
[0m[INFO] [1784399000.948139187]: [candidate cost] chosen_cluster=338 coverage_id=0 total=21.4195 travel=9.90895 turn_brake=9.30492 future_return=0 gain=0.0909091 wait=0.0386968 debt=0 coverage=2.44551 failed_goal=0[0m
[1;33m-------------Plan Global Path end-----------------[0m

total time cost: 168.174ms
[32m[planGlobalPath: succeed][0m: from EXEC_TRAJ to PLAN_TRAJ
viz&&print cost:0.208616ms
[33m[WARN] [1784399000.952788273]: [highspeed_exp adapter] reject frontend path: failed to align optimization head. head_path_dist=1.60726 max_allowed=1.125 switch_delay=0.45 speed=2.68482[0m
[0m[INFO] [1784399000.952747390]: [path horizon] shorten high-curvature local path: horizon=12.5017m pts=9 turn=4.61104 max_local_turn=1.77866[0m
[0m[INFO] [1784399000.952770562]: [path condition] raw_pts=33 conditioned_pts=10 dense_pts=9 len=12.5017 known_free=12.5017 min_clearance=0.582863 turn=4.61104 max_local_turn=1.77866 initial_heading=1.00913 backup_feasible=1 sched_v=2 reason=curvature[0m
[0m[INFO] [1784399000.952811075]: [31m call planner [0m: 0.979[0m
[31m[PLAN_TRAJ: plan failed, keep safe terminal-stop trajectory][0m: from PLAN_TRAJ to EXEC_TRAJ
 -- [TIMER] updateMap time consuming [32m 14.679704 ms[0m
 -- [TIMER] updateMap time consuming [32m 12.167240 ms[0m
 -- [TIMER] updateMap time consuming [32m 11.301848 ms[0m
[0m[INFO] [1784399001.151904541]: [global update] actual callback interval=368.449ms configured=200ms[0m


[1;33m------------- <28> Plan Global Path start---------------[0m
[0m[INFO] [1784399001.293450840]: update topo skeleton cost: 38.188853ms, update odom vertex cost:103.264419ms [0m
[0m[INFO] [1784399001.321285814]: vp cluster cost: 1.336437ms  ,remove unreachable cost: 1.562263ms, select vp cost: 24.718588ms[0m
insert viewpoint to graph time: 7.26771 ms
[0m[INFO] [1784399001.330089200]: [frontier lifecycle] selected cluster=371 selected_count=2 match_distance=0[0m
[1;33m-------------Plan Global Path end-----------------[0m

total time cost: 178.273ms
[32m[planGlobalPath: succeed][0m: from EXEC_TRAJ to PLAN_TRAJ
viz&&print cost:0.023102ms
[33m[WARN] [1784399001.330849455]: [highspeed_exp adapter] reject frontend path: failed to align optimization head. head_path_dist=1.73439 max_allowed=1.125 switch_delay=0.45 speed=2.70038[0m
[0m[INFO] [1784399001.330833314]: [path condition] raw_pts=15 conditioned_pts=9 dense_pts=9 len=8.5142 known_free=8.5142 min_clearance=0.564594 turn=8.36777 max_local_turn=2.18073 initial_heading=1.57335 backup_feasible=1 sched_v=2 reason=curvature[0m
[0m[INFO] [1784399001.330859486]: [31m call planner [0m: 0.578[0m
[31m[PLAN_TRAJ: plan failed, keep safe terminal-stop trajectory][0m: from PLAN_TRAJ to EXEC_TRAJ
[0m[INFO] [1784398999.898246590]: Publish local map size: 9413[0m
[0m[INFO] [1784399000.996581626]: Publish local map size: 9536[0m
 -- [MARSIM] Running FPS: 222.623
 -- [TIMER] updateMap time consuming [32m 12.794026 ms[0m
 -- [TIMER] updateMap time consuming [32m 9.464624 ms[0m
 -- [TIMER] updateMap time consuming [32m 16.171430 ms[0m


[1;33m------------- <29> Plan Global Path start---------------[0m
[0m[INFO] [1784399001.669810664]: update topo skeleton cost: 36.179096ms, update odom vertex cost:103.295652ms [0m
[0m[INFO] [1784399001.674096794]: [view score] cluster=265 best_score=7.25895 visible_gain=4 speed=2.78787 corridor_cruise=0 hard_gate=0 rejected=0 top_k=2 known_free=25 clearance=1.83699 turn=2.09017 selected_yaw=2.74889 current_yaw=-2.53578 yaw_delta=0.998511 heading_known_free=6.2 vp=(-16.7788, 16.2052, 2.05)[0m
[0m[INFO] [1784399001.698337947]: vp cluster cost: 1.360599ms  ,remove unreachable cost: 1.294513ms, select vp cost: 25.685068ms[0m
insert viewpoint to graph time: 9.2918 ms
[0m[INFO] [1784399001.708373563]: [edge cost] len=27.6562 total=24.6178 time=14.0281 turn_pen=10.5897 known_pen=0 backup_pen=0 yaw_pen=0 known_free=27.6562 min_clearance=0.668209 vel_limit=2 reason=curvature backup_feasible=1[0m
[0m[INFO] [1784399001.709763163]: [frontier lifecycle] selected cluster=379 selected_count=1 match_distance=0[0m
[0m[INFO] [1784399001.709783585]: [candidate cost] chosen_cluster=379 chosen_coverage=0 raw_best_cluster=379 raw_best_coverage=0 | #0 c=379/cp=0 J=25.3732 T=9.75596 TB=6.61633 R=12 G=0.0909091 W=0.361977 D=0 C=3.1257 | #1 c=265/cp=0 J=26.047 T=14.2833 TB=1.97903 R=0 G=0.117647 W=0.196619 D=0 C=10.3148[0m
calculate tsp cost matrix cost 2.103ms

tour solver cost: 0.242458ms
[1;33m-------------Plan Global Path end-----------------[0m

total time cost: 181.013ms
[32m[planGlobalPath: succeed][0m: from EXEC_TRAJ to PLAN_TRAJ
viz&&print cost:0.019001ms
[33m[WARN] [1784399001.738629311]: [highspeed_exp adapter] reject frontend path: failed to align optimization head. head_path_dist=1.62799 max_allowed=1.125 switch_delay=0.45 speed=2.77264[0m
[0m[INFO] [1784399001.711438105]: [cloud input] mode=approximate_sync points=9581 age=0.019941s stamp_valid=1[0m
 -- [TIMER] updateMap time consuming [32m 12.497334 ms[0m
[0m[INFO] [1784399001.737624129]: cloud odom callback cost: map update:23.1618ms  update frontier clusters: 2.99444ms  total: 26.1563ms
[0m
[0m[INFO] [1784399001.738602319]: [path horizon] shorten high-curvature local path: horizon=10.6731m pts=7 turn=1.08636 max_local_turn=1.08636[0m
[0m[INFO] [1784399001.738615680]: [path condition] raw_pts=45 conditioned_pts=10 dense_pts=7 len=10.6731 known_free=10.6731 min_clearance=0.598974 turn=1.08636 max_local_turn=1.08636 initial_heading=1.09017 backup_feasible=1 sched_v=2 reason=curvature[0m
[0m[INFO] [1784399001.738648863]: [31m call planner [0m: 0.969[0m
[31m[PLAN_TRAJ: plan failed, keep safe terminal-stop trajectory][0m: from PLAN_TRAJ to EXEC_TRAJ
[0m[INFO] [1784399001.742947254]: [coverage guidance] plan valid=1 map_v=9 frontier_v=9 zones(f/u)=120/271 observed=4491/35519 coverage=0.1264 voxels(f/o/u)=2216/2080/195 active=6 reachable_unknown=153 route_nodes=160 preferred=9 cost=5.3ms[0m
 -- [TIMER] updateMap time consuming [32m 10.972293 ms[0m
 -- [TIMER] updateMap time consuming [32m 8.696349 ms[0m


[1;33m------------- <30> Plan Global Path start---------------[0m
[0m[INFO] [1784399002.033040934]: update topo skeleton cost: 25.479143ms, update odom vertex cost:92.445204ms [0m
[0m[INFO] [1784399002.065040185]: vp cluster cost: 1.362578ms  ,remove unreachable cost: 1.342987ms, select vp cost: 29.117223ms[0m
insert viewpoint to graph time: 8.11831 ms
calculate tsp cost matrix cost 1.81064ms

tour solver cost: 0.238347ms
[1;33m-------------Plan Global Path end-----------------[0m

total time cost: 160.556ms
[32m[planGlobalPath: succeed][0m: from EXEC_TRAJ to PLAN_TRAJ
viz&&print cost:0.013941ms
 -- [TIMER] updateMap time consuming [32m 7.580697 ms[0m
 -- [TIMER] updateMap time consuming [32m 13.587981 ms[0m
 -- [TIMER] updateMap time consuming [32m 8.324141 ms[0m
[0m[INFO] [1784399002.275735482]: [global update] actual callback interval=360.626ms configured=200ms[0m


[1;33m------------- <31> Plan Global Path start---------------[0m
[0m[INFO] [1784399002.398922780]: update topo skeleton cost: 28.884386ms, update odom vertex cost:94.242296ms [0m
[0m[INFO] [1784399002.398955642]: [highspeed_exp adapter] safety map ready=1 rog_ready=1 cloud_size=10021[0m
[0m[INFO] [1784399002.404170209]: [view score] cluster=371 best_score=5.15209 visible_gain=14 speed=2.29515 corridor_cruise=0 hard_gate=0 rejected=0 top_k=2 known_free=1 clearance=3.27543 turn=2.18306 selected_yaw=-2.53301 current_yaw=-2.53301 yaw_delta=0 heading_known_free=3.8 vp=(-3.70826, -14.9443, 2.54286)[0m
[0m[INFO] [1784399002.436360343]: vp cluster cost: 1.300584ms  ,remove unreachable cost: 1.696272ms, select vp cost: 34.291607ms[0m
insert viewpoint to graph time: 6.89099 ms
[0m[INFO] [1784399002.443799791]: [edge cost] len=16.9303 total=10.9225 time=8.66514 turn_pen=2.25736 known_pen=0 backup_pen=0 yaw_pen=0 known_free=16.9303 min_clearance=0.598974 vel_limit=2 reason=curvature backup_feasible=1[0m
[0m[INFO] [1784399002.445161479]: [candidate cost] chosen_cluster=379 chosen_coverage=0 raw_best_cluster=379 raw_best_coverage=0 | #0 c=379/cp=0 J=14.1696 T=8.66514 TB=2.25736 R=0 G=0.0909091 W=0.0403651 D=0 C=3.48945 | #1 c=265/cp=0 J=19.9408 T=13.9509 TB=2.29741 R=0 G=0.117647 W=0.237621 D=0 C=4.28428[0m
calculate tsp cost matrix cost 1.86238ms

tour solver cost: 0.216905ms
[1;33m-------------Plan Global Path end-----------------[0m

total time cost: 169.97ms
[32m[planGlobalPath: succeed][0m: from PLAN_TRAJ to PLAN_TRAJ
viz&&print cost:0.012991ms
[33m[WARN] [1784399002.446312182]: [highspeed_exp adapter] reject frontend path: failed to align optimization head. head_path_dist=1.14571 max_allowed=1.125 switch_delay=0.45 speed=2.29515[0m
[0m[INFO] [1784399002.446292181]: [path condition] raw_pts=44 conditioned_pts=6 dense_pts=12 len=16.9303 known_free=16.9303 min_clearance=0.598974 turn=0.969804 max_local_turn=0.794468 initial_heading=1.36809 backup_feasible=1 sched_v=2 reason=curvature[0m
[0m[INFO] [1784399002.446324673]: [31m call planner [0m: 0.558[0m
[31m[PLAN_TRAJ: plan failed, keep safe terminal-stop trajectory][0m: from PLAN_TRAJ to EXEC_TRAJ
 -- [TIMER] updateMap time consuming [32m 12.185700 ms[0m
 -- [TIMER] updateMap time consuming [32m 7.817704 ms[0m
 -- [TIMER] updateMap time consuming [32m 12.191941 ms[0m


[1;33m------------- <32> Plan Global Path start---------------[0m
[0m[INFO] [1784399002.761411561]: update topo skeleton cost: 20.034707ms, update odom vertex cost:95.542991ms [0m
[0m[INFO] [1784399002.801572551]: vp cluster cost: 1.245260ms  ,remove unreachable cost: 1.253940ms, select vp cost: 37.545792ms[0m
insert viewpoint to graph time: 6.95504 ms
calculate tsp cost matrix cost 2.17708ms

tour solver cost: 0.257489ms
[1;33m-------------Plan Global Path end-----------------[0m

total time cost: 166.108ms
[32m[planGlobalPath: succeed][0m: from EXEC_TRAJ to PLAN_TRAJ
viz&&print cost:0.015021ms
[0m[INFO] [1784399002.812022926]: [cloud input] mode=approximate_sync points=9936 age=0.0205156s stamp_valid=1[0m
 -- [TIMER] updateMap time consuming [32m 10.045035 ms[0m
[0m[INFO] [1784399002.834006704]: cloud odom callback cost: map update:19.2188ms  update frontier clusters: 2.72935ms  total: 21.9481ms
[0m
 -- [TIMER] updateMap time consuming [32m 15.055797 ms[0m
 -- [TIMER] updateMap time consuming [32m 10.120920 ms[0m


[1;33m------------- <33> Plan Global Path start---------------[0m
[0m[INFO] [1784399003.133828815]: update topo skeleton cost: 29.120760ms, update odom vertex cost:86.791620ms [0m
[0m[INFO] [1784399003.139261556]: [view score] cluster=265 best_score=6.11323 visible_gain=4 speed=1.29183 corridor_cruise=0 hard_gate=0 rejected=0 top_k=2 known_free=25 clearance=1.83699 turn=2.53266 selected_yaw=2.74889 current_yaw=-1.63806 yaw_delta=1.89623 heading_known_free=1.6 vp=(-16.7788, 16.2052, 2.05)[0m
[0m[INFO] [1784399003.175279034]: vp cluster cost: 1.251371ms  ,remove unreachable cost: 1.330876ms, select vp cost: 38.756434ms[0m
insert viewpoint to graph time: 8.24086 ms
[0m[INFO] [1784399003.184041966]: [edge cost] len=16.7512 total=12.1879 time=8.57562 turn_pen=3.61226 known_pen=0 backup_pen=0 yaw_pen=0 known_free=16.7512 min_clearance=0.595761 vel_limit=2 reason=curvature backup_feasible=1[0m
[0m[INFO] [1784399003.185224751]: [frontier lifecycle] selected cluster=371 selected_count=3 match_distance=0[0m
[0m[INFO] [1784399003.185243193]: [candidate cost] chosen_cluster=371 coverage_id=0 total=24.2518 travel=11.0482 turn_brake=12.4078 future_return=0 gain=0.257554 wait=0.10251 debt=0 coverage=1.46465 failed_goal=0[0m
[1;33m-------------Plan Global Path end-----------------[0m

total time cost: 169.546ms
[32m[planGlobalPath: succeed][0m: from PLAN_TRAJ to PLAN_TRAJ
viz&&print cost:0.032222ms
[0m[INFO] [1784399003.188360548]: [path horizon] shorten high-curvature local path: horizon=7.30455m pts=5 turn=1.57106 max_local_turn=1.12468[0m
[0m[INFO] [1784399003.188371898]: [path condition] raw_pts=22 conditioned_pts=13 dense_pts=5 len=7.30455 known_free=7.30455 min_clearance=0.632492 turn=1.57106 max_local_turn=1.12468 initial_heading=1.40342 backup_feasible=1 sched_v=2 reason=curvature[0m
[0m[INFO] [1784399003.203220909]: [highspeed_exp adapter] backup not required for verified known-free terminal-stop primary. duration=5.6187 known_len=7.92735[0m
[0m[INFO] [1784399003.203276283]: [highspeed_exp adapter] planned General MINCO exploration traj: pieces=3, duration=5.6187, max_v=2.00178, max_a=2.07209, sfc(raw/simplified/final)=3/2/2, corridor=general, prefix=yes, prefix_dur=0.436126, switch_delay=0.45, head_path_dist=0.611059, shifted_start=0, sched_v=2, opt_v=2, opt_bound=2, suffix_max_v=2.00178, suffix_max_a=1.67597, terminal_v=0, backup=no, backup_start=inf, backup_known_len=7.92735, sched_reason=curvature[0m
[0m[INFO] [1784399003.203298185]: [31m call planner [0m: 15.810[0m
[32m[plan success: new traj pub][0m: from PLAN_TRAJ to EXEC_TRAJ
[0m[INFO] [1784399002.096425242]: Publish local map size: 10047[0m
[0m[INFO] [1784399003.096435798]: Publish local map size: 9896[0m
 -- [MARSIM] Running FPS: 224.668
 -- [TIMER] updateMap time consuming [32m 11.632209 ms[0m
 -- [TIMER] updateMap time consuming [32m 10.526089 ms[0m
[0m[INFO] [1784399003.387548632]: [global update] actual callback interval=369.627ms configured=200ms[0m
 -- [TIMER] updateMap time consuming [32m 16.231700 ms[0m
 -- [TIMER] updateMap time consuming [32m 11.683173 ms[0m
 -- [TIMER] updateMap time consuming [32m 11.701954 ms[0m


[1;33m------------- <35> Plan Global Path start---------------[0m
[0m[INFO] [1784399003.843111927]: update topo skeleton cost: 17.383124ms, update odom vertex cost:94.656546ms [0m
[0m[INFO] [1784399003.848940777]: [view score] cluster=265 best_score=5.8427 visible_gain=4 speed=1.52966 corridor_cruise=0 hard_gate=0 rejected=0 top_k=2 known_free=25 clearance=1.83699 turn=2.64765 selected_yaw=1.1781 current_yaw=-0.938532 yaw_delta=2.11663 heading_known_free=2 vp=(-16.7788, 16.2052, 2.05)[0m
[0m[INFO] [1784399003.897201518]: vp cluster cost: 1.450105ms  ,remove unreachable cost: 1.385970ms, select vp cost: 51.133867ms[0m
insert viewpoint to graph time: 11.6617 ms
[0m[INFO] [1784399003.909543018]: [edge cost] len=17.5808 total=12.1865 time=8.9904 turn_pen=3.12371 known_pen=0 backup_pen=0 yaw_pen=0.0724145 known_free=17.5808 min_clearance=0.566603 vel_limit=2 reason=curvature backup_feasible=1[0m
[0m[INFO] [1784399003.910689831]: [frontier lifecycle] selected cluster=380 selected_count=4 match_distance=0[0m
[0m[INFO] [1784399003.910708052]: [candidate cost] chosen_cluster=380 coverage_id=0 total=12.5693 travel=8.9904 turn_brake=3.19613 future_return=0 gain=0.254928 wait=0.0395533 debt=0 coverage=0.951944 failed_goal=0[0m
[1;33m-------------Plan Global Path end-----------------[0m

total time cost: 180.018ms
[32m[planGlobalPath: succeed][0m: from EXEC_TRAJ to PLAN_TRAJ
viz&&print cost:0.015122ms
[33m[WARN] [1784399003.940604988]: [highspeed_exp adapter] optimized trajectory safety check failed; retry slower: attempt=1 guide_speed=2 t=3.25 state=out_of_map start_clearance=1.42525 segment_min_clearance=0.995835 blocked_clearance=0.995835 recovery=0 clearance_regressed=0 left_exploration_boxes=1[0m
[33m[WARN] [1784399003.957881774]: [highspeed_exp adapter] optimized trajectory safety check failed; retry slower: attempt=2 guide_speed=1.5 t=2.8 state=out_of_map start_clearance=1.42525 segment_min_clearance=1.82849 blocked_clearance=1.84339 recovery=0 clearance_regressed=0 left_exploration_boxes=1[0m
[0m[INFO] [1784399003.911642749]: [path condition] raw_pts=15 conditioned_pts=6 dense_pts=10 len=14.4282 known_free=14.4282 min_clearance=0.556449 turn=2.73606 max_local_turn=1.1235 initial_heading=0.633328 backup_feasible=1 sched_v=2 reason=curvature[0m
[0m[INFO] [1784399003.976286921]: [highspeed_exp adapter] backup not required for verified known-free terminal-stop primary. duration=14.6309 known_len=14.7983[0m
[0m[INFO] [1784399003.976391089]: [highspeed_exp adapter] planned General MINCO exploration traj: pieces=4, duration=14.6309, max_v=1.99292, max_a=1.16429, sfc(raw/simplified/final)=4/3/3, corridor=general, prefix=yes, prefix_dur=0.387788, switch_delay=0.45, head_path_dist=0.531258, shifted_start=0, sched_v=2, opt_v=1.1, opt_bound=2.26302, suffix_max_v=1.99292, suffix_max_a=1.09755, terminal_v=0, backup=no, backup_start=inf, backup_known_len=14.7983, sched_reason=curvature[0m
[0m[INFO] [1784399003.976420771]: [31m call planner [0m: 65.318[0m
[32m[plan success: new traj pub][0m: from PLAN_TRAJ to EXEC_TRAJ
[0m[INFO] [1784399003.976504647]: [cloud input] mode=approximate_sync points=9504 age=0.085012s stamp_valid=1[0m
 -- [TIMER] updateMap time consuming [32m 16.777960 ms[0m
[0m[INFO] [1784399004.004984211]: cloud odom callback cost: map update:25.5925ms  update frontier clusters: 2.86027ms  total: 28.4528ms
[0m
[0m[INFO] [1784399004.010280092]: [coverage guidance] plan valid=1 map_v=11 frontier_v=11 zones(f/u)=121/270 observed=6222/35519 coverage=0.1752 voxels(f/o/u)=2565/3387/270 active=7 reachable_unknown=152 route_nodes=160 preferred=10 cost=5.3ms[0m
 -- [TIMER] updateMap time consuming [32m 11.894587 ms[0m
 -- [TIMER] updateMap time consuming [32m 15.781116 ms[0m
 -- [TIMER] updateMap time consuming [32m 14.081084 ms[0m
 -- [TIMER] updateMap time consuming [32m 18.314269 ms[0m
 -- [TIMER] updateMap time consuming [32m 17.207569 ms[0m
[0m[INFO] [1784399004.424520692]: [global update] actual callback interval=301.265ms configured=200ms[0m


[1;33m------------- <37> Plan Global Path start---------------[0m
[0m[INFO] [1784399004.520626502]: update topo skeleton cost: 29.655796ms, update odom vertex cost:66.401481ms [0m
[0m[INFO] [1784399004.520655264]: [highspeed_exp adapter] safety map ready=1 rog_ready=1 cloud_size=9546[0m
[0m[INFO] [1784399004.527271511]: [view score] cluster=265 best_score=6.42689 visible_gain=4 speed=1.97723 corridor_cruise=0 hard_gate=0 rejected=0 top_k=2 known_free=25 clearance=1.83699 turn=2.38357 selected_yaw=1.1781 current_yaw=-0.644831 yaw_delta=1.82293 heading_known_free=3.6 vp=(-16.7788, 16.2052, 2.05)[0m
[0m[INFO] [1784399004.582410471]: vp cluster cost: 1.684401ms  ,remove unreachable cost: 1.382410ms, select vp cost: 58.574558ms[0m
insert viewpoint to graph time: 12.5652 ms
[0m[INFO] [1784399004.595764003]: [edge cost] len=20.3646 total=13.6034 time=10.3823 turn_pen=3.19976 known_pen=0 backup_pen=0 yaw_pen=0.0213306 known_free=20.3646 min_clearance=0.484263 vel_limit=2 reason=curvature backup_feasible=1[0m
[0m[INFO] [1784399004.596994412]: [frontier lifecycle] selected cluster=382 selected_count=5 match_distance=0[0m
[0m[INFO] [1784399004.597008913]: [candidate cost] chosen_cluster=382 coverage_id=0 total=6.29665 travel=4.14652 turn_brake=1.85881 future_return=0 gain=0.302326 wait=0.0373165 debt=0 coverage=0.951944 failed_goal=0[0m
[1;33m-------------Plan Global Path end-----------------[0m

total time cost: 173.283ms
[32m[planGlobalPath: succeed][0m: from EXEC_TRAJ to PLAN_TRAJ
viz&&print cost:0.016141ms
[33m[WARN] [1784399004.617835502]: [highspeed_exp adapter] optimized trajectory safety check failed; retry slower: attempt=1 guide_speed=2 t=1.6 state=out_of_map start_clearance=1.31227 segment_min_clearance=1.66783 blocked_clearance=1.68892 recovery=0 clearance_regressed=0 left_exploration_boxes=1[0m
[33m[WARN] [1784399004.622339717]: [highspeed_exp adapter] optimized trajectory safety check failed; retry slower: attempt=2 guide_speed=1.5 t=1.6 state=out_of_map start_clearance=1.31227 segment_min_clearance=1.66809 blocked_clearance=1.6892 recovery=0 clearance_regressed=0 left_exploration_boxes=1[0m
[33m[WARN] [1784399004.626405579]: [highspeed_exp adapter] optimized trajectory safety check failed; retry slower: attempt=3 guide_speed=1.1 t=1.95 state=out_of_map start_clearance=1.31227 segment_min_clearance=1.93432 blocked_clearance=1.98699 recovery=0 clearance_regressed=0 left_exploration_boxes=1[0m
[33m[WARN] [1784399004.630275558]: [highspeed_exp adapter] optimized trajectory safety check failed; retry slower: attempt=4 guide_speed=1 t=2.2 state=out_of_map start_clearance=1.31227 segment_min_clearance=1.86955 blocked_clearance=1.86955 recovery=0 clearance_regressed=0 left_exploration_boxes=1[0m
[33m[WARN] [1784399004.630287449]: [highspeed_exp adapter] General exploration MINCO optimization failed.[0m
[0m[INFO] [1784399004.598389102]: [path condition] raw_pts=11 conditioned_pts=7 dense_pts=9 len=12.1556 known_free=12.1556 min_clearance=0.792077 turn=1.96609 max_local_turn=0.664937 initial_heading=0.594445 backup_feasible=1 sched_v=3.65027 reason=curvature[0m
[0m[INFO] [1784399004.630307020]: [31m call planner [0m: 32.448[0m
[31m[PLAN_TRAJ: plan failed, keep safe terminal-stop trajectory][0m: from PLAN_TRAJ to EXEC_TRAJ
 -- [TIMER] updateMap time consuming [32m 17.921280 ms[0m
 -- [TIMER] updateMap time consuming [32m 16.051836 ms[0m
 -- [TIMER] updateMap time consuming [32m 16.556062 ms[0m


[1;33m------------- <38> Plan Global Path start---------------[0m
[0m[INFO] [1784399005.012888919]: update topo skeleton cost: 82.561535ms, update odom vertex cost:102.853885ms [0m
[0m[INFO] [1784399005.029226294]: [view score] cluster=391 best_score=10.8438 visible_gain=3 speed=1.95759 corridor_cruise=0 hard_gate=0 rejected=0 top_k=2 known_free=19.5534 clearance=3.10426 turn=0.597854 selected_yaw=1.1781 current_yaw=-0.512552 yaw_delta=1.69065 heading_known_free=3 vp=(5.21603, -13.2125, 3.5)[0m
[0m[INFO] [1784399005.043412504]: vp cluster cost: 1.518319ms  ,remove unreachable cost: 2.010674ms, select vp cost: 26.853581ms[0m
insert viewpoint to graph time: 8.50527 ms
[0m[INFO] [1784399005.055510184]: [candidate cost] chosen_cluster=389 chosen_coverage=0 raw_best_cluster=389 raw_best_coverage=0 | #0 c=389/cp=0 J=10.7866 T=3.7984 TB=1.1864 R=9.96515 G=0.285714 W=0.0248002 D=0 C=0.929645 | #1 c=390/cp=0 J=11.3885 T=3.62024 TB=1.25882 R=10.1326 G=0.464286 W=0.00169282 D=0 C=1.8676 | #2 c=391/cp=0 J=14.4079 T=6.14836 TB=1.22741 R=4.68904 G=0.0909091 W=0.00167596 D=0 C=4.63745[0m
calculate tsp cost matrix cost 3.55686ms

tour solver cost: 0.259899ms
[1;33m-------------Plan Global Path end-----------------[0m

total time cost: 230.05ms
[32m[planGlobalPath: succeed][0m: from EXEC_TRAJ to PLAN_TRAJ
viz&&print cost:0.020622ms
[33m[WARN] [1784399005.077265748]: [highspeed_exp adapter] optimized trajectory safety check failed; retry slower: attempt=1 guide_speed=2.99435 t=2 state=out_of_map start_clearance=1.45615 segment_min_clearance=1.84164 blocked_clearance=1.84164 recovery=0 clearance_regressed=0 left_exploration_boxes=1[0m
[33m[WARN] [1784399005.079959632]: [highspeed_exp adapter] optimized trajectory safety check failed; retry slower: attempt=2 guide_speed=2.24577 t=2.35 state=out_of_map start_clearance=1.45615 segment_min_clearance=1.74571 blocked_clearance=1.74571 recovery=0 clearance_regressed=0 left_exploration_boxes=1[0m
[33m[WARN] [1784399005.082615543]: [highspeed_exp adapter] optimized trajectory safety check failed; retry slower: attempt=3 guide_speed=1.64689 t=2.8 state=out_of_map start_clearance=1.45615 segment_min_clearance=1.5757 blocked_clearance=1.5757 recovery=0 clearance_regressed=0 left_exploration_boxes=1[0m
[33m[WARN] [1784399005.084339577]: [highspeed_exp adapter] optimized trajectory safety check failed; retry slower: attempt=4 guide_speed=1 t=3.4 state=out_of_map start_clearance=1.45615 segment_min_clearance=1.52364 blocked_clearance=1.52364 recovery=0 clearance_regressed=0 left_exploration_boxes=1[0m
[33m[WARN] [1784399005.084357168]: [highspeed_exp adapter] General exploration MINCO optimization failed.[0m
[0m[INFO] [1784399005.058071768]: [path condition] raw_pts=11 conditioned_pts=4 dense_pts=8 len=12.0309 known_free=12.0309 min_clearance=0.778437 turn=1.05374 max_local_turn=0.602633 initial_heading=0.699275 backup_feasible=1 sched_v=3.50311 reason=curvature[0m
[0m[INFO] [1784399005.084383980]: [31m call planner [0m: 26.848[0m
[31m[PLAN_TRAJ: plan failed, keep safe terminal-stop trajectory][0m: from PLAN_TRAJ to EXEC_TRAJ
[0m[INFO] [1784399005.084581804]: [cloud input] mode=approximate_sync points=9492 age=0.0930826s stamp_valid=1[0m
 -- [TIMER] updateMap time consuming [32m 17.180255 ms[0m
[0m[INFO] [1784399005.112874639]: cloud odom callback cost: map update:24.4054ms  update frontier clusters: 3.84133ms  total: 28.2468ms
[0m
 -- [TIMER] updateMap time consuming [32m 13.879389 ms[0m
 -- [TIMER] updateMap time consuming [32m 15.499214 ms[0m


[1;33m------------- <39> Plan Global Path start---------------[0m
[0m[INFO] [1784399005.358052328]: update topo skeleton cost: 39.976654ms, update odom vertex cost:60.475279ms [0m
[0m[INFO] [1784399005.383950120]: vp cluster cost: 2.401873ms  ,remove unreachable cost: 1.887615ms, select vp cost: 21.467634ms[0m
insert viewpoint to graph time: 16.0313 ms
[0m[INFO] [1784399005.400630780]: [edge cost] len=13.3115 total=4.8901 time=3.83734 turn_pen=1.01774 known_pen=0 backup_pen=0 yaw_pen=0.0350204 known_free=13.3115 min_clearance=1.07923 vel_limit=3.85652 reason=curvature backup_feasible=1[0m
[0m[INFO] [1784399005.406539554]: [frontier lifecycle] selected cluster=407 selected_count=6 match_distance=0[0m
calculate tsp cost matrix cost 6.51304ms

tour solver cost: 0.40681ms
[1;33m-------------Plan Global Path end-----------------[0m

total time cost: 150.73ms
[32m[planGlobalPath: succeed][0m: from EXEC_TRAJ to PLAN_TRAJ
[0m[INFO] [1784399005.408336604]: [frontier storage] labels=2828/3739 normals=169/823 clusters=15 terminal=0 cluster_cells(cap)=145 candidates(cap)=28 derived_viewpoints(cap)=0 estimated_kb=68.418 revision=73 audit_ready=0[0m
viz&&print cost:0.047573ms
 -- [TIMER] updateMap time consuming [32m 11.791068 ms[0m
[0m[INFO] [1784399005.494242210]: [path condition] raw_pts=9 conditioned_pts=4 dense_pts=6 len=10.5714 known_free=10.5714 min_clearance=1.07904 turn=1.23967 max_local_turn=0.705787 initial_heading=0.491083 backup_feasible=1 sched_v=3.4752 reason=curvature[0m
[0m[INFO] [1784399005.515816322]: [highspeed_exp adapter] backup not required for verified known-free terminal-stop primary. duration=5.67311 known_len=10.2393[0m
[0m[INFO] [1784399005.515898037]: [highspeed_exp adapter] planned General MINCO exploration traj: pieces=3, duration=5.67311, max_v=3.0012, max_a=2.11486, sfc(raw/simplified/final)=3/2/2, corridor=general, prefix=yes, prefix_dur=0.429832, switch_delay=0.45, head_path_dist=0.433905, shifted_start=0, sched_v=3, opt_v=3, opt_bound=3, suffix_max_v=3.0012, suffix_max_a=2.11486, terminal_v=0, backup=no, backup_start=inf, backup_known_len=10.2393, sched_reason=known_free[0m
[0m[INFO] [1784399005.515920519]: [31m call planner [0m: 22.325[0m
[32m[plan success: new traj pub][0m: from PLAN_TRAJ to EXEC_TRAJ
[0m[INFO] [1784399004.196612580]: Publish local map size: 9057[0m
[0m[INFO] [1784399005.297228584]: Publish local map size: 9640[0m
 -- [MARSIM] Running FPS: 219.615
 -- [TIMER] updateMap time consuming [32m 12.054757 ms[0m
 -- [TIMER] updateMap time consuming [32m 12.988844 ms[0m
[0m[INFO] [1784399005.621124134]: [global update] actual callback interval=363.533ms configured=200ms[0m
 -- [TIMER] updateMap time consuming [32m 13.333399 ms[0m
 -- [TIMER] updateMap time consuming [32m 13.901480 ms[0m
 -- [TIMER] updateMap time consuming [32m 10.465213 ms[0m


[1;33m------------- <41> Plan Global Path start---------------[0m
[0m[INFO] [1784399006.120381929]: update topo skeleton cost: 69.249884ms, update odom vertex cost:79.202147ms [0m
[0m[INFO] [1784399006.125762015]: [view score] cluster=379 best_score=-5.54058 visible_gain=3 speed=1.30169 corridor_cruise=0 hard_gate=0 rejected=0 top_k=2 known_free=1.2 clearance=1.59015 turn=1.58828 selected_yaw=-1.1781 current_yaw=0.159816 yaw_delta=1.33791 heading_known_free=3 vp=(-12.9887, 6.21127, 1.3)[0m
[0m[INFO] [1784399006.137898467]: vp cluster cost: 1.897026ms  ,remove unreachable cost: 2.533562ms, select vp cost: 12.909247ms[0m
insert viewpoint to graph time: 17.1907 ms
[0m[INFO] [1784399006.155595717]: [edge cost] len=13.2451 total=11.6327 time=6.82256 turn_pen=4.81017 known_pen=0 backup_pen=0 yaw_pen=0 known_free=13.2451 min_clearance=0.687886 vel_limit=2 reason=curvature backup_feasible=1[0m
[0m[INFO] [1784399006.159091658]: [frontier lifecycle] selected cluster=435 selected_count=7 match_distance=0[0m
[0m[INFO] [1784399006.159117270]: [candidate cost] chosen_cluster=435 chosen_coverage=0 raw_best_cluster=435 raw_best_coverage=0 | #0 c=435/cp=0 J=4.25317 T=2.86851 TB=0.519327 R=0 G=0.212471 W=0.0406308 D=0 C=1.35122 | #1 c=440/cp=0 J=8.82594 T=3.35931 TB=0.550743 R=8.2003 G=0.230845 W=0.0856048 D=0 C=0.995821 | #2 c=441/cp=0 J=18.759 T=6.82256 TB=4.81017 R=10.0559 G=0.302326 W=0.0432357 D=0 C=2.26507[0m
calculate tsp cost matrix cost 3.99501ms

tour solver cost: 0.281561ms
[1;33m-------------Plan Global Path end-----------------[0m

total time cost: 189.032ms
[32m[planGlobalPath: succeed][0m: from EXEC_TRAJ to PLAN_TRAJ
viz&&print cost:0.029492ms
[0m[INFO] [1784399006.161406934]: [path condition] raw_pts=9 conditioned_pts=4 dense_pts=6 len=7.73261 known_free=7.73261 min_clearance=1.07904 turn=1.17217 max_local_turn=0.822166 initial_heading=0.301349 backup_feasible=1 sched_v=2.97643 reason=curvature[0m
[0m[INFO] [1784399006.174597921]: [highspeed_exp adapter] backup not required for verified known-free terminal-stop primary. duration=4.06845 known_len=7.26787[0m
[0m[INFO] [1784399006.174654176]: [highspeed_exp adapter] planned General MINCO exploration traj: pieces=3, duration=4.06845, max_v=2.97794, max_a=2.73466, sfc(raw/simplified/final)=3/2/2, corridor=general, prefix=yes, prefix_dur=0.43765, switch_delay=0.45, head_path_dist=0.0797217, shifted_start=0, sched_v=2.97643, opt_v=2.97643, opt_bound=3, suffix_max_v=2.97794, suffix_max_a=2.73466, terminal_v=0, backup=no, backup_start=inf, backup_known_len=7.26787, sched_reason=curvature[0m
[0m[INFO] [1784399006.174674407]: [31m call planner [0m: 13.695[0m
[32m[plan success: new traj pub][0m: from PLAN_TRAJ to EXEC_TRAJ
[0m[INFO] [1784399006.174756153]: [cloud input] mode=approximate_sync points=9117 age=0.0832642s stamp_valid=1[0m
 -- [TIMER] updateMap time consuming [32m 12.065397 ms[0m
[0m[INFO] [1784399006.199865806]: cloud odom callback cost: map update:21.1227ms  update frontier clusters: 3.95726ms  total: 25.08ms
[0m
[0m[INFO] [1784399006.205818853]: [coverage guidance] plan valid=1 map_v=13 frontier_v=13 zones(f/u)=126/274 observed=7384/35519 coverage=0.2079 voxels(f/o/u)=2892/4117/375 active=8 reachable_unknown=151 route_nodes=160 preferred=10 cost=6.0ms[0m
 -- [TIMER] updateMap time consuming [32m 11.146840 ms[0m
 -- [TIMER] updateMap time consuming [32m 13.385541 ms[0m
 -- [TIMER] updateMap time consuming [32m 15.084503 ms[0m
 -- [TIMER] updateMap time consuming [32m 15.375354 ms[0m
 -- [TIMER] updateMap time consuming [32m 15.476401 ms[0m
[0m[INFO] [1784399006.723834425]: [global update] actual callback interval=362.793ms configured=200ms[0m


[1;33m------------- <43> Plan Global Path start---------------[0m
[0m[INFO] [1784399006.906962803]: update topo skeleton cost: 76.297798ms, update odom vertex cost:106.781417ms [0m
[0m[INFO] [1784399006.906997195]: [highspeed_exp adapter] safety map ready=1 rog_ready=1 cloud_size=9405[0m
[0m[INFO] [1784399006.912386412]: [view score] cluster=468 best_score=19.7128 visible_gain=14 speed=1.53029 corridor_cruise=0 hard_gate=0 rejected=0 top_k=2 known_free=11.1056 clearance=1.1314 turn=0.218311 selected_yaw=0.361376 current_yaw=0.361376 yaw_delta=0 heading_known_free=6.2 vp=(-0.735246, -11.053, 3.655)[0m
[0m[INFO] [1784399006.938746905]: vp cluster cost: 1.808600ms  ,remove unreachable cost: 2.439025ms, select vp cost: 27.288509ms[0m
insert viewpoint to graph time: 9.27003 ms
[0m[INFO] [1784399006.949044384]: [edge cost] len=24.6893 total=21.1305 time=12.5446 turn_pen=8.52428 known_pen=0 backup_pen=0 yaw_pen=0.0615789 known_free=24.3357 min_clearance=0.56721 vel_limit=2 reason=curvature backup_feasible=1[0m
[0m[INFO] [1784399006.967601826]: [frontier lifecycle] selected cluster=461 selected_count=6 match_distance=0[0m
[0m[INFO] [1784399006.967635379]: [candidate cost] chosen_cluster=461 chosen_coverage=0 raw_best_cluster=461 raw_best_coverage=0 | #0 c=461/cp=0 J=12.4328 T=3.27864 TB=1.31868 R=9.67508 G=0.209538 W=0.130096 D=0 C=3.12836 | #1 c=468/cp=0 J=14.8087 T=5.10111 TB=2.27113 R=12 G=0.318182 W=0.0877269 D=0 C=1.60438 | #2 c=465/cp=0 J=30.3924 T=11.9544 TB=8.61978 R=12 G=0.450252 W=0.653131 D=0 C=5.09839[0m
calculate tsp cost matrix cost 19.5758ms

tour solver cost: 0.643956ms
[1;33m-------------Plan Global Path end-----------------[0m

total time cost: 246.097ms
[32m[planGlobalPath: succeed][0m: from EXEC_TRAJ to PLAN_TRAJ
viz&&print cost:0.016731ms
[0m[INFO] [1784399006.970438070]: [path condition] raw_pts=12 conditioned_pts=4 dense_pts=6 len=10.5549 known_free=10.5549 min_clearance=0.598413 turn=1.05069 max_local_turn=0.528915 initial_heading=0.39992 backup_feasible=1 sched_v=4 reason=known_free[0m
[0m[INFO] [1784399006.984752218]: [highspeed_exp adapter] backup not required for verified known-free terminal-stop primary. duration=6.22407 known_len=10.3036[0m
[0m[INFO] [1784399006.984897348]: [highspeed_exp adapter] planned General MINCO exploration traj: pieces=2, duration=6.22407, max_v=3.2035, max_a=1.87679, sfc(raw/simplified/final)=3/1/1, corridor=general, prefix=yes, prefix_dur=0.436772, switch_delay=0.45, head_path_dist=0.439758, shifted_start=0, sched_v=3, opt_v=3, opt_bound=3, suffix_max_v=3.2035, suffix_max_a=1.87679, terminal_v=0, backup=no, backup_start=inf, backup_known_len=10.3036, sched_reason=known_free[0m
[0m[INFO] [1784399006.984938461]: [31m call planner [0m: 14.942[0m
[32m[plan success: new traj pub][0m: from PLAN_TRAJ to EXEC_TRAJ
 -- [TIMER] updateMap time consuming [32m 15.536495 ms[0m
 -- [TIMER] updateMap time consuming [32m 13.878995 ms[0m
 -- [TIMER] updateMap time consuming [32m 15.516893 ms[0m


[1;33m------------- <44> Plan Global Path start---------------[0m
[0m[INFO] [1784399007.381399794]: update topo skeleton cost: 87.872840ms, update odom vertex cost:123.461999ms [0m
[0m[INFO] [1784399007.418155709]: [view score] cluster=480 best_score=25.0686 visible_gain=21 speed=2.01574 corridor_cruise=0 hard_gate=0 rejected=0 top_k=2 known_free=21.9448 clearance=2.34193 turn=1.47514 selected_yaw=-2.74889 current_yaw=0.170244 yaw_delta=2.91914 heading_known_free=7 vp=(-15.9431, 8.46773, 2.52069)[0m
[0m[INFO] [1784399007.418228434]: vp cluster cost: 1.833682ms  ,remove unreachable cost: 3.049048ms, select vp cost: 31.781319ms[0m
insert viewpoint to graph time: 11.4841 ms
calculate tsp cost matrix cost 2.16708ms

tour solver cost: 0.264609ms
[1;33m-------------Plan Global Path end-----------------[0m

total time cost: 264.007ms
[32m[planGlobalPath: succeed][0m: from EXEC_TRAJ to PLAN_TRAJ
viz&&print cost:0.016412ms
[0m[INFO] [1784399007.434535133]: [path condition] raw_pts=8 conditioned_pts=4 dense_pts=6 len=9.91244 known_free=9.91244 min_clearance=0.866999 turn=1.1893 max_local_turn=0.604239 initial_heading=0.328846 backup_feasible=1 sched_v=3 reason=known_free[0m
[33m -- [ExplorationTrajOpt] Optimization failed: Line search reaches the maximum try number, assumptions not satisfied or precision not achievable., guide_excess=0, guide_cost_sample=0, guide_max_abs_gt=0, guide_oob_samples=0[0m
[33m[WARN] [1784399007.447543656]: [highspeed_exp adapter] MINCO optimization attempt 1 failed: guide_speed=3 vel_bound=3.03176 boundary_speed=2.73176[0m
[33m -- [ExplorationTrajOpt] Optimization failed: Line search reaches the maximum try number, assumptions not satisfied or precision not achievable., guide_excess=0, guide_cost_sample=0, guide_max_abs_gt=0, guide_oob_samples=0[0m
[33m[WARN] [1784399007.448722050]: [highspeed_exp adapter] MINCO optimization attempt 2 failed: guide_speed=2.25 vel_bound=3.03176 boundary_speed=2.73176[0m
[33m -- [ExplorationTrajOpt] Optimization failed: Line search reaches the maximum try number, assumptions not satisfied or precision not achievable., guide_excess=0, guide_cost_sample=0, guide_max_abs_gt=0, guide_oob_samples=0[0m
[33m[WARN] [1784399007.449885213]: [highspeed_exp adapter] MINCO optimization attempt 3 failed: guide_speed=1.65 vel_bound=3.03176 boundary_speed=2.73176[0m
[33m -- [ExplorationTrajOpt] Optimization failed: Line search reaches the maximum try number, assumptions not satisfied or precision not achievable., guide_excess=0, guide_cost_sample=0, guide_max_abs_gt=0, guide_oob_samples=0[0m
[33m[WARN] [1784399007.451052877]: [highspeed_exp adapter] MINCO optimization attempt 4 failed: guide_speed=1 vel_bound=3.03176 boundary_speed=2.73176[0m
[33m[WARN] [1784399007.451060128]: [highspeed_exp adapter] General exploration MINCO optimization failed.[0m
[0m[INFO] [1784399007.451080739]: [31m call planner [0m: 17.002[0m
[31m[PLAN_TRAJ: plan failed, keep safe terminal-stop trajectory][0m: from PLAN_TRAJ to EXEC_TRAJ
[0m[INFO] [1784399007.451257762]: [cloud input] mode=approximate_sync points=9437 age=0.0597676s stamp_valid=1[0m
 -- [TIMER] updateMap time consuming [32m 9.258204 ms[0m
[0m[INFO] [1784399007.472178732]: cloud odom callback cost: map update:16.9092ms  update frontier clusters: 3.98592ms  total: 20.8951ms
[0m
 -- [TIMER] updateMap time consuming [32m 8.952702 ms[0m
 -- [TIMER] updateMap time consuming [32m 8.042097 ms[0m


[1;33m------------- <45> Plan Global Path start---------------[0m
[33m[WARN] [1784399007.747591146]: [view gate] reject cluster=265 visible_rejected=9 speed=2.47069 obs=13 reasons{known_free=9,clearance=0,turn=9,yaw=3} fov_edge_ratio=1 gap_ratio=1[0m
[0m[INFO] [1784399007.741770669]: update topo skeleton cost: 37.358888ms, update odom vertex cost:70.273348ms [0m
[0m[INFO] [1784399007.761905212]: vp cluster cost: 1.986782ms  ,remove unreachable cost: 2.908618ms, select vp cost: 14.837924ms[0m
insert viewpoint to graph time: 4.76046 ms
[0m[INFO] [1784399007.767155069]: [edge cost] len=8.40804 total=3.74683 time=3.10268 turn_pen=0.644151 known_pen=0 backup_pen=0 yaw_pen=5.96046e-10 known_free=8.40804 min_clearance=0.644411 vel_limit=3 reason=known_free backup_feasible=1[0m
[0m[INFO] [1784399007.770421623]: [goal lock] keep goal idx=2 candidate_idx=1 locked_cost=9.15394 candidate_cost=8.53865 since=0.802838 high_speed=0[0m
[0m[INFO] [1784399007.770466796]: [candidate cost] chosen_cluster=493 chosen_coverage=0 raw_best_cluster=495 raw_best_coverage=0 | #0 c=495/cp=0 J=8.53865 T=2.95174 TB=0.688237 R=8.74834 G=0.177517 W=0.0441282 D=0 C=0.508319 | #1 c=494/cp=0 J=8.54297 T=3.8173 TB=0.688237 R=3.20573 G=0.142857 W=0.00102924 D=0 C=2.56154 | #2 c=493/cp=0 J=9.15394 T=3.10268 TB=0.644151 R=9.89721 G=0.185334 W=0.0441282 D=0 C=0.400504[0m
calculate tsp cost matrix cost 3.75907ms

tour solver cost: 1.33342ms
[1;33m-------------Plan Global Path end-----------------[0m

total time cost: 140.309ms
[32m[planGlobalPath: succeed][0m: from EXEC_TRAJ to PLAN_TRAJ
viz&&print cost:0.014281ms
[0m[INFO] [1784399007.774809047]: [path condition] raw_pts=9 conditioned_pts=3 dense_pts=5 len=8.40804 known_free=8.40804 min_clearance=0.64477 turn=0.518244 max_local_turn=0.518244 initial_heading=0.390392 backup_feasible=1 sched_v=3 reason=known_free[0m
[0m[INFO] [1784399007.786320513]: [highspeed_exp adapter] backup not required for verified known-free terminal-stop primary. duration=3.56351 known_len=7.86007[0m
[0m[INFO] [1784399007.786376977]: [highspeed_exp adapter] planned General MINCO exploration traj: pieces=2, duration=3.56351, max_v=3.33364, max_a=2.66759, sfc(raw/simplified/final)=3/1/1, corridor=general, prefix=yes, prefix_dur=0.439164, switch_delay=0.45, head_path_dist=0.379875, shifted_start=0, sched_v=3, opt_v=3, opt_bound=3.33304, suffix_max_v=3.33364, suffix_max_a=2.66759, terminal_v=0, backup=no, backup_start=inf, backup_known_len=7.86007, sched_reason=known_free[0m
[0m[INFO] [1784399007.786397528]: [31m call planner [0m: 11.942[0m
[32m[plan success: new traj pub][0m: from PLAN_TRAJ to EXEC_TRAJ
[0m[INFO] [1784399006.297612724]: Publish local map size: 9859[0m
[0m[INFO] [1784399007.297999116]: Publish local map size: 9268[0m
 -- [MARSIM] Running FPS: 206.287
 -- [TIMER] updateMap time consuming [32m 8.609128 ms[0m
 -- [TIMER] updateMap time consuming [32m 14.769818 ms[0m
 -- [TIMER] updateMap time consuming [32m 10.555917 ms[0m
[0m[INFO] [1784399007.974510974]: [global update] actual callback interval=340.38ms configured=200ms[0m
 -- [TIMER] updateMap time consuming [32m 10.585878 ms[0m
 -- [TIMER] updateMap time consuming [32m 13.059025 ms[0m
 -- [TIMER] updateMap time consuming [32m 12.822757 ms[0m


[1;33m------------- <47> Plan Global Path start---------------[0m
[0m[INFO] [1784399008.369030628]: update topo skeleton cost: 22.589206ms, update odom vertex cost:67.804564ms [0m
[0m[INFO] [1784399008.374251112]: [view score] cluster=539 best_score=8.26328 visible_gain=5 speed=3.06335 corridor_cruise=0 hard_gate=0 rejected=0 top_k=2 known_free=4.8 clearance=1.1238 turn=0.608618 selected_yaw=1.1781 current_yaw=-0.280662 yaw_delta=1.45876 heading_known_free=7.8 vp=(3.05568, -9.06316, 4.2)[0m
[0m[INFO] [1784399008.380405342]: vp cluster cost: 1.590654ms  ,remove unreachable cost: 3.054848ms, select vp cost: 6.543699ms[0m
insert viewpoint to graph time: 10.9068 ms
[0m[INFO] [1784399008.391781367]: [edge cost] len=11.2336 total=3.65305 time=3.20841 turn_pen=0.408736 known_pen=0 backup_pen=0 yaw_pen=0.0358974 known_free=11.2336 min_clearance=1.04528 vel_limit=4 reason=known_free backup_feasible=1[0m
[0m[INFO] [1784399008.394890869]: [frontier lifecycle] selected cluster=538 selected_count=1 match_distance=0[0m
[0m[INFO] [1784399008.394913931]: [candidate cost] chosen_cluster=538 chosen_coverage=0 raw_best_cluster=538 raw_best_coverage=0 | #0 c=538/cp=0 J=9.19258 T=3.30016 TB=0.43567 R=9.27939 G=0.270853 W=0.16782 D=0 C=1.14652 | #1 c=543/cp=0 J=11.1858 T=3.98712 TB=0.444633 R=7.06617 G=0.285714 W=0.0784897 D=0 C=3.55684 | #2 c=541/cp=0 J=11.7563 T=3.20841 TB=0.444634 R=11.7624 G=0.162858 W=0.0784897 D=0 C=2.0774[0m
calculate tsp cost matrix cost 3.57175ms

tour solver cost: 0.257389ms
[1;33m-------------Plan Global Path end-----------------[0m

total time cost: 118.159ms
[32m[planGlobalPath: succeed][0m: from EXEC_TRAJ to PLAN_TRAJ
viz&&print cost:0.018371ms
[0m[INFO] [1784399008.397259089]: [path condition] raw_pts=8 conditioned_pts=4 dense_pts=6 len=9.22058 known_free=9.22058 min_clearance=1.04528 turn=1.12934 max_local_turn=0.596382 initial_heading=0.244798 backup_feasible=1 sched_v=3 reason=known_free[0m
[0m[INFO] [1784399008.410194265]: [highspeed_exp adapter] backup not required for verified known-free terminal-stop primary. duration=3.38699 known_len=8.27934[0m
[0m[INFO] [1784399008.410242038]: [highspeed_exp adapter] planned General MINCO exploration traj: pieces=2, duration=3.38699, max_v=3.61728, max_a=3.24987, sfc(raw/simplified/final)=3/1/1, corridor=general, prefix=yes, prefix_dur=0.437625, switch_delay=0.45, head_path_dist=0.418362, shifted_start=0, sched_v=2, opt_v=2, opt_bound=3.61693, suffix_max_v=3.61728, suffix_max_a=3.24987, terminal_v=0, backup=no, backup_start=inf, backup_known_len=8.27934, sched_reason=curvature[0m
[0m[INFO] [1784399008.410259499]: [31m call planner [0m: 13.441[0m
[32m[plan success: new traj pub][0m: from PLAN_TRAJ to EXEC_TRAJ
 -- [TIMER] updateMap time consuming [32m 16.882538 ms[0m
[0m[INFO] [1784399008.496541196]: [cloud input] mode=approximate_sync points=9951 age=0.00503001s stamp_valid=1[0m
 -- [TIMER] updateMap time consuming [32m 14.823251 ms[0m
[0m[INFO] [1784399008.523414969]: cloud odom callback cost: map update:23.429ms  update frontier clusters: 3.40065ms  total: 26.8297ms
[0m
[0m[INFO] [1784399008.528964787]: [coverage guidance] plan valid=1 map_v=15 frontier_v=15 zones(f/u)=139/273 observed=7973/35519 coverage=0.2245 voxels(f/o/u)=3335/4212/426 active=7 reachable_unknown=152 route_nodes=160 preferred=8 cost=5.6ms[0m
 -- [TIMER] updateMap time consuming [32m 13.830470 ms[0m
 -- [TIMER] updateMap time consuming [32m 19.599023 ms[0m
 -- [TIMER] updateMap time consuming [32m 14.536611 ms[0m
 -- [TIMER] updateMap time consuming [32m 12.285309 ms[0m


[1;33m------------- <49> Plan Global Path start---------------[0m
[0m[INFO] [1784399009.014115914]: update topo skeleton cost: 42.366323ms, update odom vertex cost:51.909935ms [0m
[0m[INFO] [1784399009.014166928]: [highspeed_exp adapter] safety map ready=1 rog_ready=1 cloud_size=9314[0m
[0m[INFO] [1784399009.023061144]: [view score] cluster=481 best_score=-5.54408 visible_gain=4 speed=3.32422 corridor_cruise=0 hard_gate=0 rejected=0 top_k=2 known_free=3 clearance=1.15822 turn=2.13224 selected_yaw=-1.1781 current_yaw=-0.160694 yaw_delta=1.0174 heading_known_free=5.8 vp=(-13.1387, 6.36127, 0.1)[0m
[0m[INFO] [1784399009.030696419]: vp cluster cost: 2.207227ms  ,remove unreachable cost: 5.657884ms, select vp cost: 8.403741ms[0m
insert viewpoint to graph time: 7.82556 ms
[0m[INFO] [1784399009.039008274]: [edge cost] len=13.6124 total=4.02844 time=3.8031 turn_pen=0.184644 known_pen=0 backup_pen=0 yaw_pen=0.0406961 known_free=13.6124 min_clearance=1.04037 vel_limit=4 reason=known_free backup_feasible=1[0m
[0m[INFO] [1784399009.042157999]: [frontier lifecycle] selected cluster=592 selected_count=2 match_distance=0[0m
[0m[INFO] [1784399009.042191841]: [candidate cost] chosen_cluster=592 chosen_coverage=0 raw_best_cluster=592 raw_best_coverage=0 | #0 c=592/cp=0 J=11.5967 T=3.58969 TB=0.20678 R=9.31053 G=0.223675 W=0.0353224 D=0 C=3.17981 | #1 c=586/cp=0 J=13.6553 T=3.8031 TB=0.22534 R=12 G=0.231644 W=0.114617 D=0 C=3.66203 | #2 c=589/cp=0 J=19.2014 T=8.05659 TB=2.85133 R=10.1713 G=0.263688 W=0.0353224 D=0 C=3.27956[0m
calculate tsp cost matrix cost 3.64056ms

tour solver cost: 0.931076ms
[1;33m-------------Plan Global Path end-----------------[0m

total time cost: 124.518ms
[32m[planGlobalPath: succeed][0m: from EXEC_TRAJ to PLAN_TRAJ
viz&&print cost:0.014841ms
[0m[INFO] [1784399009.044547829]: [corridor cruise path] straighten direct known-free path: len=12.6542 align=0.986943 known_free=12.6542 pts=4[0m
[0m[INFO] [1784399009.044901675]: [path condition] raw_pts=10 conditioned_pts=4 dense_pts=7 len=12.6542 known_free=12.6542 min_clearance=1.15569 turn=1.08045e-06 max_local_turn=3.20288e-07 initial_heading=0.161773 backup_feasible=1 sched_v=4 reason=known_free[0m
[0m[INFO] [1784399009.062434408]: [highspeed_exp adapter] backup not required for verified known-free terminal-stop primary. duration=4.34556 known_len=12.2938[0m
[0m[INFO] [1784399009.062515774]: [highspeed_exp adapter] planned General MINCO exploration traj: pieces=3, duration=4.34556, max_v=4.00025, max_a=3.33213, sfc(raw/simplified/final)=3/2/2, corridor=general, prefix=yes, prefix_dur=0.433146, switch_delay=0.45, head_path_dist=0.224662, shifted_start=0, sched_v=3.53422, opt_v=3.53422, opt_bound=4, suffix_max_v=4.00025, suffix_max_a=3.33213, terminal_v=0, backup=no, backup_start=inf, backup_known_len=12.2938, sched_reason=curvature[0m
[0m[INFO] [1784399009.062535795]: [31m call planner [0m: 18.180[0m
[32m[plan success: new traj pub][0m: from PLAN_TRAJ to EXEC_TRAJ
 -- [TIMER] updateMap time consuming [32m 12.358203 ms[0m
 -- [TIMER] updateMap time consuming [32m 13.243907 ms[0m
 -- [TIMER] updateMap time consuming [32m 14.780556 ms[0m
[0m[INFO] [1784399009.244419496]: [global update] actual callback interval=324.589ms configured=200ms[0m
 -- [TIMER] updateMap time consuming [32m 11.598229 ms[0m
 -- [TIMER] updateMap time consuming [32m 12.217193 ms[0m
 -- [TIMER] updateMap time consuming [32m 12.539447 ms[0m


[1;33m------------- <51> Plan Global Path start---------------[0m
[33m[WARN] [1784399009.727588181]: [view gate] reject cluster=478 visible_rejected=33 speed=3.54629 obs=19 reasons{known_free=33,clearance=0,turn=33,yaw=10} fov_edge_ratio=0 gap_ratio=1[0m
[0m[INFO] [1784399009.720001829]: update topo skeleton cost: 69.387379ms, update odom vertex cost:80.314281ms [0m
[0m[INFO] [1784399009.726765973]: [view score] cluster=606 best_score=13.6773 visible_gain=8 speed=3.54629 corridor_cruise=1 hard_gate=1 rejected=22 top_k=2 known_free=4.8 clearance=1.27595 turn=0.638325 selected_yaw=1.1781 current_yaw=0.111933 yaw_delta=1.06616 heading_known_free=22.2 vp=(3.18901, -8.02983, 3.96667)[0m
[0m[INFO] [1784399009.735217547]: vp cluster cost: 1.889085ms  ,remove unreachable cost: 3.423935ms, select vp cost: 9.546142ms[0m
insert viewpoint to graph time: 6.74769 ms
[0m[INFO] [1784399009.742346276]: [edge cost] len=14.3213 total=17.5846 time=7.36063 turn_pen=10.1813 known_pen=0 backup_pen=0 yaw_pen=0.0426466 known_free=14.3213 min_clearance=0.567236 vel_limit=2 reason=curvature backup_feasible=1[0m
[0m[INFO] [1784399009.746780993]: [frontier lifecycle] selected cluster=609 selected_count=7 match_distance=0[0m
[0m[INFO] [1784399009.746802415]: [candidate cost] chosen_cluster=609 chosen_coverage=0 raw_best_cluster=609 raw_best_coverage=0 | #0 c=609/cp=0 J=10.5529 T=3.23506 TB=0.379392 R=7.14037 G=0.210087 W=0.153758 D=0 C=3.66203 | #1 c=610/cp=0 J=12.3581 T=3.81934 TB=0.370437 R=7.26379 G=0.189591 W=0.0385045 D=0 C=4.61022 | #2 c=613/cp=0 J=13.7586 T=4.18419 TB=0.379394 R=5.70066 G=0.375 W=0.105637 D=0 C=6.9681[0m
calculate tsp cost matrix cost 4.81299ms

tour solver cost: 0.477844ms
[1;33m-------------Plan Global Path end-----------------[0m

total time cost: 178.983ms
[32m[planGlobalPath: succeed][0m: from EXEC_TRAJ to PLAN_TRAJ
viz&&print cost:0.021571ms
[0m[INFO] [1784399009.749510338]: [corridor cruise path] straighten direct known-free path: len=11.2013 align=0.981476 known_free=11.2013 pts=3[0m
[0m[INFO] [1784399009.749924318]: [path condition] raw_pts=9 conditioned_pts=3 dense_pts=7 len=11.2013 known_free=11.2013 min_clearance=0.785064 turn=1.43001e-06 max_local_turn=4.64094e-07 initial_heading=0.192776 backup_feasible=1 sched_v=4 reason=known_free[0m
[0m[INFO] [1784399009.771107012]: [highspeed_exp adapter] backup not required for verified known-free terminal-stop primary. duration=3.89267 known_len=10.8768[0m
[0m[INFO] [1784399009.771177867]: [highspeed_exp adapter] planned General MINCO exploration traj: pieces=3, duration=3.89267, max_v=3.96164, max_a=3.24648, sfc(raw/simplified/final)=3/2/2, corridor=general, prefix=yes, prefix_dur=0.42944, switch_delay=0.45, head_path_dist=0.6554, shifted_start=0, sched_v=2, opt_v=2, opt_bound=3.96091, suffix_max_v=3.96164, suffix_max_a=3.24648, terminal_v=0, backup=no, backup_start=inf, backup_known_len=10.8768, sched_reason=curvature[0m
[0m[INFO] [1784399009.771198288]: [31m call planner [0m: 21.894[0m
[32m[plan success: new traj pub][0m: from PLAN_TRAJ to EXEC_TRAJ
[0m[INFO] [1784399008.396481103]: Publish local map size: 10036[0m
[0m[INFO] [1784399009.496296589]: Publish local map size: 9665[0m
 -- [MARSIM] Running FPS: 223.236
[0m[INFO] [1784399009.771289015]: [cloud input] mode=approximate_sync points=10094 age=0.0797896s stamp_valid=1[0m
 -- [TIMER] updateMap time consuming [32m 11.999007 ms[0m
[0m[INFO] [1784399009.796519508]: cloud odom callback cost: map update:21.8115ms  update frontier clusters: 3.39266ms  total: 25.2042ms
[0m
 -- [TIMER] updateMap time consuming [32m 14.988592 ms[0m
 -- [TIMER] updateMap time consuming [32m 13.449132 ms[0m
 -- [TIMER] updateMap time consuming [32m 14.275239 ms[0m
 -- [TIMER] updateMap time consuming [32m 17.218649 ms[0m
 -- [TIMER] updateMap time consuming [32m 15.419210 ms[0m
[0m[INFO] [1784399010.326397888]: [global update] actual callback interval=377.04ms configured=200ms[0m


[1;33m------------- <53> Plan Global Path start---------------[0m
[0m[INFO] [1784399010.472547559]: update topo skeleton cost: 63.343971ms, update odom vertex cost:82.756987ms [0m
[0m[INFO] [1784399010.476403784]: [view score] cluster=265 best_score=-4.8612 visible_gain=4 speed=3.66042 corridor_cruise=0 hard_gate=0 rejected=0 top_k=2 known_free=2.4 clearance=1.83566 turn=1.90029 selected_yaw=1.1781 current_yaw=0.0648816 yaw_delta=1.11322 heading_known_free=4 vp=(-16.7788, 16.2052, 2.05)[0m
[0m[INFO] [1784399010.488698662]: vp cluster cost: 1.277221ms  ,remove unreachable cost: 2.081748ms, select vp cost: 12.642603ms[0m
insert viewpoint to graph time: 19.2586 ms
[0m[INFO] [1784399010.508918534]: [edge cost] len=25.4963 total=18.9416 time=12.9481 turn_pen=5.98034 known_pen=0 backup_pen=0 yaw_pen=0.0131127 known_free=25.4963 min_clearance=0.711223 vel_limit=2 reason=curvature backup_feasible=1[0m
[0m[INFO] [1784399010.511872595]: [frontier lifecycle] selected cluster=636 selected_count=8 match_distance=0[0m
[0m[INFO] [1784399010.511890186]: [candidate cost] chosen_cluster=636 chosen_coverage=0 raw_best_cluster=636 raw_best_coverage=0 | #0 c=636/cp=0 J=9.49974 T=2.69624 TB=0.643652 R=4.49039 G=0.302326 W=0.0412159 D=0 C=4.35661 | #1 c=631/cp=0 J=17.4801 T=4.69333 TB=0.522241 R=7.01954 G=0.0909091 W=0.000876227 D=0 C=8.58693 | #2 c=635/cp=0 J=19.1709 T=7.6842 TB=5.25495 R=7.57156 G=0.219153 W=0.116321 D=0 C=2.68018[0m
calculate tsp cost matrix cost 3.88354ms

tour solver cost: 0.253718ms
[1;33m-------------Plan Global Path end-----------------[0m

total time cost: 188.167ms
[32m[planGlobalPath: succeed][0m: from EXEC_TRAJ to PLAN_TRAJ
[0m[INFO] [1784399010.514626312]: [frontier storage] labels=3681/3739 normals=135/823 clusters=11 terminal=0 cluster_cells(cap)=97 candidates(cap)=22 derived_viewpoints(cap)=0 estimated_kb=73.7979 revision=121 audit_ready=0[0m
viz&&print cost:0.058324ms
[0m[INFO] [1784399010.515209553]: [path condition] raw_pts=6 conditioned_pts=3 dense_pts=5 len=7.18872 known_free=7.18872 min_clearance=1.4204 turn=0.274453 max_local_turn=0.274453 initial_heading=0.356437 backup_feasible=1 sched_v=3 reason=known_free[0m
[0m[INFO] [1784399010.526729126]: [highspeed_exp adapter] backup not required for verified known-free terminal-stop primary. duration=2.74095 known_len=6.63964[0m
[0m[INFO] [1784399010.526786960]: [highspeed_exp adapter] planned General MINCO exploration traj: pieces=2, duration=2.74095, max_v=3.89878, max_a=3.40282, sfc(raw/simplified/final)=3/1/1, corridor=general, prefix=yes, prefix_dur=0.438999, switch_delay=0.45, head_path_dist=0.897707, shifted_start=0, sched_v=2, opt_v=2, opt_bound=4.13598, suffix_max_v=3.89878, suffix_max_a=3.40282, terminal_v=0, backup=no, backup_start=inf, backup_known_len=6.63964, sched_reason=curvature[0m
[0m[INFO] [1784399010.526812101]: [31m call planner [0m: 12.128[0m
[32m[plan success: new traj pub][0m: from PLAN_TRAJ to EXEC_TRAJ
 -- [TIMER] updateMap time consuming [32m 16.443143 ms[0m
 -- [TIMER] updateMap time consuming [32m 12.099074 ms[0m
 -- [TIMER] updateMap time consuming [32m 11.510201 ms[0m
[0m[INFO] [1784399010.852897995]: [cloud input] mode=approximate_sync points=9318 age=0.0613897s stamp_valid=1[0m
 -- [TIMER] updateMap time consuming [32m 15.418240 ms[0m
[0m[INFO] [1784399010.881094987]: cloud odom callback cost: map update:25.0435ms  update frontier clusters: 3.10482ms  total: 28.1483ms
[0m
[0m[INFO] [1784399010.887172371]: [coverage guidance] plan valid=1 map_v=17 frontier_v=17 zones(f/u)=156/275 observed=8776/35519 coverage=0.2471 voxels(f/o/u)=3973/4305/498 active=6 reachable_unknown=153 route_nodes=160 preferred=8 cost=6.1ms[0m
 -- [TIMER] updateMap time consuming [32m 13.445159 ms[0m
 -- [TIMER] updateMap time consuming [32m 14.205003 ms[0m


[1;33m------------- <55> Plan Global Path start---------------[0m
[0m[INFO] [1784399011.209616042]: update topo skeleton cost: 46.918894ms, update odom vertex cost:109.828127ms [0m
[0m[INFO] [1784399011.209644824]: [highspeed_exp adapter] safety map ready=1 rog_ready=1 cloud_size=9208[0m
[0m[INFO] [1784399011.213805061]: [view score] cluster=265 best_score=-5.48808 visible_gain=4 speed=3.86968 corridor_cruise=0 hard_gate=0 rejected=0 top_k=2 known_free=3 clearance=1.83566 turn=2.20919 selected_yaw=1.1781 current_yaw=-0.165115 yaw_delta=1.34321 heading_known_free=2 vp=(-16.7788, 16.2052, 2.05)[0m
[0m[INFO] [1784399011.224428938]: vp cluster cost: 1.482696ms  ,remove unreachable cost: 2.088049ms, select vp cost: 11.130993ms[0m
insert viewpoint to graph time: 18.2099 ms
[0m[INFO] [1784399011.243157883]: [edge cost] len=14.4024 total=19.7375 time=7.40118 turn_pen=12.2826 known_pen=0 backup_pen=0 yaw_pen=0.0537285 known_free=14.4024 min_clearance=0.592607 vel_limit=2 reason=curvature backup_feasible=1[0m
[0m[INFO] [1784399011.245565284]: [frontier lifecycle] selected cluster=641 selected_count=1 match_distance=0[0m
[0m[INFO] [1784399011.245577335]: [candidate cost] chosen_cluster=641 coverage_id=0 total=10.7941 travel=4.63777 turn_brake=0.746606 future_return=0 gain=0.142857 wait=0.0417509 debt=0 coverage=5.75801 failed_goal=0[0m
[1;33m-------------Plan Global Path end-----------------[0m

total time cost: 194.15ms
[32m[planGlobalPath: succeed][0m: from EXEC_TRAJ to PLAN_TRAJ
viz&&print cost:0.017592ms
[0m[INFO] [1784399011.247221152]: [corridor cruise path] straighten direct known-free path: len=14.223 align=0.978752 known_free=14.223 pts=4[0m
[0m[INFO] [1784399011.247586308]: [path condition] raw_pts=29 conditioned_pts=4 dense_pts=7 len=14.223 known_free=14.223 min_clearance=1.9586 turn=1.12714e-06 max_local_turn=2.54195e-07 initial_heading=0.206511 backup_feasible=1 sched_v=4 reason=known_free[0m
[0m[INFO] [1784399011.266952628]: [highspeed_exp adapter] backup not required for verified known-free terminal-stop primary. duration=6.39879 known_len=14.7963[0m
[0m[INFO] [1784399011.267018773]: [highspeed_exp adapter] planned General MINCO exploration traj: pieces=3, duration=6.39879, max_v=3.9856, max_a=2.93118, sfc(raw/simplified/final)=3/2/2, corridor=general, prefix=yes, prefix_dur=0.431743, switch_delay=0.45, head_path_dist=0.854453, shifted_start=0, sched_v=2, opt_v=2, opt_bound=4, suffix_max_v=3.9856, suffix_max_a=2.93118, terminal_v=0, backup=no, backup_start=inf, backup_known_len=14.7963, sched_reason=curvature[0m
[0m[INFO] [1784399011.267038894]: [31m call planner [0m: 20.016[0m
[32m[plan success: new traj pub][0m: from PLAN_TRAJ to EXEC_TRAJ
 -- [TIMER] updateMap time consuming [32m 21.344901 ms[0m
 -- [TIMER] updateMap time consuming [32m 13.642322 ms[0m
 -- [TIMER] updateMap time consuming [32m 15.450011 ms[0m
[0m[INFO] [1784399011.447089046]: [global update] actual callback interval=394.226ms configured=200ms[0m
 -- [TIMER] updateMap time consuming [32m 12.966014 ms[0m
 -- [TIMER] updateMap time consuming [32m 15.063753 ms[0m
 -- [TIMER] updateMap time consuming [32m 14.333462 ms[0m


[1;33m------------- <57> Plan Global Path start---------------[0m
[0m[INFO] [1784399011.948516020]: update topo skeleton cost: 45.888861ms, update odom vertex cost:79.306151ms [0m
[0m[INFO] [1784399011.953649186]: [view score] cluster=265 best_score=1.55283 visible_gain=4 speed=3.23086 corridor_cruise=0 hard_gate=0 rejected=0 top_k=2 known_free=4 clearance=1.29246 turn=2.61231 selected_yaw=1.1781 current_yaw=-0.577827 yaw_delta=1.75592 heading_known_free=9.8 vp=(-16.7788, 16.2052, 1.45)[0m
[0m[INFO] [1784399011.965391263]: vp cluster cost: 1.426621ms  ,remove unreachable cost: 2.707043ms, select vp cost: 12.512892ms[0m
insert viewpoint to graph time: 14.1044 ms
[33m[WARN] [1784399011.982235163]: [candidate gate] all reachable frontiers require reversal; keep current command and brake before reorientation. speed=3.23086 rejected=8[0m
[0m[INFO] [1784399011.980685082]: [edge cost] len=39.9136 total=29.0276 time=20.1568 turn_pen=8.84674 known_pen=0 backup_pen=0 yaw_pen=0.0240108 known_free=38.3763 min_clearance=0.467825 vel_limit=2 reason=curvature backup_feasible=1[0m
[1;33m-------------Plan Global Path end-----------------[0m

total time cost: 158.993ms
[31m[planGlobalPath: brake before goal reversal][0m: from EXEC_TRAJ to REORIENT
viz&&print cost:0.024082ms
[33m[WARN] [1784399011.982484831]: [controlled stop] committed braking trajectory: id=20 speed=2.63744 prefix=0.08 duration=0.73 distance=0.989219 terminal_v=1.77982e-15 terminal_a=1.00878e-14[0m
[33m[WARN] [1784399011.982508913]: [controlled stop] published braking trajectory id=20 duration=0.73[0m
[33m[WARN] [1784399011.982517743]: [reorient] request controlled stop: speed=3.20942 elapsed=2.9602e-05 backup_braking=0 odom_age=1.3261e-05[0m
[33m[WARN] [1784399011.982525394]: [reorient] braking before goal reversal: speed=3.20942 elapsed=2.9602e-05 backup_braking=0 odom_age=1.3261e-05 odom_fresh=1[0m
[0m[INFO] [1784399011.982582278]: [cloud input] mode=approximate_sync points=8697 age=0.0911047s stamp_valid=1[0m
 -- [TIMER] updateMap time consuming [32m 11.220570 ms[0m
[0m[INFO] [1784399012.006602259]: cloud odom callback cost: map update:21.2801ms  update frontier clusters: 2.71808ms  total: 23.9982ms
[0m
 -- [TIMER] updateMap time consuming [32m 11.453535 ms[0m
 -- [TIMER] updateMap time consuming [32m 13.052369 ms[0m


[1;33m------------- <58> Plan Global Path start---------------[0m
[0m[INFO] [1784399012.317856378]: update topo skeleton cost: 39.988706ms, update odom vertex cost:95.464773ms [0m
[0m[INFO] [1784399012.336502425]: vp cluster cost: 1.250328ms  ,remove unreachable cost: 2.026295ms, select vp cost: 15.192201ms[0m
insert viewpoint to graph time: 12.9823 ms
[1;33m-------------Plan Global Path end-----------------[0m

total time cost: 170.677ms
viz&&print cost:0.048954ms
[33m[WARN] [1784399012.485177254]: [reorient] braking before goal reversal: speed=0.570676 elapsed=0.502824 backup_braking=1 odom_age=0.00356089 odom_fresh=1[0m
 -- [TIMER] updateMap time consuming [32m 15.256335 ms[0m
 -- [TIMER] updateMap time consuming [32m 15.087164 ms[0m
 -- [TIMER] updateMap time consuming [32m 12.246921 ms[0m
[32m[REORIENT: vehicle stopped][0m: from REORIENT to PLAN_TRAJ
[0m[INFO] [1784399012.525821676]: [path condition] raw_pts=22 conditioned_pts=4 dense_pts=7 len=12.2616 known_free=12.2616 min_clearance=0.470618 turn=0.975471 max_local_turn=0.975469 initial_heading=0.939277 backup_feasible=1 sched_v=2.31942 reason=curvature[0m
[0m[INFO] [1784399012.553014282]: [highspeed_exp adapter] backup not required for verified known-free terminal-stop primary. duration=9.76778 known_len=12.1796[0m
[0m[INFO] [1784399012.553110118]: [highspeed_exp adapter] planned General MINCO exploration traj: pieces=2, duration=9.76778, max_v=2.32148, max_a=1.02898, sfc(raw/simplified/final)=4/2/2, corridor=general, prefix=no, prefix_dur=0, switch_delay=0, head_path_dist=inf, shifted_start=0, sched_v=2, opt_v=2, opt_bound=2.31942, suffix_max_v=2.32148, suffix_max_a=1.02898, terminal_v=0, backup=no, backup_start=inf, backup_known_len=12.1796, sched_reason=curvature[0m
[0m[INFO] [1784399012.553130070]: [31m call planner [0m: 28.048[0m
[32m[plan success: new traj pub][0m: from PLAN_TRAJ to EXEC_TRAJ
[0m[INFO] [1784399010.498434926]: Publish local map size: 10017[0m
[0m[INFO] [1784399011.596353063]: Publish local map size: 8860[0m
[0m[INFO] [1784399012.596725072]: Publish local map size: 9065[0m
 -- [MARSIM] Running FPS: 225.937
[0m[INFO] [1784399012.553181083]: [global update] actual callback interval=370.819ms configured=200ms[0m
 -- [TIMER] updateMap time consuming [32m 9.321013 ms[0m
 -- [TIMER] updateMap time consuming [32m 10.882075 ms[0m
 -- [TIMER] updateMap time consuming [32m 12.540593 ms[0m


[1;33m------------- <60> Plan Global Path start---------------[0m
[0m[INFO] [1784399012.951729074]: update topo skeleton cost: 18.060175ms, update odom vertex cost:75.420237ms [0m
[0m[INFO] [1784399012.956556057]: [view score] cluster=265 best_score=5.86574 visible_gain=4 speed=0.0167321 corridor_cruise=0 hard_gate=0 rejected=0 top_k=2 known_free=4 clearance=1.83566 turn=0 selected_yaw=1.1781 current_yaw=0.108244 yaw_delta=1.06985 heading_known_free=4.2 vp=(-16.7788, 16.2052, 2.05)[0m
[0m[INFO] [1784399012.974992399]: vp cluster cost: 1.340055ms  ,remove unreachable cost: 2.312125ms, select vp cost: 19.458304ms[0m
insert viewpoint to graph time: 15.8012 ms
[0m[INFO] [1784399012.992091556]: [edge cost] len=39.8607 total=28.2617 time=20.1303 turn_pen=8.1314 known_pen=0 backup_pen=0 yaw_pen=0 known_free=39.8607 min_clearance=0.648467 vel_limit=2 reason=curvature backup_feasible=1[0m
[0m[INFO] [1784399013.003540961]: [frontier lifecycle] selected cluster=481 selected_count=2 match_distance=0[0m
[0m[INFO] [1784399013.003569863]: [candidate cost] chosen_cluster=481 chosen_coverage=0 raw_best_cluster=481 raw_best_coverage=0 | #0 c=481/cp=0 J=28.8354 T=18.3488 TB=8.72279 R=0 G=0.117647 W=0.625845 D=0 C=2.93787 | #1 c=482/cp=0 J=30.4528 T=19.4666 TB=8.14277 R=0 G=0.118474 W=1 D=0 C=4.58029 | #2 c=487/cp=0 J=33.0077 T=20.1303 TB=8.1314 R=0 G=0.230769 W=0.843818 D=0 C=6.47321[0m
calculate tsp cost matrix cost 12.7333ms

tour solver cost: 0.545229ms
[1;33m-------------Plan Global Path end-----------------[0m

total time cost: 147.22ms
[32m[planGlobalPath: succeed][0m: from EXEC_TRAJ to PLAN_TRAJ
viz&&print cost:0.015401ms
[0m[INFO] [1784399013.006756699]: [path horizon] shorten high-curvature local path: horizon=9.28277m pts=6 turn=1.29056 max_local_turn=0.975997[0m
[0m[INFO] [1784399013.006782461]: [path condition] raw_pts=50 conditioned_pts=15 dense_pts=6 len=9.28277 known_free=9.28277 min_clearance=0.827887 turn=1.29056 max_local_turn=0.975997 initial_heading=2.13494 backup_feasible=1 sched_v=2 reason=curvature[0m
[0m[INFO] [1784399013.020287401]: [highspeed_exp adapter] planned General MINCO exploration traj: pieces=3, duration=8.31044, max_v=2.31926, max_a=1.25512, sfc(raw/simplified/final)=3/2/2, corridor=general, prefix=yes, prefix_dur=0.437939, switch_delay=0.45, head_path_dist=0.0632041, shifted_start=0, sched_v=2.31716, opt_v=2.31716, opt_bound=2.31716, suffix_max_v=2.31926, suffix_max_a=1.25512, terminal_v=0, backup=no, backup_start=inf, backup_known_len=10.2373, sched_reason=curvature[0m
[0m[INFO] [1784399013.020320533]: [31m call planner [0m: 14.851[0m
[32m[plan success: new traj pub][0m: from PLAN_TRAJ to EXEC_TRAJ
[0m[INFO] [1784399013.020431981]: [cloud input] mode=approximate_sync points=9435 age=0.0289387s stamp_valid=1[0m
 -- [TIMER] updateMap time consuming [32m 11.752135 ms[0m
[0m[INFO] [1784399013.047353153]: cloud odom callback cost: map update:23.535ms  update frontier clusters: 3.35778ms  total: 26.8928ms
[0m
[0m[INFO] [1784399013.053502370]: [coverage guidance] plan valid=1 map_v=19 frontier_v=19 zones(f/u)=169/268 observed=9785/35519 coverage=0.2755 voxels(f/o/u)=4600/4588/597 active=7 reachable_unknown=152 route_nodes=160 preferred=8 cost=6.1ms[0m
 -- [TIMER] updateMap time consuming [32m 13.426834 ms[0m
 -- [TIMER] updateMap time consuming [32m 15.718387 ms[0m


[1;33m------------- <61> Plan Global Path start---------------[0m
[0m[INFO] [1784399013.407374144]: update topo skeleton cost: 61.545093ms, update odom vertex cost:120.006246ms [0m
[0m[INFO] [1784399013.407400026]: [highspeed_exp adapter] safety map ready=1 rog_ready=1 cloud_size=9125[0m
[0m[INFO] [1784399013.423462418]: vp cluster cost: 1.755815ms  ,remove unreachable cost: 1.947698ms, select vp cost: 12.223609ms[0m
insert viewpoint to graph time: 10.4418 ms
[0m[INFO] [1784399013.441796120]: [goal lock] keep goal idx=0 candidate_idx=1 locked_cost=40.3639 candidate_cost=31.3345 since=0.438267 high_speed=0[0m
calculate tsp cost matrix cost 7.86272ms

tour solver cost: 1.56718ms
[1;33m-------------Plan Global Path end-----------------[0m

total time cost: 220.835ms
[32m[planGlobalPath: succeed][0m: from EXEC_TRAJ to PLAN_TRAJ
viz&&print cost:0.018221ms
[0m[INFO] [1784399013.447810788]: [path condition] raw_pts=59 conditioned_pts=18 dense_pts=5 len=8.04889 known_free=8.04889 min_clearance=0.838839 turn=0.972678 max_local_turn=0.972678 initial_heading=0.955493 backup_feasible=1 sched_v=2.33138 reason=curvature[0m
[0m[INFO] [1784399013.465851170]: [highspeed_exp adapter] backup not required for verified known-free terminal-stop primary. duration=7.68636 known_len=9.05677[0m
[0m[INFO] [1784399013.465933045]: [highspeed_exp adapter] planned General MINCO exploration traj: pieces=3, duration=7.68636, max_v=2.00226, max_a=1.10092, sfc(raw/simplified/final)=3/2/2, corridor=general, prefix=yes, prefix_dur=0.432993, switch_delay=0.45, head_path_dist=0.2253, shifted_start=0, sched_v=2, opt_v=2, opt_bound=2.33138, suffix_max_v=2.00226, suffix_max_a=1.10092, terminal_v=0, backup=no, backup_start=inf, backup_known_len=9.05677, sched_reason=curvature[0m
[0m[INFO] [1784399013.465960797]: [31m call planner [0m: 19.283[0m
[32m[plan success: new traj pub][0m: from PLAN_TRAJ to EXEC_TRAJ
 -- [TIMER] updateMap time consuming [32m 13.320657 ms[0m
 -- [TIMER] updateMap time consuming [32m 14.581166 ms[0m
 -- [TIMER] updateMap time consuming [32m 12.732225 ms[0m
[0m[INFO] [1784399013.646717901]: [global update] actual callback interval=420.9ms configured=200ms[0m


[1;33m------------- <62> Plan Global Path start---------------[0m
[0m[INFO] [1784399013.818422691]: update topo skeleton cost: 46.785344ms, update odom vertex cost:124.842541ms [0m
[0m[INFO] [1784399013.823550035]: [view score] cluster=265 best_score=1.36448 visible_gain=4 speed=0.451323 corridor_cruise=0 hard_gate=0 rejected=0 top_k=2 known_free=3.8 clearance=1.83566 turn=0 selected_yaw=1.39544 current_yaw=1.39544 yaw_delta=0 heading_known_free=4 vp=(-16.7788, 16.2052, 2.05)[0m
[0m[INFO] [1784399013.834581199]: vp cluster cost: 1.725522ms  ,remove unreachable cost: 2.331526ms, select vp cost: 11.889215ms[0m
insert viewpoint to graph time: 13.6554 ms
[0m[INFO] [1784399013.849533232]: [edge cost] len=37.1175 total=25.7034 time=18.7588 turn_pen=6.89053 known_pen=0 backup_pen=0 yaw_pen=0.0541381 known_free=36.7639 min_clearance=0.561303 vel_limit=2 reason=curvature backup_feasible=1[0m
[0m[INFO] [1784399013.857180575]: [candidate cost] chosen_cluster=481 chosen_coverage=0 raw_best_cluster=482 raw_best_coverage=0 | #0 c=482/cp=0 J=31.2438 T=19.3783 TB=6.89053 R=0.142652 G=0.117997 W=1 D=0 C=6.63255 | #1 c=487/cp=0 J=31.4897 T=21.0248 TB=6.89054 R=1.37838 G=0.214818 W=0.891573 D=0 C=4.58329 | #2 c=265/cp=0 J=32.3666 T=24.7784 TB=7.47056 R=0 G=0.117647 W=0.870856 D=0 C=1.65927[0m
calculate tsp cost matrix cost 8.92098ms

tour solver cost: 0.622354ms
[1;33m-------------Plan Global Path end-----------------[0m

total time cost: 214.332ms
[32m[planGlobalPath: succeed][0m: from EXEC_TRAJ to PLAN_TRAJ
viz&&print cost:0.022701ms
[0m[INFO] [1784399013.862209202]: [path horizon] shorten high-curvature local path: horizon=8.06581m pts=5 turn=0.953318 max_local_turn=0.953318[0m
[0m[INFO] [1784399013.862233614]: [path condition] raw_pts=58 conditioned_pts=18 dense_pts=5 len=8.06581 known_free=8.06581 min_clearance=0.836125 turn=0.953318 max_local_turn=0.953318 initial_heading=0.912081 backup_feasible=1 sched_v=2.41435 reason=curvature[0m
[0m[INFO] [1784399013.880572497]: [highspeed_exp adapter] planned General MINCO exploration traj: pieces=4, duration=6.988, max_v=2.0016, max_a=1.46863, sfc(raw/simplified/final)=3/2/2, corridor=general, prefix=yes, prefix_dur=0.433037, switch_delay=0.45, head_path_dist=0.413305, shifted_start=0, sched_v=2, opt_v=2, opt_bound=2.41435, suffix_max_v=2.0016, suffix_max_a=1.46863, terminal_v=0, backup=no, backup_start=inf, backup_known_len=9.30727, sched_reason=curvature[0m
[0m[INFO] [1784399013.880604230]: [31m call planner [0m: 19.475[0m
[32m[plan success: new traj pub][0m: from PLAN_TRAJ to EXEC_TRAJ
 -- [TIMER] updateMap time consuming [32m 11.260080 ms[0m
 -- [TIMER] updateMap time consuming [32m 16.331601 ms[0m
 -- [TIMER] updateMap time consuming [32m 11.715231 ms[0m
[0m[INFO] [1784399014.218321813]: [cloud input] mode=approximate_sync points=8994 age=0.0268048s stamp_valid=1[0m
 -- [TIMER] updateMap time consuming [32m 9.282349 ms[0m
[0m[INFO] [1784399014.240348136]: cloud odom callback cost: map update:18.8232ms  update frontier clusters: 3.16086ms  total: 21.984ms
[0m
 -- [TIMER] updateMap time consuming [32m 11.041953 ms[0m
 -- [TIMER] updateMap time consuming [32m 10.377006 ms[0m


[1;33m------------- <64> Plan Global Path start---------------[0m
[0m[INFO] [1784399014.594357582]: update topo skeleton cost: 58.347239ms, update odom vertex cost:116.615364ms [0m
[0m[INFO] [1784399014.598783966]: [view score] cluster=265 best_score=0.0424787 visible_gain=4 speed=1.06322 corridor_cruise=0 hard_gate=0 rejected=0 top_k=2 known_free=3.4 clearance=1.83566 turn=0.839866 selected_yaw=1.50955 current_yaw=1.50955 yaw_delta=0 heading_known_free=3.4 vp=(-16.7788, 16.2052, 2.05)[0m
[0m[INFO] [1784399014.607066244]: vp cluster cost: 1.597023ms  ,remove unreachable cost: 2.043875ms, select vp cost: 8.938365ms[0m
insert viewpoint to graph time: 15.6076 ms
[0m[INFO] [1784399014.623916169]: [edge cost] len=35.8088 total=25.8078 time=18.1044 turn_pen=7.65876 known_pen=0 backup_pen=0 yaw_pen=0.0446739 known_free=35.8088 min_clearance=0.561303 vel_limit=2 reason=curvature backup_feasible=1[0m
[0m[INFO] [1784399014.635677244]: [goal lock] keep goal idx=0 candidate_idx=2 locked_cost=30.6486 candidate_cost=26.3941 since=1.63215 high_speed=0[0m
[0m[INFO] [1784399014.635697155]: [candidate cost] chosen_cluster=481 chosen_coverage=0 raw_best_cluster=482 raw_best_coverage=0 | #0 c=482/cp=0 J=26.3941 T=19.2634 TB=7.07875 R=0 G=0.108702 W=1 D=0 C=1.76937 | #1 c=481/cp=0 J=30.6486 T=18.1044 TB=7.70344 R=0 G=0.117647 W=0.089085 D=0 C=5.20967 | #2 c=480/cp=0 J=32.5184 T=20.9688 TB=11.755 R=0 G=0.410029 W=1 D=0 C=2.11467[0m
calculate tsp cost matrix cost 12.9972ms

tour solver cost: 1.42281ms
[1;33m-------------Plan Global Path end-----------------[0m

total time cost: 219.018ms
[32m[planGlobalPath: succeed][0m: from EXEC_TRAJ to PLAN_TRAJ
viz&&print cost:0.014031ms
[0m[INFO] [1784399014.639433430]: [path horizon] shorten high-curvature local path: horizon=8.15429m pts=5 turn=0.853377 max_local_turn=0.853377[0m
[0m[INFO] [1784399014.639451021]: [path condition] raw_pts=53 conditioned_pts=18 dense_pts=5 len=8.15429 known_free=8.15429 min_clearance=0.812661 turn=0.853377 max_local_turn=0.853377 initial_heading=1.0242 backup_feasible=1 sched_v=2.11055 reason=curvature[0m
[0m[INFO] [1784399014.655449546]: [highspeed_exp adapter] backup not required for verified known-free terminal-stop primary. duration=5.68559 known_len=8.84433[0m
[0m[INFO] [1784399014.655512291]: [highspeed_exp adapter] planned General MINCO exploration traj: pieces=3, duration=5.68559, max_v=2.84497, max_a=2.22733, sfc(raw/simplified/final)=3/2/2, corridor=general, prefix=yes, prefix_dur=0.434921, switch_delay=0.45, head_path_dist=0.609042, shifted_start=0, sched_v=2.18971, opt_v=2.18971, opt_bound=2.84267, suffix_max_v=2.84497, suffix_max_a=2.22733, terminal_v=0, backup=no, backup_start=inf, backup_known_len=8.84433, sched_reason=curvature[0m
[0m[INFO] [1784399014.655534162]: [31m call planner [0m: 17.124[0m
[32m[plan success: new traj pub][0m: from PLAN_TRAJ to EXEC_TRAJ
 -- [TIMER] updateMap time consuming [32m 13.546491 ms[0m
 -- [TIMER] updateMap time consuming [32m 10.370846 ms[0m
 -- [TIMER] updateMap time consuming [32m 10.436510 ms[0m
[0m[INFO] [1784399014.838468871]: [global update] actual callback interval=419.088ms configured=200ms[0m


[1;33m------------- <65> Plan Global Path start---------------[0m
[0m[INFO] [1784399015.017719697]: update topo skeleton cost: 44.703522ms, update odom vertex cost:134.475709ms [0m
[0m[INFO] [1784399015.028482689]: vp cluster cost: 1.671058ms  ,remove unreachable cost: 2.139292ms, select vp cost: 6.819893ms[0m
insert viewpoint to graph time: 9.23826 ms
[0m[INFO] [1784399015.061852153]: [frontier lifecycle] selected cluster=655 selected_count=1 match_distance=0[0m
calculate tsp cost matrix cost 24.1252ms

tour solver cost: 0.645356ms
[1;33m-------------Plan Global Path end-----------------[0m

total time cost: 224.141ms
[32m[planGlobalPath: succeed][0m: from EXEC_TRAJ to PLAN_TRAJ
viz&&print cost:0.014801ms
[0m[INFO] [1784399015.063177147]: [path condition] raw_pts=63 conditioned_pts=6 dense_pts=10 len=17.936 known_free=17.936 min_clearance=0.475637 turn=2.13756 max_local_turn=1.24789 initial_heading=1.13456 backup_feasible=1 sched_v=2 reason=curvature[0m
[0m[INFO] [1784399015.095004972]: [highspeed_exp adapter] planned General MINCO exploration traj: pieces=4, duration=12.948, max_v=2.7776, max_a=1.93078, sfc(raw/simplified/final)=4/3/3, corridor=general, prefix=yes, prefix_dur=0.419647, switch_delay=0.45, head_path_dist=0.772313, shifted_start=0, sched_v=2, opt_v=2, opt_bound=4, suffix_max_v=2.7776, suffix_max_a=1.93078, terminal_v=0, backup=no, backup_start=inf, backup_known_len=22.6368, sched_reason=curvature[0m
[0m[INFO] [1784399015.095041475]: [31m call planner [0m: 32.359[0m
[32m[plan success: new traj pub][0m: from PLAN_TRAJ to EXEC_TRAJ
[0m[INFO] [1784399013.696447714]: Publish local map size: 9230[0m
[0m[INFO] [1784399014.796327232]: Publish local map size: 9453[0m
 -- [MARSIM] Running FPS: 230.193
 -- [TIMER] updateMap time consuming [32m 15.397092 ms[0m
 -- [TIMER] updateMap time consuming [32m 10.030351 ms[0m
 -- [TIMER] updateMap time consuming [32m 8.000987 ms[0m
[0m[INFO] [1784399015.413276680]: [cloud input] mode=approximate_sync points=9948 age=0.0217574s stamp_valid=1[0m
 -- [TIMER] updateMap time consuming [32m 12.044324 ms[0m
[0m[INFO] [1784399015.438173974]: cloud odom callback cost: map update:21.8111ms  update frontier clusters: 3.03884ms  total: 24.8499ms
[0m
[0m[INFO] [1784399015.444344221]: [coverage guidance] plan valid=1 map_v=21 frontier_v=21 zones(f/u)=175/269 observed=10119/35519 coverage=0.2849 voxels(f/o/u)=4895/4617/607 active=6 reachable_unknown=153 route_nodes=160 preferred=8 cost=6.2ms[0m
 -- [TIMER] updateMap time consuming [32m 7.559936 ms[0m
 -- [TIMER] updateMap time consuming [32m 8.054310 ms[0m


[1;33m------------- <67> Plan Global Path start---------------[0m
[0m[INFO] [1784399015.795854513]: update topo skeleton cost: 34.811516ms, update odom vertex cost:144.232248ms [0m
[0m[INFO] [1784399015.795905326]: [highspeed_exp adapter] safety map ready=1 rog_ready=1 cloud_size=9466[0m
[0m[INFO] [1784399015.800206111]: [view score] cluster=265 best_score=0.818889 visible_gain=4 speed=1.0867 corridor_cruise=0 hard_gate=0 rejected=0 top_k=2 known_free=2.6 clearance=1.83566 turn=0.605115 selected_yaw=2.79097 current_yaw=2.79097 yaw_delta=0 heading_known_free=3.2 vp=(-16.7788, 16.2052, 2.05)[0m
[0m[INFO] [1784399015.806273641]: vp cluster cost: 1.596474ms  ,remove unreachable cost: 2.249739ms, select vp cost: 6.401523ms[0m
insert viewpoint to graph time: 16.3125 ms
[0m[INFO] [1784399015.823927512]: [edge cost] len=44.6881 total=35.1846 time=22.5441 turn_pen=12.6406 known_pen=0 backup_pen=0 yaw_pen=0 known_free=44.6881 min_clearance=0.6473 vel_limit=2 reason=curvature backup_feasible=1[0m
[0m[INFO] [1784399015.834001245]: [frontier lifecycle] selected cluster=481 selected_count=3 match_distance=0[0m
[0m[INFO] [1784399015.834020877]: [candidate cost] chosen_cluster=481 chosen_coverage=0 raw_best_cluster=481 raw_best_coverage=0 | #0 c=481/cp=0 J=22.2475 T=17.9431 TB=2.13355 R=0 G=0.107918 W=0.155708 D=0 C=2.62021 | #1 c=265/cp=0 J=30.86 T=25.2111 TB=3.48158 R=0 G=0.117647 W=0.980395 D=0 C=3.87326 | #2 c=480/cp=0 J=32.2958 T=20.4234 TB=6.10614 R=0 G=0.411765 W=1 D=0 C=8.08979[0m
calculate tsp cost matrix cost 11.4065ms

tour solver cost: 0.591512ms
[1;33m-------------Plan Global Path end-----------------[0m

total time cost: 220.048ms
[32m[planGlobalPath: succeed][0m: from EXEC_TRAJ to PLAN_TRAJ
[0m[INFO] [1784399015.836846507]: [frontier storage] labels=4001/3739 normals=139/823 clusters=10 terminal=0 cluster_cells(cap)=92 candidates(cap)=18 derived_viewpoints(cap)=0 estimated_kb=76.458 revision=139 audit_ready=0[0m
viz&&print cost:0.036343ms
[0m[INFO] [1784399015.837865809]: [path horizon] shorten high-curvature local path: horizon=16.3316m pts=13 turn=1.90681 max_local_turn=0.537173[0m
[0m[INFO] [1784399015.837875990]: [path condition] raw_pts=153 conditioned_pts=13 dense_pts=13 len=16.3316 known_free=16.3316 min_clearance=0.471733 turn=1.90681 max_local_turn=0.537173 initial_heading=1.29282 backup_feasible=1 sched_v=2 reason=curvature[0m
[0m[INFO] [1784399015.902425603]: [highspeed_exp adapter] backup not required for verified known-free terminal-stop primary. duration=7.7653 known_len=15.8126[0m
[0m[INFO] [1784399015.902515279]: [highspeed_exp adapter] planned General MINCO exploration traj: pieces=4, duration=7.7653, max_v=3.14461, max_a=2.80487, sfc(raw/simplified/final)=4/3/3, corridor=general, prefix=yes, prefix_dur=0.386285, switch_delay=0.45, head_path_dist=0.39678, shifted_start=0, sched_v=2.73385, opt_v=2.73385, opt_bound=3.1437, suffix_max_v=3.14461, suffix_max_a=2.80487, terminal_v=0, backup=no, backup_start=inf, backup_known_len=15.8126, sched_reason=curvature[0m
[0m[INFO] [1784399015.902543121]: [31m call planner [0m: 65.666[0m
[32m[plan success: new traj pub][0m: from PLAN_TRAJ to EXEC_TRAJ
 -- [TIMER] updateMap time consuming [32m 21.704527 ms[0m
 -- [TIMER] updateMap time consuming [32m 9.075562 ms[0m
[0m[INFO] [1784399016.036932728]: [global update] actual callback interval=420.142ms configured=200ms[0m
 -- [TIMER] updateMap time consuming [32m 8.225422 ms[0m
 -- [TIMER] updateMap time consuming [32m 8.637721 ms[0m
 -- [TIMER] updateMap time consuming [32m 16.249170 ms[0m


[1;33m------------- <69> Plan Global Path start---------------[0m
[0m[INFO] [1784399016.651804143]: update topo skeleton cost: 80.929825ms, update odom vertex cost:142.355360ms [0m
[0m[INFO] [1784399016.656633765]: [view score] cluster=265 best_score=-3.8617 visible_gain=4 speed=1.1758 corridor_cruise=0 hard_gate=0 rejected=0 top_k=2 known_free=2.6 clearance=1.83566 turn=1.52924 selected_yaw=2.74889 current_yaw=-2.29658 yaw_delta=1.23771 heading_known_free=2.8 vp=(-16.7788, 16.2052, 2.05)[0m
[0m[INFO] [1784399016.661075039]: vp cluster cost: 2.101799ms  ,remove unreachable cost: 2.307213ms, select vp cost: 4.751546ms[0m
insert viewpoint to graph time: 17.4069 ms
[0m[INFO] [1784399016.679604790]: [edge cost] len=31.3379 total=7.07544 time=6.76759 turn_pen=0.258348 known_pen=0 backup_pen=0 yaw_pen=0.0495084 known_free=31.3379 min_clearance=0.471403 vel_limit=5 reason=known_free backup_feasible=1[0m
[0m[INFO] [1784399016.683647086]: [candidate cost] chosen_cluster=481 chosen_coverage=0 raw_best_cluster=481 raw_best_coverage=0 | #0 c=481/cp=0 J=10.1851 T=6.76759 TB=0.307856 R=1.38631 G=0.102038 W=0.0459483 D=0 C=2.62021 | #1 c=265/cp=0 J=15.2964 T=10.2927 TB=0.307861 R=4.65059 G=0.117647 W=1 D=0 C=3.87326 | #2 c=480/cp=0 J=32.8782 T=20.2052 TB=5.77799 R=2.05216 G=0.411765 W=1 D=0 C=8.08979[0m
calculate tsp cost matrix cost 5.1511ms

tour solver cost: 0.448192ms
[1;33m-------------Plan Global Path end-----------------[0m

total time cost: 257.884ms
[32m[planGlobalPath: succeed][0m: from EXEC_TRAJ to PLAN_TRAJ
viz&&print cost:0.020781ms
[0m[INFO] [1784399016.687475647]: [path horizon] shorten high-curvature local path: horizon=16.3093m pts=11 turn=1.92071 max_local_turn=0.568391[0m
[0m[INFO] [1784399016.687493988]: [path condition] raw_pts=152 conditioned_pts=11 dense_pts=11 len=16.3093 known_free=16.3093 min_clearance=0.487574 turn=1.92071 max_local_turn=0.568391 initial_heading=0.167977 backup_feasible=1 sched_v=3.26436 reason=curvature[0m
[0m[INFO] [1784399016.713368278]: [highspeed_exp adapter] backup not required for verified known-free terminal-stop primary. duration=8.035 known_len=15.6172[0m
[0m[INFO] [1784399016.713440953]: [highspeed_exp adapter] planned General MINCO exploration traj: pieces=3, duration=8.035, max_v=3.2659, max_a=1.63662, sfc(raw/simplified/final)=4/2/2, corridor=general, prefix=yes, prefix_dur=0.425037, switch_delay=0.45, head_path_dist=0.328061, shifted_start=0, sched_v=3.26436, opt_v=3.26436, opt_bound=3.50804, suffix_max_v=3.2659, suffix_max_a=1.63662, terminal_v=0, backup=no, backup_start=inf, backup_known_len=15.6172, sched_reason=curvature[0m
[0m[INFO] [1784399016.713465725]: [31m call planner [0m: 27.042[0m
[32m[plan success: new traj pub][0m: from PLAN_TRAJ to EXEC_TRAJ
[0m[INFO] [1784399016.713575793]: [cloud input] mode=approximate_sync points=9275 age=0.0220812s stamp_valid=1[0m
 -- [TIMER] updateMap time consuming [32m 8.752549 ms[0m
[0m[INFO] [1784399016.743890057]: cloud odom callback cost: map update:27.4941ms  update frontier clusters: 2.79216ms  total: 30.2863ms
[0m
 -- [TIMER] updateMap time consuming [32m 12.865141 ms[0m


[1;33m------------- <70> Plan Global Path start---------------[0m
[0m[INFO] [1784399017.081874517]: update topo skeleton cost: 73.106412ms, update odom vertex cost:122.294472ms [0m
[0m[INFO] [1784399017.090169533]: vp cluster cost: 1.883123ms  ,remove unreachable cost: 2.475485ms, select vp cost: 3.850362ms[0m
insert viewpoint to graph time: 17.0983 ms
calculate tsp cost matrix cost 4.56905ms

tour solver cost: 0.267498ms
[1;33m-------------Plan Global Path end-----------------[0m

total time cost: 227.881ms
[32m[planGlobalPath: succeed][0m: from EXEC_TRAJ to PLAN_TRAJ
viz&&print cost:0.023261ms
[0m[INFO] [1784399017.115200071]: [path condition] raw_pts=153 conditioned_pts=11 dense_pts=10 len=16.4649 known_free=16.4649 min_clearance=0.487574 turn=1.87767 max_local_turn=0.566432 initial_heading=0.453201 backup_feasible=1 sched_v=3.53104 reason=curvature[0m
[0m[INFO] [1784399017.141551623]: [highspeed_exp adapter] planned General MINCO exploration traj: pieces=3, duration=7.09626, max_v=3.7669, max_a=1.96767, sfc(raw/simplified/final)=4/2/2, corridor=general, prefix=yes, prefix_dur=0.424447, switch_delay=0.45, head_path_dist=0.235978, shifted_start=0, sched_v=3.53104, opt_v=3.53104, opt_bound=3.76577, suffix_max_v=3.7669, suffix_max_a=1.96767, terminal_v=0, backup=no, backup_start=inf, backup_known_len=15.5181, sched_reason=curvature[0m
[0m[INFO] [1784399017.141579785]: [31m call planner [0m: 27.204[0m
[32m[plan success: new traj pub][0m: from PLAN_TRAJ to EXEC_TRAJ
[0m[INFO] [1784399015.796416353]: Publish local map size: 8668[0m
[0m[INFO] [1784399016.896469790]: Publish local map size: 9622[0m
 -- [MARSIM] Running FPS: 218.198
 -- [TIMER] updateMap time consuming [32m 9.277835 ms[0m
 -- [TIMER] updateMap time consuming [32m 17.333834 ms[0m
 -- [TIMER] updateMap time consuming [32m 9.201900 ms[0m
[0m[INFO] [1784399017.316173217]: [global update] actual callback interval=429.707ms configured=200ms[0m
 -- [TIMER] updateMap time consuming [32m 8.681363 ms[0m
 -- [TIMER] updateMap time consuming [32m 9.177128 ms[0m
 -- [TIMER] updateMap time consuming [32m 13.117597 ms[0m


[1;33m------------- <72> Plan Global Path start---------------[0m
[0m[INFO] [1784399017.886229423]: update topo skeleton cost: 45.480163ms, update odom vertex cost:155.644363ms [0m
[0m[INFO] [1784399017.886261615]: [highspeed_exp adapter] safety map ready=1 rog_ready=1 cloud_size=9563[0m
[0m[INFO] [1784399017.890798255]: [view score] cluster=265 best_score=-1.62514 visible_gain=4 speed=1.31993 corridor_cruise=0 hard_gate=0 rejected=0 top_k=2 known_free=3.6 clearance=1.83566 turn=1.18375 selected_yaw=2.74889 current_yaw=3.08074 yaw_delta=0.331843 heading_known_free=3 vp=(-16.7788, 16.2052, 2.05)[0m
[0m[INFO] [1784399017.895020633]: vp cluster cost: 1.718721ms  ,remove unreachable cost: 2.396339ms, select vp cost: 4.591395ms[0m
insert viewpoint to graph time: 19.9463 ms
[0m[INFO] [1784399017.916005826]: [edge cost] len=24.2163 total=16.8522 time=12.3081 turn_pen=4.49453 known_pen=0 backup_pen=0 yaw_pen=0.0495581 known_free=24.2163 min_clearance=0.470254 vel_limit=2 reason=curvature backup_feasible=1[0m
[0m[INFO] [1784399017.925246488]: [candidate cost] chosen_cluster=481 chosen_coverage=0 raw_best_cluster=481 raw_best_coverage=0 | #0 c=481/cp=0 J=8.50344 T=6.38873 TB=0.199269 R=0 G=0.0956444 W=0.114501 D=0 C=2.27848 | #1 c=478/cp=0 J=29.6688 T=20.1065 TB=4.96959 R=2.56256 G=0.117647 W=1 D=0 C=4.91854 | #2 c=482/cp=0 J=30.3766 T=17.3419 TB=5.001 R=0.707608 G=0.117647 W=1 D=0 C=9.37983[0m
calculate tsp cost matrix cost 10.2672ms

tour solver cost: 0.523127ms
[1;33m-------------Plan Global Path end-----------------[0m

total time cost: 242.941ms
[32m[planGlobalPath: succeed][0m: from EXEC_TRAJ to PLAN_TRAJ
viz&&print cost:0.016831ms
[33m[WARN] [1784399017.984769113]: [highspeed_exp adapter] optimized trajectory safety check failed; retry slower: attempt=1 guide_speed=2 t=5.4 state=occupied start_clearance=1.16026 segment_min_clearance=0.460287 blocked_clearance=0.465406 recovery=0 clearance_regressed=0 left_exploration_boxes=0[0m
[33m[WARN] [1784399018.007461425]: [highspeed_exp adapter] optimized trajectory safety check failed; retry slower: attempt=2 guide_speed=1.5 t=6.7 state=occupied start_clearance=1.16026 segment_min_clearance=0.465777 blocked_clearance=0.470946 recovery=0 clearance_regressed=0 left_exploration_boxes=0[0m
[33m[WARN] [1784399018.019436839]: [highspeed_exp adapter] optimized trajectory safety check failed; retry slower: attempt=3 guide_speed=1.1 t=5.2 state=unknown start_clearance=1.16026 segment_min_clearance=0.42232 blocked_clearance=0.42232 recovery=0 clearance_regressed=0 left_exploration_boxes=0[0m
[33m[WARN] [1784399018.030665242]: [highspeed_exp adapter] optimized trajectory safety check failed; retry slower: attempt=4 guide_speed=1 t=5.1 state=unknown start_clearance=1.16026 segment_min_clearance=0.423358 blocked_clearance=0.423358 recovery=0 clearance_regressed=0 left_exploration_boxes=0[0m
[33m[WARN] [1784399018.030679463]: [highspeed_exp adapter] General exploration MINCO optimization failed.[0m
[0m[INFO] [1784399017.929043467]: [path horizon] shorten high-curvature local path: horizon=20.8734m pts=14 turn=2.73666 max_local_turn=1.30481[0m
[0m[INFO] [1784399017.929056017]: [path condition] raw_pts=133 conditioned_pts=10 dense_pts=14 len=20.8734 known_free=20.8734 min_clearance=0.471663 turn=2.73666 max_local_turn=1.30481 initial_heading=0.100826 backup_feasible=1 sched_v=2 reason=curvature[0m
[0m[INFO] [1784399018.030703794]: [31m call planner [0m: 102.644[0m
[31m[PLAN_TRAJ: plan failed, keep safe terminal-stop trajectory][0m: from PLAN_TRAJ to EXEC_TRAJ
[0m[INFO] [1784399018.030880627]: [cloud input] mode=approximate_sync points=9823 age=0.0393841s stamp_valid=1[0m
 -- [TIMER] updateMap time consuming [32m 15.200572 ms[0m
[0m[INFO] [1784399018.057013330]: cloud odom callback cost: map update:22.336ms  update frontier clusters: 3.76958ms  total: 26.1056ms
[0m
[0m[INFO] [1784399018.063472775]: [coverage guidance] plan valid=1 map_v=23 frontier_v=23 zones(f/u)=186/271 observed=11150/35519 coverage=0.3139 voxels(f/o/u)=5225/5273/652 active=8 reachable_unknown=151 route_nodes=160 preferred=8 cost=6.5ms[0m
 -- [TIMER] updateMap time consuming [32m 8.784179 ms[0m


[1;33m------------- <73> Plan Global Path start---------------[0m
[0m[INFO] [1784399018.353289916]: update topo skeleton cost: 55.065854ms, update odom vertex cost:170.106067ms [0m
[0m[INFO] [1784399018.364395249]: vp cluster cost: 1.552519ms  ,remove unreachable cost: 2.922867ms, select vp cost: 6.514349ms[0m
insert viewpoint to graph time: 29.0881 ms
[0m[INFO] [1784399018.416119187]: [edge cost] len=52.6351 total=35.7858 time=26.5175 turn_pen=9.26828 known_pen=0 backup_pen=0 yaw_pen=0 known_free=52.6351 min_clearance=0.528083 vel_limit=2 reason=curvature backup_feasible=1[0m
[0m[INFO] [1784399018.428373622]: [candidate cost] chosen_cluster=481 chosen_coverage=0 raw_best_cluster=481 raw_best_coverage=0 | #0 c=481/cp=0 J=15.0268 T=6.26231 TB=0.532398 R=12 G=0.0939927 W=0.140577 D=0 C=2.03094 | #1 c=666/cp=0 J=28.5506 T=8.9228 TB=9.41494 R=12 G=0.305556 W=0.0633926 D=0 C=4.31903 | #2 c=667/cp=0 J=29.4977 T=10.1622 TB=9.68945 R=12 G=0.210526 W=0.000591506 D=0 C=3.46805[0m
calculate tsp cost matrix cost 34.8679ms

tour solver cost: 0.71613ms
[1;33m-------------Plan Global Path end-----------------[0m

total time cost: 303.259ms
[32m[planGlobalPath: succeed][0m: from EXEC_TRAJ to PLAN_TRAJ
viz&&print cost:0.018532ms
[33m[WARN] [1784399018.476153022]: [highspeed_exp adapter] optimized trajectory safety check failed; retry slower: attempt=1 guide_speed=2 t=3.7 state=unknown start_clearance=1.08555 segment_min_clearance=0.416045 blocked_clearance=0.416045 recovery=0 clearance_regressed=0 left_exploration_boxes=0[0m
[33m[WARN] [1784399018.489897191]: [highspeed_exp adapter] optimized trajectory safety check failed; retry slower: attempt=2 guide_speed=1.5 t=3.55 state=unknown start_clearance=1.08555 segment_min_clearance=0.425438 blocked_clearance=0.425438 recovery=0 clearance_regressed=0 left_exploration_boxes=0[0m
[0m[INFO] [1784399018.432297648]: [path horizon] shorten high-curvature local path: horizon=20.8854m pts=13 turn=2.73462 max_local_turn=1.30481[0m
[0m[INFO] [1784399018.432311439]: [path condition] raw_pts=133 conditioned_pts=9 dense_pts=13 len=20.8854 known_free=20.8854 min_clearance=0.471663 turn=2.73462 max_local_turn=1.30481 initial_heading=0.322516 backup_feasible=1 sched_v=2 reason=curvature[0m
[0m[INFO] [1784399018.502409573]: [highspeed_exp adapter] backup not required for verified known-free terminal-stop primary. duration=14.0955 known_len=19.4534[0m
[0m[INFO] [1784399018.502516211]: [highspeed_exp adapter] planned General MINCO exploration traj: pieces=5, duration=14.0955, max_v=3.0128, max_a=1.33362, sfc(raw/simplified/final)=6/4/4, corridor=general, prefix=yes, prefix_dur=0.381287, switch_delay=0.45, head_path_dist=0.755199, shifted_start=0, sched_v=2, opt_v=1.1, opt_bound=2.78191, suffix_max_v=3.0128, suffix_max_a=1.28245, terminal_v=0, backup=no, backup_start=inf, backup_known_len=19.4534, sched_reason=curvature[0m
[0m[INFO] [1784399018.502541463]: [31m call planner [0m: 71.157[0m
[32m[plan success: new traj pub][0m: from PLAN_TRAJ to EXEC_TRAJ
 -- [TIMER] updateMap time consuming [32m 15.990068 ms[0m
 -- [TIMER] updateMap time consuming [32m 9.104162 ms[0m
[0m[INFO] [1784399018.631446774]: [global update] actual callback interval=503.335ms configured=200ms[0m
 -- [TIMER] updateMap time consuming [32m 9.289715 ms[0m
 -- [TIMER] updateMap time consuming [32m 8.576285 ms[0m
 -- [TIMER] updateMap time consuming [32m 9.138354 ms[0m


[1;33m------------- <75> Plan Global Path start---------------[0m
[0m[INFO] [1784399019.255604439]: update topo skeleton cost: 52.176234ms, update odom vertex cost:160.381225ms [0m
[0m[INFO] [1784399019.260880291]: [view score] cluster=678 best_score=0.473349 visible_gain=7 speed=2.63307 corridor_cruise=0 hard_gate=0 rejected=0 top_k=1 known_free=2 clearance=0.932478 turn=1.08515 selected_yaw=2.69077 current_yaw=2.69077 yaw_delta=0 heading_known_free=4.4 vp=(1.35455, -1.08182, 1.9)[0m
[0m[INFO] [1784399019.266258109]: vp cluster cost: 1.847510ms  ,remove unreachable cost: 3.196576ms, select vp cost: 5.502427ms[0m
insert viewpoint to graph time: 15.1053 ms
[0m[INFO] [1784399019.282271797]: [edge cost] len=21.9109 total=26.692 time=11.1554 turn_pen=15.5366 known_pen=0 backup_pen=0 yaw_pen=0 known_free=21.9109 min_clearance=0.546939 vel_limit=2 reason=curvature backup_feasible=1[0m
[0m[INFO] [1784399019.333589191]: [goal lock] keep goal idx=0 candidate_idx=1 locked_cost=20.4942 candidate_cost=18.122 since=3.49957 high_speed=0[0m
[0m[INFO] [1784399019.333618223]: [candidate cost] chosen_cluster=481 chosen_coverage=0 raw_best_cluster=658 raw_best_coverage=0 | #0 c=658/cp=0 J=18.122 T=4.51139 TB=8.15656 R=11.8459 G=0.25 W=0.603965 D=0 C=0.344761 | #1 c=481/cp=0 J=20.4942 T=10.8737 TB=1.51094 R=12 G=0.117647 W=0.190681 D=0 C=2.03094 | #2 c=482/cp=0 J=29.7652 T=17.9023 TB=3.95013 R=12 G=0.117647 W=1 D=0 C=3.04808[0m
calculate tsp cost matrix cost 52.225ms

tour solver cost: 0.921844ms
[1;33m-------------Plan Global Path end-----------------[0m

total time cost: 292.86ms
[32m[planGlobalPath: succeed][0m: from EXEC_TRAJ to PLAN_TRAJ
viz&&print cost:0.016091ms
[33m[WARN] [1784399019.336754484]: [highspeed_exp adapter] reject frontend path: failed to align optimization head. head_path_dist=1.57098 max_allowed=1.125 switch_delay=0.45 speed=2.63307[0m
[0m[INFO] [1784399019.336727392]: [path horizon] shorten high-curvature local path: horizon=11.4537m pts=8 turn=1.1696 max_local_turn=0.512428[0m
[0m[INFO] [1784399019.336740863]: [path condition] raw_pts=127 conditioned_pts=11 dense_pts=8 len=11.4537 known_free=11.4537 min_clearance=0.487574 turn=1.1696 max_local_turn=0.512428 initial_heading=0.859857 backup_feasible=1 sched_v=2.58407 reason=curvature[0m
[0m[INFO] [1784399019.336767875]: [31m call planner [0m: 0.858[0m
[31m[PLAN_TRAJ: plan failed, keep safe terminal-stop trajectory][0m: from PLAN_TRAJ to EXEC_TRAJ
[0m[INFO] [1784399017.899840854]: Publish local map size: 8778[0m
[0m[INFO] [1784399018.996506942]: Publish local map size: 9759[0m
 -- [MARSIM] Running FPS: 205.342
[0m[INFO] [1784399019.336955418]: [cloud input] mode=approximate_sync points=9892 age=0.0454597s stamp_valid=1[0m
 -- [TIMER] updateMap time consuming [32m 11.216200 ms[0m
[0m[INFO] [1784399019.358169942]: cloud odom callback cost: map update:18.0996ms  update frontier clusters: 3.08352ms  total: 21.1831ms
[0m
 -- [TIMER] updateMap time consuming [32m 6.942899 ms[0m
 -- [TIMER] updateMap time consuming [32m 12.651301 ms[0m


[1;33m------------- <76> Plan Global Path start---------------[0m
[0m[INFO] [1784399019.719827322]: update topo skeleton cost: 30.734275ms, update odom vertex cost:153.106972ms [0m
[0m[INFO] [1784399019.731221205]: vp cluster cost: 1.808137ms  ,remove unreachable cost: 3.521158ms, select vp cost: 5.960510ms[0m
insert viewpoint to graph time: 12.9431 ms
[0m[INFO] [1784399019.783495066]: [edge cost] len=53.8357 total=43.7188 time=27.1178 turn_pen=16.5706 known_pen=0 backup_pen=0 yaw_pen=0.0303866 known_free=53.8357 min_clearance=0.528083 vel_limit=2 reason=curvature backup_feasible=1[0m
calculate tsp cost matrix cost 39.6783ms

tour solver cost: 0.924715ms
[1;33m-------------Plan Global Path end-----------------[0m

total time cost: 250.272ms
[32m[planGlobalPath: succeed][0m: from EXEC_TRAJ to PLAN_TRAJ
viz&&print cost:0.016441ms
[33m[WARN] [1784399019.787108630]: [highspeed_exp adapter] reject frontend path: failed to align optimization head. head_path_dist=1.8675 max_allowed=1.125 switch_delay=0.45 speed=2.95573[0m
[0m[INFO] [1784399019.787088229]: [path condition] raw_pts=125 conditioned_pts=11 dense_pts=8 len=10.8508 known_free=10.8508 min_clearance=0.487574 turn=1.53 max_local_turn=0.74782 initial_heading=1.17035 backup_feasible=1 sched_v=2 reason=curvature[0m
[0m[INFO] [1784399019.787120341]: [31m call planner [0m: 0.859[0m
[31m[PLAN_TRAJ: plan failed, keep safe terminal-stop trajectory][0m: from PLAN_TRAJ to EXEC_TRAJ
 -- [TIMER] updateMap time consuming [32m 7.913857 ms[0m
 -- [TIMER] updateMap time consuming [32m 8.762117 ms[0m
 -- [TIMER] updateMap time consuming [32m 8.246891 ms[0m
[0m[INFO] [1784399019.986342732]: [global update] actual callback interval=450.355ms configured=200ms[0m


[1;33m------------- <77> Plan Global Path start---------------[0m
[0m[INFO] [1784399020.157860095]: update topo skeleton cost: 36.872564ms, update odom vertex cost:134.584434ms [0m
[0m[INFO] [1784399020.157894817]: [highspeed_exp adapter] safety map ready=1 rog_ready=1 cloud_size=10071[0m
[0m[INFO] [1784399020.164599098]: [view score] cluster=481 best_score=-0.187847 visible_gain=4 speed=3.00418 corridor_cruise=0 hard_gate=0 rejected=0 top_k=2 known_free=1.4 clearance=1.02604 turn=0.401877 selected_yaw=0.392699 current_yaw=2.91217 yaw_delta=2.51947 heading_known_free=3 vp=(-16.9553, 2.27918, 1.3)[0m
[0m[INFO] [1784399020.168078483]: vp cluster cost: 2.116488ms  ,remove unreachable cost: 4.020583ms, select vp cost: 3.961489ms[0m
insert viewpoint to graph time: 17.2684 ms
[0m[INFO] [1784399020.192860796]: [goal lock] keep goal idx=0 candidate_idx=6 locked_cost=25.849 candidate_cost=18.9652 since=4.35884 high_speed=1[0m
[0m[INFO] [1784399020.192891398]: [candidate cost] chosen_cluster=481 chosen_coverage=0 raw_best_cluster=487 raw_best_coverage=0 | #0 c=487/cp=0 J=18.9652 T=15.8582 TB=2.17024 R=0 G=0.230769 W=1 D=0 C=2.89827 | #1 c=478/cp=0 J=25.1836 T=17.2679 TB=2.17024 R=3.10017 G=0.117647 W=1 D=0 C=5.77568 | #2 c=480/cp=0 J=25.6863 T=16.8613 TB=2.18859 R=3.093 G=0.411765 W=1 D=0 C=7.25886[0m
calculate tsp cost matrix cost 7.51021ms

tour solver cost: 1.34268ms
[1;33m-------------Plan Global Path end-----------------[0m

total time cost: 209.18ms
[32m[planGlobalPath: succeed][0m: from EXEC_TRAJ to PLAN_TRAJ
viz&&print cost:0.016521ms
[0m[INFO] [1784399020.196439988]: [path horizon] shorten high-curvature local path: horizon=12.8283m pts=9 turn=0.328238 max_local_turn=0.270715[0m
[0m[INFO] [1784399020.196455429]: [path condition] raw_pts=124 conditioned_pts=9 dense_pts=9 len=12.8283 known_free=12.8283 min_clearance=0.471501 turn=0.328238 max_local_turn=0.270715 initial_heading=0.348871 backup_feasible=1 sched_v=4 reason=known_free[0m
[0m[INFO] [1784399020.220155245]: [highspeed_exp adapter] backup not required for verified known-free terminal-stop primary. duration=5.33334 known_len=12.1646[0m
[0m[INFO] [1784399020.220225120]: [highspeed_exp adapter] planned General MINCO exploration traj: pieces=3, duration=5.33334, max_v=3.3573, max_a=2.41171, sfc(raw/simplified/final)=5/2/2, corridor=general, prefix=yes, prefix_dur=0.426878, switch_delay=0.45, head_path_dist=0.458074, shifted_start=0, sched_v=3.35574, opt_v=3.35574, opt_bound=4, suffix_max_v=3.3573, suffix_max_a=2.41171, terminal_v=0, backup=no, backup_start=inf, backup_known_len=12.1646, sched_reason=curvature[0m
[0m[INFO] [1784399020.220249542]: [31m call planner [0m: 24.664[0m
[32m[plan success: new traj pub][0m: from PLAN_TRAJ to EXEC_TRAJ
 -- [TIMER] updateMap time consuming [32m 8.436454 ms[0m
 -- [TIMER] updateMap time consuming [32m 7.307084 ms[0m
[0m[INFO] [1784399020.564685473]: [cloud input] mode=approximate_sync points=10019 age=0.0731695s stamp_valid=1[0m
 -- [TIMER] updateMap time consuming [32m 8.293543 ms[0m
[0m[INFO] [1784399020.582059295]: cloud odom callback cost: map update:14.5837ms  update frontier clusters: 2.74281ms  total: 17.3266ms
[0m
[0m[INFO] [1784399020.588472636]: [coverage guidance] plan valid=1 map_v=25 frontier_v=25 zones(f/u)=183/265 observed=11427/35519 coverage=0.3217 voxels(f/o/u)=5472/5281/674 active=10 reachable_unknown=149 route_nodes=160 preferred=11 cost=6.4ms[0m
 -- [TIMER] updateMap time consuming [32m 7.042495 ms[0m
 -- [TIMER] updateMap time consuming [32m 8.211488 ms[0m


[1;33m------------- <79> Plan Global Path start---------------[0m
[0m[INFO] [1784399020.941461029]: update topo skeleton cost: 33.197945ms, update odom vertex cost:143.664873ms [0m
[0m[INFO] [1784399020.946903291]: [view score] cluster=678 best_score=-2.54916 visible_gain=7 speed=2.72345 corridor_cruise=0 hard_gate=0 rejected=0 top_k=1 known_free=0.6 clearance=0.932478 turn=1.9879 selected_yaw=-3.06261 current_yaw=-3.06261 yaw_delta=0 heading_known_free=7.8 vp=(1.35455, -1.08182, 1.9)[0m
[0m[INFO] [1784399020.949362744]: vp cluster cost: 1.736612ms  ,remove unreachable cost: 3.440582ms, select vp cost: 2.579972ms[0m
insert viewpoint to graph time: 20.5827 ms
[0m[INFO] [1784399020.970482649]: [edge cost] len=16.9928 total=17.7467 time=8.69641 turn_pen=9.05026 known_pen=0 backup_pen=0 yaw_pen=0 known_free=16.9928 min_clearance=0.53948 vel_limit=2 reason=curvature backup_feasible=1[0m
[0m[INFO] [1784399020.977248455]: [candidate cost] chosen_cluster=481 chosen_coverage=0 raw_best_cluster=481 raw_best_coverage=0 | #0 c=481/cp=0 J=14.2141 T=5.45633 TB=0.32887 R=0.205221 G=0.104251 W=0.284186 D=0 C=8.95081 | #1 c=478/cp=0 J=24.1766 T=16.3469 TB=1.95025 R=3.34368 G=0.117647 W=1 D=0 C=5.77568 | #2 c=487/cp=0 J=26.1955 T=14.9372 TB=1.95025 R=8.67513 G=0.230769 W=1 D=0 C=6.49827[0m
calculate tsp cost matrix cost 7.28332ms

tour solver cost: 1.36362ms
[1;33m-------------Plan Global Path end-----------------[0m

total time cost: 216.287ms
[32m[planGlobalPath: succeed][0m: from EXEC_TRAJ to PLAN_TRAJ
[0m[INFO] [1784399020.980894321]: [frontier storage] labels=4708/3739 normals=271/823 clusters=17 terminal=0 cluster_cells(cap)=215 candidates(cap)=32 derived_viewpoints(cap)=0 estimated_kb=88.9414 revision=155 audit_ready=0[0m
viz&&print cost:0.054674ms
[33m[WARN] [1784399021.030324474]: [highspeed_exp adapter] optimized trajectory safety check failed; retry slower: attempt=1 guide_speed=2 t=1.8 state=occupied start_clearance=0.832811 segment_min_clearance=0.522052 blocked_clearance=0.522052 recovery=0 clearance_regressed=0 left_exploration_boxes=0[0m
[33m[WARN] [1784399021.068828098]: [highspeed_exp adapter] optimized trajectory safety check failed; retry slower: attempt=2 guide_speed=1.5 t=4.8 state=occupied start_clearance=0.832811 segment_min_clearance=0.474098 blocked_clearance=0.474098 recovery=0 clearance_regressed=0 left_exploration_boxes=0[0m
[33m[WARN] [1784399021.085865114]: [highspeed_exp adapter] optimized trajectory safety check failed; retry slower: attempt=3 guide_speed=1.1 t=2.8 state=occupied start_clearance=0.832811 segment_min_clearance=0.526163 blocked_clearance=0.536737 recovery=0 clearance_regressed=0 left_exploration_boxes=0[0m
[33m[WARN] [1784399021.103213043]: [highspeed_exp adapter] optimized trajectory safety check failed; retry slower: attempt=4 guide_speed=1 t=3.05 state=occupied start_clearance=0.832811 segment_min_clearance=0.486363 blocked_clearance=0.486363 recovery=0 clearance_regressed=0 left_exploration_boxes=0[0m
[33m[WARN] [1784399021.103233224]: [highspeed_exp adapter] General exploration MINCO optimization failed.[0m
[0m[INFO] [1784399020.981392726]: [path condition] raw_pts=123 conditioned_pts=7 dense_pts=13 len=21.3113 known_free=21.3113 min_clearance=0.477999 turn=2.2368 max_local_turn=1.30481 initial_heading=0.187594 backup_feasible=1 sched_v=2 reason=curvature[0m
[0m[INFO] [1784399021.103257426]: [31m call planner [0m: 122.315[0m
[31m[PLAN_TRAJ: plan failed, keep safe terminal-stop trajectory][0m: from PLAN_TRAJ to EXEC_TRAJ
 -- [TIMER] updateMap time consuming [32m 14.578134 ms[0m
[0m[INFO] [1784399021.180998694]: [global update] actual callback interval=416.401ms configured=200ms[0m


[1;33m------------- <80> Plan Global Path start---------------[0m
[0m[INFO] [1784399021.410677352]: update topo skeleton cost: 48.604723ms, update odom vertex cost:181.010530ms [0m
[0m[INFO] [1784399021.422819255]: vp cluster cost: 2.300492ms  ,remove unreachable cost: 6.444182ms, select vp cost: 3.241258ms[0m
insert viewpoint to graph time: 21.4988 ms
calculate tsp cost matrix cost 10.9962ms

tour solver cost: 0.590762ms
[1;33m-------------Plan Global Path end-----------------[0m

total time cost: 277.174ms
[32m[planGlobalPath: succeed][0m: from EXEC_TRAJ to PLAN_TRAJ
viz&&print cost:0.022722ms
[0m[INFO] [1784399021.459053219]: [path horizon] shorten high-curvature local path: horizon=7.55476m pts=9 turn=2.71406 max_local_turn=0.785398[0m
[0m[INFO] [1784399021.459075160]: [path condition] raw_pts=33 conditioned_pts=17 dense_pts=9 len=7.55476 known_free=7.55476 min_clearance=0.673084 turn=2.71406 max_local_turn=0.785398 initial_heading=0.289253 backup_feasible=1 sched_v=2.00831 reason=curvature[0m
[0m[INFO] [1784399021.470258536]: [highspeed_exp adapter] backup not required for verified known-free terminal-stop primary. duration=3.57123 known_len=6.83929[0m
[0m[INFO] [1784399021.470309009]: [highspeed_exp adapter] planned General MINCO exploration traj: pieces=3, duration=3.57123, max_v=2.96588, max_a=2.86865, sfc(raw/simplified/final)=3/2/2, corridor=general, prefix=yes, prefix_dur=0.439184, switch_delay=0.45, head_path_dist=0.647453, shifted_start=0, sched_v=2.00832, opt_v=2.00832, opt_bound=2.96493, suffix_max_v=2.96588, suffix_max_a=2.86865, terminal_v=0, backup=no, backup_start=inf, backup_known_len=6.83929, sched_reason=curvature[0m
[0m[INFO] [1784399021.470325970]: [31m call planner [0m: 12.068[0m
[32m[plan success: new traj pub][0m: from PLAN_TRAJ to EXEC_TRAJ
[0m[INFO] [1784399019.998556372]: Publish local map size: 9623[0m
[0m[INFO] [1784399021.096321268]: Publish local map size: 9950[0m
 -- [MARSIM] Running FPS: 205.67
 -- [TIMER] updateMap time consuming [32m 9.553501 ms[0m
 -- [TIMER] updateMap time consuming [32m 7.216307 ms[0m
[0m[INFO] [1784399021.596511302]: [cloud input] mode=approximate_sync points=9943 age=0.00499416s stamp_valid=1[0m
 -- [TIMER] updateMap time consuming [32m 8.308054 ms[0m
[0m[INFO] [1784399021.615035273]: cloud odom callback cost: map update:15.5049ms  update frontier clusters: 2.97144ms  total: 18.4764ms
[0m


[1;33m------------- <81> Plan Global Path start---------------[0m
[0m[INFO] [1784399021.914948702]: update topo skeleton cost: 83.439889ms, update odom vertex cost:173.198162ms [0m
[0m[INFO] [1784399021.923106964]: [view score] cluster=481 best_score=-2.73851 visible_gain=3 speed=2.57977 corridor_cruise=0 hard_gate=0 rejected=0 top_k=2 known_free=1.2 clearance=1.59285 turn=0.943541 selected_yaw=2.74889 current_yaw=-3.05641 yaw_delta=0.477885 heading_known_free=4.8 vp=(-16.8132, -0.305678, 1.3)[0m
[0m[INFO] [1784399021.925610890]: vp cluster cost: 2.029792ms  ,remove unreachable cost: 5.594823ms, select vp cost: 2.931796ms[0m
insert viewpoint to graph time: 20.7483 ms
[33m[WARN] [1784399021.950286053]: [candidate gate] all reachable frontiers require reversal; keep current command and brake before reorientation. speed=2.57977 rejected=12[0m
[0m[INFO] [1784399021.947065427]: [edge cost] len=21.1972 total=21.7 time=10.7986 turn_pen=10.8823 known_pen=0 backup_pen=0 yaw_pen=0.0191154 known_free=21.1972 min_clearance=0.674887 vel_limit=2 reason=curvature backup_feasible=1[0m
[1;33m-------------Plan Global Path end-----------------[0m

total time cost: 292.108ms
[31m[planGlobalPath: brake before goal reversal][0m: from EXEC_TRAJ to REORIENT
viz&&print cost:0.046404ms
[33m[WARN] [1784399021.950580273]: [controlled stop] committed braking trajectory: id=33 speed=2.7266 prefix=0.08 duration=0.73 distance=1.12251 terminal_v=1.02744e-14 terminal_a=4.49935e-14[0m
[33m[WARN] [1784399021.950600265]: [controlled stop] published braking trajectory id=33 duration=0.73[0m
[33m[WARN] [1784399021.950610296]: [reorient] request controlled stop: speed=2.57977 elapsed=3.4142e-05 backup_braking=0 odom_age=0.298888[0m
[33m[WARN] [1784399021.950619526]: [reorient] braking before goal reversal: speed=2.57977 elapsed=3.4142e-05 backup_braking=0 odom_age=0.298888 odom_fresh=1[0m
 -- [TIMER] updateMap time consuming [32m 8.946888 ms[0m
 -- [TIMER] updateMap time consuming [32m 8.120430 ms[0m
 -- [TIMER] updateMap time consuming [32m 15.433302 ms[0m


[1;33m------------- <82> Plan Global Path start---------------[0m
[0m[INFO] [1784399022.438096820]: update topo skeleton cost: 91.375556ms, update odom vertex cost:196.181955ms [0m
[0m[INFO] [1784399022.438126952]: [highspeed_exp adapter] safety map ready=1 rog_ready=1 cloud_size=9644[0m
[0m[INFO] [1784399022.445148915]: [view score] cluster=481 best_score=-2.60321 visible_gain=3 speed=2.68225 corridor_cruise=0 hard_gate=0 rejected=0 top_k=2 known_free=1.2 clearance=1.59285 turn=0.897975 selected_yaw=2.74889 current_yaw=3.11669 yaw_delta=0.367797 heading_known_free=5.8 vp=(-16.8132, -0.305678, 1.3)[0m
[0m[INFO] [1784399022.448103852]: vp cluster cost: 1.965078ms  ,remove unreachable cost: 4.664847ms, select vp cost: 3.255498ms[0m
insert viewpoint to graph time: 21.4815 ms
[0m[INFO] [1784399022.470254645]: [edge cost] len=20.1328 total=21.2259 time=10.2664 turn_pen=10.9447 known_pen=0 backup_pen=0 yaw_pen=0.0147119 known_free=20.1328 min_clearance=0.674887 vel_limit=2 reason=curvature backup_feasible=1[0m
[0m[INFO] [1784399022.479187792]: [candidate cost] chosen_cluster=481 chosen_coverage=0 raw_best_cluster=481 raw_best_coverage=0 | #0 c=481/cp=0 J=29.3058 T=10.2664 TB=10.9595 R=0 G=0.0946127 W=0.36745 D=0 C=8.82037 | #1 c=478/cp=0 J=30.6434 T=15.8938 TB=10.9595 R=3.90862 G=0.117647 W=1 D=0 C=3.37568 | #2 c=265/cp=0 J=31.3311 T=18.3204 TB=8.32092 R=1.15176 G=0.117647 W=1 D=0 C=5.79163[0m
calculate tsp cost matrix cost 9.58264ms

tour solver cost: 0.603703ms
[1;33m-------------Plan Global Path end-----------------[0m

total time cost: 331.602ms
viz&&print cost:0.024191ms
[33m[WARN] [1784399022.482201423]: [reorient] braking before goal reversal: speed=2.65925 elapsed=0.531747 backup_braking=1 odom_age=2.4412e-05 odom_fresh=1[0m
 -- [TIMER] updateMap time consuming [32m 13.675388 ms[0m
 -- [TIMER] updateMap time consuming [32m 10.952508 ms[0m
[32m[REORIENT: vehicle stopped][0m: from REORIENT to PLAN_TRAJ
[0m[INFO] [1784399022.532749717]: [path horizon] shorten high-curvature local path: horizon=7.15345m pts=8 turn=3.26569 max_local_turn=0.909492[0m
[0m[INFO] [1784399022.532780019]: [path condition] raw_pts=30 conditioned_pts=16 dense_pts=8 len=7.15345 known_free=7.15345 min_clearance=0.674928 turn=3.26569 max_local_turn=0.909492 initial_heading=1.67295 backup_feasible=1 sched_v=2 reason=curvature[0m
[0m[INFO] [1784399022.550207241]: [highspeed_exp adapter] backup not required for verified known-free terminal-stop primary. duration=5.40817 known_len=7.03525[0m
[0m[INFO] [1784399022.550308518]: [highspeed_exp adapter] planned General MINCO exploration traj: pieces=2, duration=5.40817, max_v=2.33362, max_a=2.59093, sfc(raw/simplified/final)=3/2/2, corridor=general, prefix=no, prefix_dur=0, switch_delay=0, head_path_dist=inf, shifted_start=0, sched_v=2, opt_v=2, opt_bound=2.66947, suffix_max_v=2.33362, suffix_max_a=2.59093, terminal_v=0, backup=no, backup_start=inf, backup_known_len=7.03525, sched_reason=curvature[0m
[0m[INFO] [1784399022.550341840]: [31m call planner [0m: 18.497[0m
[32m[plan success: new traj pub][0m: from PLAN_TRAJ to EXEC_TRAJ
 -- [TIMER] updateMap time consuming [32m 6.923566 ms[0m
[0m[INFO] [1784399022.682228398]: [global update] actual callback interval=531.691ms configured=200ms[0m


[1;33m------------- <83> Plan Global Path start---------------[0m
[0m[INFO] [1784399022.928153890]: update topo skeleton cost: 52.844595ms, update odom vertex cost:193.019033ms [0m
[0m[INFO] [1784399022.939190334]: vp cluster cost: 1.580501ms  ,remove unreachable cost: 6.940017ms, select vp cost: 2.401728ms[0m
insert viewpoint to graph time: 22.015 ms
[0m[INFO] [1784399022.970679772]: [edge cost] len=21.4974 total=16.0095 time=10.9487 turn_pen=4.96656 known_pen=0 backup_pen=0 yaw_pen=0.0942478 known_free=21.4974 min_clearance=0.532646 vel_limit=2 reason=curvature backup_feasible=1[0m
[0m[INFO] [1784399022.995107014]: [goal lock] keep goal idx=0 candidate_idx=6 locked_cost=35.8877 candidate_cost=30.9598 since=7.16108 high_speed=0[0m
[0m[INFO] [1784399022.995148237]: [candidate cost] chosen_cluster=481 chosen_coverage=0 raw_best_cluster=478 raw_best_coverage=0 | #0 c=478/cp=0 J=30.9598 T=15.5107 TB=10.0228 R=6.8834 G=0.117647 W=1 D=0 C=3.37568 | #1 c=480/cp=0 J=33.6901 T=14.1958 TB=10.0215 R=8.25005 G=0.411765 W=1 D=0 C=7.25886 | #2 c=265/cp=0 J=34.2692 T=17.9372 TB=7.38426 R=8.89342 G=0.117647 W=1 D=0 C=5.79163[0m
calculate tsp cost matrix cost 33.9126ms

tour solver cost: 2.52301ms
[1;33m-------------Plan Global Path end-----------------[0m

total time cost: 316.795ms
[32m[planGlobalPath: succeed][0m: from EXEC_TRAJ to PLAN_TRAJ
viz&&print cost:0.031062ms
[0m[INFO] [1784399023.000218123]: [path condition] raw_pts=32 conditioned_pts=16 dense_pts=8 len=6.63028 known_free=6.63028 min_clearance=0.698803 turn=4.05066 max_local_turn=0.909063 initial_heading=1.38469 backup_feasible=1 sched_v=2 reason=curvature[0m
[0m[INFO] [1784399023.031935193]: [highspeed_exp adapter] planned General MINCO exploration traj: pieces=3, duration=4.81021, max_v=2.6708, max_a=3.0797, sfc(raw/simplified/final)=4/2/2, corridor=general, prefix=yes, prefix_dur=0.418849, switch_delay=0.45, head_path_dist=0.204761, shifted_start=0, sched_v=2, opt_v=2, opt_bound=2.66947, suffix_max_v=2.6708, suffix_max_a=3.0797, terminal_v=0, backup=no, backup_start=inf, backup_known_len=7.3228, sched_reason=curvature[0m
[0m[INFO] [1784399023.031970276]: [31m call planner [0m: 32.865[0m
[32m[plan success: new traj pub][0m: from PLAN_TRAJ to EXEC_TRAJ
[0m[INFO] [1784399023.032090244]: [cloud input] mode=approximate_sync points=9603 age=0.0405963s stamp_valid=1[0m
 -- [TIMER] updateMap time consuming [32m 6.075646 ms[0m
[0m[INFO] [1784399023.047505563]: cloud odom callback cost: map update:12.5757ms  update frontier clusters: 2.80167ms  total: 15.3774ms
[0m
[0m[INFO] [1784399023.054057172]: [coverage guidance] plan valid=1 map_v=27 frontier_v=27 zones(f/u)=178/262 observed=11619/35519 coverage=0.3271 voxels(f/o/u)=5647/5282/690 active=12 reachable_unknown=147 route_nodes=160 preferred=13 cost=6.5ms[0m
 -- [TIMER] updateMap time consuming [32m 5.514696 ms[0m
 -- [TIMER] updateMap time consuming [32m 5.418569 ms[0m


[1;33m------------- <84> Plan Global Path start---------------[0m
[0m[INFO] [1784399023.431632136]: update topo skeleton cost: 31.830479ms, update odom vertex cost:188.471744ms [0m
[0m[INFO] [1784399023.441872853]: [view score] cluster=698 best_score=-3.48057 visible_gain=3 speed=0.350132 corridor_cruise=0 hard_gate=0 rejected=0 top_k=2 known_free=1 clearance=2.09359 turn=0 selected_yaw=-1.9635 current_yaw=-2.75082 yaw_delta=0.787325 heading_known_free=11.4 vp=(-7.11127, -2.08873, 0.4)[0m
[0m[INFO] [1784399023.444365248]: vp cluster cost: 1.997639ms  ,remove unreachable cost: 7.653526ms, select vp cost: 2.874472ms[0m
insert viewpoint to graph time: 24.2373 ms
[0m[INFO] [1784399023.471069027]: [edge cost] len=23.9942 total=25.7572 time=12.1971 turn_pen=13.5601 known_pen=0 backup_pen=0 yaw_pen=0 known_free=23.9942 min_clearance=0.472394 vel_limit=2 reason=curvature backup_feasible=1[0m
[0m[INFO] [1784399023.501774437]: [goal lock] keep goal idx=0 candidate_idx=4 locked_cost=32.1867 candidate_cost=29.6854 since=7.66775 high_speed=0[0m
[0m[INFO] [1784399023.501817560]: [candidate cost] chosen_cluster=481 chosen_coverage=0 raw_best_cluster=681 raw_best_coverage=0 | #0 c=681/cp=0 J=29.6854 T=12.1971 TB=13.5601 R=0 G=0.136949 W=0.282812 D=0 C=4.62634 | #1 c=683/cp=0 J=31.6595 T=18.1925 TB=4.76527 R=7.8735 G=0.62963 W=0.282812 D=0 C=6.05474 | #2 c=481/cp=0 J=32.1867 T=14.0195 TB=10.9599 R=12 G=0.117647 W=0.422798 D=0 C=1.47684[0m
calculate tsp cost matrix cost 33.192ms

tour solver cost: 2.50413ms
[1;33m-------------Plan Global Path end-----------------[0m

total time cost: 296.321ms
[32m[planGlobalPath: succeed][0m: from EXEC_TRAJ to PLAN_TRAJ
viz&&print cost:0.019011ms
[0m[INFO] [1784399023.508513199]: [path horizon] shorten high-curvature local path: horizon=6.13422m pts=7 turn=3.06454 max_local_turn=1.0301[0m
[0m[INFO] [1784399023.508531320]: [path condition] raw_pts=40 conditioned_pts=17 dense_pts=7 len=6.13422 known_free=6.13422 min_clearance=0.705429 turn=3.06454 max_local_turn=1.0301 initial_heading=1.88527 backup_feasible=1 sched_v=2 reason=curvature[0m
[0m[INFO] [1784399023.525169735]: [highspeed_exp adapter] backup not required for verified known-free terminal-stop primary. duration=4.04736 known_len=6.63182[0m
[0m[INFO] [1784399023.525236319]: [highspeed_exp adapter] planned General MINCO exploration traj: pieces=3, duration=4.04736, max_v=2.67, max_a=3.30359, sfc(raw/simplified/final)=3/2/2, corridor=general, prefix=yes, prefix_dur=0.433801, switch_delay=0.45, head_path_dist=0.745317, shifted_start=0, sched_v=2, opt_v=2, opt_bound=2.66947, suffix_max_v=2.67, suffix_max_a=3.30359, terminal_v=0, backup=no, backup_start=inf, backup_known_len=6.63182, sched_reason=curvature[0m
[0m[INFO] [1784399023.525261231]: [31m call planner [0m: 17.594[0m
[32m[plan success: new traj pub][0m: from PLAN_TRAJ to EXEC_TRAJ
[0m[INFO] [1784399022.096367551]: Publish local map size: 9644[0m
[0m[INFO] [1784399023.096374455]: Publish local map size: 9857[0m
 -- [MARSIM] Running FPS: 216.259
 -- [TIMER] updateMap time consuming [32m 4.706980 ms[0m
 -- [TIMER] updateMap time consuming [32m 5.232316 ms[0m
 -- [TIMER] updateMap time consuming [32m 7.436771 ms[0m
[0m[INFO] [1784399023.714936891]: [global update] actual callback interval=503.609ms configured=200ms[0m


[1;33m------------- <85> Plan Global Path start---------------[0m
[0m[INFO] [1784399023.934070722]: update topo skeleton cost: 47.935265ms, update odom vertex cost:171.143482ms [0m
[0m[INFO] [1784399023.943375264]: [view score] cluster=265 best_score=-4.39432 visible_gain=4 speed=1.18476 corridor_cruise=0 hard_gate=0 rejected=0 top_k=2 known_free=1.2 clearance=1.83566 turn=1.64091 selected_yaw=2.74889 current_yaw=-2.83399 yaw_delta=0.700303 heading_known_free=10.8 vp=(-16.7788, 16.2052, 2.05)[0m
[0m[INFO] [1784399023.945462670]: vp cluster cost: 1.709650ms  ,remove unreachable cost: 6.928615ms, select vp cost: 2.544408ms[0m
insert viewpoint to graph time: 25.2685 ms
[33m[WARN] [1784399023.974599149]: [candidate gate] all reachable frontiers require reversal; keep current command and brake before reorientation. speed=1.18476 rejected=12[0m
[0m[INFO] [1784399023.971424447]: [edge cost] len=29.3977 total=26.49 time=14.8988 turn_pen=11.5632 known_pen=0 backup_pen=0 yaw_pen=0.0280121 known_free=22.9937 min_clearance=0.489439 vel_limit=2 reason=curvature backup_feasible=1[0m
[1;33m-------------Plan Global Path end-----------------[0m

total time cost: 259.725ms
[31m[planGlobalPath: brake before goal reversal][0m: from EXEC_TRAJ to REORIENT
viz&&print cost:0.028582ms
[33m[WARN] [1784399023.974862538]: [controlled stop] committed braking trajectory: id=37 speed=1.73386 prefix=0.08 duration=0.73 distance=0.741177 terminal_v=5.70174e-15 terminal_a=2.8491e-14[0m
[33m[WARN] [1784399023.974881369]: [controlled stop] published braking trajectory id=37 duration=0.73[0m
[33m[WARN] [1784399023.974892830]: [reorient] request controlled stop: speed=1.20224 elapsed=3.5253e-05 backup_braking=0 odom_age=1.9122e-05[0m
[33m[WARN] [1784399023.974902211]: [reorient] braking before goal reversal: speed=1.20224 elapsed=3.5253e-05 backup_braking=0 odom_age=1.9122e-05 odom_fresh=1[0m
 -- [TIMER] updateMap time consuming [32m 6.490664 ms[0m
 -- [TIMER] updateMap time consuming [32m 8.983138 ms[0m
[0m[INFO] [1784399024.096350434]: [cloud input] mode=approximate_sync points=10059 age=0.0048393s stamp_valid=1[0m
 -- [TIMER] updateMap time consuming [32m 5.572500 ms[0m
[0m[INFO] [1784399024.110715458]: cloud odom callback cost: map update:11.8639ms  update frontier clusters: 2.45054ms  total: 14.3144ms
[0m


[1;33m------------- <86> Plan Global Path start---------------[0m
[0m[INFO] [1784399024.377550922]: update topo skeleton cost: 42.342580ms, update odom vertex cost:160.408174ms [0m
[0m[INFO] [1784399024.390927167]: vp cluster cost: 1.529697ms  ,remove unreachable cost: 8.590480ms, select vp cost: 3.034212ms[0m
insert viewpoint to graph time: 22.7955 ms
[1;33m-------------Plan Global Path end-----------------[0m

total time cost: 244.413ms
viz&&print cost:0.062035ms
[33m[WARN] [1784399024.479414963]: [reorient] braking before goal reversal: speed=0.496234 elapsed=0.504673 backup_braking=1 odom_age=0.00785911 odom_fresh=1[0m
 -- [TIMER] updateMap time consuming [32m 9.496674 ms[0m
[32m[REORIENT: vehicle stopped][0m: from REORIENT to PLAN_TRAJ
 -- [TIMER] updateMap time consuming [32m 7.926424 ms[0m
[0m[INFO] [1784399024.516034793]: [path horizon] shorten high-curvature local path: horizon=10.3716m pts=12 turn=5.36128 max_local_turn=1.10227[0m
[0m[INFO] [1784399024.516069115]: [path condition] raw_pts=29 conditioned_pts=13 dense_pts=12 len=10.3716 known_free=10.3716 min_clearance=0.729196 turn=5.36128 max_local_turn=1.10227 initial_heading=1.71557 backup_feasible=1 sched_v=2 reason=curvature[0m
[0m[INFO] [1784399024.535845187]: [highspeed_exp adapter] backup not required for verified known-free terminal-stop primary. duration=9.34857 known_len=9.33126[0m
[0m[INFO] [1784399024.535922813]: [highspeed_exp adapter] planned General MINCO exploration traj: pieces=2, duration=9.34857, max_v=2.10489, max_a=0.831097, sfc(raw/simplified/final)=4/2/2, corridor=general, prefix=no, prefix_dur=0, switch_delay=0, head_path_dist=inf, shifted_start=0, sched_v=2, opt_v=2, opt_bound=2.10224, suffix_max_v=2.10489, suffix_max_a=0.831097, terminal_v=0, backup=no, backup_start=inf, backup_known_len=9.33126, sched_reason=curvature[0m
[0m[INFO] [1784399024.535946454]: [31m call planner [0m: 20.887[0m
[32m[plan success: new traj pub][0m: from PLAN_TRAJ to EXEC_TRAJ
 -- [TIMER] updateMap time consuming [32m 5.829287 ms[0m
 -- [TIMER] updateMap time consuming [32m 6.588811 ms[0m
 -- [TIMER] updateMap time consuming [32m 5.634114 ms[0m
 -- [TIMER] updateMap time consuming [32m 5.780123 ms[0m
[0m[INFO] [1784399025.039526385]: [global update] actual callback interval=420.196ms configured=200ms[0m


[1;33m------------- <88> Plan Global Path start---------------[0m
[0m[INFO] [1784399025.279375947]: update topo skeleton cost: 59.464201ms, update odom vertex cost:180.326957ms [0m
[0m[INFO] [1784399025.279406599]: [highspeed_exp adapter] safety map ready=1 rog_ready=1 cloud_size=9922[0m
[0m[INFO] [1784399025.289815016]: [view score] cluster=481 best_score=-2.0665 visible_gain=4 speed=0.0274041 corridor_cruise=0 hard_gate=0 rejected=0 top_k=2 known_free=1.6 clearance=1.02604 turn=0 selected_yaw=0.392699 current_yaw=-2.93978 yaw_delta=2.95071 heading_known_free=9.2 vp=(-16.9553, 2.27918, 1.3)[0m
[0m[INFO] [1784399025.293380805]: vp cluster cost: 1.699489ms  ,remove unreachable cost: 8.087015ms, select vp cost: 4.022041ms[0m
insert viewpoint to graph time: 11.6498 ms
[0m[INFO] [1784399025.306272215]: [edge cost] len=23.8942 total=20.5606 time=12.1471 turn_pen=8.29548 known_pen=0 backup_pen=0 yaw_pen=0.118028 known_free=23.8942 min_clearance=0.596988 vel_limit=2 reason=curvature backup_feasible=1[0m
[0m[INFO] [1784399025.341104986]: [goal lock] keep goal idx=0 candidate_idx=8 locked_cost=33.0256 candidate_cost=28.9487 since=9.5071 high_speed=0[0m
[0m[INFO] [1784399025.341129828]: [candidate cost] chosen_cluster=481 chosen_coverage=0 raw_best_cluster=705 raw_best_coverage=0 | #0 c=705/cp=0 J=28.9487 T=13.7455 TB=7.88228 R=12 G=0.540372 W=0.385535 D=0 C=2.37999 | #1 c=480/cp=0 J=29.1233 T=14.0126 TB=8.29548 R=10.5585 G=0.411765 W=1 D=0 C=3.33159 | #2 c=482/cp=0 J=30.9778 T=15.4396 TB=8.29548 R=8.46283 G=0.117647 W=1 D=0 C=4.32338[0m
calculate tsp cost matrix cost 36.0729ms

tour solver cost: 2.38787ms
[1;33m-------------Plan Global Path end-----------------[0m

total time cost: 305.278ms
[32m[planGlobalPath: succeed][0m: from EXEC_TRAJ to PLAN_TRAJ
viz&&print cost:0.013961ms
[33m[WARN] [1784399025.355991815]: [highspeed_exp adapter] General corridor does not contain optimization tail.[0m
[0m[INFO] [1784399025.345691926]: [path horizon] shorten high-curvature local path: horizon=6.58795m pts=9 turn=5.5051 max_local_turn=1.10715[0m
[0m[INFO] [1784399025.345706607]: [path condition] raw_pts=42 conditioned_pts=14 dense_pts=9 len=6.58795 known_free=6.58795 min_clearance=0.596988 turn=5.5051 max_local_turn=1.10715 initial_heading=0.194567 backup_feasible=1 sched_v=2 reason=curvature[0m
[0m[INFO] [1784399025.356034218]: [31m call planner [0m: 11.167[0m
[31m[PLAN_TRAJ: plan failed, keep safe terminal-stop trajectory][0m: from PLAN_TRAJ to EXEC_TRAJ
[0m[INFO] [1784399025.356201480]: [cloud input] mode=approximate_sync points=9843 age=0.0647082s stamp_valid=1[0m
 -- [TIMER] updateMap time consuming [32m 5.441900 ms[0m
[0m[INFO] [1784399025.370475336]: cloud odom callback cost: map update:11.5762ms  update frontier clusters: 2.67207ms  total: 14.2482ms
[0m
[0m[INFO] [1784399025.376562521]: [coverage guidance] plan valid=1 map_v=29 frontier_v=29 zones(f/u)=178/261 observed=11678/35519 coverage=0.3288 voxels(f/o/u)=5699/5284/695 active=11 reachable_unknown=148 route_nodes=160 preferred=14 cost=6.0ms[0m
 -- [TIMER] updateMap time consuming [32m 5.250467 ms[0m
 -- [TIMER] updateMap time consuming [32m 5.292820 ms[0m


[1;33m------------- <89> Plan Global Path start---------------[0m
[0m[INFO] [1784399025.749359104]: update topo skeleton cost: 52.300731ms, update odom vertex cost:152.117319ms [0m
[0m[INFO] [1784399025.749402037]: [frontier debt] passed cluster=708 count=1 debt=1 closest=8.37785[0m
[0m[INFO] [1784399025.764190379]: vp cluster cost: 1.810776ms  ,remove unreachable cost: 8.355013ms, select vp cost: 4.531747ms[0m
insert viewpoint to graph time: 13.9577 ms
[0m[INFO] [1784399025.806978446]: [edge cost] len=32.1766 total=21.1351 time=16.2883 turn_pen=4.84677 known_pen=0 backup_pen=0 yaw_pen=0 known_free=27.8749 min_clearance=0.170238 vel_limit=2 reason=curvature backup_feasible=1[0m
calculate tsp cost matrix cost 29.8435ms

tour solver cost: 0.898513ms
[1;33m-------------Plan Global Path end-----------------[0m

total time cost: 267.301ms
[32m[planGlobalPath: succeed][0m: from EXEC_TRAJ to PLAN_TRAJ
viz&&print cost:0.017621ms
[0m[INFO] [1784399025.813078182]: [path condition] raw_pts=54 conditioned_pts=23 dense_pts=5 len=4.20891 known_free=4.20891 min_clearance=0.608921 turn=1.70331 max_local_turn=1.10715 initial_heading=0.366466 backup_feasible=1 sched_v=2 reason=curvature[0m
[0m[INFO] [1784399025.821177717]: [highspeed_exp adapter] backup not required for verified known-free terminal-stop primary. duration=3.07965 known_len=3.17152[0m
[0m[INFO] [1784399025.821229191]: [highspeed_exp adapter] planned General MINCO exploration traj: pieces=3, duration=3.07965, max_v=2.00101, max_a=2.38057, sfc(raw/simplified/final)=3/2/2, corridor=general, prefix=yes, prefix_dur=0.44218, switch_delay=0.45, head_path_dist=0.172451, shifted_start=0, sched_v=2, opt_v=2, opt_bound=2, suffix_max_v=2.00101, suffix_max_a=2.38057, terminal_v=0, backup=no, backup_start=inf, backup_known_len=3.17152, sched_reason=curvature[0m
[0m[INFO] [1784399025.821251982]: [31m call planner [0m: 9.005[0m
[32m[plan success: new traj pub][0m: from PLAN_TRAJ to EXEC_TRAJ
[0m[INFO] [1784399024.196843349]: Publish local map size: 9680[0m
[0m[INFO] [1784399025.296562357]: Publish local map size: 9843[0m
 -- [MARSIM] Running FPS: 218.451
 -- [TIMER] updateMap time consuming [32m 6.107877 ms[0m
 -- [TIMER] updateMap time consuming [32m 6.130038 ms[0m
 -- [TIMER] updateMap time consuming [32m 5.942705 ms[0m


[1;33m------------- <90> Plan Global Path start---------------[0m
[0m[INFO] [1784399026.216510791]: update topo skeleton cost: 29.815109ms, update odom vertex cost:174.403456ms [0m
[0m[INFO] [1784399026.230909214]: [view score] cluster=265 best_score=1.19591 visible_gain=4 speed=0.450001 corridor_cruise=0 hard_gate=0 rejected=0 top_k=2 known_free=1.4 clearance=1.83566 turn=0 selected_yaw=2.52179 current_yaw=2.52179 yaw_delta=0 heading_known_free=11 vp=(-16.7788, 16.2052, 2.05)[0m
[0m[INFO] [1784399026.233722761]: vp cluster cost: 2.439210ms  ,remove unreachable cost: 11.341960ms, select vp cost: 3.176292ms[0m
insert viewpoint to graph time: 27.2446 ms
[0m[INFO] [1784399026.286148435]: [goal lock] keep goal idx=0 candidate_idx=3 locked_cost=31.9221 candidate_cost=30.4178 since=10.4521 high_speed=0[0m
[0m[INFO] [1784399026.286180387]: [candidate cost] chosen_cluster=481 chosen_coverage=0 raw_best_cluster=712 raw_best_coverage=0 | #0 c=712/cp=0 J=30.4178 T=13.9734 TB=6.56826 R=12 G=0.324184 W=0.256612 D=0.333333 C=5.14276 | #1 c=481/cp=0 J=31.9221 T=13.589 TB=10.2461 R=12 G=0.117647 W=0.577762 D=0 C=2.58897 | #2 c=482/cp=0 J=32.3213 T=15.999 TB=10.2866 R=8.35886 G=0.117647 W=1 D=0 C=3.17371[0m
calculate tsp cost matrix cost 25.1843ms

tour solver cost: 2.22546ms
[1;33m-------------Plan Global Path end-----------------[0m

total time cost: 279.476ms
[32m[planGlobalPath: succeed][0m: from EXEC_TRAJ to PLAN_TRAJ
[0m[INFO] [1784399026.291754545]: [frontier storage] labels=5108/3739 normals=320/823 clusters=29 terminal=0 cluster_cells(cap)=263 candidates(cap)=56 derived_viewpoints(cap)=0 estimated_kb=95.2891 revision=171 audit_ready=0[0m
viz&&print cost:0.047913ms
[0m[INFO] [1784399026.292626896]: [path horizon] shorten high-curvature local path: horizon=4.12617m pts=5 turn=2.05724 max_local_turn=1.10715[0m
[0m[INFO] [1784399026.292638727]: [path condition] raw_pts=54 conditioned_pts=23 dense_pts=5 len=4.12617 known_free=4.12617 min_clearance=0.610324 turn=2.05724 max_local_turn=1.10715 initial_heading=1.05978 backup_feasible=1 sched_v=2 reason=curvature[0m
[0m[INFO] [1784399026.298734062]: [highspeed_exp adapter] planned General MINCO exploration traj: pieces=3, duration=2.58854, max_v=2.00093, max_a=2.41866, sfc(raw/simplified/final)=2/2/2, corridor=general, prefix=yes, prefix_dur=0.444168, switch_delay=0.45, head_path_dist=0.410871, shifted_start=0, sched_v=2, opt_v=2, opt_bound=2, suffix_max_v=2.00093, suffix_max_a=2.41866, terminal_v=0, backup=no, backup_start=inf, backup_known_len=2.9456, sched_reason=known_free[0m
[0m[INFO] [1784399026.298757943]: [31m call planner [0m: 6.968[0m
[32m[plan success: new traj pub][0m: from PLAN_TRAJ to EXEC_TRAJ
 -- [TIMER] updateMap time consuming [32m 5.918793 ms[0m
[0m[INFO] [1784399026.396441242]: [cloud input] mode=approximate_sync points=9939 age=0.00492892s stamp_valid=1[0m
 -- [TIMER] updateMap time consuming [32m 5.856818 ms[0m
[0m[INFO] [1784399026.412074332]: cloud odom callback cost: map update:12.4688ms  update frontier clusters: 3.12258ms  total: 15.5914ms
[0m
[0m[INFO] [1784399026.491846682]: [global update] actual callback interval=479.582ms configured=200ms[0m


[1;33m------------- <91> Plan Global Path start---------------[0m
[0m[INFO] [1784399026.658414652]: update topo skeleton cost: 37.546697ms, update odom vertex cost:128.968649ms [0m
[0m[INFO] [1784399026.675147058]: vp cluster cost: 1.867960ms  ,remove unreachable cost: 12.879278ms, select vp cost: 1.884271ms[0m
insert viewpoint to graph time: 26.8487 ms
[0m[INFO] [1784399026.702697949]: [edge cost] len=19.0795 total=4.98317 time=4.31776 turn_pen=0.578587 known_pen=0 backup_pen=0 yaw_pen=0.0868218 known_free=19.0795 min_clearance=0.565419 vel_limit=4.99721 reason=curvature backup_feasible=1[0m
calculate tsp cost matrix cost 6.57368ms

tour solver cost: 0.483433ms
[1;33m-------------Plan Global Path end-----------------[0m

total time cost: 218.498ms
[32m[planGlobalPath: succeed][0m: from EXEC_TRAJ to PLAN_TRAJ
viz&&print cost:0.015151ms
[0m[INFO] [1784399026.710952574]: [path condition] raw_pts=22 conditioned_pts=5 dense_pts=11 len=18.9832 known_free=18.9832 min_clearance=0.564083 turn=2.18404 max_local_turn=1.48676 initial_heading=0.350652 backup_feasible=1 sched_v=2 reason=curvature[0m
[0m[INFO] [1784399026.747855116]: [highspeed_exp adapter] backup not required for verified known-free terminal-stop primary. duration=9.65533 known_len=17.7499[0m
[0m[INFO] [1784399026.747970874]: [highspeed_exp adapter] planned General MINCO exploration traj: pieces=4, duration=9.65533, max_v=3.03469, max_a=1.68383, sfc(raw/simplified/final)=4/3/3, corridor=general, prefix=yes, prefix_dur=0.414349, switch_delay=0.45, head_path_dist=0.352507, shifted_start=0, sched_v=2, opt_v=2, opt_bound=5, suffix_max_v=3.03469, suffix_max_a=1.63011, terminal_v=0, backup=no, backup_start=inf, backup_known_len=17.7499, sched_reason=curvature[0m
[0m[INFO] [1784399026.748006107]: [31m call planner [0m: 37.576[0m
[32m[plan success: new traj pub][0m: from PLAN_TRAJ to EXEC_TRAJ
 -- [TIMER] updateMap time consuming [32m 9.342712 ms[0m
 -- [TIMER] updateMap time consuming [32m 5.770102 ms[0m
 -- [TIMER] updateMap time consuming [32m 6.242865 ms[0m


[1;33m------------- <92> Plan Global Path start---------------[0m
[0m[INFO] [1784399027.102298721]: update topo skeleton cost: 49.989144ms, update odom vertex cost:140.366433ms [0m
[0m[INFO] [1784399027.117810611]: [view score] cluster=265 best_score=-0.261547 visible_gain=4 speed=1.42537 corridor_cruise=0 hard_gate=0 rejected=0 top_k=2 known_free=1 clearance=1.83566 turn=0.798677 selected_yaw=2.64099 current_yaw=2.64099 yaw_delta=0 heading_known_free=2.6 vp=(-16.7788, 16.2052, 2.05)[0m
[0m[INFO] [1784399027.119871264]: vp cluster cost: 1.955126ms  ,remove unreachable cost: 13.207579ms, select vp cost: 2.329142ms[0m
insert viewpoint to graph time: 17.8365 ms
[0m[INFO] [1784399027.143615727]: [goal lock] keep goal idx=0 candidate_idx=2 locked_cost=13.2314 candidate_cost=12.8858 since=11.3096 high_speed=0[0m
[0m[INFO] [1784399027.143647999]: [candidate cost] chosen_cluster=481 chosen_coverage=0 raw_best_cluster=265 raw_best_coverage=0 | #0 c=265/cp=0 J=12.8858 T=7.06881 TB=0.667239 R=2.97976 G=0.117647 W=1 D=0 C=5.24618 | #1 c=481/cp=0 J=13.2314 T=4.06036 TB=0.667224 R=0 G=0.106214 W=0.626993 D=0 C=9.65671 | #2 c=482/cp=0 J=14.8674 T=6.03606 TB=0.702956 R=6.10638 G=0.117647 W=1 D=0 C=6.50519[0m
calculate tsp cost matrix cost 5.91496ms

tour solver cost: 0.316842ms
[1;33m-------------Plan Global Path end-----------------[0m

total time cost: 234.272ms
[32m[planGlobalPath: succeed][0m: from EXEC_TRAJ to PLAN_TRAJ
viz&&print cost:0.019061ms
[0m[INFO] [1784399027.146415872]: [corridor cruise path] straighten direct known-free path: len=13.3504 align=0.881541 known_free=13.3504 pts=4[0m
[0m[INFO] [1784399027.146701792]: [path condition] raw_pts=15 conditioned_pts=4 dense_pts=7 len=13.3504 known_free=13.3504 min_clearance=0.565302 turn=1.1097e-06 max_local_turn=3.53569e-07 initial_heading=0.491681 backup_feasible=1 sched_v=4 reason=known_free[0m
[0m[INFO] [1784399027.168541382]: [highspeed_exp adapter] planned General MINCO exploration traj: pieces=3, duration=7.32526, max_v=2.60431, max_a=1.62156, sfc(raw/simplified/final)=3/2/2, corridor=general, prefix=yes, prefix_dur=0.429281, switch_delay=0.45, head_path_dist=0.638785, shifted_start=0, sched_v=2.60364, opt_v=2.60364, opt_bound=4, suffix_max_v=2.60431, suffix_max_a=1.62156, terminal_v=0, backup=no, backup_start=inf, backup_known_len=14.0667, sched_reason=curvature[0m
[0m[INFO] [1784399027.168576254]: [31m call planner [0m: 22.341[0m
[32m[plan success: new traj pub][0m: from PLAN_TRAJ to EXEC_TRAJ
 -- [TIMER] updateMap time consuming [32m 8.873368 ms[0m
 -- [TIMER] updateMap time consuming [32m 6.240144 ms[0m
 -- [TIMER] updateMap time consuming [32m 7.551916 ms[0m


[1;33m------------- <93> Plan Global Path start---------------[0m
[0m[INFO] [1784399027.547853451]: update topo skeleton cost: 55.715228ms, update odom vertex cost:145.834290ms [0m
[0m[INFO] [1784399027.547894254]: [highspeed_exp adapter] safety map ready=1 rog_ready=1 cloud_size=10045[0m
[0m[INFO] [1784399027.570140182]: vp cluster cost: 1.852619ms  ,remove unreachable cost: 14.321067ms, select vp cost: 5.908921ms[0m
insert viewpoint to graph time: 19.3792 ms
[0m[INFO] [1784399027.590027677]: [edge cost] len=12.9863 total=4.44987 time=3.64658 turn_pen=0.803296 known_pen=0 backup_pen=0 yaw_pen=0 known_free=12.9863 min_clearance=0.899772 vel_limit=4 reason=known_free backup_feasible=1[0m
calculate tsp cost matrix cost 4.84857ms

tour solver cost: 0.873781ms
[1;33m-------------Plan Global Path end-----------------[0m

total time cost: 251.259ms
[32m[planGlobalPath: succeed][0m: from EXEC_TRAJ to PLAN_TRAJ
viz&&print cost:0.017791ms
[0m[INFO] [1784399027.597741003]: [corridor cruise path] straighten direct known-free path: len=12.6915 align=0.851046 known_free=12.6915 pts=4[0m
[0m[INFO] [1784399027.597987470]: [path condition] raw_pts=13 conditioned_pts=4 dense_pts=7 len=12.6915 known_free=12.6915 min_clearance=0.781682 turn=1.50424e-06 max_local_turn=5.86659e-07 initial_heading=0.552822 backup_feasible=1 sched_v=4 reason=known_free[0m
[0m[INFO] [1784399027.619752785]: [highspeed_exp adapter] backup not required for verified known-free terminal-stop primary. duration=5.55694 known_len=14.2012[0m
[0m[INFO] [1784399027.619834381]: [highspeed_exp adapter] planned General MINCO exploration traj: pieces=4, duration=5.55694, max_v=4.00167, max_a=4.92168, sfc(raw/simplified/final)=3/3/3, corridor=general, prefix=yes, prefix_dur=0.429025, switch_delay=0.45, head_path_dist=0.664282, shifted_start=0, sched_v=3.09994, opt_v=3.09994, opt_bound=4, suffix_max_v=4.00167, suffix_max_a=4.92168, terminal_v=0, backup=no, backup_start=inf, backup_known_len=14.2012, sched_reason=curvature[0m
[0m[INFO] [1784399027.619854842]: [31m call planner [0m: 22.287[0m
[32m[plan success: new traj pub][0m: from PLAN_TRAJ to EXEC_TRAJ
[0m[INFO] [1784399027.619968470]: [cloud input] mode=approximate_sync points=9245 age=0.0284768s stamp_valid=1[0m
 -- [TIMER] updateMap time consuming [32m 10.224272 ms[0m
[0m[INFO] [1784399027.640348539]: cloud odom callback cost: map update:17.448ms  update frontier clusters: 2.90814ms  total: 20.3561ms
[0m
[0m[INFO] [1784399027.646253950]: [coverage guidance] plan valid=1 map_v=31 frontier_v=31 zones(f/u)=181/258 observed=11774/35519 coverage=0.3315 voxels(f/o/u)=5771/5296/707 active=12 reachable_unknown=147 route_nodes=160 preferred=16 cost=5.9ms[0m
 -- [TIMER] updateMap time consuming [32m 6.687996 ms[0m
 -- [TIMER] updateMap time consuming [32m 6.887409 ms[0m
[0m[INFO] [1784399027.812829193]: [global update] actual callback interval=466.535ms configured=200ms[0m


[1;33m------------- <94> Plan Global Path start---------------[0m
[0m[INFO] [1784399028.010912038]: update topo skeleton cost: 49.629624ms, update odom vertex cost:148.397907ms [0m
[0m[INFO] [1784399028.028313458]: [view score] cluster=698 best_score=-4.32846 visible_gain=5 speed=2.08936 corridor_cruise=0 hard_gate=0 rejected=0 top_k=2 known_free=0.8 clearance=1.03174 turn=1.92813 selected_yaw=2.38023 current_yaw=2.38023 yaw_delta=0 heading_known_free=5 vp=(-2.09789, -4.58197, 1)[0m
[0m[INFO] [1784399028.029390112]: vp cluster cost: 1.825177ms  ,remove unreachable cost: 15.100349ms, select vp cost: 1.428800ms[0m
insert viewpoint to graph time: 15.2737 ms
[0m[INFO] [1784399028.047986075]: [candidate cost] chosen_cluster=481 chosen_coverage=0 raw_best_cluster=481 raw_best_coverage=0 | #0 c=481/cp=0 J=4.16766 T=3.68932 TB=0.734155 R=0 G=0.0974389 W=0.677522 D=0 C=0.955347 | #1 c=265/cp=0 J=18.7661 T=6.79297 TB=0.717502 R=7.635 G=0.117647 W=1 D=0 C=8.79163[0m
calculate tsp cost matrix cost 3.3094ms

tour solver cost: 0.29412ms
[1;33m-------------Plan Global Path end-----------------[0m

total time cost: 236.648ms
[32m[planGlobalPath: succeed][0m: from EXEC_TRAJ to PLAN_TRAJ
viz&&print cost:0.021292ms
[0m[INFO] [1784399028.049741207]: [corridor cruise path] straighten direct known-free path: len=12.826 align=0.887588 known_free=12.826 pts=4[0m
[0m[INFO] [1784399028.049995264]: [path condition] raw_pts=13 conditioned_pts=4 dense_pts=7 len=12.826 known_free=12.826 min_clearance=0.729584 turn=9.03726e-07 max_local_turn=4.81702e-07 initial_heading=0.478714 backup_feasible=1 sched_v=4 reason=known_free[0m
[0m[INFO] [1784399028.067900799]: [highspeed_exp adapter] planned General MINCO exploration traj: pieces=3, duration=5.55214, max_v=4.00052, max_a=4.92462, sfc(raw/simplified/final)=3/2/2, corridor=general, prefix=yes, prefix_dur=0.432945, switch_delay=0.45, head_path_dist=0.310999, shifted_start=0, sched_v=4, opt_v=4, opt_bound=4, suffix_max_v=4.00052, suffix_max_a=4.92462, terminal_v=0, backup=no, backup_start=inf, backup_known_len=14.8712, sched_reason=curvature[0m
[0m[INFO] [1784399028.067931281]: [31m call planner [0m: 18.384[0m
[32m[plan success: new traj pub][0m: from PLAN_TRAJ to EXEC_TRAJ
[0m[INFO] [1784399026.296812408]: Publish local map size: 9540[0m
[0m[INFO] [1784399027.396306634]: Publish local map size: 9963[0m
 -- [MARSIM] Running FPS: 226.752
 -- [TIMER] updateMap time consuming [32m 7.774050 ms[0m
 -- [TIMER] updateMap time consuming [32m 6.823664 ms[0m
 -- [TIMER] updateMap time consuming [32m 6.642412 ms[0m


[1;33m------------- <95> Plan Global Path start---------------[0m
[0m[INFO] [1784399028.429885665]: update topo skeleton cost: 33.331196ms, update odom vertex cost:146.939392ms [0m
[0m[INFO] [1784399028.448280673]: vp cluster cost: 2.184132ms  ,remove unreachable cost: 14.144453ms, select vp cost: 1.809765ms[0m
insert viewpoint to graph time: 14.6928 ms
[0m[INFO] [1784399028.464511482]: [edge cost] len=37.7253 total=39.872 time=19.0626 turn_pen=20.8094 known_pen=0 backup_pen=0 yaw_pen=0 known_free=37.7253 min_clearance=0.566039 vel_limit=2 reason=curvature backup_feasible=1[0m
[0m[INFO] [1784399028.465932871]: [frontier lifecycle] selected cluster=265 selected_count=1 match_distance=0[0m
[0m[INFO] [1784399028.465950832]: [candidate cost] chosen_cluster=265 coverage_id=0 total=13.7566 travel=6.36477 turn_brake=0.335473 future_return=0 gain=0.117647 wait=1 debt=0 coverage=8.79163 failed_goal=0[0m
[1;33m-------------Plan Global Path end-----------------[0m

total time cost: 216.897ms
[32m[planGlobalPath: succeed][0m: from EXEC_TRAJ to PLAN_TRAJ
viz&&print cost:0.024381ms
[0m[INFO] [1784399028.467302925]: [path condition] raw_pts=26 conditioned_pts=7 dense_pts=15 len=26 known_free=26 min_clearance=0.753048 turn=1.49828 max_local_turn=0.917038 initial_heading=0.189257 backup_feasible=1 sched_v=2 reason=curvature[0m
[0m[INFO] [1784399028.531245079]: [highspeed_exp adapter] backup not required for verified known-free terminal-stop primary. duration=13.7516 known_len=27.8362[0m
[0m[INFO] [1784399028.531348927]: [highspeed_exp adapter] planned General MINCO exploration traj: pieces=4, duration=13.7516, max_v=3.78959, max_a=4.92462, sfc(raw/simplified/final)=5/3/3, corridor=general, prefix=yes, prefix_dur=0.387829, switch_delay=0.45, head_path_dist=0.782988, shifted_start=0, sched_v=2, opt_v=2, opt_bound=5, suffix_max_v=3.78959, suffix_max_a=2.83078, terminal_v=0, backup=no, backup_start=inf, backup_known_len=27.8362, sched_reason=curvature[0m
[0m[INFO] [1784399028.531374178]: [31m call planner [0m: 64.837[0m
[32m[plan success: new traj pub][0m: from PLAN_TRAJ to EXEC_TRAJ
 -- [TIMER] updateMap time consuming [32m 7.667592 ms[0m
 -- [TIMER] updateMap time consuming [32m 6.935612 ms[0m


[1;33m------------- <96> Plan Global Path start---------------[0m
[0m[INFO] [1784399028.913489344]: update topo skeleton cost: 30.354429ms, update odom vertex cost:216.535498ms [0m
[0m[INFO] [1784399028.931616844]: [view score] cluster=712 best_score=-1.98708 visible_gain=4 speed=2.61288 corridor_cruise=0 hard_gate=0 rejected=0 top_k=2 known_free=1.6 clearance=1.20841 turn=0.986911 selected_yaw=1.1781 current_yaw=1.46357 yaw_delta=0.285476 heading_known_free=13.4 vp=(1.34432, -2.48684, 1.45)[0m
[0m[INFO] [1784399028.932591171]: vp cluster cost: 1.939525ms  ,remove unreachable cost: 15.302733ms, select vp cost: 1.634364ms[0m
insert viewpoint to graph time: 13.4309 ms
[1;33m-------------Plan Global Path end-----------------[0m

total time cost: 283.926ms
[32m[planGlobalPath: succeed][0m: from EXEC_TRAJ to PLAN_TRAJ
viz&&print cost:0.057594ms
[33m[WARN] [1784399028.951959507]: [highspeed_exp adapter] reject frontend path: failed to align optimization head. head_path_dist=1.88908 max_allowed=1.125 switch_delay=0.45 speed=2.61288[0m
[0m[INFO] [1784399028.951884622]: [path condition] raw_pts=25 conditioned_pts=7 dense_pts=15 len=26 known_free=26 min_clearance=0.873881 turn=1.57199 max_local_turn=0.917038 initial_heading=0.623395 backup_feasible=1 sched_v=2.54607 reason=curvature[0m
[0m[INFO] [1784399028.952003920]: [31m call planner [0m: 1.396[0m
[31m[PLAN_TRAJ: plan failed, keep safe terminal-stop trajectory][0m: from PLAN_TRAJ to EXEC_TRAJ
[0m[INFO] [1784399028.952329113]: [cloud input] mode=approximate_sync points=9443 age=0.0608282s stamp_valid=1[0m
 -- [TIMER] updateMap time consuming [32m 10.806701 ms[0m
[0m[INFO] [1784399028.973413158]: cloud odom callback cost: map update:17.8928ms  update frontier clusters: 3.15481ms  total: 21.0476ms
[0m
 -- [TIMER] updateMap time consuming [32m 7.190749 ms[0m
 -- [TIMER] updateMap time consuming [32m 11.019384 ms[0m
[0m[INFO] [1784399029.150669792]: [global update] actual callback interval=484.055ms configured=200ms[0m


[1;33m------------- <97> Plan Global Path start---------------[0m
[0m[INFO] [1784399029.327160059]: update topo skeleton cost: 28.318545ms, update odom vertex cost:148.079486ms [0m
[0m[INFO] [1784399029.353397970]: vp cluster cost: 2.603601ms  ,remove unreachable cost: 15.920915ms, select vp cost: 7.576766ms[0m
insert viewpoint to graph time: 13.9396 ms
[0m[INFO] [1784399029.368016084]: [edge cost] len=20.2497 total=12.5552 time=10.3248 turn_pen=2.13888 known_pen=0 backup_pen=0 yaw_pen=0.0914541 known_free=20.2497 min_clearance=1.13133 vel_limit=2 reason=curvature backup_feasible=1[0m
[0m[INFO] [1784399029.390513945]: [goal lock] keep goal idx=2 candidate_idx=8 locked_cost=23.8131 candidate_cost=16.5904 since=0.924546 high_speed=1[0m
[0m[INFO] [1784399029.390553098]: [candidate cost] chosen_cluster=265 chosen_coverage=0 raw_best_cluster=737 raw_best_coverage=0 | #0 c=737/cp=0 J=16.5904 T=13.7965 TB=1.90996 R=2.2348 G=0.41691 W=0.429927 D=0 C=1.13353 | #1 c=740/cp=0 J=22.8684 T=10.3248 TB=2.23033 R=12 G=0.407693 W=1 D=0 C=6.02859 | #2 c=265/cp=0 J=23.8131 T=13.6753 TB=2.13888 R=7.87597 G=0.117647 W=0.0493028 D=0 C=3.97641[0m
calculate tsp cost matrix cost 23.1681ms

tour solver cost: 1.84483ms
[1;33m-------------Plan Global Path end-----------------[0m

total time cost: 242.24ms
[32m[planGlobalPath: succeed][0m: from EXEC_TRAJ to PLAN_TRAJ
viz&&print cost:0.014451ms
[33m[WARN] [1784399029.393806774]: [highspeed_exp adapter] reject frontend path: failed to align optimization head. head_path_dist=2.39807 max_allowed=1.125 switch_delay=0.45 speed=3.67884[0m
[0m[INFO] [1784399029.393771692]: [path condition] raw_pts=24 conditioned_pts=7 dense_pts=16 len=26 known_free=26 min_clearance=0.873881 turn=1.89673 max_local_turn=0.97969 initial_heading=1.29705 backup_feasible=1 sched_v=2 reason=curvature[0m
[0m[INFO] [1784399029.393827605]: [31m call planner [0m: 0.819[0m
[31m[PLAN_TRAJ: plan failed, keep safe terminal-stop trajectory][0m: from PLAN_TRAJ to EXEC_TRAJ
 -- [TIMER] updateMap time consuming [32m 11.867734 ms[0m
 -- [TIMER] updateMap time consuming [32m 12.294344 ms[0m
 -- [TIMER] updateMap time consuming [32m 8.576345 ms[0m


[1;33m------------- <98> Plan Global Path start---------------[0m
[0m[INFO] [1784399029.797352197]: update topo skeleton cost: 33.121718ms, update odom vertex cost:171.159867ms [0m
[0m[INFO] [1784399029.797383450]: [highspeed_exp adapter] safety map ready=1 rog_ready=1 cloud_size=9986[0m
[0m[INFO] [1784399029.811296995]: [view score] cluster=698 best_score=-2.76094 visible_gain=3 speed=3.74565 corridor_cruise=0 hard_gate=0 rejected=0 top_k=2 known_free=0.6 clearance=2.09359 turn=0.677534 selected_yaw=0.392699 current_yaw=1.37468 yaw_delta=0.981982 heading_known_free=1.4 vp=(-7.11127, -2.08873, 0.4)[0m
[0m[INFO] [1784399029.813222589]: vp cluster cost: 1.839118ms  ,remove unreachable cost: 11.826380ms, select vp cost: 2.117547ms[0m
insert viewpoint to graph time: 15.8969 ms
[0m[INFO] [1784399029.832052166]: [frontier lifecycle] selected cluster=737 selected_count=1 match_distance=0[0m
calculate tsp cost matrix cost 2.9093ms

tour solver cost: 0.251578ms
[1;33m-------------Plan Global Path end-----------------[0m

total time cost: 241.495ms
[32m[planGlobalPath: succeed][0m: from EXEC_TRAJ to PLAN_TRAJ
viz&&print cost:0.031612ms
[33m[WARN] [1784399029.835741051]: [highspeed_exp adapter] reject frontend path: failed to align optimization head. head_path_dist=1.63371 max_allowed=1.125 switch_delay=0.45 speed=3.74565[0m
[0m[INFO] [1784399029.835707909]: [path horizon] shorten high-curvature local path: horizon=20.2324m pts=13 turn=1.95355 max_local_turn=1.33226[0m
[0m[INFO] [1784399029.835725070]: [path condition] raw_pts=30 conditioned_pts=8 dense_pts=13 len=20.2324 known_free=20.2324 min_clearance=0.872545 turn=1.95355 max_local_turn=1.33226 initial_heading=0.92353 backup_feasible=1 sched_v=2 reason=curvature[0m
[0m[INFO] [1784399029.835753042]: [31m call planner [0m: 1.170[0m
[31m[PLAN_TRAJ: plan failed, keep safe terminal-stop trajectory][0m: from PLAN_TRAJ to EXEC_TRAJ
 -- [TIMER] updateMap time consuming [32m 26.069229 ms[0m
 -- [TIMER] updateMap time consuming [32m 12.260571 ms[0m
[0m[INFO] [1784399029.996527159]: [cloud input] mode=approximate_sync points=10097 age=0.00501487s stamp_valid=1[0m
 -- [TIMER] updateMap time consuming [32m 18.984385 ms[0m
[0m[INFO] [1784399030.027178443]: cloud odom callback cost: map update:26.9659ms  update frontier clusters: 3.63474ms  total: 30.6007ms
[0m
[0m[INFO] [1784399030.033340010]: [coverage guidance] plan valid=1 map_v=33 frontier_v=33 zones(f/u)=200/257 observed=12027/35519 coverage=0.3386 voxels(f/o/u)=5934/5349/744 active=8 reachable_unknown=151 route_nodes=160 preferred=11 cost=6.2ms[0m


[1;33m------------- <99> Plan Global Path start---------------[0m
[0m[INFO] [1784399030.320384070]: update topo skeleton cost: 65.384251ms, update odom vertex cost:220.342558ms [0m
[0m[INFO] [1784399030.335751235]: [view score] cluster=698 best_score=-4.16366 visible_gain=5 speed=3.47373 corridor_cruise=0 hard_gate=0 rejected=0 top_k=2 known_free=0 clearance=1.2606 turn=1.83178 selected_yaw=1.63553 current_yaw=1.63553 yaw_delta=0 heading_known_free=1.4 vp=(-4.90798, -6.98201, 1.6)[0m
[0m[INFO] [1784399030.341154290]: vp cluster cost: 1.599931ms  ,remove unreachable cost: 13.614353ms, select vp cost: 5.483430ms[0m
insert viewpoint to graph time: 25.9918 ms
[0m[INFO] [1784399030.367728911]: [edge cost] len=17.2571 total=9.04264 time=7.39317 turn_pen=1.57352 known_pen=0 backup_pen=0 yaw_pen=0.0759503 known_free=17.2571 min_clearance=0.589306 vel_limit=2.41294 reason=curvature backup_feasible=1[0m
[0m[INFO] [1784399030.380563250]: [frontier lifecycle] selected cluster=776 selected_count=1 match_distance=0[0m
[0m[INFO] [1784399030.380598663]: [candidate cost] chosen_cluster=776 chosen_coverage=0 raw_best_cluster=776 raw_best_coverage=0 | #0 c=776/cp=0 J=15.5377 T=7.39317 TB=1.64947 R=3.84859 G=0.433962 W=1 D=0 C=6.74627 | #1 c=771/cp=0 J=33.4666 T=18.4369 TB=6.94719 R=12 G=0.433962 W=0.484803 D=0.333333 C=3.91096 | #2 c=698/cp=0 J=41.5402 T=19.8213 TB=6.92888 R=9.77534 G=0.142857 W=0.484803 D=0 C=10.4266[0m
calculate tsp cost matrix cost 13.4204ms

tour solver cost: 0.650295ms
[1;33m-------------Plan Global Path end-----------------[0m

total time cost: 349.337ms
[32m[planGlobalPath: succeed][0m: from EXEC_TRAJ to PLAN_TRAJ
viz&&print cost:0.202734ms
[0m[INFO] [1784399028.396595082]: Publish local map size: 8764[0m
[0m[INFO] [1784399029.396618869]: Publish local map size: 10015[0m
 -- [MARSIM] Running FPS: 218.32
 -- [TIMER] updateMap time consuming [32m 21.238572 ms[0m
 -- [TIMER] updateMap time consuming [32m 14.813937 ms[0m
[0m[INFO] [1784399030.444162947]: [corridor cruise path] straighten direct known-free path: len=16.1683 align=0.984764 known_free=16.1683 pts=5[0m
[0m[INFO] [1784399030.444475589]: [path condition] raw_pts=19 conditioned_pts=5 dense_pts=9 len=16.1683 known_free=16.1683 min_clearance=0.589306 turn=1.87009e-06 max_local_turn=4.83083e-07 initial_heading=0.174785 backup_feasible=1 sched_v=4 reason=known_free[0m
[0m[INFO] [1784399030.465138201]: [highspeed_exp adapter] backup not required for verified known-free terminal-stop primary. duration=5.30793 known_len=15.2652[0m
[0m[INFO] [1784399030.465213376]: [highspeed_exp adapter] planned General MINCO exploration traj: pieces=4, duration=5.30793, max_v=4.00104, max_a=2.98579, sfc(raw/simplified/final)=3/2/2, corridor=general, prefix=yes, prefix_dur=0.43005, switch_delay=0.45, head_path_dist=0.738131, shifted_start=0, sched_v=4, opt_v=4, opt_bound=4, suffix_max_v=4.00104, suffix_max_a=2.98579, terminal_v=0, backup=no, backup_start=inf, backup_known_len=15.2652, sched_reason=known_free[0m
[0m[INFO] [1784399030.465240548]: [31m call planner [0m: 21.300[0m
[32m[plan success: new traj pub][0m: from PLAN_TRAJ to EXEC_TRAJ
 -- [TIMER] updateMap time consuming [32m 11.352956 ms[0m
[0m[INFO] [1784399030.584270275]: [global update] actual callback interval=549.603ms configured=200ms[0m


[1;33m------------- <100> Plan Global Path start---------------[0m
[0m[INFO] [1784399030.878586199]: update topo skeleton cost: 50.858294ms, update odom vertex cost:243.337461ms [0m
[0m[INFO] [1784399030.894328600]: [view score] cluster=698 best_score=-4.04545 visible_gain=5 speed=3.30191 corridor_cruise=0 hard_gate=0 rejected=0 top_k=2 known_free=0.2 clearance=1.4442 turn=1.66608 selected_yaw=0.392699 current_yaw=1.95662 yaw_delta=1.56392 heading_known_free=5.8 vp=(-7.11127, -2.08873, 0.4)[0m
[0m[INFO] [1784399030.894845666]: vp cluster cost: 1.335632ms  ,remove unreachable cost: 13.870952ms, select vp cost: 0.908023ms[0m
insert viewpoint to graph time: 5.44688 ms
[0m[INFO] [1784399030.901406110]: [edge cost] len=32.1737 total=20.5216 time=16.2868 turn_pen=4.17223 known_pen=0 backup_pen=0 yaw_pen=0.0625567 known_free=26.0348 min_clearance=0.479576 vel_limit=2 reason=curvature backup_feasible=1[0m
[0m[INFO] [1784399030.904123689]: [frontier lifecycle] selected cluster=705 selected_count=1 match_distance=0[0m
[0m[INFO] [1784399030.904147400]: [candidate cost] chosen_cluster=705 chosen_coverage=0 raw_best_cluster=705 raw_best_coverage=0 | #0 c=705/cp=0 J=25.5284 T=18.2619 TB=2.17071 R=0.652061 G=0.192698 W=0.696728 D=0 C=6.16761 | #1 c=703/cp=0 J=26.8951 T=19.3777 TB=2.1076 R=0 G=0.335272 W=0.696728 D=0 C=7.12541 | #2 c=712/cp=0 J=31.2737 T=19.2671 TB=2.13929 R=0 G=0.121263 W=0.515563 D=0.333333 C=11.7165[0m
calculate tsp cost matrix cost 3.58353ms

tour solver cost: 0.385236ms
[1;33m-------------Plan Global Path end-----------------[0m

total time cost: 321.614ms
[32m[planGlobalPath: succeed][0m: from EXEC_TRAJ to PLAN_TRAJ
viz&&print cost:0.015911ms
[0m[INFO] [1784399030.907107305]: [path horizon] shorten high-curvature local path: horizon=18.093m pts=10 turn=1.88049 max_local_turn=1.33226[0m
[0m[INFO] [1784399030.907119126]: [path condition] raw_pts=71 conditioned_pts=12 dense_pts=10 len=18.093 known_free=18.093 min_clearance=0.758627 turn=1.88049 max_local_turn=1.33226 initial_heading=0.282156 backup_feasible=1 sched_v=2 reason=curvature[0m
[0m[INFO] [1784399030.946290860]: [highspeed_exp adapter] planned General MINCO exploration traj: pieces=4, duration=7.37141, max_v=3.69639, max_a=2.0361, sfc(raw/simplified/final)=4/3/3, corridor=general, prefix=yes, prefix_dur=0.411832, switch_delay=0.45, head_path_dist=0.256561, shifted_start=0, sched_v=2, opt_v=2, opt_bound=4, suffix_max_v=3.69639, suffix_max_a=2.0361, terminal_v=0, backup=no, backup_start=inf, backup_known_len=16.157, sched_reason=curvature[0m
[0m[INFO] [1784399030.946333433]: [31m call planner [0m: 40.322[0m
[32m[plan success: new traj pub][0m: from PLAN_TRAJ to EXEC_TRAJ
 -- [TIMER] updateMap time consuming [32m 21.192789 ms[0m
[0m[INFO] [1784399030.996667201]: [cloud input] mode=approximate_sync points=10001 age=0.00515953s stamp_valid=1[0m
 -- [TIMER] updateMap time consuming [32m 15.271197 ms[0m
 -- [TIMER] updateMap time consuming [32m 15.345602 ms[0m
[0m[INFO] [1784399031.123899345]: cloud odom callback cost: map update:24.1015ms  update frontier clusters: 3.41184ms  total: 27.5133ms
[0m


[1;33m------------- <101> Plan Global Path start---------------[0m
[0m[INFO] [1784399031.429040498]: update topo skeleton cost: 56.043928ms, update odom vertex cost:248.945265ms [0m
[0m[INFO] [1784399031.444855512]: [view score] cluster=703 best_score=5.25954 visible_gain=15 speed=3.46807 corridor_cruise=0 hard_gate=0 rejected=0 top_k=2 known_free=0.8 clearance=1.22296 turn=2.12894 selected_yaw=1.9635 current_yaw=2.15194 yaw_delta=0.18844 heading_known_free=12.8 vp=(4.91804, -1.87711, 1.45)[0m
[0m[INFO] [1784399031.449391606]: vp cluster cost: 1.776123ms  ,remove unreachable cost: 13.424949ms, select vp cost: 4.949573ms[0m
insert viewpoint to graph time: 11.1665 ms
[0m[INFO] [1784399031.461415548]: [edge cost] len=15.6594 total=4.44693 time=4.31486 turn_pen=0.10819 known_pen=0 backup_pen=0 yaw_pen=0.0238783 known_free=15.6594 min_clearance=0.877026 vel_limit=4 reason=known_free backup_feasible=1[0m
[0m[INFO] [1784399031.472151840]: [goal lock] keep goal idx=4 candidate_idx=0 locked_cost=31.4961 candidate_cost=6.03048 since=0.568021 high_speed=1[0m
[0m[INFO] [1784399031.472175542]: [candidate cost] chosen_cluster=705 chosen_coverage=0 raw_best_cluster=803 raw_best_coverage=0 | #0 c=803/cp=0 J=6.03048 T=4.31486 TB=0.132068 R=4.55125 G=0.415283 W=0.0593795 D=0 C=0 | #1 c=698/cp=0 J=29.3588 T=15.5089 TB=4.97758 R=12 G=0.142857 W=0.546371 D=0 C=3.37758 | #2 c=750/cp=0 J=29.6312 T=18.9376 TB=2.84259 R=2.80446 G=0.452425 W=0.546371 D=0.333333 C=8.86636[0m
calculate tsp cost matrix cost 11.2314ms

tour solver cost: 0.475513ms
[1;33m-------------Plan Global Path end-----------------[0m

total time cost: 350.064ms
[32m[planGlobalPath: succeed][0m: from EXEC_TRAJ to PLAN_TRAJ
[0m[INFO] [1784399031.474111076]: [frontier storage] labels=5322/3739 normals=299/823 clusters=31 terminal=0 cluster_cells(cap)=251 candidates(cap)=58 derived_viewpoints(cap)=0 estimated_kb=96.4785 revision=191 audit_ready=0[0m
viz&&print cost:0.035373ms
[0m[INFO] [1784399031.474992157]: [path horizon] shorten high-curvature local path: horizon=12.9626m pts=8 turn=1.93471 max_local_turn=1.33226[0m
[0m[INFO] [1784399031.475000707]: [path condition] raw_pts=69 conditioned_pts=12 dense_pts=8 len=12.9626 known_free=12.9626 min_clearance=0.875817 turn=1.93471 max_local_turn=1.33226 initial_heading=0.0587583 backup_feasible=1 sched_v=2 reason=curvature[0m
[0m[INFO] [1784399031.493751895]: [highspeed_exp adapter] backup not required for verified known-free terminal-stop primary. duration=5.52476 known_len=12.9852[0m
[0m[INFO] [1784399031.493833801]: [highspeed_exp adapter] planned General MINCO exploration traj: pieces=3, duration=5.52476, max_v=3.74027, max_a=3.03169, sfc(raw/simplified/final)=4/2/2, corridor=general, prefix=yes, prefix_dur=0.431954, switch_delay=0.45, head_path_dist=0.153441, shifted_start=0, sched_v=2, opt_v=2, opt_bound=3.81716, suffix_max_v=3.74027, suffix_max_a=3.03169, terminal_v=0, backup=no, backup_start=inf, backup_known_len=12.9852, sched_reason=curvature[0m
[0m[INFO] [1784399031.493858802]: [31m call planner [0m: 19.708[0m
[32m[plan success: new traj pub][0m: from PLAN_TRAJ to EXEC_TRAJ
 -- [TIMER] updateMap time consuming [32m 17.515732 ms[0m
 -- [TIMER] updateMap time consuming [32m 13.246706 ms[0m
 -- [TIMER] updateMap time consuming [32m 15.954054 ms[0m
[0m[INFO] [1784399031.674200340]: [global update] actual callback interval=550.157ms configured=200ms[0m


[1;33m------------- <102> Plan Global Path start---------------[0m
[0m[INFO] [1784399031.843147990]: update topo skeleton cost: 51.098835ms, update odom vertex cost:117.771469ms [0m
[0m[INFO] [1784399031.843177492]: [highspeed_exp adapter] safety map ready=1 rog_ready=1 cloud_size=9944[0m
[0m[INFO] [1784399031.859508682]: vp cluster cost: 1.466992ms  ,remove unreachable cost: 12.953556ms, select vp cost: 1.754481ms[0m
insert viewpoint to graph time: 10.5407 ms
calculate tsp cost matrix cost 5.31811ms

tour solver cost: 0.413418ms
[1;33m-------------Plan Global Path end-----------------[0m

total time cost: 203.119ms
[32m[planGlobalPath: succeed][0m: from EXEC_TRAJ to PLAN_TRAJ
viz&&print cost:0.015701ms
[0m[INFO] [1784399031.878300382]: [path condition] raw_pts=68 conditioned_pts=12 dense_pts=8 len=12.9195 known_free=12.9195 min_clearance=0.875817 turn=1.95382 max_local_turn=1.33226 initial_heading=0.0462048 backup_feasible=1 sched_v=2 reason=curvature[0m
[0m[INFO] [1784399031.896143696]: [highspeed_exp adapter] planned General MINCO exploration traj: pieces=4, duration=8.43948, max_v=3.70976, max_a=1.77177, sfc(raw/simplified/final)=4/2/2, corridor=general, prefix=yes, prefix_dur=0.433236, switch_delay=0.45, head_path_dist=0.391661, shifted_start=0, sched_v=2, opt_v=2, opt_bound=3.91284, suffix_max_v=3.70976, suffix_max_a=1.77177, terminal_v=0, backup=no, backup_start=inf, backup_known_len=14.7228, sched_reason=curvature[0m
[0m[INFO] [1784399031.896181359]: [31m call planner [0m: 18.780[0m
[32m[plan success: new traj pub][0m: from PLAN_TRAJ to EXEC_TRAJ
[0m[INFO] [1784399030.496311401]: Publish local map size: 9660[0m
[0m[INFO] [1784399031.496406959]: Publish local map size: 9643[0m
[0m[INFO] [1784399032.496862889]: Publish local map size: 10011[0m
 -- [MARSIM] Running FPS: 215.049
 -- [TIMER] updateMap time consuming [32m 14.227434 ms[0m
 -- [TIMER] updateMap time consuming [32m 13.256788 ms[0m
[0m[INFO] [1784399031.996685383]: [cloud input] mode=approximate_sync points=9636 age=0.00516911s stamp_valid=1[0m
 -- [TIMER] updateMap time consuming [32m 12.565168 ms[0m
 -- [TIMER] updateMap time consuming [32m 17.107342 ms[0m
[0m[INFO] [1784399032.270623579]: cloud odom callback cost: map update:26.9861ms  update frontier clusters: 3.20136ms  total: 30.1875ms
[0m
[0m[INFO] [1784399032.276766363]: [coverage guidance] plan valid=1 map_v=35 frontier_v=35 zones(f/u)=208/254 observed=12395/35519 coverage=0.3490 voxels(f/o/u)=6226/5369/800 active=4 reachable_unknown=155 route_nodes=160 preferred=10 cost=6.2ms[0m
 -- [TIMER] updateMap time consuming [32m 12.363424 ms[0m
 -- [TIMER] updateMap time consuming [32m 12.230066 ms[0m


[1;33m------------- <104> Plan Global Path start---------------[0m
[0m[INFO] [1784399032.599981024]: update topo skeleton cost: 50.632318ms, update odom vertex cost:108.982269ms [0m
[0m[INFO] [1784399032.600020446]: [frontier debt] passed cluster=787 count=2 debt=2 closest=8.79334[0m
[0m[INFO] [1784399032.613863813]: [view score] cluster=698 best_score=2.91119 visible_gain=5 speed=3.64854 corridor_cruise=0 hard_gate=0 rejected=0 top_k=2 known_free=4.8 clearance=1.2606 turn=2.73807 selected_yaw=1.91944 current_yaw=1.91944 yaw_delta=0 heading_known_free=5.8 vp=(-4.90798, -6.98201, 1.6)[0m
[0m[INFO] [1784399032.615705050]: vp cluster cost: 1.437809ms  ,remove unreachable cost: 11.503415ms, select vp cost: 2.610520ms[0m
insert viewpoint to graph time: 23.6398 ms
[0m[INFO] [1784399032.640260557]: [edge cost] len=34.0271 total=22.6436 time=17.2135 turn_pen=5.43003 known_pen=0 backup_pen=0 yaw_pen=0 known_free=21.3367 min_clearance=0.461792 vel_limit=2 reason=curvature backup_feasible=1[0m
[0m[INFO] [1784399032.646295993]: [candidate cost] chosen_cluster=705 chosen_coverage=0 raw_best_cluster=705 raw_best_coverage=0 | #0 c=705/cp=0 J=26.9243 T=16.6038 TB=3.43001 R=3.72508 G=0.190156 W=0.0950878 D=0 C=5.36461 | #1 c=787/cp=0 J=27.0439 T=15.5452 TB=9.14547 R=3.8569 G=0.491525 W=0.611167 D=0.666667 C=3.79846 | #2 c=712/cp=0 J=27.3663 T=17.6373 TB=3.3986 R=3.95567 G=0.118643 W=0.611167 D=0.333333 C=6.14218[0m
calculate tsp cost matrix cost 6.85935ms

tour solver cost: 0.498524ms
[1;33m-------------Plan Global Path end-----------------[0m

total time cost: 208.131ms
[32m[planGlobalPath: succeed][0m: from EXEC_TRAJ to PLAN_TRAJ
viz&&print cost:0.017831ms
[0m[INFO] [1784399032.649599962]: [path horizon] shorten high-curvature local path: horizon=13.3738m pts=8 turn=1.94709 max_local_turn=1.33226[0m
[0m[INFO] [1784399032.649617243]: [path condition] raw_pts=65 conditioned_pts=11 dense_pts=8 len=13.3738 known_free=13.3738 min_clearance=0.857421 turn=1.94709 max_local_turn=1.33226 initial_heading=0.320054 backup_feasible=1 sched_v=2 reason=curvature[0m
[0m[INFO] [1784399032.671699809]: [highspeed_exp adapter] backup not required for verified known-free terminal-stop primary. duration=5.20253 known_len=15.2322[0m
[0m[INFO] [1784399032.671772304]: [highspeed_exp adapter] planned General MINCO exploration traj: pieces=3, duration=5.20253, max_v=3.98866, max_a=4.31576, sfc(raw/simplified/final)=5/2/2, corridor=general, prefix=yes, prefix_dur=0.42892, switch_delay=0.45, head_path_dist=0.842048, shifted_start=0, sched_v=2, opt_v=2, opt_bound=3.98776, suffix_max_v=3.98866, suffix_max_a=4.31576, terminal_v=0, backup=no, backup_start=inf, backup_known_len=15.2322, sched_reason=curvature[0m
[0m[INFO] [1784399032.671793845]: [31m call planner [0m: 23.296[0m
[32m[plan success: new traj pub][0m: from PLAN_TRAJ to EXEC_TRAJ
 -- [TIMER] updateMap time consuming [32m 17.505189 ms[0m
 -- [TIMER] updateMap time consuming [32m 12.813836 ms[0m
 -- [TIMER] updateMap time consuming [32m 13.778792 ms[0m
[0m[INFO] [1784399032.848533476]: [global update] actual callback interval=408.178ms configured=200ms[0m
 -- [TIMER] updateMap time consuming [32m 11.952225 ms[0m
[0m[INFO] [1784399033.017777617]: [cloud input] mode=approximate_sync points=9943 age=0.026252s stamp_valid=1[0m
 -- [TIMER] updateMap time consuming [32m 15.165476 ms[0m
 -- [TIMER] updateMap time consuming [32m 15.427385 ms[0m


[1;33m------------- <106> Plan Global Path start---------------[0m
[0m[INFO] [1784399033.313447734]: update topo skeleton cost: 28.663467ms, update odom vertex cost:92.419976ms [0m
[0m[INFO] [1784399033.328597939]: [view score] cluster=698 best_score=3.12331 visible_gain=5 speed=3.55958 corridor_cruise=0 hard_gate=0 rejected=0 top_k=2 known_free=5.2 clearance=0.942504 turn=2.58607 selected_yaw=1.97717 current_yaw=1.97717 yaw_delta=0 heading_known_free=9.2 vp=(-2.09789, -4.58197, 0.4)[0m
[0m[INFO] [1784399033.330991185]: vp cluster cost: 1.513494ms  ,remove unreachable cost: 12.462960ms, select vp cost: 3.316809ms[0m
insert viewpoint to graph time: 7.76384 ms
[0m[INFO] [1784399033.339684304]: [edge cost] len=29.5877 total=27.3074 time=14.9939 turn_pen=12.2198 known_pen=0 backup_pen=0 yaw_pen=0.0937007 known_free=29.5877 min_clearance=0.576912 vel_limit=2 reason=curvature backup_feasible=1[0m
[0m[INFO] [1784399033.344620275]: [goal lock] keep goal idx=3 candidate_idx=4 locked_cost=33.5083 candidate_cost=27.4798 since=2.4405 high_speed=1[0m
[0m[INFO] [1784399033.344638736]: [candidate cost] chosen_cluster=705 chosen_coverage=0 raw_best_cluster=787 raw_best_coverage=0 | #0 c=787/cp=0 J=27.4798 T=14.9939 TB=12.3135 R=0 G=0.491525 W=0.650905 D=0.666667 C=3.79846 | #1 c=712/cp=0 J=30.6302 T=18.7139 TB=6.56663 R=2.27966 G=0.118295 W=0.650905 D=0.333333 C=6.14218 | #2 c=698/cp=0 J=30.7801 T=18.4792 TB=12.2198 R=0 G=0.142857 W=0.650905 D=0 C=1.34318[0m
calculate tsp cost matrix cost 5.72377ms

tour solver cost: 0.384987ms
[1;33m-------------Plan Global Path end-----------------[0m

total time cost: 153.68ms
[32m[planGlobalPath: succeed][0m: from EXEC_TRAJ to PLAN_TRAJ
viz&&print cost:0.029292ms
[33m[WARN] [1784399033.347294549]: [highspeed_exp adapter] reject frontend path: failed to align optimization head. head_path_dist=1.14638 max_allowed=1.125 switch_delay=0.45 speed=3.55958[0m
[0m[INFO] [1784399033.347260997]: [path horizon] shorten high-curvature local path: horizon=6.61796m pts=7 turn=2.70578 max_local_turn=1.10715[0m
[0m[INFO] [1784399033.347277278]: [path condition] raw_pts=79 conditioned_pts=24 dense_pts=7 len=6.61796 known_free=6.61796 min_clearance=0.62221 turn=2.70578 max_local_turn=1.10715 initial_heading=0.518892 backup_feasible=1 sched_v=2 reason=curvature[0m
[0m[INFO] [1784399033.347311430]: [31m call planner [0m: 1.246[0m
[31m[PLAN_TRAJ: plan failed, keep safe terminal-stop trajectory][0m: from PLAN_TRAJ to EXEC_TRAJ
 -- [TIMER] updateMap time consuming [32m 13.090103 ms[0m
[0m[INFO] [1784399033.374999711]: cloud odom callback cost: map update:24.5561ms  update frontier clusters: 2.96871ms  total: 27.5248ms
[0m
 -- [TIMER] updateMap time consuming [32m 12.924671 ms[0m
 -- [TIMER] updateMap time consuming [32m 10.616112 ms[0m


[1;33m------------- <107> Plan Global Path start---------------[0m
[0m[INFO] [1784399033.670422691]: update topo skeleton cost: 32.602109ms, update odom vertex cost:91.694316ms [0m
[0m[INFO] [1784399033.670454113]: [frontier debt] passed cluster=786 count=1 debt=1 closest=8.82885[0m
[0m[INFO] [1784399033.688695721]: vp cluster cost: 1.693767ms  ,remove unreachable cost: 12.181421ms, select vp cost: 4.203049ms[0m
insert viewpoint to graph time: 23.0145 ms
[0m[INFO] [1784399033.721082506]: [frontier lifecycle] selected cluster=787 selected_count=1 match_distance=0[0m
calculate tsp cost matrix cost 9.15391ms

tour solver cost: 0.43441ms
[1;33m-------------Plan Global Path end-----------------[0m

total time cost: 180.463ms
[32m[planGlobalPath: succeed][0m: from EXEC_TRAJ to PLAN_TRAJ
viz&&print cost:0.023871ms
[33m[WARN] [1784399033.727578044]: [highspeed_exp adapter] reject frontend path: failed to align optimization head. head_path_dist=1.68202 max_allowed=1.125 switch_delay=0.45 speed=3.3858[0m
[0m[INFO] [1784399033.727547962]: [path condition] raw_pts=42 conditioned_pts=18 dense_pts=6 len=5.36719 known_free=5.36719 min_clearance=0.604154 turn=2.68298 max_local_turn=1.10715 initial_heading=1.02727 backup_feasible=1 sched_v=2 reason=curvature[0m
[0m[INFO] [1784399033.727590365]: [31m call planner [0m: 0.980[0m
[31m[PLAN_TRAJ: plan failed, keep safe terminal-stop trajectory][0m: from PLAN_TRAJ to EXEC_TRAJ
 -- [TIMER] updateMap time consuming [32m 16.223669 ms[0m
 -- [TIMER] updateMap time consuming [32m 15.200909 ms[0m
 -- [TIMER] updateMap time consuming [32m 16.532651 ms[0m
[0m[INFO] [1784399033.926661818]: [global update] actual callback interval=380.545ms configured=200ms[0m


[1;33m------------- <108> Plan Global Path start---------------[0m
[0m[INFO] [1784399034.057930598]: update topo skeleton cost: 32.766991ms, update odom vertex cost:98.456516ms [0m
[0m[INFO] [1784399034.057964000]: [highspeed_exp adapter] safety map ready=1 rog_ready=1 cloud_size=9951[0m
[0m[INFO] [1784399034.073831693]: [view score] cluster=698 best_score=3.66098 visible_gain=5 speed=3.36751 corridor_cruise=0 hard_gate=0 rejected=0 top_k=2 known_free=8.4 clearance=1.2606 turn=2.72105 selected_yaw=1.59934 current_yaw=1.59934 yaw_delta=0 heading_known_free=10.6 vp=(-4.90798, -6.98201, 1.6)[0m
[0m[INFO] [1784399034.077638436]: vp cluster cost: 1.819956ms  ,remove unreachable cost: 12.735867ms, select vp cost: 4.970352ms[0m
insert viewpoint to graph time: 29.4149 ms
[0m[INFO] [1784399034.107820835]: [edge cost] len=23.3123 total=18.3973 time=11.8561 turn_pen=6.54117 known_pen=0 backup_pen=0 yaw_pen=0 known_free=23.3123 min_clearance=0.687615 vel_limit=2 reason=curvature backup_feasible=1[0m
[0m[INFO] [1784399034.116558187]: [goal lock] keep goal idx=4 candidate_idx=2 locked_cost=34.9752 candidate_cost=33.2731 since=0.39548 high_speed=1[0m
[0m[INFO] [1784399034.116591549]: [candidate cost] chosen_cluster=787 chosen_coverage=0 raw_best_cluster=826 raw_best_coverage=0 | #0 c=826/cp=0 J=33.2731 T=11.8561 TB=6.54117 R=6.17385 G=0.189189 W=0.0010743 D=0 C=11.8602 | #1 c=787/cp=0 J=34.9752 T=14.1947 TB=13.4129 R=8.77266 G=0.491525 W=0.0198097 D=0 C=3.55533 | #2 c=698/cp=0 J=34.9871 T=16.1761 TB=12.2252 R=12 G=0.142857 W=0.692385 D=0 C=1.31005[0m
calculate tsp cost matrix cost 9.51347ms

tour solver cost: 1.26636ms
[1;33m-------------Plan Global Path end-----------------[0m

total time cost: 196.391ms
[32m[planGlobalPath: succeed][0m: from EXEC_TRAJ to PLAN_TRAJ
viz&&print cost:0.026392ms
[33m[WARN] [1784399034.157733843]: [highspeed_exp adapter] reject frontend path: failed to align optimization head. head_path_dist=1.80765 max_allowed=1.125 switch_delay=0.45 speed=3.40288[0m
[0m[INFO] [1784399034.123203584]: [cloud input] mode=approximate_sync points=9705 age=0.0317018s stamp_valid=1[0m
 -- [TIMER] updateMap time consuming [32m 20.950293 ms[0m
[0m[INFO] [1784399034.157684410]: [path horizon] shorten high-curvature local path: horizon=5.63284m pts=6 turn=2.93999 max_local_turn=1.3734[0m
[0m[INFO] [1784399034.157718352]: [path condition] raw_pts=38 conditioned_pts=17 dense_pts=6 len=5.63284 known_free=5.63284 min_clearance=0.687615 turn=2.93999 max_local_turn=1.3734 initial_heading=1.01815 backup_feasible=1 sched_v=2 reason=curvature[0m
[0m[INFO] [1784399034.157761585]: [31m call planner [0m: 1.197[0m
[31m[PLAN_TRAJ: plan failed, keep safe terminal-stop trajectory][0m: from PLAN_TRAJ to EXEC_TRAJ
 -- [TIMER] updateMap time consuming [32m 17.471064 ms[0m
 -- [TIMER] updateMap time consuming [32m 18.265579 ms[0m


[1;33m------------- <109> Plan Global Path start---------------[0m
[0m[INFO] [1784399034.442598486]: update topo skeleton cost: 35.935265ms, update odom vertex cost:78.412401ms [0m
[0m[INFO] [1784399034.472332364]: vp cluster cost: 1.748101ms  ,remove unreachable cost: 13.904628ms, select vp cost: 13.917228ms[0m
insert viewpoint to graph time: 28.7657 ms
calculate tsp cost matrix cost 11.0792ms

tour solver cost: 1.54462ms
[1;33m-------------Plan Global Path end-----------------[0m

total time cost: 190.552ms
[32m[planGlobalPath: succeed][0m: from EXEC_TRAJ to PLAN_TRAJ
viz&&print cost:0.090676ms
 -- [TIMER] updateMap time consuming [32m 17.857770 ms[0m
[0m[INFO] [1784399034.550810180]: cloud odom callback cost: map update:27.6151ms  update frontier clusters: 4.13962ms  total: 31.7547ms
[0m
[0m[INFO] [1784399034.557130206]: [coverage guidance] plan valid=1 map_v=37 frontier_v=37 zones(f/u)=218/251 observed=13545/35519 coverage=0.3813 voxels(f/o/u)=6673/6004/868 active=5 reachable_unknown=154 route_nodes=160 preferred=11 cost=6.3ms[0m
 -- [TIMER] updateMap time consuming [32m 22.083342 ms[0m
 -- [TIMER] updateMap time consuming [32m 14.712643 ms[0m


[1;33m------------- <110> Plan Global Path start---------------[0m
[0m[INFO] [1784399033.596938381]: Publish local map size: 9999[0m
[0m[INFO] [1784399034.696374038]: Publish local map size: 8798[0m
 -- [MARSIM] Running FPS: 223.809
[0m[INFO] [1784399034.834095195]: update topo skeleton cost: 46.773632ms, update odom vertex cost:64.275078ms [0m
[0m[INFO] [1784399034.849440262]: [view score] cluster=698 best_score=5.01331 visible_gain=5 speed=3.53085 corridor_cruise=0 hard_gate=0 rejected=0 top_k=2 known_free=9.2 clearance=1.2606 turn=2.12452 selected_yaw=0.85321 current_yaw=0.85321 yaw_delta=0 heading_known_free=9 vp=(-4.90798, -6.98201, 1.6)[0m
[0m[INFO] [1784399034.868964817]: vp cluster cost: 1.627642ms  ,remove unreachable cost: 12.088073ms, select vp cost: 20.918971ms[0m
insert viewpoint to graph time: 28.9902 ms
[0m[INFO] [1784399034.898706976]: [edge cost] len=22.2538 total=17.7995 time=11.3269 turn_pen=6.45959 known_pen=0 backup_pen=0 yaw_pen=0.0129955 known_free=22.2538 min_clearance=0.612781 vel_limit=2 reason=curvature backup_feasible=1[0m
[0m[INFO] [1784399034.908429495]: [goal lock] keep goal idx=5 candidate_idx=7 locked_cost=36.5464 candidate_cost=31.8694 since=1.18737 high_speed=1[0m
[0m[INFO] [1784399034.908446517]: [candidate cost] chosen_cluster=787 chosen_coverage=0 raw_best_cluster=698 raw_best_coverage=0 | #0 c=698/cp=0 J=31.8694 T=15.3527 TB=11.235 R=12 G=0.142857 W=0.736347 D=0 C=0.0718945 | #1 c=837/cp=0 J=33.3886 T=11.3269 TB=6.47258 R=7.78226 G=0.411765 W=0.0450362 D=0 C=12.2 | #2 c=705/cp=0 J=33.4972 T=16.1608 TB=5.60083 R=4.49788 G=0.189301 W=0.220268 D=0 C=9.97076[0m
calculate tsp cost matrix cost 10.4475ms

tour solver cost: 0.486753ms
[1;33m-------------Plan Global Path end-----------------[0m

total time cost: 190.975ms
[32m[planGlobalPath: succeed][0m: from PLAN_TRAJ to PLAN_TRAJ
viz&&print cost:0.035512ms
[33m[WARN] [1784399034.915097235]: [highspeed_exp adapter] reject frontend path: failed to align optimization head. head_path_dist=1.28143 max_allowed=1.125 switch_delay=0.45 speed=3.53287[0m
[0m[INFO] [1784399034.915061272]: [path horizon] shorten high-curvature local path: horizon=4.66758m pts=3 turn=3.77267e-07 max_local_turn=3.77267e-07[0m
[0m[INFO] [1784399034.915082644]: [path condition] raw_pts=50 conditioned_pts=22 dense_pts=3 len=4.66758 known_free=4.66758 min_clearance=1.02238 turn=3.77267e-07 max_local_turn=3.77267e-07 initial_heading=0.952638 backup_feasible=1 sched_v=2.41727 reason=curvature[0m
[0m[INFO] [1784399034.915112666]: [31m call planner [0m: 1.050[0m
[31m[PLAN_TRAJ: plan failed, keep safe terminal-stop trajectory][0m: from PLAN_TRAJ to EXEC_TRAJ
 -- [TIMER] updateMap time consuming [32m 11.967065 ms[0m
 -- [TIMER] updateMap time consuming [32m 13.388810 ms[0m
 -- [TIMER] updateMap time consuming [32m 14.333536 ms[0m
[0m[INFO] [1784399035.124734053]: [global update] actual callback interval=401.696ms configured=200ms[0m


[1;33m------------- <111> Plan Global Path start---------------[0m
[0m[INFO] [1784399035.326412876]: update topo skeleton cost: 50.370514ms, update odom vertex cost:151.256885ms [0m
[0m[INFO] [1784399035.353310346]: [view score] cluster=705 best_score=9.29785 visible_gain=7 speed=3.65046 corridor_cruise=0 hard_gate=0 rejected=0 top_k=2 known_free=4.4 clearance=1.28673 turn=1.14049 selected_yaw=-0.392699 current_yaw=0.430341 yaw_delta=0.82304 heading_known_free=11.4 vp=(5.89174, 0.312821, 0.7)[0m
[0m[INFO] [1784399035.358556157]: vp cluster cost: 1.741199ms  ,remove unreachable cost: 13.802400ms, select vp cost: 16.392797ms[0m
insert viewpoint to graph time: 13.1989 ms
calculate tsp cost matrix cost 10.7383ms

tour solver cost: 0.588411ms
[1;33m-------------Plan Global Path end-----------------[0m

total time cost: 263.371ms
[32m[planGlobalPath: succeed][0m: from EXEC_TRAJ to PLAN_TRAJ
viz&&print cost:0.032332ms
[0m[INFO] [1784399035.388274491]: [cloud input] mode=approximate_sync points=9098 age=0.096769s stamp_valid=1[0m
 -- [TIMER] updateMap time consuming [32m 13.846533 ms[0m
 -- [TIMER] updateMap time consuming [32m 12.870675 ms[0m
 -- [TIMER] updateMap time consuming [32m 13.382201 ms[0m
[0m[INFO] [1784399035.523929662]: [path horizon] shorten high-curvature local path: horizon=7.35725m pts=5 turn=0.0516884 max_local_turn=0.0516875[0m
[0m[INFO] [1784399035.523959754]: [path condition] raw_pts=35 conditioned_pts=14 dense_pts=5 len=7.35725 known_free=7.35725 min_clearance=0.910213 turn=0.0516884 max_local_turn=0.0516875 initial_heading=0.277024 backup_feasible=1 sched_v=3 reason=known_free[0m
[0m[INFO] [1784399035.531334391]: [highspeed_exp adapter] backup not required for verified known-free terminal-stop primary. duration=2.68387 known_len=6.0507[0m
[0m[INFO] [1784399035.531391125]: [highspeed_exp adapter] planned General MINCO exploration traj: pieces=2, duration=2.68387, max_v=3.98866, max_a=3.83556, sfc(raw/simplified/final)=3/1/1, corridor=general, prefix=yes, prefix_dur=0.443071, switch_delay=0.45, head_path_dist=0.779768, shifted_start=0, sched_v=3, opt_v=3, opt_bound=4.23646, suffix_max_v=3.93646, suffix_max_a=2.78237, terminal_v=0, backup=no, backup_start=inf, backup_known_len=6.0507, sched_reason=known_free[0m
[0m[INFO] [1784399035.531443279]: [31m call planner [0m: 8.643[0m
[32m[plan success: new traj pub][0m: from PLAN_TRAJ to EXEC_TRAJ
 -- [TIMER] updateMap time consuming [32m 22.542331 ms[0m
[0m[INFO] [1784399035.825536148]: cloud odom callback cost: map update:35.8682ms  update frontier clusters: 4.41365ms  total: 40.2819ms
[0m
 -- [TIMER] updateMap time consuming [32m 20.312277 ms[0m
 -- [TIMER] updateMap time consuming [32m 17.331122 ms[0m


[1;33m------------- <113> Plan Global Path start---------------[0m
[0m[INFO] [1784399036.274694374]: update topo skeleton cost: 91.815179ms, update odom vertex cost:197.762331ms [0m
[0m[INFO] [1784399036.274732117]: [highspeed_exp adapter] safety map ready=1 rog_ready=1 cloud_size=8702[0m
[0m[INFO] [1784399036.283758867]: [view score] cluster=872 best_score=-0.651772 visible_gain=5 speed=3.93337 corridor_cruise=0 hard_gate=0 rejected=0 top_k=2 known_free=1.6 clearance=1.03383 turn=0.845084 selected_yaw=1.9635 current_yaw=-0.281475 yaw_delta=2.24497 heading_known_free=7.6 vp=(-0.801464, -5.17745, 1.47143)[0m
[0m[INFO] [1784399036.290276634]: vp cluster cost: 1.458660ms  ,remove unreachable cost: 6.903934ms, select vp cost: 7.065365ms[0m
insert viewpoint to graph time: 26.0527 ms
[0m[INFO] [1784399036.316827238]: [edge cost] len=7.78033 total=2.9581 time=2.89344 turn_pen=0.0287931 known_pen=0 backup_pen=0 yaw_pen=0.0358649 known_free=7.78033 min_clearance=0.798653 vel_limit=3 reason=known_free backup_feasible=1[0m
[0m[INFO] [1784399036.329024886]: [frontier lifecycle] selected cluster=886 selected_count=1 match_distance=0[0m
[0m[INFO] [1784399036.329048797]: [candidate cost] chosen_cluster=886 chosen_coverage=0 raw_best_cluster=886 raw_best_coverage=0 | #0 c=886/cp=0 J=7.78401 T=2.89344 TB=0.064658 R=6.49078 G=0.0909091 W=0.000787509 D=0 C=1.43898 | #1 c=864/cp=0 J=9.53326 T=4.33294 TB=1.23737 R=7.13912 G=0.491525 W=0.123999 D=0 C=1.20549 | #2 c=884/cp=0 J=11.0076 T=4.95258 TB=1.21485 R=6.69382 G=0.43609 W=0.0535459 D=0 C=2.11111[0m
calculate tsp cost matrix cost 12.6854ms

tour solver cost: 0.639944ms
[1;33m-------------Plan Global Path end-----------------[0m

total time cost: 348.262ms
[32m[planGlobalPath: succeed][0m: from EXEC_TRAJ to PLAN_TRAJ
viz&&print cost:0.017051ms
[0m[INFO] [1784399036.333675815]: [path condition] raw_pts=10 conditioned_pts=3 dense_pts=5 len=7.78033 known_free=7.78033 min_clearance=0.80323 turn=0.896758 max_local_turn=0.896757 initial_heading=0.0174489 backup_feasible=1 sched_v=2.65675 reason=curvature[0m
[33m -- [ExplorationTrajOpt] Optimization failed: Line search reaches the maximum try number, assumptions not satisfied or precision not achievable., guide_excess=0, guide_cost_sample=0, guide_max_abs_gt=0, guide_oob_samples=0[0m
[33m[WARN] [1784399036.341332801]: [highspeed_exp adapter] MINCO optimization attempt 1 failed: guide_speed=2.65675 vel_bound=3.01247 boundary_speed=2.71247[0m
[33m -- [ExplorationTrajOpt] Optimization failed: Line search reaches the maximum try number, assumptions not satisfied or precision not achievable., guide_excess=0, guide_cost_sample=0, guide_max_abs_gt=0, guide_oob_samples=0[0m
[33m[WARN] [1784399036.342403365]: [highspeed_exp adapter] MINCO optimization attempt 2 failed: guide_speed=1.99257 vel_bound=3.01247 boundary_speed=2.71247[0m
[33m -- [ExplorationTrajOpt] Optimization failed: Line search reaches the maximum try number, assumptions not satisfied or precision not achievable., guide_excess=0, guide_cost_sample=0, guide_max_abs_gt=0, guide_oob_samples=0[0m
[33m[WARN] [1784399036.343460687]: [highspeed_exp adapter] MINCO optimization attempt 3 failed: guide_speed=1.46121 vel_bound=3.01247 boundary_speed=2.71247[0m
[33m -- [ExplorationTrajOpt] Optimization failed: Line search reaches the maximum try number, assumptions not satisfied or precision not achievable., guide_excess=0, guide_cost_sample=0, guide_max_abs_gt=0, guide_oob_samples=0[0m
[33m[WARN] [1784399036.344508609]: [highspeed_exp adapter] MINCO optimization attempt 4 failed: guide_speed=1 vel_bound=3.01247 boundary_speed=2.71247[0m
[33m[WARN] [1784399036.344514580]: [highspeed_exp adapter] General exploration MINCO optimization failed.[0m
[0m[INFO] [1784399036.344527270]: [31m call planner [0m: 11.142[0m
[31m[PLAN_TRAJ: plan failed, keep safe terminal-stop trajectory][0m: from PLAN_TRAJ to EXEC_TRAJ
 -- [TIMER] updateMap time consuming [32m 21.232688 ms[0m
[0m[INFO] [1784399036.396657821]: [cloud input] mode=approximate_sync points=9675 age=0.00514666s stamp_valid=1[0m
 -- [TIMER] updateMap time consuming [32m 20.210178 ms[0m
 -- [TIMER] updateMap time consuming [32m 19.092511 ms[0m
[0m[INFO] [1784399036.533445746]: [global update] actual callback interval=548.339ms configured=200ms[0m


[1;33m------------- <114> Plan Global Path start---------------[0m
[0m[INFO] [1784399036.705238845]: update topo skeleton cost: 73.161185ms, update odom vertex cost:98.577251ms [0m
[0m[INFO] [1784399036.726352266]: vp cluster cost: 1.515134ms  ,remove unreachable cost: 7.730021ms, select vp cost: 11.748927ms[0m
insert viewpoint to graph time: 14.2267 ms
[0m[INFO] [1784399036.750393697]: [frontier lifecycle] selected cluster=893 selected_count=1 match_distance=0[0m
calculate tsp cost matrix cost 9.78256ms

tour solver cost: 0.694607ms
[1;33m-------------Plan Global Path end-----------------[0m

total time cost: 220.022ms
[32m[planGlobalPath: succeed][0m: from EXEC_TRAJ to PLAN_TRAJ
[0m[INFO] [1784399036.753530462]: [frontier storage] labels=6548/7517 normals=313/823 clusters=18 terminal=0 cluster_cells(cap)=270 candidates(cap)=32 derived_viewpoints(cap)=0 estimated_kb=136.953 revision=222 audit_ready=0[0m
viz&&print cost:0.051683ms
[0m[INFO] [1784399036.753786580]: [corridor cruise path] straighten direct known-free path: len=12.2912 align=0.76699 known_free=12.2912 pts=4[0m
[0m[INFO] [1784399036.754127933]: [path condition] raw_pts=8 conditioned_pts=4 dense_pts=7 len=12.2912 known_free=12.2912 min_clearance=1.21662 turn=2.1763e-06 max_local_turn=4.47035e-07 initial_heading=0.696659 backup_feasible=1 sched_v=3.51432 reason=curvature[0m
[0m[INFO] [1784399036.776257973]: [highspeed_exp adapter] backup not required for verified known-free terminal-stop primary. duration=5.96267 known_len=11.9698[0m
[0m[INFO] [1784399036.776324188]: [highspeed_exp adapter] planned General MINCO exploration traj: pieces=3, duration=5.96267, max_v=4.00458, max_a=2.78041, sfc(raw/simplified/final)=3/2/2, corridor=general, prefix=yes, prefix_dur=0.428735, switch_delay=0.45, head_path_dist=0.938599, shifted_start=0, sched_v=2, opt_v=2, opt_bound=4, suffix_max_v=4.00458, suffix_max_a=2.78041, terminal_v=0, backup=no, backup_start=inf, backup_known_len=11.9698, sched_reason=curvature[0m
[0m[INFO] [1784399036.776344079]: [31m call planner [0m: 22.778[0m
[32m[plan success: new traj pub][0m: from PLAN_TRAJ to EXEC_TRAJ
[0m[INFO] [1784399035.697916049]: Publish local map size: 9945[0m
[0m[INFO] [1784399036.796659305]: Publish local map size: 9823[0m
 -- [MARSIM] Running FPS: 206.143
 -- [TIMER] updateMap time consuming [32m 19.174227 ms[0m
 -- [TIMER] updateMap time consuming [32m 16.351233 ms[0m
[0m[INFO] [1784399036.840024913]: cloud odom callback cost: map update:28.5536ms  update frontier clusters: 3.07401ms  total: 31.6276ms
[0m
[0m[INFO] [1784399036.846345517]: [coverage guidance] plan valid=1 map_v=39 frontier_v=39 zones(f/u)=216/252 observed=14043/35519 coverage=0.3954 voxels(f/o/u)=6998/6123/922 active=5 reachable_unknown=154 route_nodes=160 preferred=7 cost=6.3ms[0m
 -- [TIMER] updateMap time consuming [32m 16.120717 ms[0m
 -- [TIMER] updateMap time consuming [32m 16.831084 ms[0m
 -- [TIMER] updateMap time consuming [32m 18.234691 ms[0m
 -- [TIMER] updateMap time consuming [32m 17.283976 ms[0m


[1;33m------------- <116> Plan Global Path start---------------[0m
[0m[INFO] [1784399037.525254324]: update topo skeleton cost: 87.825463ms, update odom vertex cost:111.358297ms [0m
[0m[INFO] [1784399037.525285996]: [frontier debt] passed cluster=962 count=1 debt=1 closest=9.5444[0m
[0m[INFO] [1784399037.532938231]: [view score] cluster=954 best_score=-2.41456 visible_gain=5 speed=1.48 corridor_cruise=0 hard_gate=0 rejected=0 top_k=2 known_free=0.4 clearance=1.03383 turn=1.19442 selected_yaw=1.9635 current_yaw=-0.00183543 yaw_delta=1.96533 heading_known_free=5 vp=(-0.801464, -5.17745, 1.47143)[0m
[0m[INFO] [1784399037.554873866]: vp cluster cost: 1.256316ms  ,remove unreachable cost: 6.122720ms, select vp cost: 22.111957ms[0m
insert viewpoint to graph time: 7.9408 ms
[0m[INFO] [1784399037.563274722]: [edge cost] len=16.7058 total=27.9909 time=8.55292 turn_pen=19.3595 known_pen=0 backup_pen=0 yaw_pen=0.0784664 known_free=16.7058 min_clearance=0.57034 vel_limit=2 reason=curvature backup_feasible=1[0m
[0m[INFO] [1784399037.570355867]: [frontier lifecycle] selected cluster=962 selected_count=1 match_distance=0[0m
[0m[INFO] [1784399037.570376259]: [candidate cost] chosen_cluster=962 chosen_coverage=0 raw_best_cluster=962 raw_best_coverage=0 | #0 c=962/cp=0 J=11.9248 T=4.61799 TB=0.885269 R=4.6558 G=0.394117 W=0.123801 D=0.333333 C=5.66812 | #1 c=961/cp=0 J=14.1458 T=4.6514 TB=0.854 R=6.94842 G=0.260764 W=0.194254 D=0 C=5.63172 | #2 c=951/cp=0 J=28.6726 T=6.10285 TB=19.4065 R=7.38895 G=0.243115 W=1 D=0 C=1.08559[0m
calculate tsp cost matrix cost 7.50748ms

tour solver cost: 0.44225ms
[1;33m-------------Plan Global Path end-----------------[0m

total time cost: 245.975ms
[32m[planGlobalPath: succeed][0m: from EXEC_TRAJ to PLAN_TRAJ
viz&&print cost:0.016361ms
[0m[INFO] [1784399037.572304091]: [corridor cruise path] straighten direct known-free path: len=16.0508 align=0.991496 known_free=16.0508 pts=5[0m
[0m[INFO] [1784399037.572774713]: [path condition] raw_pts=12 conditioned_pts=5 dense_pts=9 len=16.0508 known_free=16.0508 min_clearance=0.890453 turn=1.31028e-06 max_local_turn=4.24356e-07 initial_heading=0.130507 backup_feasible=1 sched_v=4 reason=known_free[0m
[0m[INFO] [1784399037.599582952]: [highspeed_exp adapter] backup not required for verified known-free terminal-stop primary. duration=6.48325 known_len=15.8965[0m
[0m[INFO] [1784399037.599660637]: [highspeed_exp adapter] planned General MINCO exploration traj: pieces=3, duration=6.48325, max_v=4.00089, max_a=2.45706, sfc(raw/simplified/final)=3/2/2, corridor=general, prefix=yes, prefix_dur=0.424046, switch_delay=0.45, head_path_dist=0.0585746, shifted_start=0, sched_v=4, opt_v=4, opt_bound=4, suffix_max_v=4.00089, suffix_max_a=2.45706, terminal_v=0, backup=no, backup_start=inf, backup_known_len=15.8965, sched_reason=known_free[0m
[0m[INFO] [1784399037.599682479]: [31m call planner [0m: 27.616[0m
[32m[plan success: new traj pub][0m: from PLAN_TRAJ to EXEC_TRAJ
[0m[INFO] [1784399037.599791356]: [cloud input] mode=approximate_sync points=9231 age=0.0083023s stamp_valid=1[0m
 -- [TIMER] updateMap time consuming [32m 13.953557 ms[0m
 -- [TIMER] updateMap time consuming [32m 15.463430 ms[0m
[0m[INFO] [1784399037.772109714]: [global update] actual callback interval=446.047ms configured=200ms[0m
 -- [TIMER] updateMap time consuming [32m 12.378879 ms[0m
[0m[INFO] [1784399037.943135054]: cloud odom callback cost: map update:22.2765ms  update frontier clusters: 3.3731ms  total: 25.6496ms
[0m
 -- [TIMER] updateMap time consuming [32m 15.544474 ms[0m
 -- [TIMER] updateMap time consuming [32m 12.925185 ms[0m


[1;33m------------- <118> Plan Global Path start---------------[0m
[0m[INFO] [1784399038.263532901]: update topo skeleton cost: 62.366781ms, update odom vertex cost:78.423901ms [0m
[0m[INFO] [1784399038.271738343]: [view score] cluster=954 best_score=-4.00579 visible_gain=5 speed=1.09147 corridor_cruise=0 hard_gate=0 rejected=0 top_k=2 known_free=0.6 clearance=1.03383 turn=1.608 selected_yaw=1.9635 current_yaw=0.431425 yaw_delta=1.53207 heading_known_free=12.6 vp=(-0.801464, -5.17745, 1.47143)[0m
[0m[INFO] [1784399038.280539306]: vp cluster cost: 1.131457ms  ,remove unreachable cost: 6.511346ms, select vp cost: 9.159828ms[0m
insert viewpoint to graph time: 9.9049 ms
[0m[INFO] [1784399038.290879334]: [edge cost] len=12.6863 total=17.2792 time=6.54315 turn_pen=10.7345 known_pen=0 backup_pen=0 yaw_pen=0.00154904 known_free=12.6863 min_clearance=0.462158 vel_limit=2 reason=curvature backup_feasible=1[0m
[0m[INFO] [1784399038.299818276]: [candidate cost] chosen_cluster=975 chosen_coverage=0 raw_best_cluster=975 raw_best_coverage=0 | #0 c=975/cp=0 J=13.5202 T=4.47728 TB=0.31959 R=3.78253 G=0.38756 W=0.039454 D=0 C=7.47725 | #1 c=951/cp=0 J=20.649 T=6.54315 TB=10.7361 R=5.44137 G=0.225076 W=1 D=0 C=2.32716 | #2 c=960/cp=0 J=23.4274 T=9.23165 TB=10.7989 R=5.5378 G=0.31146 W=0.253304 D=0 C=1.35399[0m
calculate tsp cost matrix cost 9.33788ms

tour solver cost: 0.465992ms
[1;33m-------------Plan Global Path end-----------------[0m

total time cost: 178.816ms
[32m[planGlobalPath: succeed][0m: from EXEC_TRAJ to PLAN_TRAJ
viz&&print cost:0.018431ms
[33m[WARN] [1784399038.327846896]: [highspeed_exp adapter] optimized trajectory safety check failed; retry slower: attempt=1 guide_speed=4 t=2.15 state=out_of_map start_clearance=1.43713 segment_min_clearance=2.30206 blocked_clearance=2.30206 recovery=0 clearance_regressed=0 left_exploration_boxes=1[0m
[0m[INFO] [1784399038.301773170]: [corridor cruise path] straighten direct known-free path: len=15.4748 align=0.969188 known_free=15.4748 pts=4[0m
[0m[INFO] [1784399038.302116584]: [path condition] raw_pts=12 conditioned_pts=4 dense_pts=10 len=15.4748 known_free=15.4748 min_clearance=1.03291 turn=1.23116e-05 max_local_turn=4.09714e-07 initial_heading=0.248885 backup_feasible=1 sched_v=4 reason=known_free[0m
[0m[INFO] [1784399038.333155399]: [highspeed_exp adapter] backup not required for verified known-free terminal-stop primary. duration=7.48094 known_len=16.045[0m
[0m[INFO] [1784399038.333243875]: [highspeed_exp adapter] planned General MINCO exploration traj: pieces=3, duration=7.48094, max_v=3.07453, max_a=2.11807, sfc(raw/simplified/final)=3/2/2, corridor=general, prefix=yes, prefix_dur=0.41995, switch_delay=0.45, head_path_dist=0.263723, shifted_start=0, sched_v=4, opt_v=3, opt_bound=3, suffix_max_v=3.07453, suffix_max_a=1.88888, terminal_v=0, backup=no, backup_start=inf, backup_known_len=16.045, sched_reason=known_free[0m
[0m[INFO] [1784399038.333273087]: [31m call planner [0m: 31.698[0m
[32m[plan success: new traj pub][0m: from PLAN_TRAJ to EXEC_TRAJ
 -- [TIMER] updateMap time consuming [32m 14.953844 ms[0m
 -- [TIMER] updateMap time consuming [32m 12.019444 ms[0m
 -- [TIMER] updateMap time consuming [32m 10.447065 ms[0m
[0m[INFO] [1784399038.648199675]: [cloud input] mode=approximate_sync points=9647 age=0.0566886s stamp_valid=1[0m
 -- [TIMER] updateMap time consuming [32m 10.920268 ms[0m
 -- [TIMER] updateMap time consuming [32m 14.536166 ms[0m
 -- [TIMER] updateMap time consuming [32m 10.136964 ms[0m
[0m[INFO] [1784399038.848142817]: [global update] actual callback interval=329.291ms configured=200ms[0m


[1;33m------------- <120> Plan Global Path start---------------[0m
[0m[INFO] [1784399038.981165087]: update topo skeleton cost: 54.424057ms, update odom vertex cost:78.529528ms [0m
[0m[INFO] [1784399038.981197029]: [highspeed_exp adapter] safety map ready=1 rog_ready=1 cloud_size=9256[0m
[0m[INFO] [1784399038.992954294]: [view score] cluster=954 best_score=-4.02978 visible_gain=5 speed=2.53594 corridor_cruise=0 hard_gate=0 rejected=0 top_k=2 known_free=1 clearance=1.03383 turn=1.64133 selected_yaw=1.9635 current_yaw=0.328569 yaw_delta=1.63493 heading_known_free=11.8 vp=(-0.801464, -5.17745, 1.47143)[0m
[0m[INFO] [1784399039.004231226]: vp cluster cost: 1.349403ms  ,remove unreachable cost: 9.726926ms, select vp cost: 11.734813ms[0m
insert viewpoint to graph time: 12.0056 ms
[0m[INFO] [1784399039.016861840]: [edge cost] len=12.4691 total=3.94889 time=3.51727 turn_pen=0.371352 known_pen=0 backup_pen=0 yaw_pen=0.0602667 known_free=12.4691 min_clearance=1.50713 vel_limit=4 reason=known_free backup_feasible=1[0m
[0m[INFO] [1784399039.023576399]: [frontier lifecycle] selected cluster=982 selected_count=2 match_distance=0[0m
[0m[INFO] [1784399039.023600201]: [candidate cost] chosen_cluster=982 chosen_coverage=0 raw_best_cluster=982 raw_best_coverage=0 | #0 c=982/cp=0 J=12.0368 T=3.51727 TB=0.431618 R=4.20867 G=0.387755 W=0.0796587 D=0 C=6.66817 | #1 c=951/cp=0 J=25.0429 T=10.637 TB=7.55019 R=12 G=0.285714 W=1 D=0 C=2.32716 | #2 c=974/cp=0 J=28.8234 T=12.2763 TB=9.19671 R=5.57793 G=0.142857 W=0.127682 D=0 C=4.75976[0m
calculate tsp cost matrix cost 7.31361ms

tour solver cost: 0.487984ms
[1;33m-------------Plan Global Path end-----------------[0m

total time cost: 179.284ms
[32m[planGlobalPath: succeed][0m: from EXEC_TRAJ to PLAN_TRAJ
viz&&print cost:0.023051ms
[0m[INFO] [1784399039.027703741]: [corridor cruise path] straighten direct known-free path: len=11.8458 align=0.986485 known_free=11.8458 pts=3[0m
[0m[INFO] [1784399039.028042484]: [path condition] raw_pts=11 conditioned_pts=3 dense_pts=7 len=11.8458 known_free=11.8458 min_clearance=1.50713 turn=1.70708e-06 max_local_turn=5.62901e-07 initial_heading=0.164595 backup_feasible=1 sched_v=4 reason=known_free[0m
[0m[INFO] [1784399039.044018617]: [highspeed_exp adapter] backup not required for verified known-free terminal-stop primary. duration=4.38864 known_len=11.3455[0m
[0m[INFO] [1784399039.044077901]: [highspeed_exp adapter] planned General MINCO exploration traj: pieces=2, duration=4.38864, max_v=4.00029, max_a=3.07355, sfc(raw/simplified/final)=3/1/1, corridor=general, prefix=yes, prefix_dur=0.434787, switch_delay=0.45, head_path_dist=0.269053, shifted_start=0, sched_v=4, opt_v=4, opt_bound=4, suffix_max_v=4.00029, suffix_max_a=3.07355, terminal_v=0, backup=no, backup_start=inf, backup_known_len=11.3455, sched_reason=known_free[0m
[0m[INFO] [1784399039.044097283]: [31m call planner [0m: 16.588[0m
[32m[plan success: new traj pub][0m: from PLAN_TRAJ to EXEC_TRAJ
[0m[INFO] [1784399037.797513307]: Publish local map size: 9379[0m
[0m[INFO] [1784399038.897120171]: Publish local map size: 9675[0m
 -- [MARSIM] Running FPS: 221.129
 -- [TIMER] updateMap time consuming [32m 10.959869 ms[0m
[0m[INFO] [1784399039.073165830]: cloud odom callback cost: map update:25.7966ms  update frontier clusters: 3.16624ms  total: 28.9629ms
[0m
[0m[INFO] [1784399039.079624882]: [coverage guidance] plan valid=1 map_v=41 frontier_v=41 zones(f/u)=224/246 observed=14704/35519 coverage=0.4140 voxels(f/o/u)=7517/6212/975 active=7 reachable_unknown=152 route_nodes=160 preferred=8 cost=6.5ms[0m
 -- [TIMER] updateMap time consuming [32m 14.339140 ms[0m
 -- [TIMER] updateMap time consuming [32m 13.498833 ms[0m
 -- [TIMER] updateMap time consuming [32m 14.139057 ms[0m
 -- [TIMER] updateMap time consuming [32m 16.692721 ms[0m
 -- [TIMER] updateMap time consuming [32m 16.364999 ms[0m


[1;33m------------- <122> Plan Global Path start---------------[0m
[33m[WARN] [1784399039.652891833]: [view gate] reject cluster=954 visible_rejected=7 speed=3.05878 obs=10 reasons{known_free=7,clearance=0,turn=7,yaw=1} fov_edge_ratio=0.857143 gap_ratio=0[0m
[0m[INFO] [1784399039.643481290]: update topo skeleton cost: 34.027197ms, update odom vertex cost:49.567560ms [0m
[0m[INFO] [1784399039.655125836]: [view score] cluster=989 best_score=26.1885 visible_gain=6 speed=3.05878 corridor_cruise=1 hard_gate=1 rejected=0 top_k=2 known_free=21.1499 clearance=1.31124 turn=0.252423 selected_yaw=0.132039 current_yaw=0.132039 yaw_delta=0 heading_known_free=22.4 vp=(17.4288, 12.1948, 1.6)[0m
[0m[INFO] [1784399039.670257461]: vp cluster cost: 1.589088ms  ,remove unreachable cost: 6.957696ms, select vp cost: 17.882313ms[0m
insert viewpoint to graph time: 7.5873 ms
[0m[INFO] [1784399039.678324502]: [edge cost] len=13.5374 total=3.93789 time=3.78436 turn_pen=0.101123 known_pen=0 backup_pen=0 yaw_pen=0.0524055 known_free=13.5374 min_clearance=1.96594 vel_limit=4 reason=known_free backup_feasible=1[0m
[0m[INFO] [1784399039.679673285]: [frontier lifecycle] selected cluster=995 selected_count=3 match_distance=0[0m
[0m[INFO] [1784399039.679688786]: [candidate cost] chosen_cluster=995 chosen_coverage=0 raw_best_cluster=995 raw_best_coverage=0 | #0 c=995/cp=0 J=10.4399 T=3.78436 TB=0.153529 R=1.64453 G=0.364991 W=0.0359268 D=0 C=6.38137 | #1 c=994/cp=0 J=17.1932 T=4.75453 TB=0.142983 R=5.97071 G=0.4 W=0.0781495 D=0 C=9.92901 | #2 c=950/cp=0 J=24.6444 T=11.0643 TB=6.01232 R=7.55777 G=0.354711 W=1 D=0.333333 C=6.45378[0m
calculate tsp cost matrix cost 1.81279ms

tour solver cost: 0.340993ms
[1;33m-------------Plan Global Path end-----------------[0m

total time cost: 121.085ms
[32m[planGlobalPath: succeed][0m: from EXEC_TRAJ to PLAN_TRAJ
viz&&print cost:0.018212ms
[0m[INFO] [1784399039.681178387]: [corridor cruise path] straighten direct known-free path: len=13.2249 align=0.989132 known_free=13.2249 pts=4[0m
[0m[INFO] [1784399039.681593636]: [path condition] raw_pts=34 conditioned_pts=4 dense_pts=7 len=13.2249 known_free=13.2249 min_clearance=2.13329 turn=9.92115e-07 max_local_turn=2.04314e-07 initial_heading=0.147568 backup_feasible=1 sched_v=4 reason=known_free[0m
[0m[INFO] [1784399039.704292748]: [highspeed_exp adapter] backup not required for verified known-free terminal-stop primary. duration=4.45702 known_len=12.7705[0m
[0m[INFO] [1784399039.704352002]: [highspeed_exp adapter] planned General MINCO exploration traj: pieces=3, duration=4.45702, max_v=4.00083, max_a=3.39889, sfc(raw/simplified/final)=3/2/2, corridor=general, prefix=yes, prefix_dur=0.428018, switch_delay=0.45, head_path_dist=0.112283, shifted_start=0, sched_v=4, opt_v=4, opt_bound=4, suffix_max_v=4.00083, suffix_max_a=3.39889, terminal_v=0, backup=no, backup_start=inf, backup_known_len=12.7705, sched_reason=known_free[0m
[0m[INFO] [1784399039.704376204]: [31m call planner [0m: 23.391[0m
[32m[plan success: new traj pub][0m: from PLAN_TRAJ to EXEC_TRAJ
[0m[INFO] [1784399039.704460649]: [cloud input] mode=approximate_sync points=10028 age=0.0129731s stamp_valid=1[0m
 -- [TIMER] updateMap time consuming [32m 14.822504 ms[0m
 -- [TIMER] updateMap time consuming [32m 14.424307 ms[0m
[0m[INFO] [1784399039.881051205]: [global update] actual callback interval=321.165ms configured=200ms[0m
 -- [TIMER] updateMap time consuming [32m 13.934293 ms[0m
 -- [TIMER] updateMap time consuming [32m 13.646231 ms[0m
 -- [TIMER] updateMap time consuming [32m 13.770450 ms[0m
[0m[INFO] [1784399040.122884601]: cloud odom callback cost: map update:23.1141ms  update frontier clusters: 3.26126ms  total: 26.3754ms
[0m


[1;33m------------- <124> Plan Global Path start---------------[0m
[0m[INFO] [1784399040.289813259]: update topo skeleton cost: 40.980318ms, update odom vertex cost:68.450174ms [0m
[0m[INFO] [1784399040.300418373]: [view score] cluster=960 best_score=2.15424 visible_gain=11 speed=3.13995 corridor_cruise=0 hard_gate=0 rejected=0 top_k=2 known_free=1.8 clearance=2.17496 turn=1.80579 selected_yaw=-1.9635 current_yaw=0.091882 yaw_delta=2.05538 heading_known_free=11.2 vp=(-3.28873, 3.21127, 3)[0m
[0m[INFO] [1784399040.312627696]: vp cluster cost: 1.670064ms  ,remove unreachable cost: 8.180049ms, select vp cost: 12.699057ms[0m
insert viewpoint to graph time: 12.9495 ms
[0m[INFO] [1784399040.326115288]: [edge cost] len=18.158 total=19.0608 time=9.27901 turn_pen=9.69954 known_pen=0 backup_pen=0 yaw_pen=0.0822151 known_free=18.158 min_clearance=0.573613 vel_limit=2 reason=curvature backup_feasible=1[0m
[0m[INFO] [1784399040.335673890]: [candidate cost] chosen_cluster=1003 chosen_coverage=0 raw_best_cluster=1003 raw_best_coverage=0 | #0 c=1003/cp=0 J=10.5843 T=3.17633 TB=0.537903 R=2.75191 G=0.318309 W=0.0351631 D=0 C=6.04586 | #1 c=1004/cp=0 J=12.8801 T=4.66047 TB=0.769035 R=3.64998 G=0.0909091 W=0.00119624 D=0 C=5.62671 | #2 c=1005/cp=0 J=14.7833 T=4.78922 TB=0.703788 R=5.24014 G=0.38713 W=0.113836 D=0 C=7.3532[0m
calculate tsp cost matrix cost 10.0684ms

tour solver cost: 0.504554ms
[1;33m-------------Plan Global Path end-----------------[0m

total time cost: 157.138ms
[32m[planGlobalPath: succeed][0m: from EXEC_TRAJ to PLAN_TRAJ
viz&&print cost:0.021881ms
[0m[INFO] [1784399040.337737921]: [corridor cruise path] straighten direct known-free path: len=10.736 align=0.998743 known_free=10.736 pts=3[0m
[0m[INFO] [1784399040.338096946]: [path condition] raw_pts=27 conditioned_pts=3 dense_pts=7 len=10.736 known_free=10.736 min_clearance=2.39839 turn=2.95189e-06 max_local_turn=1.03496e-06 initial_heading=0.0501383 backup_feasible=1 sched_v=4 reason=known_free[0m
[0m[INFO] [1784399040.353682700]: [highspeed_exp adapter] backup not required for verified known-free terminal-stop primary. duration=4.0374 known_len=10.1573[0m
[0m[INFO] [1784399040.353750564]: [highspeed_exp adapter] planned General MINCO exploration traj: pieces=2, duration=4.0374, max_v=3.94374, max_a=2.54537, sfc(raw/simplified/final)=3/1/1, corridor=general, prefix=yes, prefix_dur=0.435237, switch_delay=0.45, head_path_dist=0.124898, shifted_start=0, sched_v=3, opt_v=3, opt_bound=3.94302, suffix_max_v=3.94374, suffix_max_a=2.54537, terminal_v=0, backup=no, backup_start=inf, backup_known_len=10.1573, sched_reason=known_free[0m
[0m[INFO] [1784399040.353786197]: [31m call planner [0m: 16.255[0m
[32m[plan success: new traj pub][0m: from PLAN_TRAJ to EXEC_TRAJ
 -- [TIMER] updateMap time consuming [32m 12.337762 ms[0m
 -- [TIMER] updateMap time consuming [32m 11.938155 ms[0m
 -- [TIMER] updateMap time consuming [32m 13.413296 ms[0m
 -- [TIMER] updateMap time consuming [32m 17.183424 ms[0m
 -- [TIMER] updateMap time consuming [32m 14.257983 ms[0m
[0m[INFO] [1784399040.796495936]: [cloud input] mode=approximate_sync points=9867 age=0.00498314s stamp_valid=1[0m
 -- [TIMER] updateMap time consuming [32m 14.547233 ms[0m


[1;33m------------- <126> Plan Global Path start---------------[0m
[0m[INFO] [1784399041.036321788]: update topo skeleton cost: 48.281357ms, update odom vertex cost:121.278648ms [0m
[0m[INFO] [1784399041.036350210]: [highspeed_exp adapter] safety map ready=1 rog_ready=1 cloud_size=9867[0m
[0m[INFO] [1784399041.045691967]: [view score] cluster=948 best_score=23.6729 visible_gain=32 speed=3.6844 corridor_cruise=0 hard_gate=0 rejected=0 top_k=1 known_free=2 clearance=1.18595 turn=1.59685 selected_yaw=0.392699 current_yaw=0.0766273 yaw_delta=0.316072 heading_known_free=7 vp=(1.25465, 0.102687, 1.56617)[0m
[0m[INFO] [1784399041.052754359]: vp cluster cost: 1.906730ms  ,remove unreachable cost: 7.022009ms, select vp cost: 7.324299ms[0m
insert viewpoint to graph time: 16.823 ms
[0m[INFO] [1784399041.070050698]: [edge cost] len=8.93339 total=3.59973 time=3.2778 turn_pen=0.271746 known_pen=0 backup_pen=0 yaw_pen=0.050189 known_free=8.93339 min_clearance=2.2198 vel_limit=3 reason=known_free backup_feasible=1[0m
[0m[INFO] [1784399041.085163658]: [goal lock] keep goal idx=0 candidate_idx=2 locked_cost=11.6839 candidate_cost=8.73289 since=1.40547 high_speed=1[0m
[0m[INFO] [1784399041.085199251]: [candidate cost] chosen_cluster=1016 chosen_coverage=0 raw_best_cluster=950 raw_best_coverage=0 | #0 c=950/cp=0 J=8.73289 T=4.62424 TB=0.675639 R=5.97649 G=0.307477 W=1 D=0.333333 C=3.09423 | #1 c=1016/cp=0 J=11.6839 T=3.2778 TB=0.321935 R=4.72124 G=0.278071 W=0.0762799 D=0 C=6.15805 | #2 c=1017/cp=0 J=12.3124 T=3.69644 TB=0.594034 R=7.29391 G=0.0909091 W=0.0423132 D=0 C=4.2556[0m
calculate tsp cost matrix cost 15.5301ms

tour solver cost: 0.784934ms
[1;33m-------------Plan Global Path end-----------------[0m

total time cost: 220.547ms
[32m[planGlobalPath: succeed][0m: from EXEC_TRAJ to PLAN_TRAJ
viz&&print cost:0.015211ms
[0m[INFO] [1784399041.087810879]: [path condition] raw_pts=5 conditioned_pts=3 dense_pts=6 len=8.93339 known_free=8.93339 min_clearance=2.2198 turn=0.492999 max_local_turn=0.492999 initial_heading=0.164333 backup_feasible=1 sched_v=3 reason=known_free[0m
[0m[INFO] [1784399041.098247060]: [highspeed_exp adapter] backup not required for verified known-free terminal-stop primary. duration=2.96416 known_len=7.79284[0m
[0m[INFO] [1784399041.098299354]: [highspeed_exp adapter] planned General MINCO exploration traj: pieces=2, duration=2.96416, max_v=3.95371, max_a=3.57093, sfc(raw/simplified/final)=3/1/1, corridor=general, prefix=yes, prefix_dur=0.44016, switch_delay=0.45, head_path_dist=0.544391, shifted_start=0, sched_v=3, opt_v=3, opt_bound=4.23966, suffix_max_v=3.95371, suffix_max_a=3.57093, terminal_v=0, backup=no, backup_start=inf, backup_known_len=7.79284, sched_reason=known_free[0m
[0m[INFO] [1784399041.098319195]: [31m call planner [0m: 10.996[0m
[32m[plan success: new traj pub][0m: from PLAN_TRAJ to EXEC_TRAJ
 -- [TIMER] updateMap time consuming [32m 18.166569 ms[0m
[0m[INFO] [1784399041.131191036]: cloud odom callback cost: map update:29.3904ms  update frontier clusters: 3.34562ms  total: 32.736ms
[0m
[0m[INFO] [1784399041.137753134]: [coverage guidance] plan valid=1 map_v=43 frontier_v=43 zones(f/u)=239/247 observed=15514/35519 coverage=0.4368 voxels(f/o/u)=8188/6280/1046 active=7 reachable_unknown=152 route_nodes=160 preferred=8 cost=6.6ms[0m
 -- [TIMER] updateMap time consuming [32m 15.146162 ms[0m
[0m[INFO] [1784399041.287372426]: [global update] actual callback interval=420.619ms configured=200ms[0m


[1;33m------------- <127> Plan Global Path start---------------[0m
[0m[INFO] [1784399041.455404932]: update topo skeleton cost: 58.417793ms, update odom vertex cost:109.562070ms [0m
[0m[INFO] [1784399041.476412195]: vp cluster cost: 2.105844ms  ,remove unreachable cost: 8.925348ms, select vp cost: 9.763076ms[0m
insert viewpoint to graph time: 12.7723 ms
calculate tsp cost matrix cost 10.7784ms

tour solver cost: 1.55897ms
[1;33m-------------Plan Global Path end-----------------[0m

total time cost: 215.436ms
[32m[planGlobalPath: succeed][0m: from EXEC_TRAJ to PLAN_TRAJ
viz&&print cost:0.015951ms
[0m[INFO] [1784399041.503305208]: [path condition] raw_pts=5 conditioned_pts=3 dense_pts=5 len=7.58168 known_free=7.58168 min_clearance=2.2198 turn=0.437693 max_local_turn=0.437693 initial_heading=0.205008 backup_feasible=1 sched_v=3 reason=known_free[0m
[0m[INFO] [1784399041.511359318]: [highspeed_exp adapter] planned General MINCO exploration traj: pieces=3, duration=2.67605, max_v=3.95371, max_a=3.40389, sfc(raw/simplified/final)=3/1/1, corridor=general, prefix=yes, prefix_dur=0.442491, switch_delay=0.45, head_path_dist=0.709563, shifted_start=0, sched_v=2.77992, opt_v=2.77992, opt_bound=4.25346, suffix_max_v=3.95346, suffix_max_a=3.40389, terminal_v=0, backup=no, backup_start=inf, backup_known_len=6.5408, sched_reason=curvature[0m
[0m[INFO] [1784399041.511380259]: [31m call planner [0m: 8.500[0m
[32m[plan success: new traj pub][0m: from PLAN_TRAJ to EXEC_TRAJ
[0m[INFO] [1784399039.996414294]: Publish local map size: 9938[0m
[0m[INFO] [1784399041.096428316]: Publish local map size: 9513[0m
 -- [MARSIM] Running FPS: 227.548
 -- [TIMER] updateMap time consuming [32m 20.210508 ms[0m
 -- [TIMER] updateMap time consuming [32m 16.959156 ms[0m
 -- [TIMER] updateMap time consuming [32m 14.941639 ms[0m


[1;33m------------- <128> Plan Global Path start---------------[0m
[0m[INFO] [1784399041.908442061]: update topo skeleton cost: 60.379697ms, update odom vertex cost:121.891170ms [0m
[0m[INFO] [1784399041.920362374]: [view score] cluster=954 best_score=-4.4938 visible_gain=5 speed=3.94765 corridor_cruise=0 hard_gate=0 rejected=0 top_k=2 known_free=2.4 clearance=1.03383 turn=1.94142 selected_yaw=1.9635 current_yaw=0.139881 yaw_delta=1.82361 heading_known_free=7.4 vp=(-0.801464, -5.17745, 1.47143)[0m
[0m[INFO] [1784399041.925905172]: vp cluster cost: 1.255696ms  ,remove unreachable cost: 9.798488ms, select vp cost: 6.188882ms[0m
insert viewpoint to graph time: 7.41577 ms
[0m[INFO] [1784399041.933790040]: [edge cost] len=14.8421 total=12.0919 time=7.62106 turn_pen=4.38675 known_pen=0 backup_pen=0 yaw_pen=0.084135 known_free=14.8421 min_clearance=0.639439 vel_limit=2 reason=curvature backup_feasible=1[0m
[0m[INFO] [1784399041.941417080]: [frontier lifecycle] selected cluster=1033 selected_count=1 match_distance=0[0m
[0m[INFO] [1784399041.941439772]: [candidate cost] chosen_cluster=1033 chosen_coverage=0 raw_best_cluster=1033 raw_best_coverage=0 | #0 c=1033/cp=0 J=13.215 T=3.053 TB=0.577522 R=9.61082 G=0.298205 W=0.203463 D=0 C=5.20014 | #1 c=950/cp=0 J=15.4843 T=7.62106 TB=4.47088 R=3.92468 G=0.285376 W=1 D=0.333333 C=4.1379 | #2 c=951/cp=0 J=17.3652 T=7.50502 TB=6.52122 R=5.037 G=0.285714 W=1 D=0 C=2.64[0m
calculate tsp cost matrix cost 8.07843ms

tour solver cost: 0.487883ms
[1;33m-------------Plan Global Path end-----------------[0m

total time cost: 217.071ms
[32m[planGlobalPath: succeed][0m: from EXEC_TRAJ to PLAN_TRAJ
[0m[INFO] [1784399041.943231974]: [frontier storage] labels=7237/7517 normals=268/823 clusters=17 terminal=0 cluster_cells(cap)=219 candidates(cap)=24 derived_viewpoints(cap)=0 estimated_kb=140.548 revision=257 audit_ready=0[0m
viz&&print cost:0.029172ms
[0m[INFO] [1784399041.943768330]: [path condition] raw_pts=5 conditioned_pts=3 dense_pts=6 len=8.259 known_free=8.259 min_clearance=2.17482 turn=0.406098 max_local_turn=4.58317e-07 initial_heading=0.305804 backup_feasible=1 sched_v=3 reason=known_free[0m
[0m[INFO] [1784399041.952766204]: [highspeed_exp adapter] backup not required for verified known-free terminal-stop primary. duration=3.08099 known_len=7.31203[0m
[0m[INFO] [1784399041.952831448]: [highspeed_exp adapter] planned General MINCO exploration traj: pieces=3, duration=3.08099, max_v=3.95348, max_a=3.00712, sfc(raw/simplified/final)=3/1/1, corridor=general, prefix=yes, prefix_dur=0.44181, switch_delay=0.45, head_path_dist=1.07172, shifted_start=0, sched_v=3, opt_v=3, opt_bound=4.08685, suffix_max_v=3.78685, suffix_max_a=3.00712, terminal_v=0, backup=no, backup_start=inf, backup_known_len=7.31203, sched_reason=known_free[0m
[0m[INFO] [1784399041.952852630]: [31m call planner [0m: 9.594[0m
[32m[plan success: new traj pub][0m: from PLAN_TRAJ to EXEC_TRAJ
[0m[INFO] [1784399041.952946636]: [cloud input] mode=approximate_sync points=9576 age=0.0614512s stamp_valid=1[0m
 -- [TIMER] updateMap time consuming [32m 18.193000 ms[0m
 -- [TIMER] updateMap time consuming [32m 16.071315 ms[0m
 -- [TIMER] updateMap time consuming [32m 16.660144 ms[0m
 -- [TIMER] updateMap time consuming [32m 22.753739 ms[0m
[0m[INFO] [1784399042.341484824]: cloud odom callback cost: map update:38.8994ms  update frontier clusters: 3.53263ms  total: 42.4321ms
[0m
 -- [TIMER] updateMap time consuming [32m 15.804186 ms[0m
 -- [TIMER] updateMap time consuming [32m 13.183668 ms[0m
[0m[INFO] [1784399042.523929385]: [global update] actual callback interval=380.606ms configured=200ms[0m


[1;33m------------- <130> Plan Global Path start---------------[0m
[0m[INFO] [1784399042.686577039]: update topo skeleton cost: 42.479302ms, update odom vertex cost:120.119739ms [0m
[0m[INFO] [1784399042.698968022]: [view score] cluster=960 best_score=9.04611 visible_gain=11 speed=3.68825 corridor_cruise=0 hard_gate=0 rejected=0 top_k=2 known_free=4 clearance=2.17496 turn=2.51142 selected_yaw=-1.9635 current_yaw=0.173631 yaw_delta=2.13713 heading_known_free=11.6 vp=(-3.28873, 3.21127, 3)[0m
[0m[INFO] [1784399042.702901220]: vp cluster cost: 1.950083ms  ,remove unreachable cost: 9.196976ms, select vp cost: 4.931636ms[0m
insert viewpoint to graph time: 11.2456 ms
[0m[INFO] [1784399042.714670181]: [edge cost] len=15.4692 total=6.76527 time=5.34254 turn_pen=1.31973 known_pen=0 backup_pen=0 yaw_pen=0.103011 known_free=15.4692 min_clearance=0.88088 vel_limit=3.07214 reason=curvature backup_feasible=1[0m
[0m[INFO] [1784399042.716386298]: [frontier lifecycle] selected cluster=1044 selected_count=1 match_distance=0[0m
[0m[INFO] [1784399042.716406610]: [candidate cost] chosen_cluster=1044 chosen_coverage=0 raw_best_cluster=1044 raw_best_coverage=0 | #0 c=1044/cp=0 J=4.6279 T=5.34254 TB=1.42274 R=0.093353 G=0.285714 W=1 D=0.333333 C=0.716039 | #1 c=1046/cp=0 J=9.5939 T=6.0468 TB=4.40684 R=0 G=0.47551 W=1 D=0.333333 C=2.42461 | #2 c=1048/cp=0 J=9.74052 T=5.14865 TB=1.31973 R=3.31412 G=0.25 W=0.000827833 D=0 C=1.95062[0m
calculate tsp cost matrix cost 2.23332ms

tour solver cost: 0.402827ms
[1;33m-------------Plan Global Path end-----------------[0m

total time cost: 194.122ms
[32m[planGlobalPath: succeed][0m: from EXEC_TRAJ to PLAN_TRAJ
viz&&print cost:0.049063ms
[33m[WARN] [1784399042.718683244]: [highspeed_exp adapter] reject frontend path: failed to align optimization head. head_path_dist=1.65117 max_allowed=1.125 switch_delay=0.45 speed=3.65449[0m
[0m[INFO] [1784399042.718651682]: [path condition] raw_pts=43 conditioned_pts=7 dense_pts=11 len=16.6612 known_free=16.6612 min_clearance=0.495767 turn=2.38925 max_local_turn=1.24951 initial_heading=0.663522 backup_feasible=1 sched_v=2 reason=curvature[0m
[0m[INFO] [1784399042.718697065]: [31m call planner [0m: 0.539[0m
[31m[PLAN_TRAJ: plan failed, keep safe terminal-stop trajectory][0m: from PLAN_TRAJ to EXEC_TRAJ
 -- [TIMER] updateMap time consuming [32m 17.613650 ms[0m
 -- [TIMER] updateMap time consuming [32m 15.419589 ms[0m
 -- [TIMER] updateMap time consuming [32m 17.595068 ms[0m


[1;33m------------- <131> Plan Global Path start---------------[0m
[0m[INFO] [1784399043.015064442]: update topo skeleton cost: 32.558017ms, update odom vertex cost:55.031516ms [0m
[0m[INFO] [1784399043.031632078]: vp cluster cost: 1.838855ms  ,remove unreachable cost: 8.461486ms, select vp cost: 6.053291ms[0m
insert viewpoint to graph time: 9.37505 ms
calculate tsp cost matrix cost 10.5192ms

tour solver cost: 3.76957ms
[1;33m-------------Plan Global Path end-----------------[0m

total time cost: 130.139ms
[32m[planGlobalPath: succeed][0m: from EXEC_TRAJ to PLAN_TRAJ
viz&&print cost:0.016731ms
[33m[WARN] [1784399043.058156071]: [highspeed_exp adapter] reject frontend path: failed to align optimization head. head_path_dist=1.51854 max_allowed=1.125 switch_delay=0.45 speed=3.27361[0m
[0m[INFO] [1784399043.058130809]: [path condition] raw_pts=9 conditioned_pts=3 dense_pts=7 len=14.2015 known_free=14.2015 min_clearance=1.61994 turn=0.99674 max_local_turn=0.99674 initial_heading=0.826715 backup_feasible=1 sched_v=2.22826 reason=curvature[0m
[0m[INFO] [1784399043.058167782]: [31m call planner [0m: 0.544[0m
[31m[PLAN_TRAJ: plan failed, keep safe terminal-stop trajectory][0m: from PLAN_TRAJ to EXEC_TRAJ
[0m[INFO] [1784399043.058239987]: [cloud input] mode=approximate_sync points=9349 age=0.0667493s stamp_valid=1[0m
 -- [TIMER] updateMap time consuming [32m 18.678290 ms[0m
 -- [TIMER] updateMap time consuming [32m 16.111066 ms[0m
 -- [TIMER] updateMap time consuming [32m 18.518389 ms[0m


[1;33m------------- <132> Plan Global Path start---------------[0m
[0m[INFO] [1784399043.327014879]: update topo skeleton cost: 23.608595ms, update odom vertex cost:45.715128ms [0m
[0m[INFO] [1784399043.327050582]: [highspeed_exp adapter] safety map ready=1 rog_ready=1 cloud_size=9984[0m
[0m[INFO] [1784399043.337877368]: [view score] cluster=1038 best_score=-6.4819 visible_gain=3 speed=3.09795 corridor_cruise=0 hard_gate=0 rejected=0 top_k=2 known_free=3.6 clearance=1.37561 turn=2.24526 selected_yaw=1.1781 current_yaw=0.516687 yaw_delta=0.66141 heading_known_free=9.8 vp=(3.21127, -8.41127, 3.9)[0m
[0m[INFO] [1784399043.344688631]: vp cluster cost: 1.664233ms  ,remove unreachable cost: 8.343447ms, select vp cost: 7.379932ms[0m
insert viewpoint to graph time: 16.4981 ms
[0m[INFO] [1784399043.361723739]: [edge cost] len=16.1768 total=15.2797 time=8.28839 turn_pen=6.99133 known_pen=0 backup_pen=0 yaw_pen=0 known_free=16.1768 min_clearance=0.515132 vel_limit=2 reason=curvature backup_feasible=1[0m
[0m[INFO] [1784399043.371058233]: [candidate cost] chosen_cluster=1044 chosen_coverage=0 raw_best_cluster=1044 raw_best_coverage=0 | #0 c=1044/cp=0 J=9.70383 T=7.00477 TB=1.93996 R=1.21246 G=0.285714 W=0.0349056 D=0 C=0.716039 | #1 c=1043/cp=0 J=15.6425 T=11.5124 TB=1.93996 R=7.32215 G=0.638554 W=1 D=0.333333 C=1.77342 | #2 c=951/cp=0 J=21.556 T=7.99919 TB=7.09051 R=2.96832 G=0.285714 W=1 D=0 C=6.90514[0m
calculate tsp cost matrix cost 9.84757ms

tour solver cost: 0.554578ms
[1;33m-------------Plan Global Path end-----------------[0m

total time cost: 115.36ms
[32m[planGlobalPath: succeed][0m: from EXEC_TRAJ to PLAN_TRAJ
viz&&print cost:0.014871ms
[33m[WARN] [1784399043.466250355]: [highspeed_exp adapter] reject frontend path: failed to align optimization head. head_path_dist=1.739 max_allowed=1.125 switch_delay=0.45 speed=2.9505[0m
 -- [TIMER] updateMap time consuming [32m 12.520252 ms[0m
[0m[INFO] [1784399043.401474521]: cloud odom callback cost: map update:25.3394ms  update frontier clusters: 3.00709ms  total: 28.3465ms
[0m
[0m[INFO] [1784399043.408844782]: [coverage guidance] plan valid=1 map_v=45 frontier_v=45 zones(f/u)=274/245 observed=16562/35519 coverage=0.4663 voxels(f/o/u)=8961/6411/1190 active=12 reachable_unknown=147 route_nodes=160 preferred=13 cost=7.4ms[0m
 -- [TIMER] updateMap time consuming [32m 11.767149 ms[0m
[0m[INFO] [1784399043.466213872]: [path condition] raw_pts=9 conditioned_pts=4 dense_pts=8 len=13.6095 known_free=13.6095 min_clearance=1.59789 turn=0.998465 max_local_turn=0.866 initial_heading=1.22327 backup_feasible=1 sched_v=2 reason=curvature[0m
[0m[INFO] [1784399043.466280787]: [31m call planner [0m: 0.843[0m
[31m[PLAN_TRAJ: plan failed, keep safe terminal-stop trajectory][0m: from PLAN_TRAJ to EXEC_TRAJ
 -- [TIMER] updateMap time consuming [32m 12.596326 ms[0m
[0m[INFO] [1784399043.573110910]: [global update] actual callback interval=315.432ms configured=200ms[0m


[1;33m------------- <133> Plan Global Path start---------------[0m
[0m[INFO] [1784399043.644662444]: update topo skeleton cost: 29.755293ms, update odom vertex cost:41.745048ms [0m
[0m[INFO] [1784399043.674136648]: vp cluster cost: 1.624610ms  ,remove unreachable cost: 10.359394ms, select vp cost: 17.310287ms[0m
insert viewpoint to graph time: 15.7952 ms
[0m[INFO] [1784399043.692243569]: [candidate cost] chosen_cluster=1044 coverage_id=0 total=21.1428 travel=6.86156 turn_brake=2.42735 future_return=0 gain=0.285714 wait=0.0532068 debt=0 coverage=12.5052 failed_goal=0[0m
[1;33m-------------Plan Global Path end-----------------[0m

total time cost: 120.533ms
[32m[planGlobalPath: succeed][0m: from EXEC_TRAJ to PLAN_TRAJ
viz&&print cost:0.035813ms
[0m[INFO] [1784399042.198417323]: Publish local map size: 9580[0m
[0m[INFO] [1784399043.296467052]: Publish local map size: 9957[0m
 -- [MARSIM] Running FPS: 216.404
 -- [TIMER] updateMap time consuming [32m 11.313550 ms[0m
 -- [TIMER] updateMap time consuming [32m 10.684096 ms[0m
 -- [TIMER] updateMap time consuming [32m 11.718417 ms[0m


[1;33m------------- <134> Plan Global Path start---------------[0m
[0m[INFO] [1784399043.976933693]: update topo skeleton cost: 21.606668ms, update odom vertex cost:61.536614ms [0m
[0m[INFO] [1784399043.988716504]: [view score] cluster=954 best_score=2.51217 visible_gain=5 speed=2.22828 corridor_cruise=0 hard_gate=0 rejected=0 top_k=2 known_free=5 clearance=1.03383 turn=2.7491 selected_yaw=1.9635 current_yaw=0.692227 yaw_delta=1.27127 heading_known_free=5 vp=(-0.801464, -5.17745, 1.47143)[0m
[0m[INFO] [1784399044.006340401]: vp cluster cost: 1.582247ms  ,remove unreachable cost: 9.080287ms, select vp cost: 18.608935ms[0m
insert viewpoint to graph time: 10.0857 ms
[0m[INFO] [1784399044.017146975]: [edge cost] len=13.2979 total=9.67743 time=6.84893 turn_pen=2.74623 known_pen=0 backup_pen=0 yaw_pen=0.0822667 known_free=13.2979 min_clearance=1.59789 vel_limit=2 reason=curvature backup_feasible=1[0m
[0m[INFO] [1784399044.018681129]: [goal lock] keep goal idx=0 candidate_idx=1 locked_cost=21.5037 candidate_cost=19.876 since=1.30229 high_speed=0[0m
[0m[INFO] [1784399044.018711281]: [candidate cost] chosen_cluster=1044 chosen_coverage=0 raw_best_cluster=1043 raw_best_coverage=0 | #0 c=1043/cp=0 J=19.876 T=11.2828 TB=2.8285 R=1.81489 G=0.638554 W=1 D=0.333333 C=8.37699 | #1 c=1044/cp=0 J=21.5037 T=6.84893 TB=2.8285 R=0 G=0.285714 W=0.0716627 D=0 C=12.5052[0m
calculate tsp cost matrix cost 2.23886ms

tour solver cost: 0.526325ms
[1;33m-------------Plan Global Path end-----------------[0m

total time cost: 126.946ms
[32m[planGlobalPath: succeed][0m: from PLAN_TRAJ to PLAN_TRAJ
viz&&print cost:0.018781ms
 -- [TIMER] updateMap time consuming [32m 9.911153 ms[0m
[0m[INFO] [1784399044.073091543]: [path condition] raw_pts=8 conditioned_pts=4 dense_pts=8 len=13.2979 known_free=13.2979 min_clearance=1.59789 turn=0.712922 max_local_turn=0.580456 initial_heading=1.70786 backup_feasible=1 sched_v=2 reason=curvature[0m
[0m[INFO] [1784399044.094076707]: [highspeed_exp adapter] backup not required for verified known-free terminal-stop primary. duration=13.6579 known_len=14.8502[0m
[0m[INFO] [1784399044.094234418]: [highspeed_exp adapter] planned General MINCO exploration traj: pieces=3, duration=13.6579, max_v=2.27511, max_a=3.00712, sfc(raw/simplified/final)=3/2/2, corridor=general, prefix=yes, prefix_dur=0.430803, switch_delay=0.45, head_path_dist=0.849726, shifted_start=0, sched_v=2, opt_v=2, opt_bound=4, suffix_max_v=2.27511, suffix_max_a=2.20398, terminal_v=0, backup=no, backup_start=inf, backup_known_len=14.8502, sched_reason=curvature[0m
[0m[INFO] [1784399044.094279911]: [31m call planner [0m: 21.984[0m
[32m[plan success: new traj pub][0m: from PLAN_TRAJ to EXEC_TRAJ
[0m[INFO] [1784399044.096631971]: [cloud input] mode=approximate_sync points=9593 age=0.00513502s stamp_valid=1[0m
 -- [TIMER] updateMap time consuming [32m 10.981836 ms[0m
 -- [TIMER] updateMap time consuming [32m 10.889839 ms[0m
 -- [TIMER] updateMap time consuming [32m 8.232509 ms[0m
 -- [TIMER] updateMap time consuming [32m 9.155762 ms[0m
[0m[INFO] [1784399044.417390345]: cloud odom callback cost: map update:17.9185ms  update frontier clusters: 3.04573ms  total: 20.9642ms
[0m
 -- [TIMER] updateMap time consuming [32m 8.848710 ms[0m


[1;33m------------- <136> Plan Global Path start---------------[0m
[0m[INFO] [1784399044.601529635]: update topo skeleton cost: 23.933135ms, update odom vertex cost:61.668357ms [0m
[0m[INFO] [1784399044.611417137]: [view score] cluster=954 best_score=2.40659 visible_gain=5 speed=0.507546 corridor_cruise=0 hard_gate=0 rejected=0 top_k=2 known_free=5.6 clearance=1.03383 turn=2.88602 selected_yaw=1.9635 current_yaw=0.703552 yaw_delta=1.25994 heading_known_free=3.6 vp=(-0.801464, -5.17745, 1.47143)[0m
[0m[INFO] [1784399044.630502262]: vp cluster cost: 1.553205ms  ,remove unreachable cost: 7.569124ms, select vp cost: 19.731809ms[0m
insert viewpoint to graph time: 9.67675 ms
[33m[WARN] [1784399044.641830611]: [candidate gate] all reachable frontiers require reversal; keep current command and brake before reorientation. speed=0.507546 rejected=8[0m
[0m[INFO] [1784399044.640696624]: [edge cost] len=14.8412 total=16.1795 time=7.62058 turn_pen=8.50856 known_pen=0 backup_pen=0 yaw_pen=0.0503978 known_free=14.8412 min_clearance=0.650667 vel_limit=2 reason=curvature backup_feasible=1[0m
[1;33m-------------Plan Global Path end-----------------[0m

total time cost: 125.985ms
[31m[planGlobalPath: brake before goal reversal][0m: from EXEC_TRAJ to REORIENT
viz&&print cost:0.016921ms
[33m[WARN] [1784399044.642038745]: [controlled stop] committed braking trajectory: id=62 speed=0.119395 prefix=0.08 duration=0.73 distance=0.00365203 terminal_v=1.35662e-15 terminal_a=2.17558e-15[0m
[33m[WARN] [1784399044.642060106]: [controlled stop] published braking trajectory id=62 duration=0.73[0m
[33m[WARN] [1784399044.642071477]: [reorient] request controlled stop: speed=0.507546 elapsed=2.3951e-05 backup_braking=0 odom_age=0.126025[0m
[33m[WARN] [1784399044.642081668]: [reorient] braking before goal reversal: speed=0.507546 elapsed=2.3951e-05 backup_braking=0 odom_age=0.126025 odom_fresh=1[0m
 -- [TIMER] updateMap time consuming [32m 8.432782 ms[0m
[32m[REORIENT: vehicle stopped][0m: from REORIENT to PLAN_TRAJ
[0m[INFO] [1784399044.662400607]: [path condition] raw_pts=8 conditioned_pts=4 dense_pts=8 len=13.4781 known_free=13.4781 min_clearance=1.59789 turn=0.578073 max_local_turn=0.445608 initial_heading=1.79657 backup_feasible=1 sched_v=2 reason=curvature[0m
[0m[INFO] [1784399044.685467273]: [highspeed_exp adapter] backup not required for verified known-free terminal-stop primary. duration=14.3987 known_len=13.3687[0m
[0m[INFO] [1784399044.685711670]: [highspeed_exp adapter] planned General MINCO exploration traj: pieces=2, duration=14.3987, max_v=2.00251, max_a=0.48559, sfc(raw/simplified/final)=3/2/2, corridor=general, prefix=no, prefix_dur=0, switch_delay=0, head_path_dist=inf, shifted_start=0, sched_v=2, opt_v=2, opt_bound=4, suffix_max_v=2.00251, suffix_max_a=0.48559, terminal_v=0, backup=no, backup_start=inf, backup_known_len=13.3687, sched_reason=curvature[0m
[0m[INFO] [1784399044.685758603]: [31m call planner [0m: 24.028[0m
[32m[plan success: new traj pub][0m: from PLAN_TRAJ to EXEC_TRAJ
 -- [TIMER] updateMap time consuming [32m 7.145766 ms[0m
 -- [TIMER] updateMap time consuming [32m 6.941721 ms[0m
[0m[INFO] [1784399044.841981728]: [global update] actual callback interval=326.059ms configured=200ms[0m
 -- [TIMER] updateMap time consuming [32m 6.546894 ms[0m
 -- [TIMER] updateMap time consuming [32m 6.912748 ms[0m
[0m[INFO] [1784399045.096767245]: [cloud input] mode=approximate_sync points=9943 age=0.00524655s stamp_valid=1[0m
 -- [TIMER] updateMap time consuming [32m 7.237771 ms[0m


[1;33m------------- <138> Plan Global Path start---------------[0m
[0m[INFO] [1784399045.174424338]: update topo skeleton cost: 8.682098ms, update odom vertex cost:42.312189ms [0m
[0m[INFO] [1784399045.185845273]: [view score] cluster=954 best_score=6.37738 visible_gain=5 speed=0.00333075 corridor_cruise=0 hard_gate=0 rejected=0 top_k=2 known_free=5.8 clearance=1.03383 turn=0 selected_yaw=1.9635 current_yaw=0.623869 yaw_delta=1.33963 heading_known_free=4.4 vp=(-0.801464, -5.17745, 1.47143)[0m
[0m[INFO] [1784399045.205355605]: vp cluster cost: 1.885247ms  ,remove unreachable cost: 8.433382ms, select vp cost: 20.484749ms[0m
insert viewpoint to graph time: 9.90755 ms
[0m[INFO] [1784399045.215831315]: [edge cost] len=13.4965 total=9.94519 time=6.94823 turn_pen=2.91196 known_pen=0 backup_pen=0 yaw_pen=0.085001 known_free=13.4965 min_clearance=1.59362 vel_limit=2 reason=curvature backup_feasible=1[0m
[0m[INFO] [1784399045.228161351]: [candidate cost] chosen_cluster=1044 chosen_coverage=0 raw_best_cluster=1044 raw_best_coverage=0 | #0 c=1044/cp=0 J=11.641 T=6.94823 TB=2.99696 R=0 G=0.285714 W=0.138275 D=0 C=2.47469 | #1 c=951/cp=0 J=15.6996 T=7.9642 TB=8.35774 R=2.20109 G=0.285714 W=1 D=0 C=0.23847 | #2 c=1043/cp=0 J=20.5523 T=11.3821 TB=2.99696 R=8.01219 G=0.638554 W=1 D=0.333333 C=5.37699[0m
calculate tsp cost matrix cost 12.8593ms

tour solver cost: 0.568789ms
[1;33m-------------Plan Global Path end-----------------[0m

total time cost: 106.758ms
[32m[planGlobalPath: succeed][0m: from EXEC_TRAJ to PLAN_TRAJ
viz&&print cost:0.029762ms
[0m[INFO] [1784399045.230901267]: [path condition] raw_pts=9 conditioned_pts=4 dense_pts=8 len=13.4965 known_free=13.4965 min_clearance=1.59362 turn=0.57015 max_local_turn=0.437685 initial_heading=1.76482 backup_feasible=1 sched_v=2 reason=curvature[0m
[0m[INFO] [1784399045.253953710]: [highspeed_exp adapter] backup not required for verified known-free terminal-stop primary. duration=13.6012 known_len=13.2595[0m
[0m[INFO] [1784399045.254073118]: [highspeed_exp adapter] planned General MINCO exploration traj: pieces=3, duration=13.6012, max_v=2.00232, max_a=0.546079, sfc(raw/simplified/final)=3/2/2, corridor=general, prefix=yes, prefix_dur=0.429094, switch_delay=0.45, head_path_dist=0.00146523, shifted_start=0, sched_v=2, opt_v=2, opt_bound=4, suffix_max_v=2.00232, suffix_max_a=0.546079, terminal_v=0, backup=no, backup_start=inf, backup_known_len=13.2595, sched_reason=curvature[0m
[0m[INFO] [1784399045.254103900]: [31m call planner [0m: 23.894[0m
[32m[plan success: new traj pub][0m: from PLAN_TRAJ to EXEC_TRAJ
 -- [TIMER] updateMap time consuming [32m 6.936520 ms[0m
 -- [TIMER] updateMap time consuming [32m 6.615108 ms[0m
 -- [TIMER] updateMap time consuming [32m 6.076431 ms[0m
 -- [TIMER] updateMap time consuming [32m 5.288629 ms[0m
[0m[INFO] [1784399045.516204086]: cloud odom callback cost: map update:12.8852ms  update frontier clusters: 2.65864ms  total: 15.5438ms
[0m
[0m[INFO] [1784399045.523702074]: [coverage guidance] plan valid=1 map_v=47 frontier_v=47 zones(f/u)=277/242 observed=17047/35519 coverage=0.4799 voxels(f/o/u)=9418/6428/1201 active=13 reachable_unknown=146 route_nodes=160 preferred=13 cost=7.5ms[0m
 -- [TIMER] updateMap time consuming [32m 5.727108 ms[0m
 -- [TIMER] updateMap time consuming [32m 5.062413 ms[0m


[1;33m------------- <140> Plan Global Path start---------------[0m
[0m[INFO] [1784399045.763363970]: update topo skeleton cost: 10.717307ms, update odom vertex cost:41.487992ms [0m
[0m[INFO] [1784399045.763392232]: [highspeed_exp adapter] safety map ready=1 rog_ready=1 cloud_size=9139[0m
[0m[INFO] [1784399045.773983319]: [view score] cluster=954 best_score=6.3669 visible_gain=5 speed=0.0359694 corridor_cruise=0 hard_gate=0 rejected=0 top_k=2 known_free=5.8 clearance=1.03383 turn=0 selected_yaw=1.9635 current_yaw=0.844798 yaw_delta=1.1187 heading_known_free=3.4 vp=(-0.801464, -5.17745, 1.47143)[0m
[0m[INFO] [1784399045.793518204]: vp cluster cost: 1.841805ms  ,remove unreachable cost: 7.986991ms, select vp cost: 20.218291ms[0m
insert viewpoint to graph time: 9.44786 ms
[0m[INFO] [1784399045.803475749]: [edge cost] len=13.4875 total=10.2968 time=6.94374 turn_pen=3.27688 known_pen=0 backup_pen=0 yaw_pen=0.0761638 known_free=13.4875 min_clearance=1.59362 vel_limit=2 reason=curvature backup_feasible=1[0m
[0m[INFO] [1784399045.812176199]: [candidate cost] chosen_cluster=1044 chosen_coverage=0 raw_best_cluster=1044 raw_best_coverage=0 | #0 c=1044/cp=0 J=10.9107 T=6.94374 TB=3.35305 R=0 G=0.285714 W=0.17095 D=0 C=1.44172 | #1 c=1043/cp=0 J=21.3113 T=11.3776 TB=3.35305 R=7.77396 G=0.638554 W=1 D=0.333333 C=5.91545 | #2 c=1046/cp=0 J=21.4153 T=7.64077 TB=8.66595 R=2.41846 G=0.122454 W=1 D=0.333333 C=6.35668[0m
calculate tsp cost matrix cost 9.16561ms

tour solver cost: 1.64747ms
[1;33m-------------Plan Global Path end-----------------[0m

total time cost: 104.072ms
[32m[planGlobalPath: succeed][0m: from EXEC_TRAJ to PLAN_TRAJ
viz&&print cost:0.026991ms
[0m[INFO] [1784399045.815867259]: [path condition] raw_pts=8 conditioned_pts=4 dense_pts=8 len=13.4875 known_free=13.4875 min_clearance=1.59362 turn=0.569932 max_local_turn=0.437466 initial_heading=1.98599 backup_feasible=1 sched_v=2 reason=curvature[0m
[0m[INFO] [1784399045.837958646]: [highspeed_exp adapter] backup not required for verified known-free terminal-stop primary. duration=13.0097 known_len=13.2266[0m
[0m[INFO] [1784399045.838052273]: [highspeed_exp adapter] planned General MINCO exploration traj: pieces=3, duration=13.0097, max_v=2.00204, max_a=0.573295, sfc(raw/simplified/final)=3/2/2, corridor=general, prefix=yes, prefix_dur=0.429661, switch_delay=0.45, head_path_dist=0.00561999, shifted_start=0, sched_v=2, opt_v=2, opt_bound=4, suffix_max_v=2.00204, suffix_max_a=0.573295, terminal_v=0, backup=no, backup_start=inf, backup_known_len=13.2266, sched_reason=curvature[0m
[0m[INFO] [1784399045.838077354]: [31m call planner [0m: 22.834[0m
[32m[plan success: new traj pub][0m: from PLAN_TRAJ to EXEC_TRAJ
[0m[INFO] [1784399044.296680771]: Publish local map size: 8752[0m
[0m[INFO] [1784399045.396412766]: Publish local map size: 10041[0m
 -- [MARSIM] Running FPS: 225.53
 -- [TIMER] updateMap time consuming [32m 5.646673 ms[0m
 -- [TIMER] updateMap time consuming [32m 5.126177 ms[0m
 -- [TIMER] updateMap time consuming [32m 4.784824 ms[0m
[0m[INFO] [1784399046.015310336]: [global update] actual callback interval=304.158ms configured=200ms[0m
 -- [TIMER] updateMap time consuming [32m 4.648005 ms[0m
[0m[INFO] [1784399046.196464698]: [cloud input] mode=approximate_sync points=9986 age=0.00495142s stamp_valid=1[0m
 -- [TIMER] updateMap time consuming [32m 4.686067 ms[0m


[1;33m------------- <142> Plan Global Path start---------------[0m
[0m[INFO] [1784399046.314191486]: update topo skeleton cost: 8.239118ms, update odom vertex cost:41.794749ms [0m
[0m[INFO] [1784399046.325759909]: [view score] cluster=954 best_score=6.33489 visible_gain=5 speed=0.116738 corridor_cruise=0 hard_gate=0 rejected=0 top_k=2 known_free=5.6 clearance=1.03383 turn=0 selected_yaw=1.9635 current_yaw=0.92668 yaw_delta=1.03682 heading_known_free=3.2 vp=(-0.801464, -5.17745, 1.47143)[0m
[0m[INFO] [1784399046.347585897]: vp cluster cost: 1.810142ms  ,remove unreachable cost: 8.919534ms, select vp cost: 22.549326ms[0m
insert viewpoint to graph time: 10.033 ms
[0m[INFO] [1784399046.358309182]: [edge cost] len=22.3142 total=14.8434 time=11.3571 turn_pen=3.41337 known_pen=0 backup_pen=0 yaw_pen=0.0728885 known_free=22.3142 min_clearance=0.767974 vel_limit=2 reason=curvature backup_feasible=1[0m
[0m[INFO] [1784399046.368324510]: [candidate cost] chosen_cluster=1044 chosen_coverage=0 raw_best_cluster=1044 raw_best_coverage=0 | #0 c=1044/cp=0 J=10.9772 T=6.92328 TB=3.48626 R=0 G=0.285714 W=0.201732 D=0 C=1.44172 | #1 c=1043/cp=0 J=21.4259 T=11.3571 TB=3.48626 R=7.77726 G=0.638554 W=1 D=0.333333 C=5.91545 | #2 c=1046/cp=0 J=21.5699 T=7.62699 TB=8.80847 R=2.42622 G=0.111666 W=1 D=0.333333 C=6.35668[0m
calculate tsp cost matrix cost 10.6616ms

tour solver cost: 1.60454ms
[1;33m-------------Plan Global Path end-----------------[0m

total time cost: 107.17ms
[32m[planGlobalPath: succeed][0m: from EXEC_TRAJ to PLAN_TRAJ
viz&&print cost:0.015641ms
[0m[INFO] [1784399046.371923194]: [path condition] raw_pts=8 conditioned_pts=4 dense_pts=8 len=13.4466 known_free=13.4466 min_clearance=1.59362 turn=0.569178 max_local_turn=0.436713 initial_heading=2.06871 backup_feasible=1 sched_v=2 reason=curvature[0m
[0m[INFO] [1784399046.398593409]: [highspeed_exp adapter] backup not required for verified known-free terminal-stop primary. duration=6.96241 known_len=13.1682[0m
[0m[INFO] [1784399046.398678795]: [highspeed_exp adapter] planned General MINCO exploration traj: pieces=3, duration=6.96241, max_v=4.00119, max_a=2.29692, sfc(raw/simplified/final)=3/2/2, corridor=general, prefix=yes, prefix_dur=0.424425, switch_delay=0.45, head_path_dist=0.00823975, shifted_start=0, sched_v=4, opt_v=4, opt_bound=4, suffix_max_v=4.00119, suffix_max_a=2.29692, terminal_v=0, backup=no, backup_start=inf, backup_known_len=13.1682, sched_reason=curvature[0m
[0m[INFO] [1784399046.398713767]: [31m call planner [0m: 27.382[0m
[32m[plan success: new traj pub][0m: from PLAN_TRAJ to EXEC_TRAJ
 -- [TIMER] updateMap time consuming [32m 5.418967 ms[0m
 -- [TIMER] updateMap time consuming [32m 8.977748 ms[0m
[0m[INFO] [1784399046.517408471]: cloud odom callback cost: map update:17.1264ms  update frontier clusters: 3.34634ms  total: 20.4727ms
[0m
 -- [TIMER] updateMap time consuming [32m 13.421219 ms[0m
 -- [TIMER] updateMap time consuming [32m 16.248820 ms[0m
 -- [TIMER] updateMap time consuming [32m 17.026162 ms[0m


[1;33m------------- <144> Plan Global Path start---------------[0m
[0m[INFO] [1784399046.952591117]: update topo skeleton cost: 55.165054ms, update odom vertex cost:56.051724ms [0m
[0m[INFO] [1784399046.967366397]: [view score] cluster=1038 best_score=7.70811 visible_gain=3 speed=0.239033 corridor_cruise=0 hard_gate=0 rejected=0 top_k=2 known_free=5 clearance=1.37561 turn=0 selected_yaw=-2.74889 current_yaw=-1.01752 yaw_delta=1.73138 heading_known_free=7 vp=(3.21127, -8.41127, 3.9)[0m
[0m[INFO] [1784399046.989403589]: vp cluster cost: 2.068660ms  ,remove unreachable cost: 11.934288ms, select vp cost: 22.614991ms[0m
insert viewpoint to graph time: 16.1644 ms
[0m[INFO] [1784399047.006310732]: [edge cost] len=12.68 total=3.84598 time=3.57001 turn_pen=0.206716 known_pen=0 backup_pen=0 yaw_pen=0.0692551 known_free=12.68 min_clearance=1.59295 vel_limit=4 reason=known_free backup_feasible=1[0m
[0m[INFO] [1784399047.028256886]: [candidate cost] chosen_cluster=1062 chosen_coverage=0 raw_best_cluster=1062 raw_best_coverage=0 | #0 c=1062/cp=0 J=6.836 T=3.57001 TB=0.275971 R=6.60182 G=0.361702 W=0.237388 D=0 C=0.438505 | #1 c=1063/cp=0 J=8.23454 T=3.11245 TB=0.275972 R=7.79458 G=0.423077 W=0.0020415 D=0 C=1.40831 | #2 c=1064/cp=0 J=8.52975 T=3.27503 TB=0.206717 R=8.08692 G=0.210526 W=0.00199394 D=0 C=1.02424[0m
calculate tsp cost matrix cost 22.6349ms

tour solver cost: 0.777643ms
[1;33m-------------Plan Global Path end-----------------[0m

total time cost: 188.977ms
[32m[planGlobalPath: succeed][0m: from EXEC_TRAJ to PLAN_TRAJ
[0m[INFO] [1784399047.030351267]: [frontier storage] labels=7919/7517 normals=294/823 clusters=20 terminal=0 cluster_cells(cap)=242 candidates(cap)=29 derived_viewpoints(cap)=0 estimated_kb=147.796 revision=270 audit_ready=0[0m
viz&&print cost:0.041283ms
[0m[INFO] [1784399047.030706491]: [corridor cruise path] straighten direct known-free path: len=12.4068 align=0.953698 known_free=12.4068 pts=4[0m
[0m[INFO] [1784399047.031402188]: [path condition] raw_pts=8 conditioned_pts=4 dense_pts=7 len=12.4068 known_free=12.4068 min_clearance=2.25207 turn=1.45826e-06 max_local_turn=3.33533e-07 initial_heading=0.305496 backup_feasible=1 sched_v=4 reason=known_free[0m
[0m[INFO] [1784399047.056330303]: [highspeed_exp adapter] backup not required for verified known-free terminal-stop primary. duration=5.96917 known_len=12.4933[0m
[0m[INFO] [1784399047.056411519]: [highspeed_exp adapter] planned General MINCO exploration traj: pieces=3, duration=5.96917, max_v=4.00286, max_a=2.73159, sfc(raw/simplified/final)=3/2/2, corridor=general, prefix=yes, prefix_dur=0.426232, switch_delay=0.45, head_path_dist=0.0283195, shifted_start=0, sched_v=4, opt_v=4, opt_bound=4, suffix_max_v=4.00286, suffix_max_a=2.73159, terminal_v=0, backup=no, backup_start=inf, backup_known_len=12.4933, sched_reason=known_free[0m
[0m[INFO] [1784399047.056445901]: [31m call planner [0m: 26.053[0m
[32m[plan success: new traj pub][0m: from PLAN_TRAJ to EXEC_TRAJ
 -- [TIMER] updateMap time consuming [32m 21.748440 ms[0m
 -- [TIMER] updateMap time consuming [32m 22.205941 ms[0m
[0m[INFO] [1784399047.196818278]: [cloud input] mode=approximate_sync points=10057 age=0.00530498s stamp_valid=1[0m
 -- [TIMER] updateMap time consuming [32m 20.174244 ms[0m
[0m[INFO] [1784399047.233083100]: [global update] actual callback interval=391.718ms configured=200ms[0m


[1;33m------------- <145> Plan Global Path start---------------[0m
[0m[INFO] [1784399047.451130557]: update topo skeleton cost: 114.774327ms, update odom vertex cost:103.202856ms [0m
[0m[INFO] [1784399047.477748546]: [view score] cluster=1130 best_score=24.3303 visible_gain=6 speed=0.362409 corridor_cruise=1 hard_gate=1 rejected=4 top_k=2 known_free=18.2892 clearance=1.58596 turn=0 selected_yaw=-2.74889 current_yaw=-1.46354 yaw_delta=1.28535 heading_known_free=25 vp=(17.0446, -2.04103, 1.72857)[0m
[0m[INFO] [1784399047.481585245]: vp cluster cost: 1.710146ms  ,remove unreachable cost: 5.106005ms, select vp cost: 22.939320ms[0m
insert viewpoint to graph time: 15.464 ms
[0m[INFO] [1784399047.503693029]: [frontier lifecycle] selected cluster=1120 selected_count=2 match_distance=0[0m
calculate tsp cost matrix cost 6.61053ms

tour solver cost: 0.373425ms
[1;33m-------------Plan Global Path end-----------------[0m

total time cost: 279.339ms
[32m[planGlobalPath: succeed][0m: from EXEC_TRAJ to PLAN_TRAJ
viz&&print cost:0.040623ms
[0m[INFO] [1784399047.512817006]: [corridor cruise path] straighten direct known-free path: len=13.7236 align=0.991636 known_free=13.7236 pts=4[0m
[0m[INFO] [1784399047.513387155]: [path condition] raw_pts=40 conditioned_pts=4 dense_pts=7 len=13.7236 known_free=13.7236 min_clearance=1.08447 turn=9.63321e-07 max_local_turn=1.95994e-07 initial_heading=0.129428 backup_feasible=1 sched_v=4 reason=known_free[0m
[0m[INFO] [1784399047.536540859]: [highspeed_exp adapter] planned General MINCO exploration traj: pieces=3, duration=6.17049, max_v=4.00119, max_a=2.55636, sfc(raw/simplified/final)=3/2/2, corridor=general, prefix=yes, prefix_dur=0.427922, switch_delay=0.45, head_path_dist=0.102979, shifted_start=0, sched_v=4, opt_v=4, opt_bound=4, suffix_max_v=4.00119, suffix_max_a=2.55636, terminal_v=0, backup=no, backup_start=inf, backup_known_len=14.1064, sched_reason=known_free[0m
[0m[INFO] [1784399047.536570781]: [31m call planner [0m: 24.056[0m
[32m[plan success: new traj pub][0m: from PLAN_TRAJ to EXEC_TRAJ
 -- [TIMER] updateMap time consuming [32m 12.727390 ms[0m
[0m[INFO] [1784399047.564313297]: cloud odom callback cost: map update:22.4463ms  update frontier clusters: 5.16797ms  total: 27.6143ms
[0m
[0m[INFO] [1784399047.571680944]: [coverage guidance] plan valid=1 map_v=49 frontier_v=49 zones(f/u)=291/240 observed=17413/35519 coverage=0.4902 voxels(f/o/u)=9704/6477/1232 active=6 reachable_unknown=153 route_nodes=160 preferred=7 cost=7.4ms[0m
 -- [TIMER] updateMap time consuming [32m 13.849116 ms[0m
 -- [TIMER] updateMap time consuming [32m 15.315355 ms[0m


[1;33m------------- <146> Plan Global Path start---------------[0m
[0m[INFO] [1784399047.997109328]: update topo skeleton cost: 180.519511ms, update odom vertex cost:83.101787ms [0m
[0m[INFO] [1784399047.997146681]: [highspeed_exp adapter] safety map ready=1 rog_ready=1 cloud_size=9996[0m
[0m[INFO] [1784399048.006032361]: [view score] cluster=1159 best_score=6.89329 visible_gain=4 speed=0.692576 corridor_cruise=0 hard_gate=0 rejected=0 top_k=2 known_free=8.6 clearance=1.72062 turn=1.2061 selected_yaw=-1.1781 current_yaw=-1.39911 yaw_delta=0.22101 heading_known_free=13.8 vp=(-2.81246, 6.23397, 4.15)[0m
[0m[INFO] [1784399048.023139995]: vp cluster cost: 1.534934ms  ,remove unreachable cost: 5.504861ms, select vp cost: 18.653999ms[0m
insert viewpoint to graph time: 20.7027 ms
[0m[INFO] [1784399048.044666718]: [edge cost] len=21.559 total=13.9342 time=10.9795 turn_pen=2.86925 known_pen=0 backup_pen=0 yaw_pen=0.0854074 known_free=21.559 min_clearance=0.68816 vel_limit=2 reason=curvature backup_feasible=1[0m
[0m[INFO] [1784399048.057336603]: [frontier lifecycle] selected cluster=1160 selected_count=1 match_distance=0[0m
[0m[INFO] [1784399048.057361195]: [candidate cost] chosen_cluster=1160 chosen_coverage=0 raw_best_cluster=1160 raw_best_coverage=0 | #0 c=1160/cp=0 J=8.60924 T=10.8787 TB=0.25728 R=0 G=0.0967054 W=1 D=0.333333 C=0 | #1 c=1169/cp=0 J=20.9149 T=9.78497 TB=3.37977 R=7.78505 G=0.333333 W=0.0316895 D=0 C=4.18255 | #2 c=1130/cp=0 J=22.3656 T=10.9795 TB=2.95466 R=6.60311 G=0.19344 W=0.0594245 D=0 C=5.27574[0m
calculate tsp cost matrix cost 13.4559ms

tour solver cost: 0.415518ms
[1;33m-------------Plan Global Path end-----------------[0m

total time cost: 328.627ms
[32m[planGlobalPath: succeed][0m: from EXEC_TRAJ to PLAN_TRAJ
viz&&print cost:0.025402ms
[33m[WARN] [1784399048.103922607]: [highspeed_exp adapter] optimized trajectory safety check failed; retry slower: attempt=1 guide_speed=2.13635 t=8.25 state=unknown start_clearance=3.01857 segment_min_clearance=0.428871 blocked_clearance=0.428871 recovery=0 clearance_regressed=0 left_exploration_boxes=0[0m
[0m[INFO] [1784399048.062840925]: [path condition] raw_pts=252 conditioned_pts=16 dense_pts=19 len=26 known_free=26 min_clearance=0.464969 turn=1.33679 max_local_turn=0.552635 initial_heading=0.149526 backup_feasible=1 sched_v=2.13635 reason=curvature[0m
[0m[INFO] [1784399048.114718316]: [highspeed_exp adapter] backup not required for verified known-free terminal-stop primary. duration=13.148 known_len=25.4847[0m
[0m[INFO] [1784399048.114850805]: [highspeed_exp adapter] planned General MINCO exploration traj: pieces=4, duration=13.148, max_v=3.75217, max_a=1.41009, sfc(raw/simplified/final)=4/3/3, corridor=general, prefix=yes, prefix_dur=0.39967, switch_delay=0.45, head_path_dist=0.399065, shifted_start=0, sched_v=2.13635, opt_v=1.60226, opt_bound=3.75, suffix_max_v=3.75217, suffix_max_a=1.41009, terminal_v=0, backup=no, backup_start=inf, backup_known_len=25.4847, sched_reason=curvature[0m
[0m[INFO] [1784399048.114882567]: [31m call planner [0m: 52.743[0m
[32m[plan success: new traj pub][0m: from PLAN_TRAJ to EXEC_TRAJ
[0m[INFO] [1784399046.496747433]: Publish local map size: 9092[0m
[0m[INFO] [1784399047.496850667]: Publish local map size: 9124[0m
 -- [MARSIM] Running FPS: 213.768
 -- [TIMER] updateMap time consuming [32m 16.309561 ms[0m
 -- [TIMER] updateMap time consuming [32m 12.692006 ms[0m
[0m[INFO] [1784399048.262185788]: [global update] actual callback interval=528.715ms configured=200ms[0m


[1;33m------------- <147> Plan Global Path start---------------[0m
[0m[INFO] [1784399048.513114313]: update topo skeleton cost: 127.271209ms, update odom vertex cost:123.602022ms [0m
[0m[INFO] [1784399048.524669343]: [view score] cluster=1160 best_score=10.1353 visible_gain=3 speed=1.33027 corridor_cruise=1 hard_gate=1 rejected=4 top_k=2 known_free=4.2 clearance=1.29718 turn=0.418508 selected_yaw=-1.48499 current_yaw=-1.48499 yaw_delta=0 heading_known_free=25 vp=(6.88201, 0.79202, 3.7)[0m
[0m[INFO] [1784399048.538647266]: vp cluster cost: 1.539574ms  ,remove unreachable cost: 7.624884ms, select vp cost: 15.970408ms[0m
insert viewpoint to graph time: 12.2744 ms
[0m[INFO] [1784399048.551932453]: [edge cost] len=20.4758 total=13.5911 time=10.4379 turn_pen=3.10271 known_pen=0 backup_pen=0 yaw_pen=0.0505559 known_free=20.4758 min_clearance=0.682187 vel_limit=2 reason=curvature backup_feasible=1[0m
[0m[INFO] [1784399048.557043428]: [goal lock] keep goal idx=2 candidate_idx=0 locked_cost=33.8042 candidate_cost=18.1027 since=0.499701 high_speed=0[0m
calculate tsp cost matrix cost 6.10107ms

tour solver cost: 0.714208ms
[1;33m-------------Plan Global Path end-----------------[0m

total time cost: 300.018ms
[32m[planGlobalPath: succeed][0m: from EXEC_TRAJ to PLAN_TRAJ
viz&&print cost:0.029002ms
[33m[WARN] [1784399048.622891542]: [highspeed_exp adapter] optimized trajectory safety check failed; retry slower: attempt=1 guide_speed=2.14551 t=5.8 state=unknown start_clearance=2.96169 segment_min_clearance=0.419366 blocked_clearance=0.419366 recovery=0 clearance_regressed=0 left_exploration_boxes=0[0m
[33m[WARN] [1784399048.656979842]: [highspeed_exp adapter] optimized trajectory safety check failed; retry slower: attempt=2 guide_speed=1.60913 t=7.3 state=unknown start_clearance=2.96169 segment_min_clearance=0.419961 blocked_clearance=0.419961 recovery=0 clearance_regressed=0 left_exploration_boxes=0[0m
[33m[WARN] [1784399048.666424240]: [highspeed_exp adapter] optimized trajectory safety check failed; retry slower: attempt=3 guide_speed=1.18003 t=9.65 state=unknown start_clearance=2.96169 segment_min_clearance=0.428691 blocked_clearance=0.428691 recovery=0 clearance_regressed=0 left_exploration_boxes=0[0m
[33m[WARN] [1784399048.680074621]: [highspeed_exp adapter] optimized trajectory safety check failed; retry slower: attempt=4 guide_speed=1 t=10.7 state=unknown start_clearance=2.96169 segment_min_clearance=0.428286 blocked_clearance=0.428286 recovery=0 clearance_regressed=0 left_exploration_boxes=0[0m
[33m[WARN] [1784399048.680088362]: [highspeed_exp adapter] General exploration MINCO optimization failed.[0m
[0m[INFO] [1784399048.563282499]: [path horizon] shorten high-curvature local path: horizon=24.9682m pts=18 turn=1.41986 max_local_turn=0.350692[0m
[0m[INFO] [1784399048.563298790]: [path condition] raw_pts=282 conditioned_pts=19 dense_pts=18 len=24.9682 known_free=24.9682 min_clearance=0.465455 turn=1.41986 max_local_turn=0.350692 initial_heading=0.058613 backup_feasible=1 sched_v=2.1455 reason=curvature[0m
[0m[INFO] [1784399048.680114984]: [31m call planner [0m: 117.834[0m
[31m[PLAN_TRAJ: plan failed, keep safe terminal-stop trajectory][0m: from PLAN_TRAJ to EXEC_TRAJ
[0m[INFO] [1784399048.680366281]: [cloud input] mode=approximate_sync points=9284 age=0.0888737s stamp_valid=1[0m
 -- [TIMER] updateMap time consuming [32m 12.464941 ms[0m
[0m[INFO] [1784399048.707320580]: cloud odom callback cost: map update:21.6553ms  update frontier clusters: 5.27566ms  total: 26.9309ms
[0m
 -- [TIMER] updateMap time consuming [32m 10.930248 ms[0m


[1;33m------------- <148> Plan Global Path start---------------[0m
[0m[INFO] [1784399048.955086511]: update topo skeleton cost: 92.773451ms, update odom vertex cost:99.970457ms [0m
[0m[INFO] [1784399048.973609421]: vp cluster cost: 1.743378ms  ,remove unreachable cost: 5.289817ms, select vp cost: 11.183615ms[0m
insert viewpoint to graph time: 19.5884 ms
[0m[INFO] [1784399049.009695176]: [candidate cost] chosen_cluster=1160 chosen_coverage=0 raw_best_cluster=1198 raw_best_coverage=0 | #0 c=1198/cp=0 J=10.7314 T=4.81581 TB=0.309378 R=7.32372 G=0.142854 W=0.112228 D=0 C=2.03226 | #1 c=1215/cp=0 J=21.8126 T=9.13498 TB=4.10934 R=11.4741 G=0.411765 W=0.0816621 D=0 C=3.20359 | #2 c=1160/cp=0 J=31.9754 T=21.6937 TB=3.58632 R=11.6688 G=0.0933671 W=0.0509038 D=0 C=0.540635[0m
calculate tsp cost matrix cost 16.4746ms

tour solver cost: 0.432239ms
[1;33m-------------Plan Global Path end-----------------[0m

total time cost: 249.181ms
[32m[planGlobalPath: succeed][0m: from EXEC_TRAJ to PLAN_TRAJ
viz&&print cost:0.017862ms
[0m[INFO] [1784399049.012158362]: [path condition] raw_pts=219 conditioned_pts=19 dense_pts=18 len=26 known_free=26 min_clearance=0.46782 turn=2.33049 max_local_turn=0.87681 initial_heading=0.166341 backup_feasible=1 sched_v=2.19536 reason=curvature[0m
[0m[INFO] [1784399049.061802708]: [highspeed_exp adapter] backup not required for verified known-free terminal-stop primary. duration=12.7616 known_len=23.083[0m
[0m[INFO] [1784399049.061920216]: [highspeed_exp adapter] planned General MINCO exploration traj: pieces=4, duration=12.7616, max_v=2.45993, max_a=1.00377, sfc(raw/simplified/final)=4/3/3, corridor=general, prefix=yes, prefix_dur=0.402, switch_delay=0.45, head_path_dist=0.90597, shifted_start=0, sched_v=2.19536, opt_v=2.19536, opt_bound=2.75989, suffix_max_v=2.45989, suffix_max_a=1.00377, terminal_v=0, backup=no, backup_start=inf, backup_known_len=23.083, sched_reason=curvature[0m
[0m[INFO] [1784399049.061946687]: [31m call planner [0m: 50.409[0m
[32m[plan success: new traj pub][0m: from PLAN_TRAJ to EXEC_TRAJ
 -- [TIMER] updateMap time consuming [32m 11.507785 ms[0m
 -- [TIMER] updateMap time consuming [32m 10.970269 ms[0m
 -- [TIMER] updateMap time consuming [32m 14.154974 ms[0m
 -- [TIMER] updateMap time consuming [32m 14.173675 ms[0m
 -- [TIMER] updateMap time consuming [32m 19.868078 ms[0m
 -- [TIMER] updateMap time consuming [32m 15.076266 ms[0m
[0m[INFO] [1784399049.564363355]: [global update] actual callback interval=340.609ms configured=200ms[0m


[1;33m------------- <150> Plan Global Path start---------------[0m
[0m[INFO] [1784399049.730563256]: update topo skeleton cost: 52.033356ms, update odom vertex cost:114.099890ms [0m
[0m[INFO] [1784399049.742586306]: vp cluster cost: 1.944941ms  ,remove unreachable cost: 9.551063ms, select vp cost: 0.249557ms[0m
[0m[INFO] [1784399049.742623878]: [coverage handoff] wait for stable executable-frontier-empty count=1/4 duration=0/1.5s raw_active=2 raw_reachable=1[0m
[1;33m-------------Plan Global Path end-----------------[0m

total time cost: 178.229ms
viz&&print cost:0.021271ms
[0m[INFO] [1784399049.742802960]: [cloud input] mode=approximate_sync points=9536 age=0.0512975s stamp_valid=1[0m
 -- [TIMER] updateMap time consuming [32m 13.280935 ms[0m
[0m[INFO] [1784399049.772021830]: cloud odom callback cost: map update:24.4563ms  update frontier clusters: 4.73487ms  total: 29.1912ms
[0m
[0m[INFO] [1784399049.779783973]: [coverage guidance] plan valid=1 map_v=51 frontier_v=51 zones(f/u)=302/241 observed=17767/35519 coverage=0.5002 voxels(f/o/u)=9994/6506/1267 active=7 reachable_unknown=152 route_nodes=160 preferred=11 cost=7.8ms[0m
 -- [TIMER] updateMap time consuming [32m 13.738446 ms[0m
 -- [TIMER] updateMap time consuming [32m 15.297241 ms[0m


[1;33m------------- <151> Plan Global Path start---------------[0m
[0m[INFO] [1784399050.120389964]: update topo skeleton cost: 77.641770ms, update odom vertex cost:100.009980ms [0m
[0m[INFO] [1784399050.120420696]: [highspeed_exp adapter] safety map ready=1 rog_ready=1 cloud_size=9940[0m
[0m[INFO] [1784399050.131694795]: vp cluster cost: 1.530123ms  ,remove unreachable cost: 9.274254ms, select vp cost: 0.253287ms[0m
[1;33m-------------Plan Global Path end-----------------[0m

total time cost: 189.03ms
viz&&print cost:0.021421ms
[0m[INFO] [1784399048.596797021]: Publish local map size: 9284[0m
[0m[INFO] [1784399049.697558591]: Publish local map size: 9536[0m
 -- [MARSIM] Running FPS: 217.959
 -- [TIMER] updateMap time consuming [32m 17.998661 ms[0m
 -- [TIMER] updateMap time consuming [32m 12.679713 ms[0m
 -- [TIMER] updateMap time consuming [32m 14.542518 ms[0m


[1;33m------------- <152> Plan Global Path start---------------[0m
[0m[INFO] [1784399050.528025155]: update topo skeleton cost: 77.314972ms, update odom vertex cost:118.858309ms [0m
[0m[INFO] [1784399050.541838494]: vp cluster cost: 1.317178ms  ,remove unreachable cost: 11.979126ms, select vp cost: 0.272459ms[0m
[0m[INFO] [1784399050.541882667]: [coverage handoff] wait for stable executable-frontier-empty count=3/4 duration=0.79926/1.5s raw_active=2 raw_reachable=1[0m
[1;33m-------------Plan Global Path end-----------------[0m

total time cost: 210.067ms
viz&&print cost:0.024151ms
 -- [TIMER] updateMap time consuming [32m 11.937453 ms[0m
 -- [TIMER] updateMap time consuming [32m 14.551499 ms[0m
 -- [TIMER] updateMap time consuming [32m 13.918417 ms[0m
[0m[INFO] [1784399050.741991033]: [global update] actual callback interval=410.148ms configured=200ms[0m


[1;33m------------- <153> Plan Global Path start---------------[0m
[0m[INFO] [1784399050.914294708]: update topo skeleton cost: 58.674058ms, update odom vertex cost:113.570443ms [0m
[0m[INFO] [1784399050.930778577]: [view score] cluster=1265 best_score=28.7953 visible_gain=10 speed=1.92839 corridor_cruise=1 hard_gate=1 rejected=0 top_k=2 known_free=18.011 clearance=3.03753 turn=0.0972541 selected_yaw=-2.74889 current_yaw=-1.63405 yaw_delta=1.11485 heading_known_free=25 vp=(13.3613, -8.61127, 3.25)[0m
[0m[INFO] [1784399050.930811709]: vp cluster cost: 1.437367ms  ,remove unreachable cost: 13.703842ms, select vp cost: 0.996557ms[0m
insert viewpoint to graph time: 2.51685 ms
[0m[INFO] [1784399050.934139403]: [edge cost] len=19.3256 total=12.779 time=9.40308 turn_pen=3.33132 known_pen=0 backup_pen=0 yaw_pen=0.0445938 known_free=19.3256 min_clearance=0.725604 vel_limit=2.10224 reason=curvature backup_feasible=1[0m
[0m[INFO] [1784399050.934155354]: [frontier lifecycle] selected cluster=1265 selected_count=1 match_distance=0[0m
[0m[INFO] [1784399050.934166695]: [candidate cost] chosen_cluster=1265 coverage_id=0 total=16.658 travel=9.40308 turn_brake=3.37592 future_return=0 gain=0.25 wait=0.193228 debt=0 coverage=4.66884 failed_goal=0[0m
[1;33m-------------Plan Global Path end-----------------[0m

total time cost: 194.878ms
[32m[planGlobalPath: succeed][0m: from EXEC_TRAJ to PLAN_TRAJ
viz&&print cost:0.026292ms
[0m[INFO] [1784399050.937190358]: [corridor cruise path] straighten direct known-free path: len=18.011 align=0.999307 known_free=18.011 pts=5[0m
[0m[INFO] [1784399050.937698973]: [path condition] raw_pts=19 conditioned_pts=5 dense_pts=9 len=18.011 known_free=18.011 min_clearance=0.691002 turn=2.81047e-06 max_local_turn=4.11067e-07 initial_heading=0.0372355 backup_feasible=1 sched_v=5 reason=known_free[0m
[0m[INFO] [1784399050.963016737]: [highspeed_exp adapter] backup not required for verified known-free terminal-stop primary. duration=7.62879 known_len=17.8433[0m
[0m[INFO] [1784399050.963109953]: [highspeed_exp adapter] planned General MINCO exploration traj: pieces=3, duration=7.62879, max_v=4.00212, max_a=1.89301, sfc(raw/simplified/final)=4/2/2, corridor=general, prefix=yes, prefix_dur=0.425962, switch_delay=0.45, head_path_dist=0.180938, shifted_start=0, sched_v=4, opt_v=4, opt_bound=4, suffix_max_v=4.00212, suffix_max_a=1.89301, terminal_v=0, backup=no, backup_start=inf, backup_known_len=17.8433, sched_reason=known_free[0m
[0m[INFO] [1784399050.963131144]: [31m call planner [0m: 26.197[0m
[32m[plan success: new traj pub][0m: from PLAN_TRAJ to EXEC_TRAJ
[0m[INFO] [1784399050.963218850]: [cloud input] mode=approximate_sync points=9631 age=0.07173s stamp_valid=1[0m
 -- [TIMER] updateMap time consuming [32m 14.399779 ms[0m
[0m[INFO] [1784399050.991191132]: cloud odom callback cost: map update:24.0722ms  update frontier clusters: 3.87323ms  total: 27.9454ms
[0m
 -- [TIMER] updateMap time consuming [32m 13.118821 ms[0m
 -- [TIMER] updateMap time consuming [32m 13.241430 ms[0m
 -- [TIMER] updateMap time consuming [32m 14.611382 ms[0m
 -- [TIMER] updateMap time consuming [32m 11.964423 ms[0m
 -- [TIMER] updateMap time consuming [32m 12.174168 ms[0m


[1;33m------------- <155> Plan Global Path start---------------[0m
[0m[INFO] [1784399051.633380975]: update topo skeleton cost: 60.586931ms, update odom vertex cost:96.159632ms [0m
[0m[INFO] [1784399051.648581016]: vp cluster cost: 1.445157ms  ,remove unreachable cost: 13.427272ms, select vp cost: 0.163141ms[0m
[0m[INFO] [1784399051.648631230]: [coverage handoff] wait for stable executable-frontier-empty count=1/4 duration=0/1.5s raw_active=1 raw_reachable=0[0m
[1;33m-------------Plan Global Path end-----------------[0m

total time cost: 172.03ms
viz&&print cost:0.025132ms
 -- [TIMER] updateMap time consuming [32m 11.142518 ms[0m
 -- [TIMER] updateMap time consuming [32m 10.156302 ms[0m
 -- [TIMER] updateMap time consuming [32m 10.096708 ms[0m
[0m[INFO] [1784399051.848754727]: [global update] actual callback interval=372.115ms configured=200ms[0m


[1;33m------------- <156> Plan Global Path start---------------[0m
[0m[INFO] [1784399051.984213589]: update topo skeleton cost: 44.198239ms, update odom vertex cost:91.194858ms [0m
[0m[INFO] [1784399051.999808517]: vp cluster cost: 1.531623ms  ,remove unreachable cost: 13.672209ms, select vp cost: 0.221725ms[0m
[1;33m-------------Plan Global Path end-----------------[0m

total time cost: 151.083ms
viz&&print cost:0.030562ms
[0m[INFO] [1784399052.000042173]: [cloud input] mode=approximate_sync points=9557 age=0.00854806s stamp_valid=1[0m
 -- [TIMER] updateMap time consuming [32m 12.844871 ms[0m
[0m[INFO] [1784399052.024753891]: cloud odom callback cost: map update:21.813ms  update frontier clusters: 2.86435ms  total: 24.6773ms
[0m
[0m[INFO] [1784399052.032673092]: [coverage guidance] plan valid=1 map_v=53 frontier_v=53 zones(f/u)=324/242 observed=18356/35519 coverage=0.5168 voxels(f/o/u)=10509/6513/1334 active=6 reachable_unknown=153 route_nodes=160 preferred=10 cost=7.9ms[0m
 -- [TIMER] updateMap time consuming [32m 12.006745 ms[0m
 -- [TIMER] updateMap time consuming [32m 14.366254 ms[0m


[1;33m------------- <157> Plan Global Path start---------------[0m
[0m[INFO] [1784399052.375990538]: update topo skeleton cost: 38.159400ms, update odom vertex cost:115.082792ms [0m
[0m[INFO] [1784399052.376021550]: [highspeed_exp adapter] safety map ready=1 rog_ready=1 cloud_size=9992[0m
[0m[INFO] [1784399052.397347451]: vp cluster cost: 1.805031ms  ,remove unreachable cost: 19.233451ms, select vp cost: 0.141229ms[0m
[0m[INFO] [1784399052.397585377]: [coverage handoff] wait for stable executable-frontier-empty count=3/4 duration=0.748946/1.5s raw_active=1 raw_reachable=0[0m
[1;33m-------------Plan Global Path end-----------------[0m

total time cost: 174.876ms
[0m[INFO] [1784399052.397631100]: [frontier storage] labels=8187/7517 normals=240/823 clusters=25 terminal=0 cluster_cells(cap)=181 candidates(cap)=12 derived_viewpoints(cap)=0 estimated_kb=147.03 revision=303 audit_ready=0[0m
viz&&print cost:0.041742ms
[0m[INFO] [1784399050.796419536]: Publish local map size: 9302[0m
[0m[INFO] [1784399051.796593482]: Publish local map size: 9614[0m
 -- [MARSIM] Running FPS: 226.86
 -- [TIMER] updateMap time consuming [32m 12.552622 ms[0m
 -- [TIMER] updateMap time consuming [32m 9.554942 ms[0m
 -- [TIMER] updateMap time consuming [32m 14.669735 ms[0m


[1;33m------------- <158> Plan Global Path start---------------[0m
[0m[INFO] [1784399052.811266833]: update topo skeleton cost: 41.522495ms, update odom vertex cost:146.314398ms [0m
[0m[INFO] [1784399052.834428597]: vp cluster cost: 1.940730ms  ,remove unreachable cost: 20.915344ms, select vp cost: 0.155050ms[0m
[1;33m-------------Plan Global Path end-----------------[0m

total time cost: 211.134ms
viz&&print cost:0.031582ms
 -- [TIMER] updateMap time consuming [32m 12.197859 ms[0m
 -- [TIMER] updateMap time consuming [32m 10.527406 ms[0m
 -- [TIMER] updateMap time consuming [32m 10.927922 ms[0m
[0m[INFO] [1784399053.034649548]: [global update] actual callback interval=411.225ms configured=200ms[0m


[1;33m------------- <159> Plan Global Path start---------------[0m
[0m[INFO] [1784399053.180986813]: update topo skeleton cost: 22.283783ms, update odom vertex cost:123.997377ms [0m
[0m[INFO] [1784399053.203953082]: vp cluster cost: 2.041527ms  ,remove unreachable cost: 20.585319ms, select vp cost: 0.154330ms[0m
[0m[INFO] [1784399053.204181347]: [coverage handoff] wait for stable executable-frontier-empty count=5/4 duration=1.55555/1.5s raw_active=1 raw_reachable=0[0m
[1;33m-------------Plan Global Path end-----------------[0m

total time cost: 169.516ms
viz&&print cost:0.027902ms
[0m[INFO] [1784399053.204362259]: [cloud input] mode=approximate_sync points=9106 age=0.0128589s stamp_valid=1[0m
 -- [TIMER] updateMap time consuming [32m 13.110708 ms[0m
[0m[INFO] [1784399053.228083578]: cloud odom callback cost: map update:20.8773ms  update frontier clusters: 2.81558ms  total: 23.6929ms
[0m
 -- [TIMER] updateMap time consuming [32m 9.424251 ms[0m
 -- [TIMER] updateMap time consuming [32m 10.968745 ms[0m


[1;33m------------- <160> Plan Global Path start---------------[0m
[0m[INFO] [1784399053.644274883]: update topo skeleton cost: 28.324448ms, update odom vertex cost:195.676460ms [0m
[0m[INFO] [1784399053.671860571]: [view score] cluster=1281 best_score=-1.99641 visible_gain=3 speed=2.97212 corridor_cruise=0 hard_gate=0 rejected=0 top_k=2 known_free=3 clearance=1.78966 turn=0.691991 selected_yaw=-1.57989 current_yaw=-1.57989 yaw_delta=0 heading_known_free=6.2 vp=(16.608, -2.91799, 3.7)[0m
[0m[INFO] [1784399053.671895073]: vp cluster cost: 2.136873ms  ,remove unreachable cost: 23.709919ms, select vp cost: 1.626989ms[0m
insert viewpoint to graph time: 3.08577 ms
[0m[INFO] [1784399053.675493854]: [edge cost] len=9.03747 total=4.0401 time=3.31249 turn_pen=0.727611 known_pen=0 backup_pen=0 yaw_pen=0 known_free=9.03747 min_clearance=0.484511 vel_limit=3 reason=known_free backup_feasible=1[0m
[0m[INFO] [1784399053.675518146]: [frontier lifecycle] selected cluster=1281 selected_count=1 match_distance=0[0m
[0m[INFO] [1784399053.675530347]: [candidate cost] chosen_cluster=1281 coverage_id=0 total=8.74805 travel=3.31249 turn_brake=0.727611 future_return=0 gain=0.0909091 wait=0.00145935 debt=0 coverage=4.89196 failed_goal=0[0m
[1;33m-------------Plan Global Path end-----------------[0m

total time cost: 257.355ms
[32m[planGlobalPath: succeed][0m: from EXEC_TRAJ to PLAN_TRAJ
viz&&print cost:0.020491ms
[33m[WARN] [1784399053.696796382]: [highspeed_exp adapter] optimized trajectory safety check failed; retry slower: attempt=1 guide_speed=2 t=1.55 state=out_of_map start_clearance=1.56462 segment_min_clearance=2.39768 blocked_clearance=2.39768 recovery=0 clearance_regressed=0 left_exploration_boxes=1[0m
[33m[WARN] [1784399053.699788052]: [highspeed_exp adapter] optimized trajectory safety check failed; retry slower: attempt=2 guide_speed=1.5 t=1.3 state=out_of_map start_clearance=1.56462 segment_min_clearance=2.28572 blocked_clearance=2.35032 recovery=0 clearance_regressed=0 left_exploration_boxes=1[0m
[0m[INFO] [1784399053.678104139]: [path condition] raw_pts=18 conditioned_pts=3 dense_pts=6 len=9.03747 known_free=9.03747 min_clearance=0.484962 turn=0.903318 max_local_turn=0.903317 initial_heading=0.439091 backup_feasible=1 sched_v=2.62864 reason=curvature[0m
[0m[INFO] [1784399053.705203075]: [highspeed_exp adapter] backup not required for verified known-free terminal-stop primary. duration=8.1115 known_len=13.2383[0m
[0m[INFO] [1784399053.705278140]: [highspeed_exp adapter] planned General MINCO exploration traj: pieces=3, duration=8.1115, max_v=3.84141, max_a=3.03674, sfc(raw/simplified/final)=3/2/2, corridor=general, prefix=yes, prefix_dur=0.424343, switch_delay=0.45, head_path_dist=0.953469, shifted_start=0, sched_v=2, opt_v=1.1, opt_bound=3.94413, suffix_max_v=3.84141, suffix_max_a=3.03674, terminal_v=0, backup=no, backup_start=inf, backup_known_len=13.2383, sched_reason=curvature[0m
[0m[INFO] [1784399053.705298271]: [31m call planner [0m: 27.647[0m
[32m[plan success: new traj pub][0m: from PLAN_TRAJ to EXEC_TRAJ
 -- [TIMER] updateMap time consuming [32m 16.701959 ms[0m
 -- [TIMER] updateMap time consuming [32m 10.712218 ms[0m


[1;33m------------- <161> Plan Global Path start---------------[0m
[0m[INFO] [1784399054.089576219]: update topo skeleton cost: 28.290925ms, update odom vertex cost:183.575021ms [0m
[0m[INFO] [1784399054.109377254]: vp cluster cost: 1.523662ms  ,remove unreachable cost: 17.969322ms, select vp cost: 0.143480ms[0m
[0m[INFO] [1784399054.109624870]: [coverage handoff] wait for stable executable-frontier-empty count=1/4 duration=0/1.5s raw_active=1 raw_reachable=0[0m
[1;33m-------------Plan Global Path end-----------------[0m

total time cost: 231.951ms
viz&&print cost:0.031622ms
 -- [TIMER] updateMap time consuming [32m 15.958348 ms[0m
 -- [TIMER] updateMap time consuming [32m 15.224579 ms[0m
[0m[INFO] [1784399054.296757280]: [cloud input] mode=approximate_sync points=9952 age=0.00524343s stamp_valid=1[0m
 -- [TIMER] updateMap time consuming [32m 14.509311 ms[0m
[0m[INFO] [1784399054.323773047]: cloud odom callback cost: map update:23.8755ms  update frontier clusters: 3.09302ms  total: 26.9685ms
[0m
[0m[INFO] [1784399054.323893095]: [global update] actual callback interval=446.209ms configured=200ms[0m
[0m[INFO] [1784399054.332371832]: [coverage guidance] plan valid=1 map_v=55 frontier_v=55 zones(f/u)=332/241 observed=18934/35519 coverage=0.5331 voxels(f/o/u)=10996/6521/1417 active=8 reachable_unknown=151 route_nodes=160 preferred=16 cost=8.6ms[0m


[1;33m------------- <162> Plan Global Path start---------------[0m
[0m[INFO] [1784399054.542628289]: update topo skeleton cost: 45.465722ms, update odom vertex cost:173.234729ms [0m
[0m[INFO] [1784399054.542656601]: [highspeed_exp adapter] safety map ready=1 rog_ready=1 cloud_size=9952[0m
[0m[INFO] [1784399054.576266139]: vp cluster cost: 2.456664ms  ,remove unreachable cost: 30.845944ms, select vp cost: 0.153970ms[0m
[1;33m-------------Plan Global Path end-----------------[0m

total time cost: 252.424ms
viz&&print cost:0.052944ms
 -- [TIMER] updateMap time consuming [32m 17.191770 ms[0m
 -- [TIMER] updateMap time consuming [32m 20.145237 ms[0m
 -- [TIMER] updateMap time consuming [32m 16.300361 ms[0m


[1;33m------------- <163> Plan Global Path start---------------[0m
[0m[INFO] [1784399054.933077071]: update topo skeleton cost: 31.782197ms, update odom vertex cost:124.848912ms [0m
[0m[INFO] [1784399054.966267211]: vp cluster cost: 2.284183ms  ,remove unreachable cost: 30.513121ms, select vp cost: 0.190793ms[0m
[0m[INFO] [1784399054.966327855]: [coverage handoff] wait for stable executable-frontier-empty count=3/4 duration=0.856708/1.5s raw_active=1 raw_reachable=0[0m
[1;33m-------------Plan Global Path end-----------------[0m

total time cost: 189.915ms
viz&&print cost:0.029612ms
[0m[INFO] [1784399052.796622891]: Publish local map size: 10008[0m
[0m[INFO] [1784399053.896952242]: Publish local map size: 9529[0m
[0m[INFO] [1784399054.996549537]: Publish local map size: 10065[0m
 -- [MARSIM] Running FPS: 223.435
 -- [TIMER] updateMap time consuming [32m 16.789143 ms[0m
 -- [TIMER] updateMap time consuming [32m 16.004269 ms[0m
 -- [TIMER] updateMap time consuming [32m 15.874801 ms[0m


[1;33m------------- <164> Plan Global Path start---------------[0m
[0m[INFO] [1784399055.274540919]: update topo skeleton cost: 23.560384ms, update odom vertex cost:84.527977ms [0m
[0m[INFO] [1784399055.310844174]: vp cluster cost: 2.440823ms  ,remove unreachable cost: 33.283923ms, select vp cost: 0.222805ms[0m
[1;33m-------------Plan Global Path end-----------------[0m

total time cost: 144.483ms
viz&&print cost:0.031922ms
[0m[INFO] [1784399055.311057848]: [cloud input] mode=approximate_sync points=9813 age=0.0195642s stamp_valid=1[0m
 -- [TIMER] updateMap time consuming [32m 13.477090 ms[0m
[0m[INFO] [1784399055.338326469]: cloud odom callback cost: map update:24.3308ms  update frontier clusters: 2.906ms  total: 27.2369ms
[0m
 -- [TIMER] updateMap time consuming [32m 13.195801 ms[0m
 -- [TIMER] updateMap time consuming [32m 12.251458 ms[0m
[0m[INFO] [1784399055.520316717]: [global update] actual callback interval=353.874ms configured=200ms[0m


[1;33m------------- <165> Plan Global Path start---------------[0m
[0m[INFO] [1784399055.626746648]: update topo skeleton cost: 22.493663ms, update odom vertex cost:83.888244ms [0m
[0m[INFO] [1784399055.653688567]: vp cluster cost: 1.872175ms  ,remove unreachable cost: 24.470145ms, select vp cost: 0.280318ms[0m
[0m[INFO] [1784399055.653747391]: [coverage handoff] wait for stable executable-frontier-empty count=5/4 duration=1.54413/1.5s raw_active=1 raw_reachable=0[0m
[1;33m-------------Plan Global Path end-----------------[0m

total time cost: 133.418ms
viz&&print cost:0.030652ms
 -- [TIMER] updateMap time consuming [32m 10.344571 ms[0m
 -- [TIMER] updateMap time consuming [32m 12.559019 ms[0m
 -- [TIMER] updateMap time consuming [32m 12.073327 ms[0m


[1;33m------------- <166> Plan Global Path start---------------[0m
[0m[INFO] [1784399055.976115727]: update topo skeleton cost: 19.930201ms, update odom vertex cost:102.311795ms [0m
[0m[INFO] [1784399056.006007013]: vp cluster cost: 2.252680ms  ,remove unreachable cost: 27.058488ms, select vp cost: 0.249596ms[0m
[1;33m-------------Plan Global Path end-----------------[0m

total time cost: 152.215ms
viz&&print cost:0.024762ms
 -- [TIMER] updateMap time consuming [32m 13.659841 ms[0m
 -- [TIMER] updateMap time consuming [32m 14.597884 ms[0m
 -- [TIMER] updateMap time consuming [32m 12.724879 ms[0m


[1;33m------------- <167> Plan Global Path start---------------[0m
[33m[WARN] [1784399056.413454593]: [coverage recovery] defer observation goal: id=4621938040304984721 approach=( 11.3421 -3.73684  2.68947) reason=observation ray occluded observed_gain=0 no_gain_attempts=0 failure_attempts=0 exhausted=1 cooldown=45s active_deferred=1[0m
[33m[WARN] [1784399056.413672858]: [coverage recovery] defer observation goal: id=7742729172833150344 approach=(11.875 -7.025    3.7) reason=observation ray occluded observed_gain=0 no_gain_attempts=0 failure_attempts=0 exhausted=1 cooldown=45s active_deferred=2[0m
[0m[INFO] [1784399056.388026277]: update topo skeleton cost: 26.677239ms, update odom vertex cost:139.293192ms [0m
[0m[INFO] [1784399056.413211417]: vp cluster cost: 1.815201ms  ,remove unreachable cost: 23.192687ms, select vp cost: 0.064205ms[0m
[0m[INFO] [1784399056.414067034]: [coverage candidate] promoted=8 frontend_active=1 executable_frontiers=0 speed=0.469762[0m
insert viewpoint to graph time: 43.3872 ms
[0m[INFO] [1784399056.457764909]: [edge cost] len=4.37799 total=3.69266 time=2.06498 turn_pen=1.57898 known_pen=0 backup_pen=0 yaw_pen=0.048706 known_free=4.37799 min_clearance=1.30277 vel_limit=2.39876 reason=curvature backup_feasible=1[0m
[0m[INFO] [1784399056.460367063]: [goal lock] keep goal idx=2 candidate_idx=0 locked_cost=4.82299 candidate_cost=2.63129 since=2.78484 high_speed=0[0m
[0m[INFO] [1784399056.460388864]: [candidate cost] chosen_cluster=-1 chosen_coverage=8161329500846654426 raw_best_cluster=-1 raw_best_coverage=13387626987736955254 | #0 c=-1/cp=13387626987736955254 J=2.63129 T=2.06498 TB=1.62768 R=5.81772 G=0.625 W=0 D=0 C=-3.01111 | #1 c=-1/cp=8689837252591273601 J=3.83834 T=3.01683 TB=0.573889 R=7.76741 G=0.508197 W=0 D=0 C=-3.00806 | #2 c=-1/cp=8161329500846654426 J=4.82299 T=2.9996 TB=0.572376 R=9.89151 G=0.589041 W=0 D=0 C=-3.01124[0m
calculate tsp cost matrix cost 2.93326ms

tour solver cost: 0.389856ms
[1;33m-------------Plan Global Path end-----------------[0m

total time cost: 240.316ms
[32m[planGlobalPath: succeed][0m: from EXEC_TRAJ to PLAN_TRAJ
viz&&print cost:0.019842ms
[0m[INFO] [1784399056.462658756]: [path condition] raw_pts=10 conditioned_pts=4 dense_pts=6 len=8.09879 known_free=8.09879 min_clearance=0.649092 turn=2.39088 max_local_turn=2.39087 initial_heading=0.261623 backup_feasible=1 sched_v=2 reason=curvature[0m
[0m[INFO] [1784399056.474001272]: [highspeed_exp adapter] backup not required for verified known-free terminal-stop primary. duration=4.90093 known_len=6.25134[0m
[0m[INFO] [1784399056.474062276]: [highspeed_exp adapter] planned General MINCO exploration traj: pieces=3, duration=4.90093, max_v=2.00242, max_a=2.47788, sfc(raw/simplified/final)=3/2/2, corridor=general, prefix=yes, prefix_dur=0.439589, switch_delay=0.45, head_path_dist=0.264299, shifted_start=0, sched_v=2, opt_v=2, opt_bound=2.2996, suffix_max_v=2.00242, suffix_max_a=2.14263, terminal_v=0, backup=no, backup_start=inf, backup_known_len=6.25134, sched_reason=curvature[0m
[0m[INFO] [1784399056.474085938]: [31m call planner [0m: 11.691[0m
[32m[plan success: new traj pub][0m: from PLAN_TRAJ to EXEC_TRAJ
[0m[INFO] [1784399056.474166993]: [cloud input] mode=approximate_sync points=9316 age=0.082655s stamp_valid=1[0m
 -- [TIMER] updateMap time consuming [32m 9.405007 ms[0m
[0m[INFO] [1784399056.495387309]: cloud odom callback cost: map update:18.0572ms  update frontier clusters: 3.13006ms  total: 21.1873ms
[0m
[0m[INFO] [1784399056.503345730]: [coverage guidance] plan valid=1 map_v=57 frontier_v=57 zones(f/u)=307/235 observed=19542/35519 coverage=0.5502 voxels(f/o/u)=11544/6528/1470 active=9 reachable_unknown=150 route_nodes=160 preferred=16 cost=8.0ms[0m
 -- [TIMER] updateMap time consuming [32m 7.277405 ms[0m
 -- [TIMER] updateMap time consuming [32m 5.544830 ms[0m
[0m[INFO] [1784399056.662447773]: [global update] actual callback interval=440.397ms configured=200ms[0m
 -- [TIMER] updateMap time consuming [32m 6.216134 ms[0m
 -- [TIMER] updateMap time consuming [32m 5.305984 ms[0m
 -- [TIMER] updateMap time consuming [32m 6.385345 ms[0m


[1;33m------------- <169> Plan Global Path start---------------[0m
[33m[WARN] [1784399057.176010535]: [frontier gate] viewpoint generation empty but frontier clusters remain: active=1 reachable=0[0m
[0m[INFO] [1784399057.147114310]: update topo skeleton cost: 18.713206ms, update odom vertex cost:114.250610ms [0m
[0m[INFO] [1784399057.147154693]: [highspeed_exp adapter] safety map ready=1 rog_ready=1 cloud_size=9909[0m
[0m[INFO] [1784399057.175690543]: vp cluster cost: 2.043776ms  ,remove unreachable cost: 26.243038ms, select vp cost: 0.115848ms[0m
[1;33m-------------Plan Global Path end-----------------[0m

total time cost: 161.918ms
[33m[WARN] [1784399057.178525352]: [finish gate] force frontier refresh by planGlobalPath: no frontier new=17 removed=32 active=4 reachable=4[0m
[33m[WARN] [1784399057.178536833]: [finish gate] hold exploration after planGlobalPath: no frontier no_frontier_count=1 no_reachable_count=1[0m
[31m[planGlobalPath: no frontier: no frontier gated][0m: from EXEC_TRAJ to PLAN_TRAJ
viz&&print cost:2.51592ms
[0m[INFO] [1784399055.997659046]: Publish local map size: 9518[0m
[0m[INFO] [1784399057.096561023]: Publish local map size: 9944[0m
 -- [MARSIM] Running FPS: 215.983


[1;33m------------- <170> Plan Global Path start---------------[0m
[0m[INFO] [1784399057.308895896]: update topo skeleton cost: 16.875124ms, update odom vertex cost:113.423755ms [0m
[0m[INFO] [1784399057.325862276]: [view score] cluster=1303 best_score=-6.88634 visible_gain=3 speed=1.46186 corridor_cruise=0 hard_gate=0 rejected=0 top_k=1 known_free=2.2 clearance=1.02134 turn=2.2029 selected_yaw=0.392699 current_yaw=1.27748 yaw_delta=0.88478 heading_known_free=3.4 vp=(3.48182, -7.40909, 1.9)[0m
[0m[INFO] [1784399057.328107306]: [frontier audit] complete revision=310 active=4 reachable=4[0m
[0m[INFO] [1784399057.328123747]: vp cluster cost: 2.047286ms  ,remove unreachable cost: 14.467724ms, select vp cost: 2.564641ms[0m
insert viewpoint to graph time: 30.9504 ms
[1;33m-------------Plan Global Path end-----------------[0m

total time cost: 181.128ms
viz&&print cost:0.040743ms
 -- [TIMER] updateMap time consuming [32m 8.568831 ms[0m


[1;33m------------- <171> Plan Global Path start---------------[0m
[0m[INFO] [1784399057.514422077]: update topo skeleton cost: 21.131868ms, update odom vertex cost:114.061028ms [0m
[0m[INFO] [1784399057.530701151]: vp cluster cost: 1.228872ms  ,remove unreachable cost: 14.795646ms, select vp cost: 0.104917ms[0m
[1;33m-------------Plan Global Path end-----------------[0m

total time cost: 151.651ms
[0m[INFO] [1784399057.530885393]: [frontier storage] labels=8257/7517 normals=216/823 clusters=17 terminal=0 cluster_cells(cap)=178 candidates(cap)=18 derived_viewpoints(cap)=0 estimated_kb=147.235 revision=311 audit_ready=0[0m
viz&&print cost:0.044823ms
[0m[INFO] [1784399057.530969689]: [cloud input] mode=approximate_sync points=9572 age=0.0394748s stamp_valid=1[0m
 -- [TIMER] updateMap time consuming [32m 7.701273 ms[0m
[0m[INFO] [1784399057.551006243]: cloud odom callback cost: map update:16.8445ms  update frontier clusters: 3.14466ms  total: 19.9892ms
[0m


[1;33m------------- <172> Plan Global Path start---------------[0m
[0m[INFO] [1784399057.720568968]: update topo skeleton cost: 22.946259ms, update odom vertex cost:116.430665ms [0m
[0m[INFO] [1784399057.739716984]: vp cluster cost: 2.513058ms  ,remove unreachable cost: 13.679511ms, select vp cost: 2.820338ms[0m
insert viewpoint to graph time: 32.1858 ms
[1;33m-------------Plan Global Path end-----------------[0m

total time cost: 191.354ms
viz&&print cost:0.046103ms
 -- [TIMER] updateMap time consuming [32m 8.394099 ms[0m


[1;33m------------- <173> Plan Global Path start---------------[0m
[0m[INFO] [1784399057.941139981]: update topo skeleton cost: 25.013266ms, update odom vertex cost:123.247780ms [0m
[0m[INFO] [1784399057.958044677]: [view score] cluster=1303 best_score=-7.42093 visible_gain=3 speed=1.66236 corridor_cruise=0 hard_gate=0 rejected=0 top_k=1 known_free=3 clearance=1.02134 turn=2.66181 selected_yaw=0.588011 current_yaw=0.588011 yaw_delta=0 heading_known_free=7.8 vp=(3.48182, -7.40909, 1.9)[0m
[0m[INFO] [1784399057.960732176]: vp cluster cost: 2.112190ms  ,remove unreachable cost: 14.121351ms, select vp cost: 3.192623ms[0m
insert viewpoint to graph time: 42.9299 ms
[1;33m-------------Plan Global Path end-----------------[0m

total time cost: 211.684ms
viz&&print cost:0.041443ms
 -- [TIMER] updateMap time consuming [32m 8.743632 ms[0m


[1;33m------------- <174> Plan Global Path start---------------[0m
[0m[INFO] [1784399058.187025391]: update topo skeleton cost: 31.208916ms, update odom vertex cost:130.223341ms [0m
[0m[INFO] [1784399058.206610644]: vp cluster cost: 2.062977ms  ,remove unreachable cost: 13.774346ms, select vp cost: 3.591719ms[0m
insert viewpoint to graph time: 37.2046 ms
[1;33m-------------Plan Global Path end-----------------[0m

total time cost: 218.805ms
viz&&print cost:0.035522ms
 -- [TIMER] updateMap time consuming [32m 6.894419 ms[0m


[1;33m------------- <175> Plan Global Path start---------------[0m
[0m[INFO] [1784399058.373524416]: update topo skeleton cost: 16.576433ms, update odom vertex cost:92.804093ms [0m
[0m[INFO] [1784399058.393908762]: vp cluster cost: 2.061527ms  ,remove unreachable cost: 14.185403ms, select vp cost: 3.989376ms[0m
insert viewpoint to graph time: 39.3071 ms
[1;33m-------------Plan Global Path end-----------------[0m

total time cost: 169.687ms
viz&&print cost:0.041293ms
 -- [TIMER] updateMap time consuming [32m 8.940715 ms[0m


[1;33m------------- <176> Plan Global Path start---------------[0m
[0m[INFO] [1784399058.580557507]: update topo skeleton cost: 23.413458ms, update odom vertex cost:91.770394ms [0m
[0m[INFO] [1784399058.599744593]: [view score] cluster=1303 best_score=0.62979 visible_gain=3 speed=1.72266 corridor_cruise=0 hard_gate=0 rejected=0 top_k=1 known_free=4 clearance=1.02134 turn=2.74597 selected_yaw=-0.136254 current_yaw=-0.136254 yaw_delta=0 heading_known_free=3.8 vp=(3.48182, -7.40909, 1.9)[0m
[0m[INFO] [1784399058.604782198]: vp cluster cost: 2.704260ms  ,remove unreachable cost: 15.989094ms, select vp cost: 5.389589ms[0m
insert viewpoint to graph time: 39.9729 ms
[1;33m-------------Plan Global Path end-----------------[0m

total time cost: 180.008ms
viz&&print cost:0.041333ms
[0m[INFO] [1784399058.645487906]: [cloud input] mode=approximate_sync points=9886 age=0.0539714s stamp_valid=1[0m
 -- [TIMER] updateMap time consuming [32m 8.763573 ms[0m
[0m[INFO] [1784399058.667956340]: cloud odom callback cost: map update:19.0801ms  update frontier clusters: 3.34408ms  total: 22.4243ms
[0m
[0m[INFO] [1784399058.675874257]: [coverage guidance] plan valid=1 map_v=59 frontier_v=59 zones(f/u)=303/236 observed=19692/35519 coverage=0.5544 voxels(f/o/u)=11675/6534/1483 active=11 reachable_unknown=148 route_nodes=160 preferred=16 cost=7.9ms[0m


[1;33m------------- <177> Plan Global Path start---------------[0m
[0m[INFO] [1784399058.780764914]: update topo skeleton cost: 22.879522ms, update odom vertex cost:89.840345ms [0m
[0m[INFO] [1784399058.804983054]: vp cluster cost: 2.885472ms  ,remove unreachable cost: 16.635387ms, select vp cost: 4.559343ms[0m
insert viewpoint to graph time: 38.8913 ms
[1;33m-------------Plan Global Path end-----------------[0m

total time cost: 176.504ms
viz&&print cost:0.040983ms
 -- [TIMER] updateMap time consuming [32m 8.492215 ms[0m


[1;33m------------- <178> Plan Global Path start---------------[0m
[0m[INFO] [1784399058.976844166]: update topo skeleton cost: 18.263805ms, update odom vertex cost:83.337583ms [0m
[0m[INFO] [1784399059.000796429]: vp cluster cost: 2.132971ms  ,remove unreachable cost: 16.219409ms, select vp cost: 5.485425ms[0m
insert viewpoint to graph time: 38.6444 ms
[1;33m-------------Plan Global Path end-----------------[0m

total time cost: 164.794ms
viz&&print cost:0.028362ms
 -- [TIMER] updateMap time consuming [32m 8.169663 ms[0m


[1;33m------------- <179> Plan Global Path start---------------[0m
[0m[INFO] [1784399059.181728096]: update topo skeleton cost: 17.796312ms, update odom vertex cost:83.786245ms [0m
[0m[INFO] [1784399059.181763318]: [highspeed_exp adapter] safety map ready=1 rog_ready=1 cloud_size=8624[0m
[0m[INFO] [1784399059.200982335]: [view score] cluster=1303 best_score=1.41973 visible_gain=3 speed=2.0019 corridor_cruise=0 hard_gate=0 rejected=0 top_k=1 known_free=5.2 clearance=1.02134 turn=2.34239 selected_yaw=0.392699 current_yaw=-0.488824 yaw_delta=0.881523 heading_known_free=3 vp=(3.48182, -7.40909, 1.9)[0m
[0m[INFO] [1784399059.205397938]: vp cluster cost: 2.272831ms  ,remove unreachable cost: 16.612854ms, select vp cost: 4.677520ms[0m
insert viewpoint to graph time: 23.4833 ms
[1;33m-------------Plan Global Path end-----------------[0m

total time cost: 149.329ms
viz&&print cost:0.033783ms
 -- [TIMER] updateMap time consuming [32m 12.347190 ms[0m


[1;33m------------- <180> Plan Global Path start---------------[0m
[0m[INFO] [1784399059.379037311]: update topo skeleton cost: 12.489609ms, update odom vertex cost:83.386539ms [0m
[0m[INFO] [1784399059.401422047]: vp cluster cost: 2.681068ms  ,remove unreachable cost: 14.817154ms, select vp cost: 4.768686ms[0m
insert viewpoint to graph time: 37.804 ms
[1;33m-------------Plan Global Path end-----------------[0m

total time cost: 156.642ms
viz&&print cost:0.035182ms
[0m[INFO] [1784399058.096804820]: Publish local map size: 9540[0m
[0m[INFO] [1784399059.196491687]: Publish local map size: 9981[0m
 -- [MARSIM] Running FPS: 213.707
 -- [TIMER] updateMap time consuming [32m 8.513336 ms[0m


[1;33m------------- <181> Plan Global Path start---------------[0m
[0m[INFO] [1784399059.585852087]: update topo skeleton cost: 8.984507ms, update odom vertex cost:86.929423ms [0m
[0m[INFO] [1784399059.607119719]: vp cluster cost: 2.137972ms  ,remove unreachable cost: 14.305360ms, select vp cost: 4.691311ms[0m
insert viewpoint to graph time: 38.5418 ms
[1;33m-------------Plan Global Path end-----------------[0m

total time cost: 156.353ms
viz&&print cost:0.053804ms
[0m[INFO] [1784399059.646390828]: [cloud input] mode=approximate_sync points=9042 age=0.0548712s stamp_valid=1[0m
 -- [TIMER] updateMap time consuming [32m 6.624740 ms[0m


[1;33m------------- <182> Plan Global Path start---------------[0m
[0m[INFO] [1784399059.753536714]: update topo skeleton cost: 9.672942ms, update odom vertex cost:47.439401ms [0m
[0m[INFO] [1784399059.769100318]: [view score] cluster=1303 best_score=1.87502 visible_gain=3 speed=1.63592 corridor_cruise=0 hard_gate=0 rejected=0 top_k=1 known_free=6.2 clearance=1.02134 turn=2.20229 selected_yaw=0.392699 current_yaw=-0.651891 yaw_delta=1.04459 heading_known_free=2 vp=(3.48182, -7.40909, 1.9)[0m
[0m[INFO] [1784399059.774096310]: vp cluster cost: 2.106100ms  ,remove unreachable cost: 13.178645ms, select vp cost: 5.198895ms[0m
insert viewpoint to graph time: 37.6603 ms
[1;33m-------------Plan Global Path end-----------------[0m

total time cost: 115.896ms
viz&&print cost:0.036242ms
 -- [TIMER] updateMap time consuming [32m 6.770299 ms[0m
[0m[INFO] [1784399059.831823574]: cloud odom callback cost: map update:16.59ms  update frontier clusters: 2.81996ms  total: 19.41ms
[0m
 -- [TIMER] updateMap time consuming [32m 4.805179 ms[0m


[1;33m------------- <183> Plan Global Path start---------------[0m
[0m[INFO] [1784399059.963396573]: update topo skeleton cost: 11.266378ms, update odom vertex cost:40.970021ms [0m
[0m[INFO] [1784399059.985477679]: vp cluster cost: 2.254610ms  ,remove unreachable cost: 13.042086ms, select vp cost: 6.659242ms[0m
insert viewpoint to graph time: 24.3875 ms
[1;33m-------------Plan Global Path end-----------------[0m

total time cost: 99.3262ms
viz&&print cost:0.044043ms
 -- [TIMER] updateMap time consuming [32m 5.332914 ms[0m
 -- [TIMER] updateMap time consuming [32m 5.802095 ms[0m


[1;33m------------- <184> Plan Global Path start---------------[0m
[0m[INFO] [1784399060.169741381]: update topo skeleton cost: 12.399743ms, update odom vertex cost:44.921879ms [0m
[0m[INFO] [1784399060.191207704]: vp cluster cost: 2.116660ms  ,remove unreachable cost: 14.448818ms, select vp cost: 4.813389ms[0m
insert viewpoint to graph time: 29.5498 ms
[1;33m-------------Plan Global Path end-----------------[0m

total time cost: 109.003ms
viz&&print cost:0.040352ms
 -- [TIMER] updateMap time consuming [32m 5.379527 ms[0m
 -- [TIMER] updateMap time consuming [32m 5.164852 ms[0m


[1;33m------------- <185> Plan Global Path start---------------[0m
[0m[INFO] [1784399060.395889229]: update topo skeleton cost: 13.182575ms, update odom vertex cost:61.168436ms [0m
[0m[INFO] [1784399060.414824165]: [view score] cluster=1303 best_score=-6.9951 visible_gain=3 speed=0.749254 corridor_cruise=0 hard_gate=0 rejected=0 top_k=1 known_free=1.2 clearance=1.02134 turn=2.13989 selected_yaw=0.392699 current_yaw=-0.675192 yaw_delta=1.06789 heading_known_free=1.4 vp=(3.48182, -7.40909, 1.9)[0m
[0m[INFO] [1784399060.421462716]: vp cluster cost: 2.339665ms  ,remove unreachable cost: 16.367156ms, select vp cost: 6.764428ms[0m
insert viewpoint to graph time: 21.6967 ms
[1;33m-------------Plan Global Path end-----------------[0m

total time cost: 122.224ms
viz&&print cost:0.034293ms
 -- [TIMER] updateMap time consuming [32m 5.324343 ms[0m
 -- [TIMER] updateMap time consuming [32m 4.247591 ms[0m


[1;33m------------- <186> Plan Global Path start---------------[0m
[0m[INFO] [1784399060.590745422]: update topo skeleton cost: 5.440471ms, update odom vertex cost:61.439705ms [0m
[0m[INFO] [1784399060.590773744]: [frontier debt] passed cluster=1291 count=1 debt=1 closest=8.49852[0m
[0m[INFO] [1784399060.612032634]: vp cluster cost: 2.180234ms  ,remove unreachable cost: 14.811343ms, select vp cost: 4.207279ms[0m
insert viewpoint to graph time: 11.6931 ms
[1;33m-------------Plan Global Path end-----------------[0m

total time cost: 100.448ms
viz&&print cost:0.033412ms
 -- [TIMER] updateMap time consuming [32m 4.926097 ms[0m
[0m[INFO] [1784399060.696590692]: [cloud input] mode=approximate_sync points=9099 age=0.00507457s stamp_valid=1[0m
 -- [TIMER] updateMap time consuming [32m 4.896404 ms[0m


[1;33m------------- <187> Plan Global Path start---------------[0m
[0m[INFO] [1784399060.791531279]: update topo skeleton cost: 5.493104ms, update odom vertex cost:61.608106ms [0m
[0m[INFO] [1784399060.814066614]: vp cluster cost: 2.734141ms  ,remove unreachable cost: 14.966303ms, select vp cost: 4.737124ms[0m
insert viewpoint to graph time: 10.5125 ms
[1;33m-------------Plan Global Path end-----------------[0m

total time cost: 100.962ms
viz&&print cost:0.035202ms
 -- [TIMER] updateMap time consuming [32m 4.956539 ms[0m
[0m[INFO] [1784399060.840502487]: cloud odom callback cost: map update:12.4041ms  update frontier clusters: 2.61961ms  total: 15.0237ms
[0m
[0m[INFO] [1784399060.848177126]: [coverage guidance] plan valid=1 map_v=61 frontier_v=61 zones(f/u)=301/236 observed=19798/35519 coverage=0.5574 voxels(f/o/u)=11770/6536/1492 active=12 reachable_unknown=147 route_nodes=160 preferred=16 cost=7.7ms[0m
 -- [TIMER] updateMap time consuming [32m 5.429181 ms[0m


[1;33m------------- <188> Plan Global Path start---------------[0m
[0m[INFO] [1784399061.002363532]: update topo skeleton cost: 9.198190ms, update odom vertex cost:67.638166ms [0m
[0m[INFO] [1784399061.019729572]: [view score] cluster=1303 best_score=-3.88045 visible_gain=3 speed=0.0951077 corridor_cruise=0 hard_gate=0 rejected=0 top_k=1 known_free=1.2 clearance=1.02134 turn=0 selected_yaw=0.392699 current_yaw=-1.0962 yaw_delta=1.4889 heading_known_free=2 vp=(3.48182, -7.40909, 1.9)[0m
[0m[INFO] [1784399061.025320142]: vp cluster cost: 2.180294ms  ,remove unreachable cost: 14.958941ms, select vp cost: 5.717099ms[0m
insert viewpoint to graph time: 15.8642 ms
[1;33m-------------Plan Global Path end-----------------[0m

total time cost: 116.658ms
viz&&print cost:0.042373ms
 -- [TIMER] updateMap time consuming [32m 6.165848 ms[0m
 -- [TIMER] updateMap time consuming [32m 6.557714 ms[0m


[1;33m------------- <189> Plan Global Path start---------------[0m
[0m[INFO] [1784399061.206273396]: update topo skeleton cost: 11.869796ms, update odom vertex cost:62.103983ms [0m
[0m[INFO] [1784399061.206300588]: [highspeed_exp adapter] safety map ready=1 rog_ready=1 cloud_size=9640[0m
[0m[INFO] [1784399061.227362782]: vp cluster cost: 2.167253ms  ,remove unreachable cost: 14.376332ms, select vp cost: 4.330747ms[0m
insert viewpoint to graph time: 18.7888 ms
[1;33m-------------Plan Global Path end-----------------[0m

total time cost: 114.528ms
viz&&print cost:0.048203ms
[33m[WARN] [1784399061.378786840]: [highspeed_traj_server] trajectory 73 exhausted at 4.906/4.901 s; entering endpoint HOLD (terminal |v|=0.000 m/s, |a|=0.000 m/s^2).[0m
 -- [TIMER] updateMap time consuming [32m 7.336316 ms[0m
 -- [TIMER] updateMap time consuming [32m 7.237759 ms[0m


[1;33m------------- <190> Plan Global Path start---------------[0m
[0m[INFO] [1784399061.414602782]: update topo skeleton cost: 11.943771ms, update odom vertex cost:65.701411ms [0m
[0m[INFO] [1784399061.439565466]: vp cluster cost: 2.516997ms  ,remove unreachable cost: 16.027781ms, select vp cost: 6.100775ms[0m
insert viewpoint to graph time: 22.604 ms
[1;33m-------------Plan Global Path end-----------------[0m

total time cost: 125.88ms
viz&&print cost:0.060554ms
 -- [TIMER] updateMap time consuming [32m 7.292493 ms[0m
 -- [TIMER] updateMap time consuming [32m 7.446863 ms[0m


[1;33m------------- <191> Plan Global Path start---------------[0m
[0m[INFO] [1784399061.629361275]: update topo skeleton cost: 18.175664ms, update odom vertex cost:68.222978ms [0m
[0m[INFO] [1784399061.648432238]: [view score] cluster=1303 best_score=-1.94793 visible_gain=3 speed=0 corridor_cruise=0 hard_gate=0 rejected=0 top_k=1 known_free=1.2 clearance=1.02134 turn=0 selected_yaw=2.74889 current_yaw=-2.00655 yaw_delta=1.52774 heading_known_free=11.8 vp=(3.48182, -7.40909, 1.9)[0m
[0m[INFO] [1784399061.653187783]: vp cluster cost: 2.711719ms  ,remove unreachable cost: 15.204227ms, select vp cost: 5.576319ms[0m
insert viewpoint to graph time: 19.0307 ms
[1;33m-------------Plan Global Path end-----------------[0m

total time cost: 129.91ms
viz&&print cost:0.041033ms
[0m[INFO] [1784399060.197184831]: Publish local map size: 9425[0m
[0m[INFO] [1784399061.296393624]: Publish local map size: 9222[0m
 -- [MARSIM] Running FPS: 218.85
 -- [TIMER] updateMap time consuming [32m 7.600833 ms[0m
[0m[INFO] [1784399061.696683343]: [cloud input] mode=approximate_sync points=8753 age=0.00516233s stamp_valid=1[0m
 -- [TIMER] updateMap time consuming [32m 5.920322 ms[0m


[1;33m------------- <192> Plan Global Path start---------------[0m
[0m[INFO] [1784399061.829425144]: update topo skeleton cost: 18.408079ms, update odom vertex cost:68.028625ms [0m
[0m[INFO] [1784399061.852584388]: vp cluster cost: 2.342276ms  ,remove unreachable cost: 13.640453ms, select vp cost: 6.756048ms[0m
insert viewpoint to graph time: 21.1298 ms
[1;33m-------------Plan Global Path end-----------------[0m

total time cost: 131.314ms
viz&&print cost:0.036453ms
 -- [TIMER] updateMap time consuming [32m 6.591846 ms[0m
[0m[INFO] [1784399061.891840978]: cloud odom callback cost: map update:14.5592ms  update frontier clusters: 2.89701ms  total: 17.4562ms
[0m
 -- [TIMER] updateMap time consuming [32m 5.685187 ms[0m


[1;33m------------- <193> Plan Global Path start---------------[0m
[0m[INFO] [1784399062.022527861]: update topo skeleton cost: 9.148656ms, update odom vertex cost:68.952755ms [0m
[0m[INFO] [1784399062.043885213]: vp cluster cost: 2.609733ms  ,remove unreachable cost: 14.016867ms, select vp cost: 4.400190ms[0m
insert viewpoint to graph time: 21.6951 ms
[1;33m-------------Plan Global Path end-----------------[0m

total time cost: 122.092ms
viz&&print cost:0.046253ms
 -- [TIMER] updateMap time consuming [32m 6.511001 ms[0m
 -- [TIMER] updateMap time consuming [32m 6.163658 ms[0m


[1;33m------------- <194> Plan Global Path start---------------[0m
[0m[INFO] [1784399062.223530033]: update topo skeleton cost: 8.241905ms, update odom vertex cost:68.678512ms [0m
[0m[INFO] [1784399062.240302462]: [view score] cluster=1303 best_score=-1.94793 visible_gain=3 speed=0 corridor_cruise=0 hard_gate=0 rejected=0 top_k=1 known_free=1.2 clearance=1.02134 turn=0 selected_yaw=2.74889 current_yaw=-2.00655 yaw_delta=1.52774 heading_known_free=11.8 vp=(3.48182, -7.40909, 1.9)[0m
[0m[INFO] [1784399062.244921037]: vp cluster cost: 2.135031ms  ,remove unreachable cost: 14.044259ms, select vp cost: 4.960098ms[0m
insert viewpoint to graph time: 21.3104 ms
[1;33m-------------Plan Global Path end-----------------[0m

total time cost: 120.265ms
viz&&print cost:0.043023ms
 -- [TIMER] updateMap time consuming [32m 6.845003 ms[0m
 -- [TIMER] updateMap time consuming [32m 5.985216 ms[0m


[1;33m------------- <195> Plan Global Path start---------------[0m
[0m[INFO] [1784399062.422607528]: update topo skeleton cost: 6.731665ms, update odom vertex cost:68.881955ms [0m
[0m[INFO] [1784399062.443363270]: vp cluster cost: 2.286492ms  ,remove unreachable cost: 13.841565ms, select vp cost: 4.369089ms[0m
insert viewpoint to graph time: 21.3407 ms
[1;33m-------------Plan Global Path end-----------------[0m

total time cost: 118.277ms
viz&&print cost:0.033813ms
 -- [TIMER] updateMap time consuming [32m 5.869178 ms[0m
 -- [TIMER] updateMap time consuming [32m 6.278655 ms[0m


[1;33m------------- <196> Plan Global Path start---------------[0m
[0m[INFO] [1784399062.631558346]: update topo skeleton cost: 8.024251ms, update odom vertex cost:68.137616ms [0m
[0m[INFO] [1784399062.651906141]: vp cluster cost: 2.140241ms  ,remove unreachable cost: 13.279558ms, select vp cost: 4.622266ms[0m
insert viewpoint to graph time: 21.5394 ms
[1;33m-------------Plan Global Path end-----------------[0m

total time cost: 118.945ms
[0m[INFO] [1784399062.674371287]: [frontier storage] labels=8266/7517 normals=216/823 clusters=17 terminal=0 cluster_cells(cap)=178 candidates(cap)=21 derived_viewpoints(cap)=0 estimated_kb=147.385 revision=322 audit_ready=0[0m
viz&&print cost:0.074235ms
 -- [TIMER] updateMap time consuming [32m 5.801523 ms[0m
[0m[INFO] [1784399062.696894796]: [cloud input] mode=approximate_sync points=9781 age=0.00538072s stamp_valid=1[0m
 -- [TIMER] updateMap time consuming [32m 6.036249 ms[0m


[1;33m------------- <197> Plan Global Path start---------------[0m
[0m[INFO] [1784399062.840291029]: update topo skeleton cost: 7.826217ms, update odom vertex cost:67.961955ms [0m
[0m[INFO] [1784399062.858740789]: [view score] cluster=1303 best_score=-1.94793 visible_gain=3 speed=0 corridor_cruise=0 hard_gate=0 rejected=0 top_k=1 known_free=1.2 clearance=1.02134 turn=0 selected_yaw=2.74889 current_yaw=-2.00655 yaw_delta=1.52774 heading_known_free=11.8 vp=(3.48182, -7.40909, 1.9)[0m
[0m[INFO] [1784399062.863113528]: vp cluster cost: 2.383148ms  ,remove unreachable cost: 15.351735ms, select vp cost: 4.653348ms[0m
insert viewpoint to graph time: 21.9093 ms
[1;33m-------------Plan Global Path end-----------------[0m

total time cost: 121.451ms
viz&&print cost:0.061154ms
 -- [TIMER] updateMap time consuming [32m 6.802600 ms[0m
[0m[INFO] [1784399062.903598295]: cloud odom callback cost: map update:14.7698ms  update frontier clusters: 2.76469ms  total: 17.5345ms
[0m
[0m[INFO] [1784399062.911395231]: [coverage guidance] plan valid=1 map_v=63 frontier_v=63 zones(f/u)=302/238 observed=19917/35519 coverage=0.5607 voxels(f/o/u)=11876/6535/1506 active=12 reachable_unknown=147 route_nodes=160 preferred=16 cost=7.8ms[0m
 -- [TIMER] updateMap time consuming [32m 6.739905 ms[0m


[1;33m------------- <198> Plan Global Path start---------------[0m
[0m[INFO] [1784399063.046664552]: update topo skeleton cost: 5.933802ms, update odom vertex cost:70.439814ms [0m
[0m[INFO] [1784399063.075048326]: vp cluster cost: 2.856659ms  ,remove unreachable cost: 20.585049ms, select vp cost: 4.523459ms[0m
insert viewpoint to graph time: 23.9582 ms
[1;33m-------------Plan Global Path end-----------------[0m

total time cost: 129.384ms
viz&&print cost:0.041732ms
 -- [TIMER] updateMap time consuming [32m 6.543882 ms[0m


[1;33m------------- <199> Plan Global Path start---------------[0m
[0m[INFO] [1784399063.255328611]: update topo skeleton cost: 7.217116ms, update odom vertex cost:68.343883ms [0m
[0m[INFO] [1784399063.255361043]: [highspeed_exp adapter] safety map ready=1 rog_ready=1 cloud_size=10023[0m
[0m[INFO] [1784399063.277122460]: vp cluster cost: 2.134831ms  ,remove unreachable cost: 14.898294ms, select vp cost: 4.470695ms[0m
insert viewpoint to graph time: 22.6036 ms
[1;33m-------------Plan Global Path end-----------------[0m

total time cost: 120.565ms
viz&&print cost:0.035162ms
 -- [TIMER] updateMap time consuming [32m 6.131825 ms[0m


[1;33m------------- <200> Plan Global Path start---------------[0m
[0m[INFO] [1784399063.458141713]: update topo skeleton cost: 7.817135ms, update odom vertex cost:69.872844ms [0m
[0m[INFO] [1784399063.474885639]: [view score] cluster=1303 best_score=-1.94793 visible_gain=3 speed=0 corridor_cruise=0 hard_gate=0 rejected=0 top_k=1 known_free=1.2 clearance=1.02134 turn=0 selected_yaw=2.74889 current_yaw=-2.00655 yaw_delta=1.52774 heading_known_free=11.8 vp=(3.48182, -7.40909, 1.9)[0m
[0m[INFO] [1784399063.478772056]: vp cluster cost: 2.092528ms  ,remove unreachable cost: 13.848435ms, select vp cost: 4.433442ms[0m
insert viewpoint to graph time: 21.6703 ms
[1;33m-------------Plan Global Path end-----------------[0m

total time cost: 120.573ms
viz&&print cost:0.036393ms
 -- [TIMER] updateMap time consuming [32m 6.371451 ms[0m


[1;33m------------- <201> Plan Global Path start---------------[0m
[0m[INFO] [1784399063.658370025]: update topo skeleton cost: 8.504101ms, update odom vertex cost:68.741770ms [0m
[0m[INFO] [1784399063.679294097]: vp cluster cost: 2.293311ms  ,remove unreachable cost: 13.818233ms, select vp cost: 4.550670ms[0m
insert viewpoint to graph time: 21.07 ms
[1;33m-------------Plan Global Path end-----------------[0m

total time cost: 119.839ms
viz&&print cost:0.036273ms
[0m[INFO] [1784399063.701053474]: [cloud input] mode=approximate_sync points=9498 age=0.00954736s stamp_valid=1[0m
 -- [TIMER] updateMap time consuming [32m 5.907950 ms[0m


[1;33m------------- <202> Plan Global Path start---------------[0m
[0m[INFO] [1784399062.296524700]: Publish local map size: 8993[0m
[0m[INFO] [1784399063.296572075]: Publish local map size: 9403[0m
 -- [MARSIM] Running FPS: 212.156
[0m[INFO] [1784399063.867017773]: update topo skeleton cost: 7.484564ms, update odom vertex cost:68.447680ms [0m
[0m[INFO] [1784399063.890045484]: vp cluster cost: 2.544538ms  ,remove unreachable cost: 15.086136ms, select vp cost: 5.098627ms[0m
insert viewpoint to graph time: 20.9729 ms
[1;33m-------------Plan Global Path end-----------------[0m

total time cost: 120.525ms
viz&&print cost:0.034432ms
 -- [TIMER] updateMap time consuming [32m 5.560007 ms[0m
[0m[INFO] [1784399063.928608170]: cloud odom callback cost: map update:14.139ms  update frontier clusters: 2.76007ms  total: 16.8991ms
[0m


[1;33m------------- <203> Plan Global Path start---------------[0m
[0m[INFO] [1784399064.067144662]: update topo skeleton cost: 7.075417ms, update odom vertex cost:68.349897ms [0m
[0m[INFO] [1784399064.083011638]: [view score] cluster=1303 best_score=-1.94793 visible_gain=3 speed=0 corridor_cruise=0 hard_gate=0 rejected=0 top_k=1 known_free=1.2 clearance=1.02134 turn=0 selected_yaw=2.74889 current_yaw=-2.00655 yaw_delta=1.52774 heading_known_free=11.8 vp=(3.48182, -7.40909, 1.9)[0m
[0m[INFO] [1784399064.088349200]: vp cluster cost: 1.979060ms  ,remove unreachable cost: 13.123186ms, select vp cost: 5.881747ms[0m
insert viewpoint to graph time: 21.0526 ms
[1;33m-------------Plan Global Path end-----------------[0m

total time cost: 118.275ms
viz&&print cost:0.037172ms
 -- [TIMER] updateMap time consuming [32m 5.738368 ms[0m
 -- [TIMER] updateMap time consuming [32m 5.558307 ms[0m


[1;33m------------- <204> Plan Global Path start---------------[0m
[0m[INFO] [1784399064.290274784]: update topo skeleton cost: 9.258880ms, update odom vertex cost:69.437839ms [0m
[0m[INFO] [1784399064.311417299]: vp cluster cost: 2.041725ms  ,remove unreachable cost: 14.250690ms, select vp cost: 4.531179ms[0m
insert viewpoint to graph time: 21.5071 ms
[1;33m-------------Plan Global Path end-----------------[0m

total time cost: 122.047ms
viz&&print cost:0.047053ms
 -- [TIMER] updateMap time consuming [32m 6.187598 ms[0m
 -- [TIMER] updateMap time consuming [32m 5.613440 ms[0m


[1;33m------------- <205> Plan Global Path start---------------[0m
[0m[INFO] [1784399064.489053262]: update topo skeleton cost: 8.741587ms, update odom vertex cost:68.546600ms [0m
[0m[INFO] [1784399064.510353616]: vp cluster cost: 2.083567ms  ,remove unreachable cost: 14.475694ms, select vp cost: 4.475536ms[0m
insert viewpoint to graph time: 22.0817 ms
[1;33m-------------Plan Global Path end-----------------[0m

total time cost: 121.289ms
viz&&print cost:0.034632ms
 -- [TIMER] updateMap time consuming [32m 5.781881 ms[0m
 -- [TIMER] updateMap time consuming [32m 5.294229 ms[0m


[1;33m------------- <206> Plan Global Path start---------------[0m
[0m[INFO] [1784399064.690560119]: update topo skeleton cost: 9.038866ms, update odom vertex cost:68.354038ms [0m
[0m[INFO] [1784399064.709637337]: [view score] cluster=1303 best_score=-1.94793 visible_gain=3 speed=0 corridor_cruise=0 hard_gate=0 rejected=0 top_k=1 known_free=1.2 clearance=1.02134 turn=0 selected_yaw=2.74889 current_yaw=-2.00655 yaw_delta=1.52774 heading_known_free=11.8 vp=(3.48182, -7.40909, 1.9)[0m
[0m[INFO] [1784399064.713310559]: vp cluster cost: 2.198085ms  ,remove unreachable cost: 15.876787ms, select vp cost: 4.413021ms[0m
insert viewpoint to graph time: 20.9717 ms
[1;33m-------------Plan Global Path end-----------------[0m

total time cost: 121.678ms
viz&&print cost:0.035112ms
[0m[INFO] [1784399064.734919524]: [cloud input] mode=approximate_sync points=9719 age=0.0434032s stamp_valid=1[0m
 -- [TIMER] updateMap time consuming [32m 5.398556 ms[0m
 -- [TIMER] updateMap time consuming [32m 5.502983 ms[0m


[1;33m------------- <207> Plan Global Path start---------------[0m
[0m[INFO] [1784399064.891659179]: update topo skeleton cost: 7.701327ms, update odom vertex cost:69.017981ms [0m
[0m[INFO] [1784399064.913431225]: vp cluster cost: 2.390717ms  ,remove unreachable cost: 14.581162ms, select vp cost: 4.540469ms[0m
insert viewpoint to graph time: 21.609 ms
[1;33m-------------Plan Global Path end-----------------[0m

total time cost: 120.833ms
viz&&print cost:0.039673ms
 -- [TIMER] updateMap time consuming [32m 5.579088 ms[0m
[0m[INFO] [1784399064.951614482]: cloud odom callback cost: map update:12.6858ms  update frontier clusters: 3.05049ms  total: 15.7363ms
[0m
[0m[INFO] [1784399064.959174801]: [coverage guidance] plan valid=1 map_v=65 frontier_v=65 zones(f/u)=298/237 observed=19968/35519 coverage=0.5622 voxels(f/o/u)=11924/6534/1510 active=12 reachable_unknown=147 route_nodes=160 preferred=16 cost=7.6ms[0m
 -- [TIMER] updateMap time consuming [32m 5.937451 ms[0m


[1;33m------------- <208> Plan Global Path start---------------[0m
[0m[INFO] [1784399065.092561447]: update topo skeleton cost: 8.454266ms, update odom vertex cost:68.215112ms [0m
[0m[INFO] [1784399065.114346572]: vp cluster cost: 2.278510ms  ,remove unreachable cost: 14.189734ms, select vp cost: 5.048743ms[0m
insert viewpoint to graph time: 21.5238 ms
[1;33m-------------Plan Global Path end-----------------[0m

total time cost: 120.559ms
viz&&print cost:0.034082ms
 -- [TIMER] updateMap time consuming [32m 6.622337 ms[0m
 -- [TIMER] updateMap time consuming [32m 5.942801 ms[0m


[1;33m------------- <209> Plan Global Path start---------------[0m
[0m[INFO] [1784399065.291512267]: update topo skeleton cost: 6.780137ms, update odom vertex cost:68.176528ms [0m
[0m[INFO] [1784399065.291560560]: [highspeed_exp adapter] safety map ready=1 rog_ready=1 cloud_size=10113[0m
[0m[INFO] [1784399065.308362376]: [view score] cluster=1303 best_score=-1.94793 visible_gain=3 speed=0 corridor_cruise=0 hard_gate=0 rejected=0 top_k=1 known_free=1.2 clearance=1.02134 turn=0 selected_yaw=2.74889 current_yaw=-2.00655 yaw_delta=1.52774 heading_known_free=11.8 vp=(3.48182, -7.40909, 1.9)[0m
[0m[INFO] [1784399065.312594105]: vp cluster cost: 2.119270ms  ,remove unreachable cost: 14.123130ms, select vp cost: 4.486155ms[0m
insert viewpoint to graph time: 21.6687 ms
[1;33m-------------Plan Global Path end-----------------[0m

total time cost: 118.342ms
viz&&print cost:0.039073ms
 -- [TIMER] updateMap time consuming [32m 5.514583 ms[0m
 -- [TIMER] updateMap time consuming [32m 5.131988 ms[0m


[1;33m------------- <210> Plan Global Path start---------------[0m
[0m[INFO] [1784399065.500887763]: update topo skeleton cost: 6.749214ms, update odom vertex cost:69.130682ms [0m
[0m[INFO] [1784399065.522116451]: vp cluster cost: 2.101078ms  ,remove unreachable cost: 14.250628ms, select vp cost: 4.595363ms[0m
insert viewpoint to graph time: 20.917 ms
[1;33m-------------Plan Global Path end-----------------[0m

total time cost: 118.671ms
viz&&print cost:0.045153ms
 -- [TIMER] updateMap time consuming [32m 5.399176 ms[0m
 -- [TIMER] updateMap time consuming [32m 5.316350 ms[0m


[1;33m------------- <211> Plan Global Path start---------------[0m
[0m[INFO] [1784399065.710094958]: update topo skeleton cost: 7.929892ms, update odom vertex cost:68.365332ms [0m
[0m[INFO] [1784399065.733796968]: vp cluster cost: 2.592341ms  ,remove unreachable cost: 16.245850ms, select vp cost: 4.564740ms[0m
insert viewpoint to graph time: 26.1612 ms
[1;33m-------------Plan Global Path end-----------------[0m

total time cost: 126.885ms
viz&&print cost:0.049463ms
[0m[INFO] [1784399065.760779855]: [cloud input] mode=approximate_sync points=9986 age=0.0692729s stamp_valid=1[0m
 -- [TIMER] updateMap time consuming [32m 5.732677 ms[0m
 -- [TIMER] updateMap time consuming [32m 5.710206 ms[0m


[1;33m------------- <212> Plan Global Path start---------------[0m
[0m[INFO] [1784399065.916120633]: update topo skeleton cost: 7.076486ms, update odom vertex cost:68.237663ms [0m
[0m[INFO] [1784399065.933757425]: [view score] cluster=1303 best_score=-1.94793 visible_gain=3 speed=0 corridor_cruise=0 hard_gate=0 rejected=0 top_k=1 known_free=1.2 clearance=1.02134 turn=0 selected_yaw=2.74889 current_yaw=-2.00655 yaw_delta=1.52774 heading_known_free=11.8 vp=(3.48182, -7.40909, 1.9)[0m
[0m[INFO] [1784399065.938144173]: vp cluster cost: 2.619553ms  ,remove unreachable cost: 14.467512ms, select vp cost: 4.639936ms[0m
insert viewpoint to graph time: 22.3806 ms
[1;33m-------------Plan Global Path end-----------------[0m

total time cost: 120.444ms
viz&&print cost:0.051884ms
[0m[INFO] [1784399064.296884600]: Publish local map size: 9869[0m
[0m[INFO] [1784399065.297151888]: Publish local map size: 9784[0m
 -- [MARSIM] Running FPS: 202.67
 -- [TIMER] updateMap time consuming [32m 5.061953 ms[0m
[0m[INFO] [1784399065.976245602]: cloud odom callback cost: map update:12.1679ms  update frontier clusters: 2.72861ms  total: 14.8965ms
[0m
 -- [TIMER] updateMap time consuming [32m 5.235545 ms[0m


[1;33m------------- <213> Plan Global Path start---------------[0m
[0m[INFO] [1784399066.116991478]: update topo skeleton cost: 7.315601ms, update odom vertex cost:68.288910ms [0m
[0m[INFO] [1784399066.139971579]: vp cluster cost: 3.685002ms  ,remove unreachable cost: 14.425638ms, select vp cost: 4.538029ms[0m
insert viewpoint to graph time: 21.9353 ms
[1;33m-------------Plan Global Path end-----------------[0m

total time cost: 121.194ms
viz&&print cost:0.046493ms
 -- [TIMER] updateMap time consuming [32m 5.479080 ms[0m
 -- [TIMER] updateMap time consuming [32m 5.068803 ms[0m


[1;33m------------- <214> Plan Global Path start---------------[0m
[0m[INFO] [1784399066.320004366]: update topo skeleton cost: 8.663050ms, update odom vertex cost:68.663274ms [0m
[0m[INFO] [1784399066.342142201]: vp cluster cost: 2.324003ms  ,remove unreachable cost: 15.119243ms, select vp cost: 4.402270ms[0m
insert viewpoint to graph time: 21.1192 ms
[1;33m-------------Plan Global Path end-----------------[0m

total time cost: 121.203ms
viz&&print cost:0.047474ms
 -- [TIMER] updateMap time consuming [32m 5.433557 ms[0m
 -- [TIMER] updateMap time consuming [32m 5.424427 ms[0m


[1;33m------------- <215> Plan Global Path start---------------[0m
[0m[INFO] [1784399066.521503174]: update topo skeleton cost: 8.414993ms, update odom vertex cost:69.087883ms [0m
[0m[INFO] [1784399066.538031160]: [view score] cluster=1303 best_score=-1.94793 visible_gain=3 speed=0 corridor_cruise=0 hard_gate=0 rejected=0 top_k=1 known_free=1.2 clearance=1.02134 turn=0 selected_yaw=2.74889 current_yaw=-2.00655 yaw_delta=1.52774 heading_known_free=11.8 vp=(3.48182, -7.40909, 1.9)[0m
[0m[INFO] [1784399066.542244748]: vp cluster cost: 2.125900ms  ,remove unreachable cost: 13.880253ms, select vp cost: 4.476694ms[0m
insert viewpoint to graph time: 21.5629 ms
[1;33m-------------Plan Global Path end-----------------[0m

total time cost: 120.39ms
viz&&print cost:0.035363ms
 -- [TIMER] updateMap time consuming [32m 5.107666 ms[0m
 -- [TIMER] updateMap time consuming [32m 5.573536 ms[0m


[1;33m------------- <216> Plan Global Path start---------------[0m
[0m[INFO] [1784399066.722185008]: update topo skeleton cost: 9.308011ms, update odom vertex cost:68.384177ms [0m
[0m[INFO] [1784399066.742789753]: vp cluster cost: 2.140910ms  ,remove unreachable cost: 13.507088ms, select vp cost: 4.697159ms[0m
insert viewpoint to graph time: 21.6232 ms
[1;33m-------------Plan Global Path end-----------------[0m

total time cost: 120.51ms
viz&&print cost:0.036632ms
[0m[INFO] [1784399066.765082619]: [cloud input] mode=approximate_sync points=9548 age=0.0735727s stamp_valid=1[0m
 -- [TIMER] updateMap time consuming [32m 5.188231 ms[0m
 -- [TIMER] updateMap time consuming [32m 5.121737 ms[0m


[1;33m------------- <217> Plan Global Path start---------------[0m
[0m[INFO] [1784399066.922137025]: update topo skeleton cost: 8.472127ms, update odom vertex cost:68.549037ms [0m
[0m[INFO] [1784399066.943904366]: vp cluster cost: 2.106909ms  ,remove unreachable cost: 13.771465ms, select vp cost: 5.630520ms[0m
insert viewpoint to graph time: 21.6234 ms
[1;33m-------------Plan Global Path end-----------------[0m

total time cost: 121.006ms
viz&&print cost:0.038423ms
 -- [TIMER] updateMap time consuming [32m 4.944735 ms[0m
[0m[INFO] [1784399066.981286144]: cloud odom callback cost: map update:12.2361ms  update frontier clusters: 2.83031ms  total: 15.0664ms
[0m
[0m[INFO] [1784399066.988901734]: [coverage guidance] plan valid=1 map_v=67 frontier_v=67 zones(f/u)=298/237 observed=19974/35519 coverage=0.5623 voxels(f/o/u)=11931/6532/1511 active=12 reachable_unknown=147 route_nodes=160 preferred=16 cost=7.6ms[0m
 -- [TIMER] updateMap time consuming [32m 5.402805 ms[0m


[1;33m------------- <218> Plan Global Path start---------------[0m
[0m[INFO] [1784399067.122383439]: update topo skeleton cost: 7.805603ms, update odom vertex cost:68.345007ms [0m
[0m[INFO] [1784399067.139212294]: [view score] cluster=1303 best_score=-1.94793 visible_gain=3 speed=0 corridor_cruise=0 hard_gate=0 rejected=0 top_k=1 known_free=1.2 clearance=1.02134 turn=0 selected_yaw=2.74889 current_yaw=-2.00655 yaw_delta=1.52774 heading_known_free=11.8 vp=(3.48182, -7.40909, 1.9)[0m
[0m[INFO] [1784399067.143512696]: vp cluster cost: 2.091577ms  ,remove unreachable cost: 14.224724ms, select vp cost: 4.561819ms[0m
insert viewpoint to graph time: 21.8532 ms
[1;33m-------------Plan Global Path end-----------------[0m

total time cost: 119.738ms
viz&&print cost:0.038333ms
 -- [TIMER] updateMap time consuming [32m 5.420856 ms[0m
 -- [TIMER] updateMap time consuming [32m 5.550725 ms[0m


[1;33m------------- <219> Plan Global Path start---------------[0m
[0m[INFO] [1784399067.331682980]: update topo skeleton cost: 6.389829ms, update odom vertex cost:69.202464ms [0m
[0m[INFO] [1784399067.331709682]: [highspeed_exp adapter] safety map ready=1 rog_ready=1 cloud_size=9781[0m
[0m[INFO] [1784399067.354619926]: vp cluster cost: 2.123349ms  ,remove unreachable cost: 14.716376ms, select vp cost: 5.795091ms[0m
insert viewpoint to graph time: 21.5156 ms
[1;33m-------------Plan Global Path end-----------------[0m

total time cost: 120.697ms
viz&&print cost:0.036233ms
 -- [TIMER] updateMap time consuming [32m 5.843504 ms[0m
 -- [TIMER] updateMap time consuming [32m 5.297028 ms[0m


[1;33m------------- <220> Plan Global Path start---------------[0m
[0m[INFO] [1784399067.532977566]: update topo skeleton cost: 6.216478ms, update odom vertex cost:69.855646ms [0m
[0m[INFO] [1784399067.554384392]: vp cluster cost: 2.238827ms  ,remove unreachable cost: 14.004679ms, select vp cost: 4.826237ms[0m
insert viewpoint to graph time: 21.2809 ms
[1;33m-------------Plan Global Path end-----------------[0m

total time cost: 119.377ms
viz&&print cost:0.034093ms
 -- [TIMER] updateMap time consuming [32m 5.451978 ms[0m
 -- [TIMER] updateMap time consuming [32m 4.920723 ms[0m


[1;33m------------- <221> Plan Global Path start---------------[0m
[0m[INFO] [1784399067.741057607]: update topo skeleton cost: 6.443663ms, update odom vertex cost:68.207838ms [0m
[0m[INFO] [1784399067.759821009]: [view score] cluster=1303 best_score=-1.94793 visible_gain=3 speed=0 corridor_cruise=0 hard_gate=0 rejected=0 top_k=1 known_free=1.2 clearance=1.02134 turn=0 selected_yaw=2.74889 current_yaw=-2.00655 yaw_delta=1.52774 heading_known_free=11.8 vp=(3.48182, -7.40909, 1.9)[0m
[0m[INFO] [1784399067.764195986]: vp cluster cost: 2.080627ms  ,remove unreachable cost: 16.140830ms, select vp cost: 4.670436ms[0m
insert viewpoint to graph time: 23.3529 ms
[1;33m-------------Plan Global Path end-----------------[0m

total time cost: 121.766ms
[0m[INFO] [1784399067.788203633]: [frontier storage] labels=8266/7517 normals=216/823 clusters=17 terminal=0 cluster_cells(cap)=178 candidates(cap)=21 derived_viewpoints(cap)=0 estimated_kb=147.385 revision=322 audit_ready=0[0m
viz&&print cost:0.083945ms
[0m[INFO] [1784399067.788286718]: [cloud input] mode=approximate_sync points=9350 age=0.0967962s stamp_valid=1[0m
 -- [TIMER] updateMap time consuming [32m 5.072403 ms[0m
 -- [TIMER] updateMap time consuming [32m 5.378713 ms[0m


[1;33m------------- <222> Plan Global Path start---------------[0m
[0m[INFO] [1784399067.943475407]: update topo skeleton cost: 6.352717ms, update odom vertex cost:68.322296ms [0m
[0m[INFO] [1784399067.966119893]: vp cluster cost: 2.090237ms  ,remove unreachable cost: 15.865982ms, select vp cost: 4.418810ms[0m
insert viewpoint to graph time: 20.946 ms
[1;33m-------------Plan Global Path end-----------------[0m

total time cost: 118.895ms
viz&&print cost:0.038723ms
[0m[INFO] [1784399066.396509616]: Publish local map size: 9564[0m
[0m[INFO] [1784399067.396628314]: Publish local map size: 9718[0m
 -- [MARSIM] Running FPS: 205.161
 -- [TIMER] updateMap time consuming [32m 5.567485 ms[0m
[0m[INFO] [1784399068.003836839]: cloud odom callback cost: map update:13.3514ms  update frontier clusters: 2.71237ms  total: 16.0637ms
[0m
 -- [TIMER] updateMap time consuming [32m 5.060711 ms[0m


[1;33m------------- <223> Plan Global Path start---------------[0m
[0m[INFO] [1784399068.155549655]: update topo skeleton cost: 8.465665ms, update odom vertex cost:68.327810ms [0m
[0m[INFO] [1784399068.175809544]: vp cluster cost: 1.767406ms  ,remove unreachable cost: 13.341085ms, select vp cost: 4.877139ms[0m
insert viewpoint to graph time: 21.3053 ms
[1;33m-------------Plan Global Path end-----------------[0m

total time cost: 119ms
viz&&print cost:0.039172ms
 -- [TIMER] updateMap time consuming [32m 4.997168 ms[0m


[1;33m------------- <224> Plan Global Path start---------------[0m
[0m[INFO] [1784399068.362422568]: update topo skeleton cost: 6.379008ms, update odom vertex cost:68.149248ms [0m
[0m[INFO] [1784399068.377203177]: [view score] cluster=1303 best_score=-1.94793 visible_gain=3 speed=0 corridor_cruise=0 hard_gate=0 rejected=0 top_k=1 known_free=1.2 clearance=1.02134 turn=0 selected_yaw=2.74889 current_yaw=-2.00655 yaw_delta=1.52774 heading_known_free=11.8 vp=(3.48182, -7.40909, 1.9)[0m
[0m[INFO] [1784399068.381719773]: vp cluster cost: 1.694811ms  ,remove unreachable cost: 12.254773ms, select vp cost: 5.008018ms[0m
insert viewpoint to graph time: 21.7264 ms
[1;33m-------------Plan Global Path end-----------------[0m

total time cost: 116.185ms
viz&&print cost:0.037993ms
 -- [TIMER] updateMap time consuming [32m 8.100981 ms[0m


[1;33m------------- <225> Plan Global Path start---------------[0m
[0m[INFO] [1784399068.569413328]: update topo skeleton cost: 6.777304ms, update odom vertex cost:68.426916ms [0m
[0m[INFO] [1784399068.590839012]: vp cluster cost: 1.884094ms  ,remove unreachable cost: 13.689197ms, select vp cost: 5.325479ms[0m
insert viewpoint to graph time: 21.5823 ms
[1;33m-------------Plan Global Path end-----------------[0m

total time cost: 118.841ms
viz&&print cost:0.047583ms
 -- [TIMER] updateMap time consuming [32m 5.025819 ms[0m
 -- [TIMER] updateMap time consuming [32m 5.521582 ms[0m


[1;33m------------- <226> Plan Global Path start---------------[0m
[0m[INFO] [1784399068.789644176]: update topo skeleton cost: 8.973479ms, update odom vertex cost:68.562265ms [0m
[0m[INFO] [1784399068.811046509]: vp cluster cost: 1.780417ms  ,remove unreachable cost: 14.253595ms, select vp cost: 5.087013ms[0m
insert viewpoint to graph time: 21.775 ms
[1;33m-------------Plan Global Path end-----------------[0m

total time cost: 121.285ms
viz&&print cost:0.036262ms
[0m[INFO] [1784399068.833474879]: [cloud input] mode=approximate_sync points=10118 age=0.0419626s stamp_valid=1[0m
 -- [TIMER] updateMap time consuming [32m 5.877945 ms[0m
 -- [TIMER] updateMap time consuming [32m 5.165799 ms[0m


[1;33m------------- <227> Plan Global Path start---------------[0m
[0m[INFO] [1784399068.989455155]: update topo skeleton cost: 7.488740ms, update odom vertex cost:68.463489ms [0m
[0m[INFO] [1784399069.007149264]: [view score] cluster=1303 best_score=-1.94793 visible_gain=3 speed=0 corridor_cruise=0 hard_gate=0 rejected=0 top_k=1 known_free=1.2 clearance=1.02134 turn=0 selected_yaw=2.74889 current_yaw=-2.00655 yaw_delta=1.52774 heading_known_free=11.8 vp=(3.48182, -7.40909, 1.9)[0m
[0m[INFO] [1784399069.012178743]: vp cluster cost: 1.782997ms  ,remove unreachable cost: 14.890396ms, select vp cost: 5.789528ms[0m
insert viewpoint to graph time: 21.3535 ms
[1;33m-------------Plan Global Path end-----------------[0m

total time cost: 120.617ms
viz&&print cost:0.036822ms
 -- [TIMER] updateMap time consuming [32m 5.460827 ms[0m
[0m[INFO] [1784399069.050242375]: cloud odom callback cost: map update:13.1205ms  update frontier clusters: 2.90355ms  total: 16.024ms
[0m
[0m[INFO] [1784399069.057991883]: [coverage guidance] plan valid=1 map_v=69 frontier_v=69 zones(f/u)=298/237 observed=19976/35519 coverage=0.5624 voxels(f/o/u)=11933/6531/1512 active=12 reachable_unknown=147 route_nodes=160 preferred=16 cost=7.8ms[0m
 -- [TIMER] updateMap time consuming [32m 5.382762 ms[0m


[1;33m------------- <228> Plan Global Path start---------------[0m
[0m[INFO] [1784399069.190318255]: update topo skeleton cost: 8.173205ms, update odom vertex cost:68.502524ms [0m
[0m[INFO] [1784399069.210797686]: vp cluster cost: 1.724303ms  ,remove unreachable cost: 13.571128ms, select vp cost: 4.905912ms[0m
insert viewpoint to graph time: 22.9667 ms
[1;33m-------------Plan Global Path end-----------------[0m

total time cost: 120.771ms
viz&&print cost:0.037342ms
 -- [TIMER] updateMap time consuming [32m 5.585086 ms[0m
 -- [TIMER] updateMap time consuming [32m 5.648410 ms[0m


[1;33m------------- <229> Plan Global Path start---------------[0m
[0m[INFO] [1784399069.390987322]: update topo skeleton cost: 8.067209ms, update odom vertex cost:68.391057ms [0m
[0m[INFO] [1784399069.391014853]: [highspeed_exp adapter] safety map ready=1 rog_ready=1 cloud_size=9846[0m
[0m[INFO] [1784399069.412448257]: vp cluster cost: 2.092127ms  ,remove unreachable cost: 14.104543ms, select vp cost: 4.996608ms[0m
insert viewpoint to graph time: 21.5202 ms
[1;33m-------------Plan Global Path end-----------------[0m

total time cost: 120.145ms
viz&&print cost:0.046363ms
 -- [TIMER] updateMap time consuming [32m 5.671972 ms[0m
 -- [TIMER] updateMap time consuming [32m 4.919142 ms[0m


[1;33m------------- <230> Plan Global Path start---------------[0m
[0m[INFO] [1784399069.591096102]: update topo skeleton cost: 7.533994ms, update odom vertex cost:68.770162ms [0m
[0m[INFO] [1784399069.609115231]: [view score] cluster=1303 best_score=-1.94793 visible_gain=3 speed=0 corridor_cruise=0 hard_gate=0 rejected=0 top_k=1 known_free=1.2 clearance=1.02134 turn=0 selected_yaw=2.74889 current_yaw=-2.00655 yaw_delta=1.52774 heading_known_free=11.8 vp=(3.48182, -7.40909, 1.9)[0m
[0m[INFO] [1784399069.613350389]: vp cluster cost: 2.248057ms  ,remove unreachable cost: 14.586135ms, select vp cost: 5.096614ms[0m
insert viewpoint to graph time: 25.6578 ms
[1;33m-------------Plan Global Path end-----------------[0m

total time cost: 124.795ms
viz&&print cost:0.038132ms
 -- [TIMER] updateMap time consuming [32m 5.851723 ms[0m
 -- [TIMER] updateMap time consuming [32m 5.263575 ms[0m


[1;33m------------- <231> Plan Global Path start---------------[0m
[0m[INFO] [1784399069.795763410]: update topo skeleton cost: 7.966542ms, update odom vertex cost:68.070886ms [0m
[0m[INFO] [1784399069.815524293]: vp cluster cost: 1.799377ms  ,remove unreachable cost: 12.672100ms, select vp cost: 5.021099ms[0m
insert viewpoint to graph time: 24.5249 ms
[1;33m-------------Plan Global Path end-----------------[0m

total time cost: 120.922ms
viz&&print cost:0.037163ms
[0m[INFO] [1784399069.840726243]: [cloud input] mode=approximate_sync points=9573 age=0.0492166s stamp_valid=1[0m
 -- [TIMER] updateMap time consuming [32m 5.462568 ms[0m
 -- [TIMER] updateMap time consuming [32m 5.555704 ms[0m


[1;33m------------- <232> Plan Global Path start---------------[0m
[0m[INFO] [1784399069.996449628]: update topo skeleton cost: 7.434447ms, update odom vertex cost:68.236017ms [0m
[0m[INFO] [1784399070.017607081]: vp cluster cost: 2.331273ms  ,remove unreachable cost: 13.169951ms, select vp cost: 5.264574ms[0m
insert viewpoint to graph time: 25.9456 ms
[1;33m-------------Plan Global Path end-----------------[0m

total time cost: 123.469ms
viz&&print cost:0.043132ms
 -- [TIMER] updateMap time consuming [32m 5.815850 ms[0m
[0m[INFO] [1784399070.061912117]: cloud odom callback cost: map update:14.7312ms  update frontier clusters: 2.84529ms  total: 17.5765ms
[0m
 -- [TIMER] updateMap time consuming [32m 5.548372 ms[0m


[1;33m------------- <233> Plan Global Path start---------------[0m
[0m[INFO] [1784399070.201318790]: update topo skeleton cost: 7.981182ms, update odom vertex cost:68.980919ms [0m
[0m[INFO] [1784399070.217760925]: [view score] cluster=1303 best_score=-1.94793 visible_gain=3 speed=0 corridor_cruise=0 hard_gate=0 rejected=0 top_k=1 known_free=1.2 clearance=1.02134 turn=0 selected_yaw=2.74889 current_yaw=-2.00655 yaw_delta=1.52774 heading_known_free=11.8 vp=(3.48182, -7.40909, 1.9)[0m
[0m[INFO] [1784399070.222574370]: vp cluster cost: 1.795327ms  ,remove unreachable cost: 13.769760ms, select vp cost: 5.426515ms[0m
insert viewpoint to graph time: 21.5709 ms
[1;33m-------------Plan Global Path end-----------------[0m

total time cost: 120.359ms
viz&&print cost:0.036323ms
[0m[INFO] [1784399068.396990984]: Publish local map size: 10125[0m
[0m[INFO] [1784399069.398130899]: Publish local map size: 9851[0m
 -- [MARSIM] Running FPS: 210.901
 -- [TIMER] updateMap time consuming [32m 5.606047 ms[0m
 -- [TIMER] updateMap time consuming [32m 5.185949 ms[0m


[1;33m------------- <234> Plan Global Path start---------------[0m
[0m[INFO] [1784399070.401562920]: update topo skeleton cost: 6.736020ms, update odom vertex cost:70.007466ms [0m
[0m[INFO] [1784399070.422186148]: vp cluster cost: 1.826270ms  ,remove unreachable cost: 13.062163ms, select vp cost: 5.439306ms[0m
insert viewpoint to graph time: 21.3652 ms
[1;33m-------------Plan Global Path end-----------------[0m

total time cost: 119.344ms
viz&&print cost:0.036902ms
 -- [TIMER] updateMap time consuming [32m 5.295456 ms[0m
 -- [TIMER] updateMap time consuming [32m 5.476198 ms[0m


[1;33m------------- <235> Plan Global Path start---------------[0m
[0m[INFO] [1784399070.609731568]: update topo skeleton cost: 7.156998ms, update odom vertex cost:68.350608ms [0m
[0m[INFO] [1784399070.630227438]: vp cluster cost: 1.701081ms  ,remove unreachable cost: 13.446539ms, select vp cost: 5.074352ms[0m
insert viewpoint to graph time: 21.117 ms
[1;33m-------------Plan Global Path end-----------------[0m

total time cost: 118.817ms
viz&&print cost:0.044853ms
 -- [TIMER] updateMap time consuming [32m 5.587955 ms[0m
 -- [TIMER] updateMap time consuming [32m 5.607277 ms[0m


[1;33m------------- <236> Plan Global Path start---------------[0m
[0m[INFO] [1784399070.820494065]: update topo skeleton cost: 8.472284ms, update odom vertex cost:68.860471ms [0m
[0m[INFO] [1784399070.836066814]: [view score] cluster=1303 best_score=-1.94793 visible_gain=3 speed=0 corridor_cruise=0 hard_gate=0 rejected=0 top_k=1 known_free=1.2 clearance=1.02134 turn=0 selected_yaw=2.74889 current_yaw=-2.00655 yaw_delta=1.52774 heading_known_free=11.8 vp=(3.48182, -7.40909, 1.9)[0m
[0m[INFO] [1784399070.840494903]: vp cluster cost: 1.817199ms  ,remove unreachable cost: 12.954317ms, select vp cost: 4.977945ms[0m
insert viewpoint to graph time: 21.0896 ms
[1;33m-------------Plan Global Path end-----------------[0m

total time cost: 119.1ms
viz&&print cost:0.046973ms
[0m[INFO] [1784399070.862350672]: [cloud input] mode=approximate_sync points=9165 age=0.070834s stamp_valid=1[0m
 -- [TIMER] updateMap time consuming [32m 5.377151 ms[0m
 -- [TIMER] updateMap time consuming [32m 5.630008 ms[0m


[1;33m------------- <237> Plan Global Path start---------------[0m
[0m[INFO] [1784399071.028023849]: update topo skeleton cost: 7.493880ms, update odom vertex cost:68.124051ms [0m
[0m[INFO] [1784399071.047995253]: vp cluster cost: 1.959338ms  ,remove unreachable cost: 12.484104ms, select vp cost: 5.267964ms[0m
insert viewpoint to graph time: 21.5885 ms
[1;33m-------------Plan Global Path end-----------------[0m

total time cost: 118.008ms
viz&&print cost:0.035733ms
 -- [TIMER] updateMap time consuming [32m 5.825850 ms[0m
[0m[INFO] [1784399071.086808657]: cloud odom callback cost: map update:13.1962ms  update frontier clusters: 3.11405ms  total: 16.3102ms
[0m
[0m[INFO] [1784399071.094424334]: [coverage guidance] plan valid=1 map_v=71 frontier_v=71 zones(f/u)=298/237 observed=19976/35519 coverage=0.5624 voxels(f/o/u)=11934/6529/1513 active=12 reachable_unknown=147 route_nodes=160 preferred=16 cost=7.6ms[0m
 -- [TIMER] updateMap time consuming [32m 5.127025 ms[0m


[1;33m------------- <238> Plan Global Path start---------------[0m
[0m[INFO] [1784399071.235275268]: update topo skeleton cost: 6.557898ms, update odom vertex cost:68.194992ms [0m
[0m[INFO] [1784399071.256460130]: vp cluster cost: 1.781446ms  ,remove unreachable cost: 13.580827ms, select vp cost: 5.518460ms[0m
insert viewpoint to graph time: 21.1858 ms
[1;33m-------------Plan Global Path end-----------------[0m

total time cost: 117.701ms
viz&&print cost:0.034902ms
 -- [TIMER] updateMap time consuming [32m 5.393602 ms[0m
 -- [TIMER] updateMap time consuming [32m 5.262214 ms[0m


[1;33m------------- <239> Plan Global Path start---------------[0m
[0m[INFO] [1784399071.445040050]: update topo skeleton cost: 7.672871ms, update odom vertex cost:69.029416ms [0m
[0m[INFO] [1784399071.445069272]: [highspeed_exp adapter] safety map ready=1 rog_ready=1 cloud_size=9449[0m
[0m[INFO] [1784399071.462636349]: [view score] cluster=1303 best_score=-1.94793 visible_gain=3 speed=0 corridor_cruise=0 hard_gate=0 rejected=0 top_k=1 known_free=1.2 clearance=1.02134 turn=0 selected_yaw=2.74889 current_yaw=-2.00655 yaw_delta=1.52774 heading_known_free=11.8 vp=(3.48182, -7.40909, 1.9)[0m
[0m[INFO] [1784399071.467679128]: vp cluster cost: 1.815479ms  ,remove unreachable cost: 14.678578ms, select vp cost: 5.852292ms[0m
insert viewpoint to graph time: 22.2614 ms
[1;33m-------------Plan Global Path end-----------------[0m

total time cost: 122.327ms
viz&&print cost:0.051484ms
 -- [TIMER] updateMap time consuming [32m 5.807059 ms[0m
 -- [TIMER] updateMap time consuming [32m 6.017093 ms[0m


[1;33m------------- <240> Plan Global Path start---------------[0m
[0m[INFO] [1784399071.648451088]: update topo skeleton cost: 7.043220ms, update odom vertex cost:68.606868ms [0m
[0m[INFO] [1784399071.672584873]: vp cluster cost: 2.555847ms  ,remove unreachable cost: 14.688469ms, select vp cost: 6.557308ms[0m
insert viewpoint to graph time: 21.3463 ms
[1;33m-------------Plan Global Path end-----------------[0m

total time cost: 121.863ms
viz&&print cost:0.046533ms
 -- [TIMER] updateMap time consuming [32m 5.510289 ms[0m
 -- [TIMER] updateMap time consuming [32m 5.399192 ms[0m


[1;33m------------- <241> Plan Global Path start---------------[0m
[0m[INFO] [1784399071.855262337]: update topo skeleton cost: 8.321394ms, update odom vertex cost:69.508016ms [0m
[0m[INFO] [1784399071.876916991]: vp cluster cost: 2.218305ms  ,remove unreachable cost: 13.934889ms, select vp cost: 5.183859ms[0m
insert viewpoint to graph time: 22.3019 ms
[1;33m-------------Plan Global Path end-----------------[0m

total time cost: 122.615ms
viz&&print cost:0.048703ms
[0m[INFO] [1784399071.900153878]: [cloud input] mode=approximate_sync points=9557 age=0.0086447s stamp_valid=1[0m
 -- [TIMER] updateMap time consuming [32m 5.177548 ms[0m


[1;33m------------- <242> Plan Global Path start---------------[0m
[0m[INFO] [1784399072.057680505]: update topo skeleton cost: 7.461517ms, update odom vertex cost:70.033157ms [0m
[0m[INFO] [1784399072.073972457]: [view score] cluster=1303 best_score=-1.94793 visible_gain=3 speed=0 corridor_cruise=0 hard_gate=0 rejected=0 top_k=1 known_free=1.2 clearance=1.02134 turn=0 selected_yaw=2.74889 current_yaw=-2.00655 yaw_delta=1.52774 heading_known_free=11.8 vp=(3.48182, -7.40909, 1.9)[0m
[0m[INFO] [1784399072.081126493]: vp cluster cost: 2.176962ms  ,remove unreachable cost: 13.361951ms, select vp cost: 7.666789ms[0m
insert viewpoint to graph time: 21.1057 ms
[1;33m-------------Plan Global Path end-----------------[0m

total time cost: 122.883ms
viz&&print cost:0.024361ms
 -- [TIMER] updateMap time consuming [32m 7.289585 ms[0m
[0m[INFO] [1784399072.121116000]: cloud odom callback cost: map update:15.0162ms  update frontier clusters: 2.93464ms  total: 17.9508ms
[0m


[1;33m------------- <243> Plan Global Path start---------------[0m
[0m[INFO] [1784399070.496537969]: Publish local map size: 10067[0m
[0m[INFO] [1784399071.496926947]: Publish local map size: 10024[0m
 -- [MARSIM] Running FPS: 194.208
[0m[INFO] [1784399072.259630189]: update topo skeleton cost: 7.811119ms, update odom vertex cost:68.635964ms [0m
[0m[INFO] [1784399072.279632413]: vp cluster cost: 1.793387ms  ,remove unreachable cost: 12.366746ms, select vp cost: 5.504719ms[0m
insert viewpoint to graph time: 21.4233 ms
[1;33m-------------Plan Global Path end-----------------[0m

total time cost: 118.614ms
viz&&print cost:0.053784ms
 -- [TIMER] updateMap time consuming [32m 5.732794 ms[0m


[1;33m------------- <244> Plan Global Path start---------------[0m
[0m[INFO] [1784399072.468554037]: update topo skeleton cost: 8.237876ms, update odom vertex cost:68.400659ms [0m
[0m[INFO] [1784399072.491773920]: vp cluster cost: 2.153750ms  ,remove unreachable cost: 13.585875ms, select vp cost: 7.220941ms[0m
insert viewpoint to graph time: 22.8664 ms
[1;33m-------------Plan Global Path end-----------------[0m

total time cost: 123.386ms
viz&&print cost:0.031832ms
 -- [TIMER] updateMap time consuming [32m 5.227640 ms[0m


[1;33m------------- <245> Plan Global Path start---------------[0m
[0m[INFO] [1784399072.671998897]: update topo skeleton cost: 7.773996ms, update odom vertex cost:68.823127ms [0m
[0m[INFO] [1784399072.690430999]: [view score] cluster=1303 best_score=-1.94793 visible_gain=3 speed=0 corridor_cruise=0 hard_gate=0 rejected=0 top_k=1 known_free=1.2 clearance=1.02134 turn=0 selected_yaw=2.74889 current_yaw=-2.00655 yaw_delta=1.52774 heading_known_free=11.8 vp=(3.48182, -7.40909, 1.9)[0m
[0m[INFO] [1784399072.695743635]: vp cluster cost: 2.178842ms  ,remove unreachable cost: 15.118545ms, select vp cost: 6.114809ms[0m
insert viewpoint to graph time: 22.499 ms
[1;33m-------------Plan Global Path end-----------------[0m

total time cost: 123.689ms
viz&&print cost:0.064104ms
 -- [TIMER] updateMap time consuming [32m 5.374610 ms[0m
 -- [TIMER] updateMap time consuming [32m 5.486667 ms[0m


[1;33m------------- <246> Plan Global Path start---------------[0m
[0m[INFO] [1784399072.888351610]: update topo skeleton cost: 7.268154ms, update odom vertex cost:68.985787ms [0m
[0m[INFO] [1784399072.910229016]: vp cluster cost: 2.060494ms  ,remove unreachable cost: 13.649610ms, select vp cost: 5.817209ms[0m
insert viewpoint to graph time: 22.5397 ms
[1;33m-------------Plan Global Path end-----------------[0m

total time cost: 121.323ms
[0m[INFO] [1784399072.933445099]: [frontier storage] labels=8266/7517 normals=216/823 clusters=17 terminal=0 cluster_cells(cap)=178 candidates(cap)=21 derived_viewpoints(cap)=0 estimated_kb=147.385 revision=322 audit_ready=0[0m
viz&&print cost:0.076385ms
[0m[INFO] [1784399072.933533064]: [cloud input] mode=approximate_sync points=10038 age=0.0420393s stamp_valid=1[0m
 -- [TIMER] updateMap time consuming [32m 5.744674 ms[0m
 -- [TIMER] updateMap time consuming [32m 5.579034 ms[0m


[1;33m------------- <247> Plan Global Path start---------------[0m
[0m[INFO] [1784399073.088862441]: update topo skeleton cost: 8.117069ms, update odom vertex cost:68.525540ms [0m
[0m[INFO] [1784399073.111717649]: vp cluster cost: 2.241296ms  ,remove unreachable cost: 14.974205ms, select vp cost: 5.307946ms[0m
insert viewpoint to graph time: 21.7583 ms
[1;33m-------------Plan Global Path end-----------------[0m

total time cost: 121.833ms
viz&&print cost:0.033062ms
 -- [TIMER] updateMap time consuming [32m 5.042958 ms[0m
[0m[INFO] [1784399073.149026667]: cloud odom callback cost: map update:12.0775ms  update frontier clusters: 2.80889ms  total: 14.8864ms
[0m
[0m[INFO] [1784399073.156550387]: [coverage guidance] plan valid=1 map_v=73 frontier_v=73 zones(f/u)=298/237 observed=19977/35519 coverage=0.5624 voxels(f/o/u)=11935/6525/1517 active=12 reachable_unknown=147 route_nodes=160 preferred=16 cost=7.5ms[0m
 -- [TIMER] updateMap time consuming [32m 5.324667 ms[0m


[1;33m------------- <248> Plan Global Path start---------------[0m
[0m[INFO] [1784399073.291569315]: update topo skeleton cost: 8.360434ms, update odom vertex cost:69.046784ms [0m
[0m[INFO] [1784399073.308979538]: [view score] cluster=1303 best_score=-1.94793 visible_gain=3 speed=0 corridor_cruise=0 hard_gate=0 rejected=0 top_k=1 known_free=1.2 clearance=1.02134 turn=0 selected_yaw=2.74889 current_yaw=-2.00655 yaw_delta=1.52774 heading_known_free=11.8 vp=(3.48182, -7.40909, 1.9)[0m
[0m[INFO] [1784399073.314361368]: vp cluster cost: 2.185372ms  ,remove unreachable cost: 14.385656ms, select vp cost: 5.925206ms[0m
insert viewpoint to graph time: 22.6248 ms
[1;33m-------------Plan Global Path end-----------------[0m

total time cost: 123.425ms
viz&&print cost:0.037092ms
 -- [TIMER] updateMap time consuming [32m 5.126034 ms[0m
 -- [TIMER] updateMap time consuming [32m 5.288034 ms[0m


[1;33m------------- <249> Plan Global Path start---------------[0m
[0m[INFO] [1784399073.493535180]: update topo skeleton cost: 7.593315ms, update odom vertex cost:68.187798ms [0m
[0m[INFO] [1784399073.493564482]: [highspeed_exp adapter] safety map ready=1 rog_ready=1 cloud_size=9672[0m
[0m[INFO] [1784399073.513921157]: vp cluster cost: 1.846720ms  ,remove unreachable cost: 13.237162ms, select vp cost: 5.022757ms[0m
insert viewpoint to graph time: 21.3912 ms
[1;33m-------------Plan Global Path end-----------------[0m

total time cost: 118.139ms
viz&&print cost:0.035372ms
 -- [TIMER] updateMap time consuming [32m 5.756405 ms[0m
 -- [TIMER] updateMap time consuming [32m 5.559432 ms[0m


[1;33m------------- <250> Plan Global Path start---------------[0m
[0m[INFO] [1784399073.702453398]: update topo skeleton cost: 8.298590ms, update odom vertex cost:68.165076ms [0m
[0m[INFO] [1784399073.723056879]: vp cluster cost: 1.715412ms  ,remove unreachable cost: 13.377110ms, select vp cost: 5.247152ms[0m
insert viewpoint to graph time: 20.8206 ms
[1;33m-------------Plan Global Path end-----------------[0m

total time cost: 118.464ms
viz&&print cost:0.032822ms
 -- [TIMER] updateMap time consuming [32m 5.544561 ms[0m
 -- [TIMER] updateMap time consuming [32m 5.926046 ms[0m


[1;33m------------- <251> Plan Global Path start---------------[0m
[0m[INFO] [1784399073.909612432]: update topo skeleton cost: 6.766720ms, update odom vertex cost:68.311677ms [0m
[0m[INFO] [1784399073.926257375]: [view score] cluster=1303 best_score=-1.94793 visible_gain=3 speed=0 corridor_cruise=0 hard_gate=0 rejected=0 top_k=1 known_free=1.2 clearance=1.02134 turn=0 selected_yaw=2.74889 current_yaw=-2.00655 yaw_delta=1.52774 heading_known_free=11.8 vp=(3.48182, -7.40909, 1.9)[0m
[0m[INFO] [1784399073.931134022]: vp cluster cost: 1.866841ms  ,remove unreachable cost: 13.977470ms, select vp cost: 5.436224ms[0m
insert viewpoint to graph time: 21.8449 ms
[1;33m-------------Plan Global Path end-----------------[0m

total time cost: 119.098ms
viz&&print cost:0.042383ms
[0m[INFO] [1784399073.953717132]: [cloud input] mode=approximate_sync points=9116 age=0.0621987s stamp_valid=1[0m
 -- [TIMER] updateMap time consuming [32m 4.972084 ms[0m
 -- [TIMER] updateMap time consuming [32m 4.991954 ms[0m


[1;33m------------- <252> Plan Global Path start---------------[0m
[0m[INFO] [1784399074.119929029]: update topo skeleton cost: 6.969683ms, update odom vertex cost:69.220279ms [0m
[0m[INFO] [1784399074.141089274]: vp cluster cost: 1.960517ms  ,remove unreachable cost: 13.783286ms, select vp cost: 5.115303ms[0m
insert viewpoint to graph time: 22.3387 ms
[1;33m-------------Plan Global Path end-----------------[0m

total time cost: 120.333ms
viz&&print cost:0.037313ms
 -- [TIMER] updateMap time consuming [32m 5.338648 ms[0m
[0m[INFO] [1784399074.179921839]: cloud odom callback cost: map update:12.9773ms  update frontier clusters: 2.77684ms  total: 15.7541ms
[0m
 -- [TIMER] updateMap time consuming [32m 5.396001 ms[0m


[1;33m------------- <253> Plan Global Path start---------------[0m
[0m[INFO] [1784399074.320217827]: update topo skeleton cost: 7.498497ms, update odom vertex cost:68.525644ms [0m
[0m[INFO] [1784399074.341109215]: vp cluster cost: 1.854171ms  ,remove unreachable cost: 13.640016ms, select vp cost: 5.118333ms[0m
insert viewpoint to graph time: 22.2691 ms
[1;33m-------------Plan Global Path end-----------------[0m

total time cost: 119.867ms
viz&&print cost:0.033532ms
[0m[INFO] [1784399072.498486098]: Publish local map size: 9648[0m
[0m[INFO] [1784399073.596597718]: Publish local map size: 10018[0m
 -- [MARSIM] Running FPS: 209.743
 -- [TIMER] updateMap time consuming [32m 5.361438 ms[0m
 -- [TIMER] updateMap time consuming [32m 5.491817 ms[0m


[1;33m------------- <254> Plan Global Path start---------------[0m
[0m[INFO] [1784399074.529284195]: update topo skeleton cost: 6.145630ms, update odom vertex cost:68.960602ms [0m
[0m[INFO] [1784399074.544382826]: [view score] cluster=1303 best_score=-1.94793 visible_gain=3 speed=0 corridor_cruise=0 hard_gate=0 rejected=0 top_k=1 known_free=1.2 clearance=1.02134 turn=0 selected_yaw=2.74889 current_yaw=-2.00655 yaw_delta=1.52774 heading_known_free=11.8 vp=(3.48182, -7.40909, 1.9)[0m
[0m[INFO] [1784399074.549176788]: vp cluster cost: 1.763395ms  ,remove unreachable cost: 12.397106ms, select vp cost: 5.433783ms[0m
insert viewpoint to graph time: 21.1501 ms
[1;33m-------------Plan Global Path end-----------------[0m

total time cost: 116.712ms
viz&&print cost:0.035012ms
 -- [TIMER] updateMap time consuming [32m 5.562132 ms[0m
 -- [TIMER] updateMap time consuming [32m 4.964222 ms[0m


[1;33m------------- <255> Plan Global Path start---------------[0m
[0m[INFO] [1784399074.738346642]: update topo skeleton cost: 8.443129ms, update odom vertex cost:68.910669ms [0m
[0m[INFO] [1784399074.759773775]: vp cluster cost: 1.732532ms  ,remove unreachable cost: 13.960288ms, select vp cost: 5.448804ms[0m
insert viewpoint to graph time: 22.1424 ms
[1;33m-------------Plan Global Path end-----------------[0m

total time cost: 121.628ms
viz&&print cost:0.063634ms
 -- [TIMER] updateMap time consuming [32m 5.409122 ms[0m
 -- [TIMER] updateMap time consuming [32m 5.686329 ms[0m


[1;33m------------- <256> Plan Global Path start---------------[0m
[0m[INFO] [1784399074.948773899]: update topo skeleton cost: 7.603964ms, update odom vertex cost:75.659768ms [0m
[0m[INFO] [1784399074.973433172]: vp cluster cost: 2.932741ms  ,remove unreachable cost: 16.169341ms, select vp cost: 5.130403ms[0m
insert viewpoint to graph time: 25.242 ms
[1;33m-------------Plan Global Path end-----------------[0m

total time cost: 134.153ms
viz&&print cost:0.081095ms
[0m[INFO] [1784399074.999829717]: [cloud input] mode=approximate_sync points=10004 age=0.00829924s stamp_valid=1[0m
 -- [TIMER] updateMap time consuming [32m 6.144099 ms[0m


[1;33m------------- <257> Plan Global Path start---------------[0m
[0m[INFO] [1784399075.148805836]: update topo skeleton cost: 7.032617ms, update odom vertex cost:68.254660ms [0m
[0m[INFO] [1784399075.165190649]: [view score] cluster=1303 best_score=-1.94793 visible_gain=3 speed=0 corridor_cruise=0 hard_gate=0 rejected=0 top_k=1 known_free=1.2 clearance=1.02134 turn=0 selected_yaw=2.74889 current_yaw=-2.00655 yaw_delta=1.52774 heading_known_free=11.8 vp=(3.48182, -7.40909, 1.9)[0m
[0m[INFO] [1784399075.169617967]: vp cluster cost: 1.906784ms  ,remove unreachable cost: 13.622504ms, select vp cost: 4.964812ms[0m
insert viewpoint to graph time: 21.5685 ms
[1;33m-------------Plan Global Path end-----------------[0m

total time cost: 118.378ms
viz&&print cost:0.049033ms
 -- [TIMER] updateMap time consuming [32m 5.590203 ms[0m
[0m[INFO] [1784399075.213223557]: cloud odom callback cost: map update:13.7589ms  update frontier clusters: 7.45269ms  total: 21.2116ms
[0m
[0m[INFO] [1784399075.223248718]: [coverage guidance] plan valid=1 map_v=75 frontier_v=75 zones(f/u)=298/237 observed=19977/35519 coverage=0.5624 voxels(f/o/u)=11935/6525/1517 active=12 reachable_unknown=147 route_nodes=160 preferred=16 cost=10.0ms[0m
 -- [TIMER] updateMap time consuming [32m 9.382579 ms[0m


[1;33m------------- <258> Plan Global Path start---------------[0m
[0m[INFO] [1784399075.355138647]: update topo skeleton cost: 8.832493ms, update odom vertex cost:68.672997ms [0m
[0m[INFO] [1784399075.377501529]: vp cluster cost: 1.765344ms  ,remove unreachable cost: 13.153944ms, select vp cost: 7.170866ms[0m
insert viewpoint to graph time: 25.181 ms
[1;33m-------------Plan Global Path end-----------------[0m

total time cost: 125.708ms
viz&&print cost:0.037572ms
 -- [TIMER] updateMap time consuming [32m 5.680758 ms[0m


[1;33m------------- <259> Plan Global Path start---------------[0m
[0m[INFO] [1784399075.560748662]: update topo skeleton cost: 8.313160ms, update odom vertex cost:68.947305ms [0m
[0m[INFO] [1784399075.560779844]: [highspeed_exp adapter] safety map ready=1 rog_ready=1 cloud_size=10022[0m
[0m[INFO] [1784399075.581595025]: vp cluster cost: 1.908704ms  ,remove unreachable cost: 13.410340ms, select vp cost: 5.218969ms[0m
insert viewpoint to graph time: 26.8712 ms
[1;33m-------------Plan Global Path end-----------------[0m

total time cost: 125.672ms
viz&&print cost:0.047043ms
 -- [TIMER] updateMap time consuming [32m 5.776104 ms[0m


[1;33m------------- <260> Plan Global Path start---------------[0m
[0m[INFO] [1784399075.764957805]: update topo skeleton cost: 7.093530ms, update odom vertex cost:68.560600ms [0m
[0m[INFO] [1784399075.780944692]: [view score] cluster=1303 best_score=-1.94793 visible_gain=3 speed=0 corridor_cruise=0 hard_gate=0 rejected=0 top_k=1 known_free=1.2 clearance=1.02134 turn=0 selected_yaw=2.74889 current_yaw=-2.00655 yaw_delta=1.52774 heading_known_free=11.8 vp=(3.48182, -7.40909, 1.9)[0m
[0m[INFO] [1784399075.786435879]: vp cluster cost: 1.822029ms  ,remove unreachable cost: 13.240779ms, select vp cost: 6.115397ms[0m
insert viewpoint to graph time: 21.7989 ms
[1;33m-------------Plan Global Path end-----------------[0m

total time cost: 119.601ms
viz&&print cost:0.041512ms
 -- [TIMER] updateMap time consuming [32m 5.722041 ms[0m
 -- [TIMER] updateMap time consuming [32m 5.435433 ms[0m


[1;33m------------- <261> Plan Global Path start---------------[0m
[0m[INFO] [1784399075.991464035]: update topo skeleton cost: 8.866536ms, update odom vertex cost:69.855913ms [0m
[0m[INFO] [1784399076.014290645]: vp cluster cost: 2.335531ms  ,remove unreachable cost: 15.004223ms, select vp cost: 5.129223ms[0m
insert viewpoint to graph time: 21.0143 ms
[1;33m-------------Plan Global Path end-----------------[0m

total time cost: 123.171ms
viz&&print cost:0.040182ms
[0m[INFO] [1784399076.036002532]: [cloud input] mode=approximate_sync points=10035 age=0.0444829s stamp_valid=1[0m
 -- [TIMER] updateMap time consuming [32m 5.807196 ms[0m
 -- [TIMER] updateMap time consuming [32m 5.118422 ms[0m


[1;33m------------- <262> Plan Global Path start---------------[0m
[0m[INFO] [1784399076.192344945]: update topo skeleton cost: 6.871666ms, update odom vertex cost:69.437320ms [0m
[0m[INFO] [1784399076.213199376]: vp cluster cost: 1.927995ms  ,remove unreachable cost: 13.586761ms, select vp cost: 5.014055ms[0m
insert viewpoint to graph time: 20.8963 ms
[1;33m-------------Plan Global Path end-----------------[0m

total time cost: 118.64ms
viz&&print cost:0.038103ms
[0m[INFO] [1784399074.596737939]: Publish local map size: 9587[0m
[0m[INFO] [1784399075.598628680]: Publish local map size: 9458[0m
 -- [MARSIM] Running FPS: 183.533
 -- [TIMER] updateMap time consuming [32m 5.206037 ms[0m
[0m[INFO] [1784399076.250221265]: cloud odom callback cost: map update:12.4148ms  update frontier clusters: 3.02633ms  total: 15.4411ms
[0m
 -- [TIMER] updateMap time consuming [32m 5.413050 ms[0m


[1;33m------------- <263> Plan Global Path start---------------[0m
[0m[INFO] [1784399076.401458177]: update topo skeleton cost: 8.049832ms, update odom vertex cost:68.606216ms [0m
[0m[INFO] [1784399076.417581641]: [view score] cluster=1303 best_score=-1.94793 visible_gain=3 speed=0 corridor_cruise=0 hard_gate=0 rejected=0 top_k=1 known_free=1.2 clearance=1.02134 turn=0 selected_yaw=2.74889 current_yaw=-2.00655 yaw_delta=1.52774 heading_known_free=11.8 vp=(3.48182, -7.40909, 1.9)[0m
[0m[INFO] [1784399076.422335170]: vp cluster cost: 1.803817ms  ,remove unreachable cost: 13.249408ms, select vp cost: 5.566651ms[0m
insert viewpoint to graph time: 20.7417 ms
[1;33m-------------Plan Global Path end-----------------[0m

total time cost: 118.862ms
viz&&print cost:0.035442ms
 -- [TIMER] updateMap time consuming [32m 5.316234 ms[0m
 -- [TIMER] updateMap time consuming [32m 5.726411 ms[0m


[1;33m------------- <264> Plan Global Path start---------------[0m
[0m[INFO] [1784399076.608671085]: update topo skeleton cost: 6.848394ms, update odom vertex cost:68.049880ms [0m
[0m[INFO] [1784399076.629257550]: vp cluster cost: 1.802007ms  ,remove unreachable cost: 13.318713ms, select vp cost: 5.191577ms[0m
insert viewpoint to graph time: 21.2846 ms
[1;33m-------------Plan Global Path end-----------------[0m

total time cost: 117.563ms
viz&&print cost:0.063104ms
 -- [TIMER] updateMap time consuming [32m 5.375008 ms[0m
 -- [TIMER] updateMap time consuming [32m 5.097121 ms[0m


[1;33m------------- <265> Plan Global Path start---------------[0m
[0m[INFO] [1784399076.819858352]: update topo skeleton cost: 8.321810ms, update odom vertex cost:70.047839ms [0m
[0m[INFO] [1784399076.841919082]: vp cluster cost: 2.137989ms  ,remove unreachable cost: 14.330229ms, select vp cost: 5.177375ms[0m
insert viewpoint to graph time: 22.8657 ms
[1;33m-------------Plan Global Path end-----------------[0m

total time cost: 123.906ms
viz&&print cost:0.054944ms
 -- [TIMER] updateMap time consuming [32m 5.185497 ms[0m
 -- [TIMER] updateMap time consuming [32m 5.106450 ms[0m


[1;33m------------- <266> Plan Global Path start---------------[0m
[0m[INFO] [1784399077.022330132]: update topo skeleton cost: 8.093144ms, update odom vertex cost:68.747834ms [0m
[0m[INFO] [1784399077.038157006]: [view score] cluster=1303 best_score=-1.94793 visible_gain=3 speed=0 corridor_cruise=0 hard_gate=0 rejected=0 top_k=1 known_free=1.2 clearance=1.02134 turn=0 selected_yaw=2.74889 current_yaw=-2.00655 yaw_delta=1.52774 heading_known_free=11.8 vp=(3.48182, -7.40909, 1.9)[0m
[0m[INFO] [1784399077.042607604]: vp cluster cost: 1.786395ms  ,remove unreachable cost: 13.241237ms, select vp cost: 4.993273ms[0m
insert viewpoint to graph time: 24.3255 ms
[1;33m-------------Plan Global Path end-----------------[0m

total time cost: 122.264ms
viz&&print cost:0.032172ms
[0m[INFO] [1784399077.067836407]: [cloud input] mode=approximate_sync points=9084 age=0.0763233s stamp_valid=1[0m
 -- [TIMER] updateMap time consuming [32m 5.539189 ms[0m
 -- [TIMER] updateMap time consuming [32m 5.698019 ms[0m


[1;33m------------- <267> Plan Global Path start---------------[0m
[0m[INFO] [1784399077.224136951]: update topo skeleton cost: 7.700158ms, update odom vertex cost:68.566797ms [0m
[0m[INFO] [1784399077.247422688]: vp cluster cost: 1.835579ms  ,remove unreachable cost: 15.036683ms, select vp cost: 6.137957ms[0m
insert viewpoint to graph time: 22.9014 ms
[1;33m-------------Plan Global Path end-----------------[0m

total time cost: 123.083ms
viz&&print cost:0.036912ms
 -- [TIMER] updateMap time consuming [32m 6.328500 ms[0m
[0m[INFO] [1784399077.287842554]: cloud odom callback cost: map update:13.9045ms  update frontier clusters: 2.90601ms  total: 16.8105ms
[0m
[0m[INFO] [1784399077.295458587]: [coverage guidance] plan valid=1 map_v=77 frontier_v=77 zones(f/u)=298/237 observed=19977/35519 coverage=0.5624 voxels(f/o/u)=11935/6523/1519 active=12 reachable_unknown=147 route_nodes=160 preferred=16 cost=7.6ms[0m
 -- [TIMER] updateMap time consuming [32m 5.122221 ms[0m


[1;33m------------- <268> Plan Global Path start---------------[0m
[0m[INFO] [1784399077.427317050]: update topo skeleton cost: 7.550409ms, update odom vertex cost:68.695345ms [0m
[0m[INFO] [1784399077.448679813]: vp cluster cost: 2.041822ms  ,remove unreachable cost: 13.175563ms, select vp cost: 5.880810ms[0m
insert viewpoint to graph time: 21.042 ms
[1;33m-------------Plan Global Path end-----------------[0m

total time cost: 119.289ms
viz&&print cost:0.023651ms
 -- [TIMER] updateMap time consuming [32m 5.777554 ms[0m
 -- [TIMER] updateMap time consuming [32m 5.306983 ms[0m


[1;33m------------- <269> Plan Global Path start---------------[0m
[0m[INFO] [1784399077.635076085]: update topo skeleton cost: 6.176369ms, update odom vertex cost:68.436519ms [0m
[0m[INFO] [1784399077.635103777]: [highspeed_exp adapter] safety map ready=1 rog_ready=1 cloud_size=9995[0m
[0m[INFO] [1784399077.650421838]: [view score] cluster=1303 best_score=-1.94793 visible_gain=3 speed=0 corridor_cruise=0 hard_gate=0 rejected=0 top_k=1 known_free=1.2 clearance=1.02134 turn=0 selected_yaw=2.74889 current_yaw=-2.00655 yaw_delta=1.52774 heading_known_free=11.8 vp=(3.48182, -7.40909, 1.9)[0m
[0m[INFO] [1784399077.655769944]: vp cluster cost: 1.806457ms  ,remove unreachable cost: 12.745375ms, select vp cost: 5.903992ms[0m
insert viewpoint to graph time: 20.3588 ms
[1;33m-------------Plan Global Path end-----------------[0m

total time cost: 116.319ms
viz&&print cost:0.028112ms
 -- [TIMER] updateMap time consuming [32m 5.157273 ms[0m
 -- [TIMER] updateMap time consuming [32m 5.143112 ms[0m


[1;33m------------- <270> Plan Global Path start---------------[0m
[0m[INFO] [1784399077.841353774]: update topo skeleton cost: 6.399904ms, update odom vertex cost:68.064205ms [0m
[0m[INFO] [1784399077.861832909]: vp cluster cost: 1.687139ms  ,remove unreachable cost: 13.519745ms, select vp cost: 5.001834ms[0m
insert viewpoint to graph time: 20.5809 ms
[1;33m-------------Plan Global Path end-----------------[0m

total time cost: 116.148ms
viz&&print cost:0.053493ms
 -- [TIMER] updateMap time consuming [32m 5.644935 ms[0m
 -- [TIMER] updateMap time consuming [32m 5.261111 ms[0m


[1;33m------------- <271> Plan Global Path start---------------[0m
[0m[INFO] [1784399078.051121834]: update topo skeleton cost: 6.600367ms, update odom vertex cost:69.480832ms [0m
[0m[INFO] [1784399078.071688903]: vp cluster cost: 2.039252ms  ,remove unreachable cost: 13.176422ms, select vp cost: 4.949059ms[0m
insert viewpoint to graph time: 21.8452 ms
[1;33m-------------Plan Global Path end-----------------[0m

total time cost: 119.192ms
[0m[INFO] [1784399078.094265772]: [frontier storage] labels=8266/7517 normals=216/823 clusters=17 terminal=0 cluster_cells(cap)=178 candidates(cap)=21 derived_viewpoints(cap)=0 estimated_kb=147.385 revision=322 audit_ready=0[0m
viz&&print cost:0.103086ms
[0m[INFO] [1784399078.094370689]: [cloud input] mode=approximate_sync points=10065 age=0.102877s stamp_valid=1[0m
 -- [TIMER] updateMap time consuming [32m 5.501045 ms[0m
 -- [TIMER] updateMap time consuming [32m 5.521356 ms[0m


[1;33m------------- <272> Plan Global Path start---------------[0m
[0m[INFO] [1784399078.253911589]: update topo skeleton cost: 7.090718ms, update odom vertex cost:69.998483ms [0m
[0m[INFO] [1784399078.269925134]: [view score] cluster=1303 best_score=-1.94793 visible_gain=3 speed=0 corridor_cruise=0 hard_gate=0 rejected=0 top_k=1 known_free=1.2 clearance=1.02134 turn=0 selected_yaw=2.74889 current_yaw=-2.00655 yaw_delta=1.52774 heading_known_free=11.8 vp=(3.48182, -7.40909, 1.9)[0m
[0m[INFO] [1784399078.274432935]: vp cluster cost: 1.822658ms  ,remove unreachable cost: 13.362534ms, select vp cost: 5.055556ms[0m
insert viewpoint to graph time: 22.4822 ms
[1;33m-------------Plan Global Path end-----------------[0m

total time cost: 120.752ms
viz&&print cost:0.045023ms
[0m[INFO] [1784399076.696609595]: Publish local map size: 9682[0m
[0m[INFO] [1784399077.696862983]: Publish local map size: 9888[0m
 -- [MARSIM] Running FPS: 201.866
 -- [TIMER] updateMap time consuming [32m 5.198866 ms[0m
[0m[INFO] [1784399078.313542192]: cloud odom callback cost: map update:12.978ms  update frontier clusters: 2.8736ms  total: 15.8517ms
[0m


[1;33m------------- <273> Plan Global Path start---------------[0m
[0m[INFO] [1784399078.454872735]: update topo skeleton cost: 7.961954ms, update odom vertex cost:69.221843ms [0m
[0m[INFO] [1784399078.478136089]: vp cluster cost: 2.040632ms  ,remove unreachable cost: 13.596169ms, select vp cost: 7.268170ms[0m
insert viewpoint to graph time: 21.6994 ms
[1;33m-------------Plan Global Path end-----------------[0m

total time cost: 122.811ms
viz&&print cost:0.028222ms
 -- [TIMER] updateMap time consuming [32m 5.326684 ms[0m


[1;33m------------- <274> Plan Global Path start---------------[0m
[0m[INFO] [1784399078.657246263]: update topo skeleton cost: 7.397778ms, update odom vertex cost:69.240424ms [0m
[0m[INFO] [1784399078.678696909]: vp cluster cost: 1.766514ms  ,remove unreachable cost: 13.138329ms, select vp cost: 6.284556ms[0m
insert viewpoint to graph time: 21.9163 ms
[1;33m-------------Plan Global Path end-----------------[0m

total time cost: 120.675ms
viz&&print cost:0.043003ms
 -- [TIMER] updateMap time consuming [32m 5.902501 ms[0m


[1;33m------------- <275> Plan Global Path start---------------[0m
[0m[INFO] [1784399078.858882153]: update topo skeleton cost: 8.901385ms, update odom vertex cost:68.564341ms [0m
[0m[INFO] [1784399078.876459649]: [view score] cluster=1303 best_score=-1.94793 visible_gain=3 speed=0 corridor_cruise=0 hard_gate=0 rejected=0 top_k=1 known_free=1.2 clearance=1.02134 turn=0 selected_yaw=2.74889 current_yaw=-2.00655 yaw_delta=1.52774 heading_known_free=11.8 vp=(3.48182, -7.40909, 1.9)[0m
[0m[INFO] [1784399078.880909436]: vp cluster cost: 2.134817ms  ,remove unreachable cost: 14.605774ms, select vp cost: 4.966331ms[0m
insert viewpoint to graph time: 21.7484 ms
[1;33m-------------Plan Global Path end-----------------[0m

total time cost: 121.864ms
viz&&print cost:0.035292ms
 -- [TIMER] updateMap time consuming [32m 6.452447 ms[0m


[1;33m------------- <276> Plan Global Path start---------------[0m
[0m[INFO] [1784399079.059885336]: update topo skeleton cost: 8.111795ms, update odom vertex cost:68.373382ms [0m
[0m[INFO] [1784399079.079500872]: vp cluster cost: 1.778825ms  ,remove unreachable cost: 12.411661ms, select vp cost: 5.153052ms[0m
insert viewpoint to graph time: 22.201 ms
[1;33m-------------Plan Global Path end-----------------[0m

total time cost: 118.9ms
viz&&print cost:0.035542ms
[0m[INFO] [1784399079.102397149]: [cloud input] mode=approximate_sync points=8868 age=0.0108876s stamp_valid=1[0m
 -- [TIMER] updateMap time consuming [32m 5.078218 ms[0m


[1;33m------------- <277> Plan Global Path start---------------[0m
[0m[INFO] [1784399079.268487317]: update topo skeleton cost: 7.723858ms, update odom vertex cost:68.344290ms [0m
[0m[INFO] [1784399079.288773026]: vp cluster cost: 1.735312ms  ,remove unreachable cost: 13.000379ms, select vp cost: 5.272021ms[0m
insert viewpoint to graph time: 20.9168 ms
[1;33m-------------Plan Global Path end-----------------[0m

total time cost: 117.841ms
viz&&print cost:0.032113ms
 -- [TIMER] updateMap time consuming [32m 5.682717 ms[0m
[0m[INFO] [1784399079.327994767]: cloud odom callback cost: map update:14.7229ms  update frontier clusters: 2.90875ms  total: 17.6317ms
[0m
[0m[INFO] [1784399079.335786350]: [coverage guidance] plan valid=1 map_v=79 frontier_v=79 zones(f/u)=298/237 observed=19977/35519 coverage=0.5624 voxels(f/o/u)=11935/6523/1519 active=12 reachable_unknown=147 route_nodes=160 preferred=16 cost=7.8ms[0m
 -- [TIMER] updateMap time consuming [32m 5.492394 ms[0m


[1;33m------------- <278> Plan Global Path start---------------[0m
[0m[INFO] [1784399079.487308527]: update topo skeleton cost: 7.005572ms, update odom vertex cost:68.281426ms [0m
[0m[INFO] [1784399079.504708930]: [view score] cluster=1303 best_score=-1.94793 visible_gain=3 speed=0 corridor_cruise=0 hard_gate=0 rejected=0 top_k=1 known_free=1.2 clearance=1.02134 turn=0 selected_yaw=2.74889 current_yaw=-2.00655 yaw_delta=1.52774 heading_known_free=11.8 vp=(3.48182, -7.40909, 1.9)[0m
[0m[INFO] [1784399079.509280015]: vp cluster cost: 1.908222ms  ,remove unreachable cost: 14.628615ms, select vp cost: 5.162833ms[0m
insert viewpoint to graph time: 21.5557 ms
[1;33m-------------Plan Global Path end-----------------[0m

total time cost: 119.394ms
viz&&print cost:0.036602ms
 -- [TIMER] updateMap time consuming [32m 5.517467 ms[0m
 -- [TIMER] updateMap time consuming [32m 5.223397 ms[0m


[1;33m------------- <279> Plan Global Path start---------------[0m
[0m[INFO] [1784399079.696537468]: update topo skeleton cost: 6.096934ms, update odom vertex cost:68.909976ms [0m
[0m[INFO] [1784399079.696575411]: [highspeed_exp adapter] safety map ready=1 rog_ready=1 cloud_size=10094[0m
[0m[INFO] [1784399079.718896841]: vp cluster cost: 2.249715ms  ,remove unreachable cost: 14.274941ms, select vp cost: 5.346946ms[0m
insert viewpoint to graph time: 21.3889 ms
[1;33m-------------Plan Global Path end-----------------[0m

total time cost: 119.359ms
viz&&print cost:0.035482ms
 -- [TIMER] updateMap time consuming [32m 5.029174 ms[0m
 -- [TIMER] updateMap time consuming [32m 5.265810 ms[0m


[1;33m------------- <280> Plan Global Path start---------------[0m
[0m[INFO] [1784399079.906043977]: update topo skeleton cost: 6.870733ms, update odom vertex cost:68.175760ms [0m
[0m[INFO] [1784399079.927797901]: vp cluster cost: 2.156779ms  ,remove unreachable cost: 14.128631ms, select vp cost: 5.197186ms[0m
insert viewpoint to graph time: 20.777 ms
[1;33m-------------Plan Global Path end-----------------[0m

total time cost: 118.154ms
viz&&print cost:0.040163ms
 -- [TIMER] updateMap time consuming [32m 5.069527 ms[0m
 -- [TIMER] updateMap time consuming [32m 5.335894 ms[0m


[1;33m------------- <281> Plan Global Path start---------------[0m
[0m[INFO] [1784399080.114868772]: update topo skeleton cost: 7.194834ms, update odom vertex cost:68.393577ms [0m
[0m[INFO] [1784399080.133377545]: [view score] cluster=1303 best_score=-1.94793 visible_gain=3 speed=0 corridor_cruise=0 hard_gate=0 rejected=0 top_k=1 known_free=1.2 clearance=1.02134 turn=0 selected_yaw=2.74889 current_yaw=-2.00655 yaw_delta=1.52774 heading_known_free=11.8 vp=(3.48182, -7.40909, 1.9)[0m
[0m[INFO] [1784399080.138474333]: vp cluster cost: 2.380744ms  ,remove unreachable cost: 15.037059ms, select vp cost: 5.877228ms[0m
insert viewpoint to graph time: 21.403 ms
[1;33m-------------Plan Global Path end-----------------[0m

total time cost: 121.194ms
viz&&print cost:0.034102ms
[0m[INFO] [1784399080.160562687]: [cloud input] mode=approximate_sync points=9067 age=0.0690509s stamp_valid=1[0m
 -- [TIMER] updateMap time consuming [32m 5.126020 ms[0m
 -- [TIMER] updateMap time consuming [32m 5.109349 ms[0m


[1;33m------------- <282> Plan Global Path start---------------[0m
[0m[INFO] [1784399080.316764652]: update topo skeleton cost: 7.792462ms, update odom vertex cost:68.421519ms [0m
[0m[INFO] [1784399080.339238859]: vp cluster cost: 2.615599ms  ,remove unreachable cost: 14.528236ms, select vp cost: 4.960899ms[0m
insert viewpoint to graph time: 20.8792 ms
[1;33m-------------Plan Global Path end-----------------[0m

total time cost: 120.241ms
viz&&print cost:0.040082ms
[0m[INFO] [1784399078.797569781]: Publish local map size: 9672[0m
[0m[INFO] [1784399079.896987543]: Publish local map size: 9123[0m
 -- [MARSIM] Running FPS: 200.744
 -- [TIMER] updateMap time consuming [32m 4.858273 ms[0m
[0m[INFO] [1784399080.375544439]: cloud odom callback cost: map update:12.0305ms  update frontier clusters: 2.64989ms  total: 14.6804ms
[0m
 -- [TIMER] updateMap time consuming [32m 5.242618 ms[0m


[1;33m------------- <283> Plan Global Path start---------------[0m
[0m[INFO] [1784399080.517753362]: update topo skeleton cost: 8.426953ms, update odom vertex cost:68.418088ms [0m
[0m[INFO] [1784399080.538174258]: vp cluster cost: 2.004640ms  ,remove unreachable cost: 13.127406ms, select vp cost: 4.908416ms[0m
insert viewpoint to graph time: 21.1423 ms
[1;33m-------------Plan Global Path end-----------------[0m

total time cost: 119.075ms
viz&&print cost:0.030022ms
 -- [TIMER] updateMap time consuming [32m 5.415289 ms[0m
 -- [TIMER] updateMap time consuming [32m 5.205026 ms[0m


[1;33m------------- <284> Plan Global Path start---------------[0m
[0m[INFO] [1784399080.728444819]: update topo skeleton cost: 9.674513ms, update odom vertex cost:68.664675ms [0m
[0m[INFO] [1784399080.743617596]: [view score] cluster=1303 best_score=-1.94793 visible_gain=3 speed=0 corridor_cruise=0 hard_gate=0 rejected=0 top_k=1 known_free=1.2 clearance=1.02134 turn=0 selected_yaw=2.74889 current_yaw=-2.00655 yaw_delta=1.52774 heading_known_free=11.8 vp=(3.48182, -7.40909, 1.9)[0m
[0m[INFO] [1784399080.748365522]: vp cluster cost: 1.831198ms  ,remove unreachable cost: 12.487685ms, select vp cost: 5.258269ms[0m
insert viewpoint to graph time: 25.9671 ms
[1;33m-------------Plan Global Path end-----------------[0m

total time cost: 124.91ms
viz&&print cost:0.030612ms
 -- [TIMER] updateMap time consuming [32m 5.596680 ms[0m
 -- [TIMER] updateMap time consuming [32m 5.555188 ms[0m


[1;33m------------- <285> Plan Global Path start---------------[0m
[0m[INFO] [1784399080.930706361]: update topo skeleton cost: 7.277809ms, update odom vertex cost:68.293140ms [0m
[0m[INFO] [1784399080.952975126]: vp cluster cost: 1.774574ms  ,remove unreachable cost: 12.953385ms, select vp cost: 7.219295ms[0m
insert viewpoint to graph time: 21.169 ms
[1;33m-------------Plan Global Path end-----------------[0m

total time cost: 119.684ms
viz&&print cost:0.040462ms
 -- [TIMER] updateMap time consuming [32m 5.419139 ms[0m
 -- [TIMER] updateMap time consuming [32m 5.273319 ms[0m


[1;33m------------- <286> Plan Global Path start---------------[0m
[0m[INFO] [1784399081.139283238]: update topo skeleton cost: 6.200549ms, update odom vertex cost:68.144495ms [0m
[0m[INFO] [1784399081.160049755]: vp cluster cost: 1.723950ms  ,remove unreachable cost: 13.378811ms, select vp cost: 5.394027ms[0m
insert viewpoint to graph time: 21.2959 ms
[1;33m-------------Plan Global Path end-----------------[0m

total time cost: 117.031ms
viz&&print cost:0.042783ms
[0m[INFO] [1784399081.182066081]: [cloud input] mode=approximate_sync points=9059 age=0.0905523s stamp_valid=1[0m
 -- [TIMER] updateMap time consuming [32m 5.257528 ms[0m
 -- [TIMER] updateMap time consuming [32m 4.980701 ms[0m


[1;33m------------- <287> Plan Global Path start---------------[0m
[0m[INFO] [1784399081.349349555]: update topo skeleton cost: 6.612245ms, update odom vertex cost:69.116078ms [0m
[0m[INFO] [1784399081.366398282]: [view score] cluster=1303 best_score=-1.94793 visible_gain=3 speed=0 corridor_cruise=0 hard_gate=0 rejected=0 top_k=1 known_free=1.2 clearance=1.02134 turn=0 selected_yaw=2.74889 current_yaw=-2.00655 yaw_delta=1.52774 heading_known_free=11.8 vp=(3.48182, -7.40909, 1.9)[0m
[0m[INFO] [1784399081.370880460]: vp cluster cost: 2.123767ms  ,remove unreachable cost: 14.098207ms, select vp cost: 5.022093ms[0m
insert viewpoint to graph time: 21.4251 ms
[1;33m-------------Plan Global Path end-----------------[0m

total time cost: 119.454ms
viz&&print cost:0.035732ms
 -- [TIMER] updateMap time consuming [32m 5.104488 ms[0m
[0m[INFO] [1784399081.408962381]: cloud odom callback cost: map update:13.0535ms  update frontier clusters: 2.75632ms  total: 15.8098ms
[0m
[0m[INFO] [1784399081.416648245]: [coverage guidance] plan valid=1 map_v=81 frontier_v=81 zones(f/u)=298/237 observed=19977/35519 coverage=0.5624 voxels(f/o/u)=11935/6519/1523 active=12 reachable_unknown=147 route_nodes=160 preferred=16 cost=7.7ms[0m
 -- [TIMER] updateMap time consuming [32m 5.927811 ms[0m


[1;33m------------- <288> Plan Global Path start---------------[0m
[33m[WARN] [1784399081.573304365]: [coverage recovery] defer observation goal: id=8161329500846654426 approach=(    17.2 -3.71818      3.7) reason=target timeout observed_gain=635 no_gain_attempts=0 failure_attempts=1 exhausted=0 cooldown=45s active_deferred=3[0m
[0m[INFO] [1784399081.553039141]: update topo skeleton cost: 7.179152ms, update odom vertex cost:70.189566ms [0m
[0m[INFO] [1784399081.573239071]: vp cluster cost: 1.812997ms  ,remove unreachable cost: 13.137605ms, select vp cost: 4.968450ms[0m
insert viewpoint to graph time: 21.3672 ms
[1;33m-------------Plan Global Path end-----------------[0m

total time cost: 119.61ms
viz&&print cost:0.030352ms
 -- [TIMER] updateMap time consuming [32m 5.439630 ms[0m
 -- [TIMER] updateMap time consuming [32m 5.483973 ms[0m


[1;33m------------- <289> Plan Global Path start---------------[0m
[0m[INFO] [1784399081.754373506]: update topo skeleton cost: 8.338067ms, update odom vertex cost:68.938776ms [0m
[0m[INFO] [1784399081.754406198]: [highspeed_exp adapter] safety map ready=1 rog_ready=1 cloud_size=9982[0m
[0m[INFO] [1784399081.775137932]: vp cluster cost: 2.291918ms  ,remove unreachable cost: 13.237331ms, select vp cost: 4.904096ms[0m
insert viewpoint to graph time: 22.4873 ms
[1;33m-------------Plan Global Path end-----------------[0m

total time cost: 121.146ms
viz&&print cost:0.037582ms
 -- [TIMER] updateMap time consuming [32m 5.127940 ms[0m


[1;33m------------- <290> Plan Global Path start---------------[0m
[0m[INFO] [1784399081.955326786]: update topo skeleton cost: 8.097740ms, update odom vertex cost:68.873272ms [0m
[0m[INFO] [1784399081.970579007]: [view score] cluster=1303 best_score=-1.94793 visible_gain=3 speed=0 corridor_cruise=0 hard_gate=0 rejected=0 top_k=1 known_free=1.2 clearance=1.02134 turn=0 selected_yaw=2.74889 current_yaw=-2.00655 yaw_delta=1.52774 heading_known_free=11.8 vp=(3.48182, -7.40909, 1.9)[0m
[0m[INFO] [1784399081.974960849]: vp cluster cost: 1.784275ms  ,remove unreachable cost: 12.701908ms, select vp cost: 4.888704ms[0m
insert viewpoint to graph time: 22.3835 ms
[1;33m-------------Plan Global Path end-----------------[0m

total time cost: 119.609ms
viz&&print cost:0.040153ms
 -- [TIMER] updateMap time consuming [32m 5.330922 ms[0m


[1;33m------------- <291> Plan Global Path start---------------[0m
[0m[INFO] [1784399082.163060997]: update topo skeleton cost: 6.873582ms, update odom vertex cost:68.107115ms [0m
[0m[INFO] [1784399082.182963566]: vp cluster cost: 1.733772ms  ,remove unreachable cost: 12.709686ms, select vp cost: 5.192624ms[0m
insert viewpoint to graph time: 21.2956 ms
[1;33m-------------Plan Global Path end-----------------[0m

total time cost: 116.827ms
viz&&print cost:0.038383ms
[0m[INFO] [1784399082.205000842]: [cloud input] mode=approximate_sync points=10055 age=0.0134879s stamp_valid=1[0m
 -- [TIMER] updateMap time consuming [32m 6.724972 ms[0m


[1;33m------------- <292> Plan Global Path start---------------[0m
[0m[INFO] [1784399082.371365501]: update topo skeleton cost: 8.134133ms, update odom vertex cost:68.209672ms [0m
[0m[INFO] [1784399082.393126949]: vp cluster cost: 1.990697ms  ,remove unreachable cost: 14.230235ms, select vp cost: 5.251607ms[0m
insert viewpoint to graph time: 21.5603 ms
[1;33m-------------Plan Global Path end-----------------[0m

total time cost: 120.316ms
viz&&print cost:0.043593ms
[0m[INFO] [1784399080.997215317]: Publish local map size: 10038[0m
[0m[INFO] [1784399082.098329398]: Publish local map size: 9579[0m
 -- [MARSIM] Running FPS: 197.924
 -- [TIMER] updateMap time consuming [32m 5.518164 ms[0m
[0m[INFO] [1784399082.431968965]: cloud odom callback cost: map update:13.8031ms  update frontier clusters: 2.72058ms  total: 16.5237ms
[0m


[1;33m------------- <293> Plan Global Path start---------------[0m
[0m[INFO] [1784399082.570857129]: update topo skeleton cost: 7.140069ms, update odom vertex cost:68.237484ms [0m
[0m[INFO] [1784399082.586943813]: [view score] cluster=1303 best_score=-1.94793 visible_gain=3 speed=0 corridor_cruise=0 hard_gate=0 rejected=0 top_k=1 known_free=1.2 clearance=1.02134 turn=0 selected_yaw=2.74889 current_yaw=-2.00655 yaw_delta=1.52774 heading_known_free=11.8 vp=(3.48182, -7.40909, 1.9)[0m
[0m[INFO] [1784399082.592204671]: vp cluster cost: 1.785235ms  ,remove unreachable cost: 13.243260ms, select vp cost: 6.071741ms[0m
insert viewpoint to graph time: 21.8369 ms
[1;33m-------------Plan Global Path end-----------------[0m

total time cost: 119.217ms
viz&&print cost:0.051713ms
 -- [TIMER] updateMap time consuming [32m 5.226086 ms[0m
 -- [TIMER] updateMap time consuming [32m 4.816569 ms[0m


[1;33m------------- <294> Plan Global Path start---------------[0m
[0m[INFO] [1784399082.787720853]: update topo skeleton cost: 7.920499ms, update odom vertex cost:69.013004ms [0m
[0m[INFO] [1784399082.808539911]: vp cluster cost: 1.857349ms  ,remove unreachable cost: 13.737443ms, select vp cost: 4.954539ms[0m
insert viewpoint to graph time: 20.9017 ms
[1;33m-------------Plan Global Path end-----------------[0m

total time cost: 119.339ms
viz&&print cost:0.035663ms
 -- [TIMER] updateMap time consuming [32m 7.250566 ms[0m
 -- [TIMER] updateMap time consuming [32m 5.462871 ms[0m


[1;33m------------- <295> Plan Global Path start---------------[0m
[0m[INFO] [1784399082.989086761]: update topo skeleton cost: 8.772123ms, update odom vertex cost:68.317070ms [0m
[0m[INFO] [1784399083.010152714]: vp cluster cost: 1.782145ms  ,remove unreachable cost: 13.973067ms, select vp cost: 5.042434ms[0m
insert viewpoint to graph time: 21.5792 ms
[1;33m-------------Plan Global Path end-----------------[0m

total time cost: 120.554ms
viz&&print cost:0.037392ms
 -- [TIMER] updateMap time consuming [32m 5.409647 ms[0m
 -- [TIMER] updateMap time consuming [32m 5.032593 ms[0m


[1;33m------------- <296> Plan Global Path start---------------[0m
[0m[INFO] [1784399083.189494940]: update topo skeleton cost: 7.561966ms, update odom vertex cost:69.254493ms [0m
[0m[INFO] [1784399083.205985168]: [view score] cluster=1303 best_score=-1.94793 visible_gain=3 speed=0 corridor_cruise=0 hard_gate=0 rejected=0 top_k=1 known_free=1.2 clearance=1.02134 turn=0 selected_yaw=2.74889 current_yaw=-2.00655 yaw_delta=1.52774 heading_known_free=11.8 vp=(3.48182, -7.40909, 1.9)[0m
[0m[INFO] [1784399083.210376090]: vp cluster cost: 1.724150ms  ,remove unreachable cost: 13.975427ms, select vp cost: 4.918556ms[0m
insert viewpoint to graph time: 22.0826 ms
[1;33m-------------Plan Global Path end-----------------[0m

total time cost: 120.354ms
[0m[INFO] [1784399083.233049474]: [frontier storage] labels=8266/7517 normals=216/823 clusters=17 terminal=0 cluster_cells(cap)=178 candidates(cap)=21 derived_viewpoints(cap)=0 estimated_kb=147.385 revision=322 audit_ready=0[0m
viz&&print cost:0.069615ms
[0m[INFO] [1784399083.233125109]: [cloud input] mode=approximate_sync points=9911 age=0.0416343s stamp_valid=1[0m
 -- [TIMER] updateMap time consuming [32m 5.215324 ms[0m
 -- [TIMER] updateMap time consuming [32m 4.652368 ms[0m


[1;33m------------- <297> Plan Global Path start---------------[0m
[0m[INFO] [1784399083.389154480]: update topo skeleton cost: 7.755788ms, update odom vertex cost:68.221787ms [0m
[0m[INFO] [1784399083.410925967]: vp cluster cost: 1.728941ms  ,remove unreachable cost: 14.414505ms, select vp cost: 5.349713ms[0m
insert viewpoint to graph time: 22.2895 ms
[1;33m-------------Plan Global Path end-----------------[0m

total time cost: 120.636ms
viz&&print cost:0.044342ms
 -- [TIMER] updateMap time consuming [32m 5.729448 ms[0m
[0m[INFO] [1784399083.450275232]: cloud odom callback cost: map update:13.3831ms  update frontier clusters: 2.95423ms  total: 16.3374ms
[0m
[0m[INFO] [1784399083.457868299]: [coverage guidance] plan valid=1 map_v=83 frontier_v=83 zones(f/u)=298/237 observed=19977/35519 coverage=0.5624 voxels(f/o/u)=11935/6513/1529 active=12 reachable_unknown=147 route_nodes=160 preferred=16 cost=7.6ms[0m
 -- [TIMER] updateMap time consuming [32m 5.442400 ms[0m


[1;33m------------- <298> Plan Global Path start---------------[0m
[0m[INFO] [1784399083.591566597]: update topo skeleton cost: 8.443452ms, update odom vertex cost:69.200070ms [0m
[0m[INFO] [1784399083.613990755]: vp cluster cost: 2.242884ms  ,remove unreachable cost: 14.529082ms, select vp cost: 5.323091ms[0m
insert viewpoint to graph time: 22.3111 ms
[1;33m-------------Plan Global Path end-----------------[0m

total time cost: 123.008ms
viz&&print cost:0.042032ms
 -- [TIMER] updateMap time consuming [32m 5.307361 ms[0m
 -- [TIMER] updateMap time consuming [32m 5.110188 ms[0m


[1;33m------------- <299> Plan Global Path start---------------[0m
[0m[INFO] [1784399083.793552946]: update topo skeleton cost: 7.329050ms, update odom vertex cost:69.166138ms [0m
[0m[INFO] [1784399083.793587248]: [highspeed_exp adapter] safety map ready=1 rog_ready=1 cloud_size=9110[0m
[0m[INFO] [1784399083.810471682]: [view score] cluster=1303 best_score=-1.94793 visible_gain=3 speed=0 corridor_cruise=0 hard_gate=0 rejected=0 top_k=1 known_free=1.2 clearance=1.02134 turn=0 selected_yaw=2.74889 current_yaw=-2.00655 yaw_delta=1.52774 heading_known_free=11.8 vp=(3.48182, -7.40909, 1.9)[0m
[0m[INFO] [1784399083.815002472]: vp cluster cost: 2.361921ms  ,remove unreachable cost: 13.689318ms, select vp cost: 5.067745ms[0m
insert viewpoint to graph time: 21.7202 ms
[1;33m-------------Plan Global Path end-----------------[0m

total time cost: 120.231ms
viz&&print cost:0.034942ms
 -- [TIMER] updateMap time consuming [32m 5.940452 ms[0m
 -- [TIMER] updateMap time consuming [32m 4.734463 ms[0m


[1;33m------------- <300> Plan Global Path start---------------[0m
[0m[INFO] [1784399083.992661131]: update topo skeleton cost: 6.585333ms, update odom vertex cost:68.627423ms [0m
[0m[INFO] [1784399084.014252805]: vp cluster cost: 2.344050ms  ,remove unreachable cost: 13.769632ms, select vp cost: 5.128389ms[0m
insert viewpoint to graph time: 21.1917 ms
[1;33m-------------Plan Global Path end-----------------[0m

total time cost: 118.609ms
viz&&print cost:0.034862ms
 -- [TIMER] updateMap time consuming [32m 5.652622 ms[0m
 -- [TIMER] updateMap time consuming [32m 4.732263 ms[0m


[1;33m------------- <301> Plan Global Path start---------------[0m
[0m[INFO] [1784399084.201829312]: update topo skeleton cost: 6.600292ms, update odom vertex cost:69.049844ms [0m
[0m[INFO] [1784399084.222022186]: vp cluster cost: 1.857149ms  ,remove unreachable cost: 12.732826ms, select vp cost: 5.294609ms[0m
insert viewpoint to graph time: 20.951 ms
[1;33m-------------Plan Global Path end-----------------[0m

total time cost: 117.37ms
viz&&print cost:0.033673ms
[0m[INFO] [1784399084.243626620]: [cloud input] mode=approximate_sync points=8808 age=0.052145s stamp_valid=1[0m
 -- [TIMER] updateMap time consuming [32m 5.214864 ms[0m
 -- [TIMER] updateMap time consuming [32m 5.524885 ms[0m


[1;33m------------- <302> Plan Global Path start---------------[0m
[0m[INFO] [1784399084.408396066]: update topo skeleton cost: 6.597693ms, update odom vertex cost:68.141956ms [0m
[0m[INFO] [1784399084.424277024]: [view score] cluster=1303 best_score=-1.94793 visible_gain=3 speed=0 corridor_cruise=0 hard_gate=0 rejected=0 top_k=1 known_free=1.2 clearance=1.02134 turn=0 selected_yaw=2.74889 current_yaw=-2.00655 yaw_delta=1.52774 heading_known_free=11.8 vp=(3.48182, -7.40909, 1.9)[0m
[0m[INFO] [1784399084.428752020]: vp cluster cost: 1.730001ms  ,remove unreachable cost: 13.366977ms, select vp cost: 5.031572ms[0m
insert viewpoint to graph time: 22.3535 ms
[1;33m-------------Plan Global Path end-----------------[0m

total time cost: 118.225ms
viz&&print cost:0.059393ms
[0m[INFO] [1784399083.197763611]: Publish local map size: 9911[0m
[0m[INFO] [1784399084.296583203]: Publish local map size: 9993[0m
 -- [MARSIM] Running FPS: 208.097
 -- [TIMER] updateMap time consuming [32m 5.380125 ms[0m
[0m[INFO] [1784399084.467791942]: cloud odom callback cost: map update:13.0688ms  update frontier clusters: 2.70014ms  total: 15.769ms
[0m
 -- [TIMER] updateMap time consuming [32m 4.876322 ms[0m


[1;33m------------- <303> Plan Global Path start---------------[0m
[0m[INFO] [1784399084.618528469]: update topo skeleton cost: 7.753257ms, update odom vertex cost:68.749255ms [0m
[0m[INFO] [1784399084.638397402]: vp cluster cost: 1.859409ms  ,remove unreachable cost: 12.626179ms, select vp cost: 4.948437ms[0m
insert viewpoint to graph time: 21.6005 ms
[1;33m-------------Plan Global Path end-----------------[0m

total time cost: 118.613ms
viz&&print cost:0.040122ms
 -- [TIMER] updateMap time consuming [32m 5.227625 ms[0m
 -- [TIMER] updateMap time consuming [32m 5.275558 ms[0m


[1;33m------------- <304> Plan Global Path start---------------[0m
[0m[INFO] [1784399084.825700372]: update topo skeleton cost: 6.570141ms, update odom vertex cost:68.358599ms [0m
[0m[INFO] [1784399084.845647230]: vp cluster cost: 1.887731ms  ,remove unreachable cost: 12.805661ms, select vp cost: 4.990489ms[0m
insert viewpoint to graph time: 22.5651 ms
[1;33m-------------Plan Global Path end-----------------[0m

total time cost: 118.145ms
viz&&print cost:0.054614ms
 -- [TIMER] updateMap time consuming [32m 5.349673 ms[0m
 -- [TIMER] updateMap time consuming [32m 5.212554 ms[0m


[1;33m------------- <305> Plan Global Path start---------------[0m
[0m[INFO] [1784399085.034384419]: update topo skeleton cost: 6.394490ms, update odom vertex cost:68.938013ms [0m
[0m[INFO] [1784399085.050121176]: [view score] cluster=1303 best_score=-1.94793 visible_gain=3 speed=0 corridor_cruise=0 hard_gate=0 rejected=0 top_k=1 known_free=1.2 clearance=1.02134 turn=0 selected_yaw=2.74889 current_yaw=-2.00655 yaw_delta=1.52774 heading_known_free=11.8 vp=(3.48182, -7.40909, 1.9)[0m
[0m[INFO] [1784399085.055866603]: vp cluster cost: 1.970047ms  ,remove unreachable cost: 12.891094ms, select vp cost: 6.326845ms[0m
insert viewpoint to graph time: 27.8246 ms
[1;33m-------------Plan Global Path end-----------------[0m

total time cost: 125.447ms
viz&&print cost:0.065724ms
 -- [TIMER] updateMap time consuming [32m 5.935339 ms[0m
 -- [TIMER] updateMap time consuming [32m 5.019641 ms[0m


[1;33m------------- <306> Plan Global Path start---------------[0m
[0m[INFO] [1784399085.240330625]: update topo skeleton cost: 6.071509ms, update odom vertex cost:68.418807ms [0m
[0m[INFO] [1784399085.261290625]: vp cluster cost: 1.768693ms  ,remove unreachable cost: 13.742309ms, select vp cost: 5.186342ms[0m
insert viewpoint to graph time: 21.0817 ms
[1;33m-------------Plan Global Path end-----------------[0m

total time cost: 117.175ms
viz&&print cost:0.060934ms
[0m[INFO] [1784399085.283161795]: [cloud input] mode=approximate_sync points=9917 age=0.0916458s stamp_valid=1[0m
 -- [TIMER] updateMap time consuming [32m 5.725057 ms[0m
 -- [TIMER] updateMap time consuming [32m 4.531430 ms[0m


[1;33m------------- <307> Plan Global Path start---------------[0m
[0m[INFO] [1784399085.451215076]: update topo skeleton cost: 8.256789ms, update odom vertex cost:68.481081ms [0m
[0m[INFO] [1784399085.472768445]: vp cluster cost: 2.244564ms  ,remove unreachable cost: 13.136280ms, select vp cost: 5.815012ms[0m
insert viewpoint to graph time: 20.7345 ms
[1;33m-------------Plan Global Path end-----------------[0m

total time cost: 119.717ms
viz&&print cost:0.033542ms
 -- [TIMER] updateMap time consuming [32m 4.773055 ms[0m
[0m[INFO] [1784399085.509385868]: cloud odom callback cost: map update:12.4789ms  update frontier clusters: 2.60205ms  total: 15.081ms
[0m
[0m[INFO] [1784399085.517463225]: [coverage guidance] plan valid=1 map_v=85 frontier_v=85 zones(f/u)=298/237 observed=19977/35519 coverage=0.5624 voxels(f/o/u)=11935/6503/1539 active=12 reachable_unknown=147 route_nodes=160 preferred=16 cost=8.0ms[0m
 -- [TIMER] updateMap time consuming [32m 5.386695 ms[0m


[1;33m------------- <308> Plan Global Path start---------------[0m
[0m[INFO] [1784399085.654316870]: update topo skeleton cost: 7.945328ms, update odom vertex cost:71.284751ms [0m
[0m[INFO] [1784399085.669802980]: [view score] cluster=1303 best_score=-1.94793 visible_gain=3 speed=0 corridor_cruise=0 hard_gate=0 rejected=0 top_k=1 known_free=1.2 clearance=1.02134 turn=0 selected_yaw=2.74889 current_yaw=-2.00655 yaw_delta=1.52774 heading_known_free=11.8 vp=(3.48182, -7.40909, 1.9)[0m
[0m[INFO] [1784399085.674243615]: vp cluster cost: 1.772613ms  ,remove unreachable cost: 12.910456ms, select vp cost: 4.980959ms[0m
insert viewpoint to graph time: 21.7973 ms
[1;33m-------------Plan Global Path end-----------------[0m

total time cost: 121.62ms
viz&&print cost:0.047203ms
 -- [TIMER] updateMap time consuming [32m 5.353903 ms[0m
 -- [TIMER] updateMap time consuming [32m 5.062544 ms[0m


[1;33m------------- <309> Plan Global Path start---------------[0m
[0m[INFO] [1784399085.853219745]: update topo skeleton cost: 7.683492ms, update odom vertex cost:68.346562ms [0m
[0m[INFO] [1784399085.853248687]: [highspeed_exp adapter] safety map ready=1 rog_ready=1 cloud_size=9278[0m
[0m[INFO] [1784399085.874903492]: vp cluster cost: 1.825686ms  ,remove unreachable cost: 14.327107ms, select vp cost: 5.248386ms[0m
insert viewpoint to graph time: 21.4218 ms
[1;33m-------------Plan Global Path end-----------------[0m

total time cost: 119.833ms
viz&&print cost:0.039873ms
 -- [TIMER] updateMap time consuming [32m 5.143329 ms[0m


[1;33m------------- <310> Plan Global Path start---------------[0m
[0m[INFO] [1784399086.062600695]: update topo skeleton cost: 6.525958ms, update odom vertex cost:68.921834ms [0m
[0m[INFO] [1784399086.084429079]: vp cluster cost: 2.192271ms  ,remove unreachable cost: 13.295219ms, select vp cost: 6.008294ms[0m
insert viewpoint to graph time: 23.7462 ms
[1;33m-------------Plan Global Path end-----------------[0m

total time cost: 121.731ms
viz&&print cost:0.041952ms
 -- [TIMER] updateMap time consuming [32m 5.474530 ms[0m


[1;33m------------- <311> Plan Global Path start---------------[0m
[0m[INFO] [1784399086.264186673]: update topo skeleton cost: 6.786223ms, update odom vertex cost:68.389669ms [0m
[0m[INFO] [1784399086.279560455]: [view score] cluster=1303 best_score=-1.94793 visible_gain=3 speed=0 corridor_cruise=0 hard_gate=0 rejected=0 top_k=1 known_free=1.2 clearance=1.02134 turn=0 selected_yaw=2.74889 current_yaw=-2.00655 yaw_delta=1.52774 heading_known_free=11.8 vp=(3.48182, -7.40909, 1.9)[0m
[0m[INFO] [1784399086.284193041]: vp cluster cost: 1.746161ms  ,remove unreachable cost: 12.873723ms, select vp cost: 5.145178ms[0m
insert viewpoint to graph time: 21.4654 ms
[1;33m-------------Plan Global Path end-----------------[0m

total time cost: 117.273ms
viz&&print cost:0.039943ms
[0m[INFO] [1784399086.306379058]: [cloud input] mode=approximate_sync points=9517 age=0.0148693s stamp_valid=1[0m
 -- [TIMER] updateMap time consuming [32m 6.749191 ms[0m


[1;33m------------- <312> Plan Global Path start---------------[0m
[0m[INFO] [1784399086.470940231]: update topo skeleton cost: 6.357086ms, update odom vertex cost:68.181876ms [0m
[0m[INFO] [1784399086.492045910]: vp cluster cost: 1.769592ms  ,remove unreachable cost: 13.474381ms, select vp cost: 5.602158ms[0m
insert viewpoint to graph time: 22.5157 ms
[1;33m-------------Plan Global Path end-----------------[0m

total time cost: 118.96ms
viz&&print cost:0.047513ms
[0m[INFO] [1784399085.296697421]: Publish local map size: 9254[0m
[0m[INFO] [1784399086.298073978]: Publish local map size: 9517[0m
 -- [MARSIM] Running FPS: 197.949
 -- [TIMER] updateMap time consuming [32m 5.499051 ms[0m
[0m[INFO] [1784399086.532308052]: cloud odom callback cost: map update:14.1245ms  update frontier clusters: 2.69737ms  total: 16.8219ms
[0m
 -- [TIMER] updateMap time consuming [32m 5.038662 ms[0m


[1;33m------------- <313> Plan Global Path start---------------[0m
[0m[INFO] [1784399086.687616493]: update topo skeleton cost: 7.113955ms, update odom vertex cost:69.043211ms [0m
[0m[INFO] [1784399086.708537780]: vp cluster cost: 1.821846ms  ,remove unreachable cost: 13.842335ms, select vp cost: 4.975898ms[0m
insert viewpoint to graph time: 20.7248 ms
[1;33m-------------Plan Global Path end-----------------[0m

total time cost: 118.398ms
viz&&print cost:0.036452ms
 -- [TIMER] updateMap time consuming [32m 5.362053 ms[0m
 -- [TIMER] updateMap time consuming [32m 4.790326 ms[0m


[1;33m------------- <314> Plan Global Path start---------------[0m
[0m[INFO] [1784399086.895089188]: update topo skeleton cost: 6.534257ms, update odom vertex cost:68.559980ms [0m
[0m[INFO] [1784399086.911064558]: [view score] cluster=1303 best_score=-1.94793 visible_gain=3 speed=0 corridor_cruise=0 hard_gate=0 rejected=0 top_k=1 known_free=1.2 clearance=1.02134 turn=0 selected_yaw=2.74889 current_yaw=-2.00655 yaw_delta=1.52774 heading_known_free=11.8 vp=(3.48182, -7.40909, 1.9)[0m
[0m[INFO] [1784399086.916022905]: vp cluster cost: 2.223842ms  ,remove unreachable cost: 12.849921ms, select vp cost: 5.503001ms[0m
insert viewpoint to graph time: 21.2854 ms
[1;33m-------------Plan Global Path end-----------------[0m

total time cost: 117.889ms
viz&&print cost:0.028631ms
 -- [TIMER] updateMap time consuming [32m 5.981532 ms[0m
 -- [TIMER] updateMap time consuming [32m 5.199581 ms[0m


[1;33m------------- <315> Plan Global Path start---------------[0m
[0m[INFO] [1784399087.103825043]: update topo skeleton cost: 7.530091ms, update odom vertex cost:68.299137ms [0m
[0m[INFO] [1784399087.124617890]: vp cluster cost: 1.710829ms  ,remove unreachable cost: 13.653121ms, select vp cost: 5.161989ms[0m
insert viewpoint to graph time: 21.0976 ms
[1;33m-------------Plan Global Path end-----------------[0m

total time cost: 118.315ms
viz&&print cost:0.042483ms
 -- [TIMER] updateMap time consuming [32m 5.448088 ms[0m
 -- [TIMER] updateMap time consuming [32m 5.267806 ms[0m


[1;33m------------- <316> Plan Global Path start---------------[0m
[0m[INFO] [1784399087.313134316]: update topo skeleton cost: 7.957958ms, update odom vertex cost:68.756126ms [0m
[0m[INFO] [1784399087.336346917]: vp cluster cost: 1.840127ms  ,remove unreachable cost: 15.429744ms, select vp cost: 5.656961ms[0m
insert viewpoint to graph time: 21.2526 ms
[1;33m-------------Plan Global Path end-----------------[0m

total time cost: 121.847ms
viz&&print cost:0.047183ms
[0m[INFO] [1784399087.358360031]: [cloud input] mode=approximate_sync points=9914 age=0.0668457s stamp_valid=1[0m
 -- [TIMER] updateMap time consuming [32m 5.611388 ms[0m
 -- [TIMER] updateMap time consuming [32m 5.121076 ms[0m


[1;33m------------- <317> Plan Global Path start---------------[0m
[0m[INFO] [1784399087.514583457]: update topo skeleton cost: 6.970485ms, update odom vertex cost:69.218886ms [0m
[0m[INFO] [1784399087.532274745]: [view score] cluster=1303 best_score=-1.94793 visible_gain=3 speed=0 corridor_cruise=0 hard_gate=0 rejected=0 top_k=1 known_free=1.2 clearance=1.02134 turn=0 selected_yaw=2.74889 current_yaw=-2.00655 yaw_delta=1.52774 heading_known_free=11.8 vp=(3.48182, -7.40909, 1.9)[0m
[0m[INFO] [1784399087.537409123]: vp cluster cost: 2.005638ms  ,remove unreachable cost: 14.649515ms, select vp cost: 5.901636ms[0m
insert viewpoint to graph time: 21.2997 ms
[1;33m-------------Plan Global Path end-----------------[0m

total time cost: 121.04ms
viz&&print cost:0.053043ms
 -- [TIMER] updateMap time consuming [32m 4.692439 ms[0m
[0m[INFO] [1784399087.574265254]: cloud odom callback cost: map update:12.0241ms  update frontier clusters: 2.70397ms  total: 14.7281ms
[0m
[0m[INFO] [1784399087.581961535]: [coverage guidance] plan valid=1 map_v=87 frontier_v=87 zones(f/u)=298/237 observed=19977/35519 coverage=0.5624 voxels(f/o/u)=11935/6498/1544 active=12 reachable_unknown=147 route_nodes=160 preferred=16 cost=7.7ms[0m
 -- [TIMER] updateMap time consuming [32m 5.199372 ms[0m


[1;33m------------- <318> Plan Global Path start---------------[0m
[0m[INFO] [1784399087.714756537]: update topo skeleton cost: 6.449401ms, update odom vertex cost:68.778498ms [0m
[0m[INFO] [1784399087.737323956]: vp cluster cost: 2.392142ms  ,remove unreachable cost: 14.854788ms, select vp cost: 5.050032ms[0m
insert viewpoint to graph time: 21.5071 ms
[1;33m-------------Plan Global Path end-----------------[0m

total time cost: 119.969ms
viz&&print cost:0.035862ms
 -- [TIMER] updateMap time consuming [32m 4.784816 ms[0m
 -- [TIMER] updateMap time consuming [32m 5.117536 ms[0m


[1;33m------------- <319> Plan Global Path start---------------[0m
[0m[INFO] [1784399087.914616906]: update topo skeleton cost: 6.336484ms, update odom vertex cost:68.671891ms [0m
[0m[INFO] [1784399087.914646748]: [highspeed_exp adapter] safety map ready=1 rog_ready=1 cloud_size=9406[0m
[0m[INFO] [1784399087.935942767]: vp cluster cost: 1.910172ms  ,remove unreachable cost: 14.078348ms, select vp cost: 5.044152ms[0m
insert viewpoint to graph time: 26.1013 ms
[1;33m-------------Plan Global Path end-----------------[0m

total time cost: 123.186ms
viz&&print cost:0.041242ms
 -- [TIMER] updateMap time consuming [32m 5.505311 ms[0m
 -- [TIMER] updateMap time consuming [32m 5.853232 ms[0m


[1;33m------------- <320> Plan Global Path start---------------[0m
[0m[INFO] [1784399088.118180002]: update topo skeleton cost: 6.676985ms, update odom vertex cost:68.588920ms [0m
[0m[INFO] [1784399088.134361273]: [view score] cluster=1303 best_score=-1.94793 visible_gain=3 speed=0 corridor_cruise=0 hard_gate=0 rejected=0 top_k=1 known_free=1.2 clearance=1.02134 turn=0 selected_yaw=2.74889 current_yaw=-2.00655 yaw_delta=1.52774 heading_known_free=11.8 vp=(3.48182, -7.40909, 1.9)[0m
[0m[INFO] [1784399088.138930724]: vp cluster cost: 2.142016ms  ,remove unreachable cost: 13.114256ms, select vp cost: 5.099284ms[0m
insert viewpoint to graph time: 20.9204 ms
[1;33m-------------Plan Global Path end-----------------[0m

total time cost: 117.586ms
viz&&print cost:0.032853ms
 -- [TIMER] updateMap time consuming [32m 4.797916 ms[0m
 -- [TIMER] updateMap time consuming [32m 5.342321 ms[0m


[1;33m------------- <321> Plan Global Path start---------------[0m
[0m[INFO] [1784399088.326954141]: update topo skeleton cost: 8.079025ms, update odom vertex cost:68.310981ms [0m
[0m[INFO] [1784399088.346830017]: vp cluster cost: 1.883890ms  ,remove unreachable cost: 12.765223ms, select vp cost: 4.956176ms[0m
insert viewpoint to graph time: 20.7334 ms
[1;33m-------------Plan Global Path end-----------------[0m

total time cost: 117.588ms
[0m[INFO] [1784399088.368171977]: [frontier storage] labels=8266/7517 normals=216/823 clusters=17 terminal=0 cluster_cells(cap)=178 candidates(cap)=21 derived_viewpoints(cap)=0 estimated_kb=147.385 revision=322 audit_ready=0[0m
viz&&print cost:0.068914ms
[0m[INFO] [1784399088.368244561]: [cloud input] mode=approximate_sync points=9149 age=0.0767552s stamp_valid=1[0m
 -- [TIMER] updateMap time consuming [32m 4.812027 ms[0m
 -- [TIMER] updateMap time consuming [32m 4.723051 ms[0m


[1;33m------------- <322> Plan Global Path start---------------[0m
[0m[INFO] [1784399088.533317607]: update topo skeleton cost: 6.731379ms, update odom vertex cost:68.291920ms [0m
[0m[INFO] [1784399088.553135319]: vp cluster cost: 1.797094ms  ,remove unreachable cost: 12.396090ms, select vp cost: 5.365092ms[0m
insert viewpoint to graph time: 20.7883 ms
[1;33m-------------Plan Global Path end-----------------[0m

total time cost: 116.511ms
viz&&print cost:0.039323ms
[0m[INFO] [1784399087.298454310]: Publish local map size: 9914[0m
[0m[INFO] [1784399088.396773659]: Publish local map size: 9093[0m
 -- [MARSIM] Running FPS: 199.242
 -- [TIMER] updateMap time consuming [32m 5.781268 ms[0m
[0m[INFO] [1784399088.591307821]: cloud odom callback cost: map update:13.5323ms  update frontier clusters: 2.86676ms  total: 16.399ms
[0m
 -- [TIMER] updateMap time consuming [32m 5.504601 ms[0m


[1;33m------------- <323> Plan Global Path start---------------[0m
[0m[INFO] [1784399088.739805741]: update topo skeleton cost: 6.826825ms, update odom vertex cost:68.060536ms [0m
[0m[INFO] [1784399088.755803590]: [view score] cluster=1303 best_score=-1.94793 visible_gain=3 speed=0 corridor_cruise=0 hard_gate=0 rejected=0 top_k=1 known_free=1.2 clearance=1.02134 turn=0 selected_yaw=2.74889 current_yaw=-2.00655 yaw_delta=1.52774 heading_known_free=11.8 vp=(3.48182, -7.40909, 1.9)[0m
[0m[INFO] [1784399088.760371961]: vp cluster cost: 1.715260ms  ,remove unreachable cost: 13.508370ms, select vp cost: 5.111696ms[0m
insert viewpoint to graph time: 22.121 ms
[1;33m-------------Plan Global Path end-----------------[0m

total time cost: 118.252ms
viz&&print cost:0.053274ms
 -- [TIMER] updateMap time consuming [32m 5.097705 ms[0m
 -- [TIMER] updateMap time consuming [32m 5.267175 ms[0m


[1;33m------------- <324> Plan Global Path start---------------[0m
[0m[INFO] [1784399088.951502876]: update topo skeleton cost: 8.897276ms, update odom vertex cost:68.777872ms [0m
[0m[INFO] [1784399088.972630292]: vp cluster cost: 2.505320ms  ,remove unreachable cost: 13.188730ms, select vp cost: 5.039791ms[0m
insert viewpoint to graph time: 21.5005 ms
[1;33m-------------Plan Global Path end-----------------[0m

total time cost: 121.056ms
viz&&print cost:0.062914ms
 -- [TIMER] updateMap time consuming [32m 5.181369 ms[0m
 -- [TIMER] updateMap time consuming [32m 4.965456 ms[0m


[1;33m------------- <325> Plan Global Path start---------------[0m
[0m[INFO] [1784399089.154538146]: update topo skeleton cost: 8.270786ms, update odom vertex cost:69.385584ms [0m
[0m[INFO] [1784399089.177207878]: vp cluster cost: 2.006328ms  ,remove unreachable cost: 15.139113ms, select vp cost: 5.198271ms[0m
insert viewpoint to graph time: 21.4225 ms
[1;33m-------------Plan Global Path end-----------------[0m

total time cost: 122.365ms
viz&&print cost:0.038282ms
 -- [TIMER] updateMap time consuming [32m 5.339430 ms[0m


[1;33m------------- <326> Plan Global Path start---------------[0m
[0m[INFO] [1784399089.358926747]: update topo skeleton cost: 9.255309ms, update odom vertex cost:70.291871ms [0m
[0m[INFO] [1784399089.377477787]: [view score] cluster=1303 best_score=-1.94793 visible_gain=3 speed=0 corridor_cruise=0 hard_gate=0 rejected=0 top_k=1 known_free=1.2 clearance=1.02134 turn=0 selected_yaw=2.74889 current_yaw=-2.00655 yaw_delta=1.52774 heading_known_free=11.8 vp=(3.48182, -7.40909, 1.9)[0m
[0m[INFO] [1784399089.384032974]: vp cluster cost: 2.263734ms  ,remove unreachable cost: 15.122602ms, select vp cost: 7.348048ms[0m
insert viewpoint to graph time: 25.6385 ms
[1;33m-------------Plan Global Path end-----------------[0m

total time cost: 131.022ms
viz&&print cost:0.048224ms
[0m[INFO] [1784399089.410512429]: [cloud input] mode=approximate_sync points=9987 age=0.0189954s stamp_valid=1[0m
 -- [TIMER] updateMap time consuming [32m 5.608617 ms[0m


[1;33m------------- <327> Plan Global Path start---------------[0m
[0m[INFO] [1784399089.558642631]: update topo skeleton cost: 9.289411ms, update odom vertex cost:68.814227ms [0m
[0m[INFO] [1784399089.581450712]: vp cluster cost: 2.344239ms  ,remove unreachable cost: 14.900278ms, select vp cost: 5.239003ms[0m
insert viewpoint to graph time: 22.0079 ms
[1;33m-------------Plan Global Path end-----------------[0m

total time cost: 123.596ms
viz&&print cost:0.030582ms
 -- [TIMER] updateMap time consuming [32m 5.817650 ms[0m
[0m[INFO] [1784399089.620962706]: cloud odom callback cost: map update:13.5158ms  update frontier clusters: 3.21158ms  total: 16.7274ms
[0m
[0m[INFO] [1784399089.630250917]: [coverage guidance] plan valid=1 map_v=89 frontier_v=89 zones(f/u)=298/237 observed=19977/35519 coverage=0.5624 voxels(f/o/u)=11935/6498/1544 active=12 reachable_unknown=147 route_nodes=160 preferred=16 cost=9.3ms[0m


[1;33m------------- <328> Plan Global Path start---------------[0m
[0m[INFO] [1784399089.761515077]: update topo skeleton cost: 8.120837ms, update odom vertex cost:69.129707ms [0m
[0m[INFO] [1784399089.782521142]: vp cluster cost: 1.957104ms  ,remove unreachable cost: 13.596835ms, select vp cost: 5.117345ms[0m
insert viewpoint to graph time: 21.9543 ms
[1;33m-------------Plan Global Path end-----------------[0m

total time cost: 120.906ms
viz&&print cost:0.036993ms
 -- [TIMER] updateMap time consuming [32m 5.724274 ms[0m


[1;33m------------- <329> Plan Global Path start---------------[0m
[0m[INFO] [1784399089.961147535]: update topo skeleton cost: 7.074049ms, update odom vertex cost:68.723592ms [0m
[0m[INFO] [1784399089.961179457]: [highspeed_exp adapter] safety map ready=1 rog_ready=1 cloud_size=9807[0m
[0m[INFO] [1784399089.977747231]: [view score] cluster=1303 best_score=-1.94793 visible_gain=3 speed=0 corridor_cruise=0 hard_gate=0 rejected=0 top_k=1 known_free=1.2 clearance=1.02134 turn=0 selected_yaw=2.74889 current_yaw=-2.00655 yaw_delta=1.52774 heading_known_free=11.8 vp=(3.48182, -7.40909, 1.9)[0m
[0m[INFO] [1784399089.983400251]: vp cluster cost: 1.991317ms  ,remove unreachable cost: 13.781846ms, select vp cost: 6.163022ms[0m
insert viewpoint to graph time: 23.1295 ms
[1;33m-------------Plan Global Path end-----------------[0m

total time cost: 121.862ms
viz&&print cost:0.038392ms
 -- [TIMER] updateMap time consuming [32m 6.061115 ms[0m


[1;33m------------- <330> Plan Global Path start---------------[0m
[0m[INFO] [1784399090.164590202]: update topo skeleton cost: 8.864713ms, update odom vertex cost:68.370073ms [0m
[0m[INFO] [1784399090.188621588]: vp cluster cost: 2.202790ms  ,remove unreachable cost: 14.086005ms, select vp cost: 7.417801ms[0m
insert viewpoint to graph time: 22.0358 ms
[1;33m-------------Plan Global Path end-----------------[0m

total time cost: 124.013ms
viz&&print cost:0.033602ms
 -- [TIMER] updateMap time consuming [32m 5.053121 ms[0m


[1;33m------------- <331> Plan Global Path start---------------[0m
[0m[INFO] [1784399090.367990132]: update topo skeleton cost: 7.510067ms, update odom vertex cost:68.985392ms [0m
[0m[INFO] [1784399090.388418169]: vp cluster cost: 1.807605ms  ,remove unreachable cost: 13.026317ms, select vp cost: 5.328159ms[0m
insert viewpoint to graph time: 21.2267 ms
[1;33m-------------Plan Global Path end-----------------[0m

total time cost: 118.768ms
viz&&print cost:0.031002ms
[0m[INFO] [1784399089.397243725]: Publish local map size: 9987[0m
[0m[INFO] [1784399090.398251694]: Publish local map size: 10061[0m
 -- [MARSIM] Running FPS: 189.583
 -- [TIMER] updateMap time consuming [32m 5.245093 ms[0m
[0m[INFO] [1784399090.497166607]: [cloud input] mode=approximate_sync points=8740 age=0.00565697s stamp_valid=1[0m
 -- [TIMER] updateMap time consuming [32m 4.672406 ms[0m


[1;33m------------- <332> Plan Global Path start---------------[0m
[0m[INFO] [1784399090.588477757]: update topo skeleton cost: 8.037711ms, update odom vertex cost:69.077327ms [0m
[0m[INFO] [1784399090.606432968]: [view score] cluster=1303 best_score=-1.94793 visible_gain=3 speed=0 corridor_cruise=0 hard_gate=0 rejected=0 top_k=1 known_free=1.2 clearance=1.02134 turn=0 selected_yaw=2.74889 current_yaw=-2.00655 yaw_delta=1.52774 heading_known_free=11.8 vp=(3.48182, -7.40909, 1.9)[0m
[0m[INFO] [1784399090.611055711]: vp cluster cost: 1.830836ms  ,remove unreachable cost: 15.288251ms, select vp cost: 5.194790ms[0m
insert viewpoint to graph time: 21.6171 ms
[1;33m-------------Plan Global Path end-----------------[0m

total time cost: 121.891ms
viz&&print cost:0.030092ms
 -- [TIMER] updateMap time consuming [32m 5.183970 ms[0m
[0m[INFO] [1784399090.648792478]: cloud odom callback cost: map update:12.6095ms  update frontier clusters: 2.842ms  total: 15.4515ms
[0m
 -- [TIMER] updateMap time consuming [32m 5.125286 ms[0m


[1;33m------------- <333> Plan Global Path start---------------[0m
[0m[INFO] [1784399090.789537509]: update topo skeleton cost: 8.670951ms, update odom vertex cost:68.970901ms [0m
[0m[INFO] [1784399090.810404014]: vp cluster cost: 1.809775ms  ,remove unreachable cost: 13.772305ms, select vp cost: 5.003657ms[0m
insert viewpoint to graph time: 26.0153 ms
[1;33m-------------Plan Global Path end-----------------[0m

total time cost: 125.203ms
viz&&print cost:0.046393ms
 -- [TIMER] updateMap time consuming [32m 5.945158 ms[0m
 -- [TIMER] updateMap time consuming [32m 5.329678 ms[0m


[1;33m------------- <334> Plan Global Path start---------------[0m
[0m[INFO] [1784399090.989829091]: update topo skeleton cost: 8.388813ms, update odom vertex cost:69.073687ms [0m
[0m[INFO] [1784399091.010581679]: vp cluster cost: 1.750281ms  ,remove unreachable cost: 13.640156ms, select vp cost: 5.092693ms[0m
insert viewpoint to graph time: 21.5085 ms
[1;33m-------------Plan Global Path end-----------------[0m

total time cost: 120.307ms
viz&&print cost:0.036652ms
 -- [TIMER] updateMap time consuming [32m 5.322808 ms[0m
 -- [TIMER] updateMap time consuming [32m 4.867368 ms[0m


[1;33m------------- <335> Plan Global Path start---------------[0m
[0m[INFO] [1784399091.190289817]: update topo skeleton cost: 8.353130ms, update odom vertex cost:69.161876ms [0m
[0m[INFO] [1784399091.206719349]: [view score] cluster=1303 best_score=-1.94793 visible_gain=3 speed=0 corridor_cruise=0 hard_gate=0 rejected=0 top_k=1 known_free=1.2 clearance=1.02134 turn=0 selected_yaw=2.74889 current_yaw=-2.00655 yaw_delta=1.52774 heading_known_free=11.8 vp=(3.48182, -7.40909, 1.9)[0m
[0m[INFO] [1784399091.211226606]: vp cluster cost: 1.784553ms  ,remove unreachable cost: 13.822937ms, select vp cost: 5.067321ms[0m
insert viewpoint to graph time: 21.0932 ms
[1;33m-------------Plan Global Path end-----------------[0m

total time cost: 120.132ms
viz&&print cost:0.036202ms
 -- [TIMER] updateMap time consuming [32m 5.580814 ms[0m
 -- [TIMER] updateMap time consuming [32m 5.307026 ms[0m


[1;33m------------- <336> Plan Global Path start---------------[0m
[0m[INFO] [1784399091.390080670]: update topo skeleton cost: 8.617136ms, update odom vertex cost:68.485284ms [0m
[0m[INFO] [1784399091.411032119]: vp cluster cost: 1.762762ms  ,remove unreachable cost: 13.878260ms, select vp cost: 5.033969ms[0m
insert viewpoint to graph time: 20.66 ms
[1;33m-------------Plan Global Path end-----------------[0m

total time cost: 119.302ms
viz&&print cost:0.030942ms
 -- [TIMER] updateMap time consuming [32m 5.010927 ms[0m
 -- [TIMER] updateMap time consuming [32m 5.416073 ms[0m


[1;33m------------- <337> Plan Global Path start---------------[0m
[0m[INFO] [1784399091.599398087]: update topo skeleton cost: 8.511950ms, update odom vertex cost:68.493204ms [0m
[0m[INFO] [1784399091.621131735]: vp cluster cost: 1.720399ms  ,remove unreachable cost: 13.426452ms, select vp cost: 6.272498ms[0m
insert viewpoint to graph time: 20.3837 ms
[1;33m-------------Plan Global Path end-----------------[0m

total time cost: 119.723ms
viz&&print cost:0.022421ms
[0m[INFO] [1784399091.642175791]: [cloud input] mode=approximate_sync points=9851 age=0.0506724s stamp_valid=1[0m
 -- [TIMER] updateMap time consuming [32m 5.442295 ms[0m
[0m[INFO] [1784399091.658987247]: cloud odom callback cost: map update:13.7537ms  update frontier clusters: 3.01805ms  total: 16.7718ms
[0m
[0m[INFO] [1784399091.666415918]: [coverage guidance] plan valid=1 map_v=91 frontier_v=91 zones(f/u)=298/237 observed=19977/35519 coverage=0.5624 voxels(f/o/u)=11935/6498/1544 active=12 reachable_unknown=147 route_nodes=160 preferred=16 cost=7.4ms[0m
 -- [TIMER] updateMap time consuming [32m 4.954074 ms[0m


[1;33m------------- <338> Plan Global Path start---------------[0m
[0m[INFO] [1784399091.808448337]: update topo skeleton cost: 7.933433ms, update odom vertex cost:68.313493ms [0m
[0m[INFO] [1784399091.824577910]: [view score] cluster=1303 best_score=-1.94793 visible_gain=3 speed=0 corridor_cruise=0 hard_gate=0 rejected=0 top_k=1 known_free=1.2 clearance=1.02134 turn=0 selected_yaw=2.74889 current_yaw=-2.00655 yaw_delta=1.52774 heading_known_free=11.8 vp=(3.48182, -7.40909, 1.9)[0m
[0m[INFO] [1784399091.829036723]: vp cluster cost: 1.689387ms  ,remove unreachable cost: 13.615103ms, select vp cost: 5.008108ms[0m
insert viewpoint to graph time: 20.8376 ms
[1;33m-------------Plan Global Path end-----------------[0m

total time cost: 118.365ms
viz&&print cost:0.054243ms
 -- [TIMER] updateMap time consuming [32m 4.903701 ms[0m
 -- [TIMER] updateMap time consuming [32m 4.944204 ms[0m


[1;33m------------- <339> Plan Global Path start---------------[0m
[0m[INFO] [1784399092.016217684]: update topo skeleton cost: 6.681694ms, update odom vertex cost:68.888208ms [0m
[0m[INFO] [1784399092.016256527]: [highspeed_exp adapter] safety map ready=1 rog_ready=1 cloud_size=9285[0m
[0m[INFO] [1784399092.038260641]: vp cluster cost: 2.048920ms  ,remove unreachable cost: 14.606626ms, select vp cost: 5.056030ms[0m
insert viewpoint to graph time: 21.8253 ms
[1;33m-------------Plan Global Path end-----------------[0m

total time cost: 120.128ms
viz&&print cost:0.030912ms
 -- [TIMER] updateMap time consuming [32m 5.217500 ms[0m
 -- [TIMER] updateMap time consuming [32m 5.461236 ms[0m


[1;33m------------- <340> Plan Global Path start---------------[0m
[0m[INFO] [1784399092.217626422]: update topo skeleton cost: 8.185829ms, update odom vertex cost:68.549442ms [0m
[0m[INFO] [1784399092.239454334]: vp cluster cost: 2.352039ms  ,remove unreachable cost: 13.643785ms, select vp cost: 5.422493ms[0m
insert viewpoint to graph time: 22.7206 ms
[1;33m-------------Plan Global Path end-----------------[0m

total time cost: 121.97ms
viz&&print cost:0.050163ms
 -- [TIMER] updateMap time consuming [32m 5.440614 ms[0m
 -- [TIMER] updateMap time consuming [32m 7.067988 ms[0m


[1;33m------------- <341> Plan Global Path start---------------[0m
[0m[INFO] [1784399092.419023208]: update topo skeleton cost: 7.411620ms, update odom vertex cost:68.623806ms [0m
[0m[INFO] [1784399092.435078235]: [view score] cluster=1303 best_score=-1.94793 visible_gain=3 speed=0 corridor_cruise=0 hard_gate=0 rejected=0 top_k=1 known_free=1.2 clearance=1.02134 turn=0 selected_yaw=2.74889 current_yaw=-2.00655 yaw_delta=1.52774 heading_known_free=11.8 vp=(3.48182, -7.40909, 1.9)[0m
[0m[INFO] [1784399092.439626673]: vp cluster cost: 1.862788ms  ,remove unreachable cost: 13.310993ms, select vp cost: 5.075272ms[0m
insert viewpoint to graph time: 22.4109 ms
[1;33m-------------Plan Global Path end-----------------[0m

total time cost: 119.712ms
viz&&print cost:0.046393ms
[0m[INFO] [1784399091.496816680]: Publish local map size: 9678[0m
[0m[INFO] [1784399092.496898080]: Publish local map size: 9786[0m
 -- [MARSIM] Running FPS: 203.863
 -- [TIMER] updateMap time consuming [32m 5.012808 ms[0m
 -- [TIMER] updateMap time consuming [32m 5.000607 ms[0m


[1;33m------------- <342> Plan Global Path start---------------[0m
[0m[INFO] [1784399092.627668153]: update topo skeleton cost: 6.502472ms, update odom vertex cost:68.360189ms [0m
[0m[INFO] [1784399092.647535612]: vp cluster cost: 1.830576ms  ,remove unreachable cost: 12.756608ms, select vp cost: 4.988757ms[0m
insert viewpoint to graph time: 21.7311 ms
[1;33m-------------Plan Global Path end-----------------[0m

total time cost: 117.06ms
viz&&print cost:0.044013ms
[0m[INFO] [1784399092.669944621]: [cloud input] mode=approximate_sync points=9117 age=0.0784367s stamp_valid=1[0m
 -- [TIMER] updateMap time consuming [32m 4.866678 ms[0m
[0m[INFO] [1784399092.685341436]: cloud odom callback cost: map update:12.0832ms  update frontier clusters: 3.25074ms  total: 15.334ms
[0m
 -- [TIMER] updateMap time consuming [32m 5.807228 ms[0m


[1;33m------------- <343> Plan Global Path start---------------[0m
[0m[INFO] [1784399092.835618045]: update topo skeleton cost: 7.457473ms, update odom vertex cost:68.179808ms [0m
[0m[INFO] [1784399092.856655448]: vp cluster cost: 1.872519ms  ,remove unreachable cost: 13.509435ms, select vp cost: 5.350360ms[0m
insert viewpoint to graph time: 20.9529 ms
[1;33m-------------Plan Global Path end-----------------[0m

total time cost: 118.206ms
viz&&print cost:0.022902ms
 -- [TIMER] updateMap time consuming [32m 5.404493 ms[0m
 -- [TIMER] updateMap time consuming [32m 5.247782 ms[0m


[1;33m------------- <344> Plan Global Path start---------------[0m
[0m[INFO] [1784399093.042826486]: update topo skeleton cost: 6.107816ms, update odom vertex cost:68.428351ms [0m
[0m[INFO] [1784399093.059868883]: [view score] cluster=1303 best_score=-1.94793 visible_gain=3 speed=0 corridor_cruise=0 hard_gate=0 rejected=0 top_k=1 known_free=1.2 clearance=1.02134 turn=0 selected_yaw=2.74889 current_yaw=-2.00655 yaw_delta=1.52774 heading_known_free=11.8 vp=(3.48182, -7.40909, 1.9)[0m
[0m[INFO] [1784399093.065059392]: vp cluster cost: 2.072101ms  ,remove unreachable cost: 14.138544ms, select vp cost: 5.737893ms[0m
insert viewpoint to graph time: 20.989 ms
[1;33m-------------Plan Global Path end-----------------[0m

total time cost: 118.434ms
viz&&print cost:0.027752ms
 -- [TIMER] updateMap time consuming [32m 5.620545 ms[0m
 -- [TIMER] updateMap time consuming [32m 5.398521 ms[0m


[1;33m------------- <345> Plan Global Path start---------------[0m
[0m[INFO] [1784399093.246382821]: update topo skeleton cost: 7.979435ms, update odom vertex cost:68.832474ms [0m
[0m[INFO] [1784399093.267953945]: vp cluster cost: 1.780683ms  ,remove unreachable cost: 14.493046ms, select vp cost: 4.995026ms[0m
insert viewpoint to graph time: 21.9115 ms
[1;33m-------------Plan Global Path end-----------------[0m

total time cost: 120.916ms
viz&&print cost:0.041883ms
 -- [TIMER] updateMap time consuming [32m 5.153936 ms[0m
 -- [TIMER] updateMap time consuming [32m 5.675750 ms[0m


[1;33m------------- <346> Plan Global Path start---------------[0m
[0m[INFO] [1784399093.446886372]: update topo skeleton cost: 6.317410ms, update odom vertex cost:68.908468ms [0m
[0m[INFO] [1784399093.469323711]: vp cluster cost: 1.838846ms  ,remove unreachable cost: 14.505837ms, select vp cost: 5.811318ms[0m
insert viewpoint to graph time: 21.2728 ms
[1;33m-------------Plan Global Path end-----------------[0m

total time cost: 119.689ms
[0m[INFO] [1784399093.491392317]: [frontier storage] labels=8266/7517 normals=216/823 clusters=17 terminal=0 cluster_cells(cap)=178 candidates(cap)=21 derived_viewpoints(cap)=0 estimated_kb=147.385 revision=322 audit_ready=0[0m
viz&&print cost:0.099987ms
 -- [TIMER] updateMap time consuming [32m 5.360699 ms[0m
 -- [TIMER] updateMap time consuming [32m 5.512479 ms[0m


[1;33m------------- <347> Plan Global Path start---------------[0m
[0m[INFO] [1784399093.650690983]: update topo skeleton cost: 6.665812ms, update odom vertex cost:69.013235ms [0m
[0m[INFO] [1784399093.667897051]: [view score] cluster=1303 best_score=-1.94793 visible_gain=3 speed=0 corridor_cruise=0 hard_gate=0 rejected=0 top_k=1 known_free=1.2 clearance=1.02134 turn=0 selected_yaw=2.74889 current_yaw=-2.00655 yaw_delta=1.52774 heading_known_free=11.8 vp=(3.48182, -7.40909, 1.9)[0m
[0m[INFO] [1784399093.672882076]: vp cluster cost: 2.318436ms  ,remove unreachable cost: 14.024927ms, select vp cost: 5.538981ms[0m
insert viewpoint to graph time: 21.6994 ms
[1;33m-------------Plan Global Path end-----------------[0m

total time cost: 120.27ms
viz&&print cost:0.038302ms
[0m[INFO] [1784399093.695340327]: [cloud input] mode=approximate_sync points=9798 age=0.103834s stamp_valid=1[0m
 -- [TIMER] updateMap time consuming [32m 5.379900 ms[0m
[0m[INFO] [1784399093.711459936]: cloud odom callback cost: map update:13.2769ms  update frontier clusters: 2.80503ms  total: 16.0819ms
[0m
[0m[INFO] [1784399093.719193285]: [coverage guidance] plan valid=1 map_v=93 frontier_v=93 zones(f/u)=298/237 observed=19977/35519 coverage=0.5624 voxels(f/o/u)=11935/6498/1544 active=12 reachable_unknown=147 route_nodes=160 preferred=16 cost=7.7ms[0m
 -- [TIMER] updateMap time consuming [32m 5.390681 ms[0m


[1;33m------------- <348> Plan Global Path start---------------[0m
[0m[INFO] [1784399093.855938074]: update topo skeleton cost: 9.153679ms, update odom vertex cost:68.831474ms [0m
[0m[INFO] [1784399093.879589100]: vp cluster cost: 2.199179ms  ,remove unreachable cost: 13.944712ms, select vp cost: 7.172883ms[0m
insert viewpoint to graph time: 23.4332 ms
[1;33m-------------Plan Global Path end-----------------[0m

total time cost: 125.829ms
viz&&print cost:0.037793ms
 -- [TIMER] updateMap time consuming [32m 6.241325 ms[0m


[1;33m------------- <349> Plan Global Path start---------------[0m
[0m[INFO] [1784399094.060511118]: update topo skeleton cost: 7.802523ms, update odom vertex cost:68.796385ms [0m
[0m[INFO] [1784399094.060542870]: [highspeed_exp adapter] safety map ready=1 rog_ready=1 cloud_size=9754[0m
[0m[INFO] [1784399094.080420725]: vp cluster cost: 1.962964ms  ,remove unreachable cost: 12.530581ms, select vp cost: 5.095482ms[0m
insert viewpoint to graph time: 20.9318 ms
[1;33m-------------Plan Global Path end-----------------[0m

total time cost: 118.065ms
viz&&print cost:0.028352ms
 -- [TIMER] updateMap time consuming [32m 5.424652 ms[0m


[1;33m------------- <350> Plan Global Path start---------------[0m
[0m[INFO] [1784399094.268044725]: update topo skeleton cost: 7.834725ms, update odom vertex cost:68.139834ms [0m
[0m[INFO] [1784399094.284756141]: [view score] cluster=1303 best_score=-1.94793 visible_gain=3 speed=0 corridor_cruise=0 hard_gate=0 rejected=0 top_k=1 known_free=1.2 clearance=1.02134 turn=0 selected_yaw=2.74889 current_yaw=-2.00655 yaw_delta=1.52774 heading_known_free=11.8 vp=(3.48182, -7.40909, 1.9)[0m
[0m[INFO] [1784399094.291501407]: vp cluster cost: 2.121724ms  ,remove unreachable cost: 13.730077ms, select vp cost: 7.362405ms[0m
insert viewpoint to graph time: 26.1546 ms
[1;33m-------------Plan Global Path end-----------------[0m

total time cost: 126.642ms
viz&&print cost:0.061854ms
 -- [TIMER] updateMap time consuming [32m 5.563071 ms[0m
 -- [TIMER] updateMap time consuming [32m 5.298835 ms[0m


[1;33m------------- <351> Plan Global Path start---------------[0m
[0m[INFO] [1784399094.487654386]: update topo skeleton cost: 7.132741ms, update odom vertex cost:68.524798ms [0m
[0m[INFO] [1784399094.509292602]: vp cluster cost: 1.755441ms  ,remove unreachable cost: 14.522967ms, select vp cost: 5.092372ms[0m
insert viewpoint to graph time: 21.1943 ms
[1;33m-------------Plan Global Path end-----------------[0m

total time cost: 119.111ms
viz&&print cost:0.038733ms
 -- [TIMER] updateMap time consuming [32m 5.239321 ms[0m
 -- [TIMER] updateMap time consuming [32m 5.007027 ms[0m


[1;33m------------- <352> Plan Global Path start---------------[0m
[0m[INFO] [1784399093.597004057]: Publish local map size: 9798[0m
 -- [MARSIM] Running FPS: 202.881
[0m[INFO] [1784399094.697801718]: update topo skeleton cost: 7.968964ms, update odom vertex cost:68.597302ms [0m
[0m[INFO] [1784399094.719799628]: vp cluster cost: 1.833576ms  ,remove unreachable cost: 13.774530ms, select vp cost: 6.040461ms[0m
insert viewpoint to graph time: 21.5607 ms
[1;33m-------------Plan Global Path end-----------------[0m

total time cost: 120.785ms
viz&&print cost:0.037653ms
[0m[INFO] [1784399094.742095506]: [cloud input] mode=approximate_sync points=9659 age=0.0505879s stamp_valid=1[0m
 -- [TIMER] updateMap time consuming [32m 5.427073 ms[0m
[0m[INFO] [1784399094.758906208]: cloud odom callback cost: map update:13.7434ms  update frontier clusters: 3.0223ms  total: 16.7658ms
[0m
 -- [TIMER] updateMap time consuming [32m 5.269122 ms[0m


[1;33m------------- <353> Plan Global Path start---------------[0m
[0m[INFO] [1784399094.898822395]: update topo skeleton cost: 7.965893ms, update odom vertex cost:68.725221ms [0m
[0m[INFO] [1784399094.920338714]: [view score] cluster=1303 best_score=-1.94793 visible_gain=3 speed=0 corridor_cruise=0 hard_gate=0 rejected=0 top_k=1 known_free=1.2 clearance=1.02134 turn=0 selected_yaw=2.74889 current_yaw=-2.00655 yaw_delta=1.52774 heading_known_free=11.8 vp=(3.48182, -7.40909, 1.9)[0m
[0m[INFO] [1784399094.925682141]: vp cluster cost: 2.258523ms  ,remove unreachable cost: 18.123534ms, select vp cost: 6.151549ms[0m
insert viewpoint to graph time: 21.4832 ms
[1;33m-------------Plan Global Path end-----------------[0m

total time cost: 125.782ms
viz&&print cost:0.056274ms
 -- [TIMER] updateMap time consuming [32m 5.067570 ms[0m
 -- [TIMER] updateMap time consuming [32m 5.399641 ms[0m


[1;33m------------- <354> Plan Global Path start---------------[0m
[0m[INFO] [1784399095.104275702]: update topo skeleton cost: 7.238087ms, update odom vertex cost:68.999702ms [0m
[0m[INFO] [1784399095.128081373]: vp cluster cost: 1.802614ms  ,remove unreachable cost: 15.503898ms, select vp cost: 6.164499ms[0m
insert viewpoint to graph time: 22.0594 ms
[1;33m-------------Plan Global Path end-----------------[0m

total time cost: 122.947ms
viz&&print cost:0.065874ms
 -- [TIMER] updateMap time consuming [32m 5.546409 ms[0m
 -- [TIMER] updateMap time consuming [32m 5.096062 ms[0m


[1;33m------------- <355> Plan Global Path start---------------[0m
[0m[INFO] [1784399095.308081636]: update topo skeleton cost: 7.323262ms, update odom vertex cost:69.618741ms [0m
[0m[INFO] [1784399095.331897048]: vp cluster cost: 2.325407ms  ,remove unreachable cost: 15.695890ms, select vp cost: 5.478546ms[0m
insert viewpoint to graph time: 26.7111 ms
[1;33m-------------Plan Global Path end-----------------[0m

total time cost: 128.24ms
viz&&print cost:0.039943ms
 -- [TIMER] updateMap time consuming [32m 5.098641 ms[0m
 -- [TIMER] updateMap time consuming [32m 5.237501 ms[0m


[1;33m------------- <356> Plan Global Path start---------------[0m
[0m[INFO] [1784399095.516865084]: update topo skeleton cost: 8.433762ms, update odom vertex cost:68.953679ms [0m
[0m[INFO] [1784399095.535038540]: [view score] cluster=1303 best_score=-1.94793 visible_gain=3 speed=0 corridor_cruise=0 hard_gate=0 rejected=0 top_k=1 known_free=1.2 clearance=1.02134 turn=0 selected_yaw=2.74889 current_yaw=-2.00655 yaw_delta=1.52774 heading_known_free=11.8 vp=(3.48182, -7.40909, 1.9)[0m
[0m[INFO] [1784399095.541769464]: vp cluster cost: 2.601224ms  ,remove unreachable cost: 14.650864ms, select vp cost: 7.267949ms[0m
insert viewpoint to graph time: 21.9068 ms
[1;33m-------------Plan Global Path end-----------------[0m

total time cost: 124.869ms
viz&&print cost:0.040803ms
 -- [TIMER] updateMap time consuming [32m 5.124753 ms[0m
 -- [TIMER] updateMap time consuming [32m 5.370599 ms[0m


[1;33m------------- <357> Plan Global Path start---------------[0m
[0m[INFO] [1784399095.723264931]: update topo skeleton cost: 9.946347ms, update odom vertex cost:68.855953ms [0m
[0m[INFO] [1784399095.744637119]: vp cluster cost: 1.824575ms  ,remove unreachable cost: 13.950780ms, select vp cost: 5.244691ms[0m
insert viewpoint to graph time: 22.7911 ms
[1;33m-------------Plan Global Path end-----------------[0m

total time cost: 123.598ms
viz&&print cost:0.039663ms
[0m[INFO] [1784399095.768144372]: [cloud input] mode=approximate_sync points=10048 age=0.0766308s stamp_valid=1[0m
 -- [TIMER] updateMap time consuming [32m 6.046161 ms[0m
[0m[INFO] [1784399095.785332906]: cloud odom callback cost: map update:13.7651ms  update frontier clusters: 3.36338ms  total: 17.1285ms
[0m
[0m[INFO] [1784399095.792986048]: [coverage guidance] plan valid=1 map_v=95 frontier_v=95 zones(f/u)=298/237 observed=19977/35519 coverage=0.5624 voxels(f/o/u)=11935/6498/1544 active=12 reachable_unknown=147 route_nodes=160 preferred=16 cost=7.7ms[0m
 -- [TIMER] updateMap time consuming [32m 5.492527 ms[0m


[1;33m------------- <358> Plan Global Path start---------------[0m
[0m[INFO] [1784399095.925588842]: update topo skeleton cost: 8.334746ms, update odom vertex cost:69.064156ms [0m
[0m[INFO] [1784399095.947597250]: vp cluster cost: 1.886689ms  ,remove unreachable cost: 13.764958ms, select vp cost: 6.057572ms[0m
insert viewpoint to graph time: 21.5022 ms
[1;33m-------------Plan Global Path end-----------------[0m

total time cost: 121.588ms
viz&&print cost:0.053573ms
 -- [TIMER] updateMap time consuming [32m 5.825558 ms[0m
 -- [TIMER] updateMap time consuming [32m 4.997225 ms[0m


[1;33m------------- <359> Plan Global Path start---------------[0m
[0m[INFO] [1784399096.126140909]: update topo skeleton cost: 7.592818ms, update odom vertex cost:68.622732ms [0m
[0m[INFO] [1784399096.126167491]: [highspeed_exp adapter] safety map ready=1 rog_ready=1 cloud_size=9124[0m
[0m[INFO] [1784399096.141169005]: [view score] cluster=1303 best_score=-1.94793 visible_gain=3 speed=0 corridor_cruise=0 hard_gate=0 rejected=0 top_k=1 known_free=1.2 clearance=1.02134 turn=0 selected_yaw=2.74889 current_yaw=-2.00655 yaw_delta=1.52774 heading_known_free=11.8 vp=(3.48182, -7.40909, 1.9)[0m
[0m[INFO] [1784399096.145552382]: vp cluster cost: 1.888509ms  ,remove unreachable cost: 12.380180ms, select vp cost: 4.898979ms[0m
insert viewpoint to graph time: 23.0195 ms
[1;33m-------------Plan Global Path end-----------------[0m

total time cost: 119.368ms
viz&&print cost:0.029102ms
 -- [TIMER] updateMap time consuming [32m 5.336706 ms[0m
 -- [TIMER] updateMap time consuming [32m 5.115752 ms[0m


[1;33m------------- <360> Plan Global Path start---------------[0m
[0m[INFO] [1784399096.335868798]: update topo skeleton cost: 7.478211ms, update odom vertex cost:69.021647ms [0m
[0m[INFO] [1784399096.357902325]: vp cluster cost: 1.855597ms  ,remove unreachable cost: 14.024213ms, select vp cost: 5.841178ms[0m
insert viewpoint to graph time: 21.0986 ms
[1;33m-------------Plan Global Path end-----------------[0m

total time cost: 120.217ms
viz&&print cost:0.042333ms
 -- [TIMER] updateMap time consuming [32m 5.601333 ms[0m
 -- [TIMER] updateMap time consuming [32m 5.510237 ms[0m


[1;33m------------- <361> Plan Global Path start---------------[0m
[0m[INFO] [1784399096.534748813]: update topo skeleton cost: 6.473317ms, update odom vertex cost:68.578959ms [0m
[0m[INFO] [1784399096.557763682]: vp cluster cost: 1.850227ms  ,remove unreachable cost: 14.937431ms, select vp cost: 5.963385ms[0m
insert viewpoint to graph time: 21.1353 ms
[1;33m-------------Plan Global Path end-----------------[0m

total time cost: 119.802ms
viz&&print cost:0.036932ms
[0m[INFO] [1784399094.698275668]: Publish local map size: 9659[0m
[0m[INFO] [1784399095.797016742]: Publish local map size: 9946[0m
 -- [MARSIM] Running FPS: 193.484
 -- [TIMER] updateMap time consuming [32m 5.418171 ms[0m
 -- [TIMER] updateMap time consuming [32m 5.166845 ms[0m


[1;33m------------- <362> Plan Global Path start---------------[0m
[0m[INFO] [1784399096.738019055]: update topo skeleton cost: 6.819099ms, update odom vertex cost:68.297622ms [0m
[0m[INFO] [1784399096.754152321]: [view score] cluster=1303 best_score=-1.94793 visible_gain=3 speed=0 corridor_cruise=0 hard_gate=0 rejected=0 top_k=1 known_free=1.2 clearance=1.02134 turn=0 selected_yaw=2.74889 current_yaw=-2.00655 yaw_delta=1.52774 heading_known_free=11.8 vp=(3.48182, -7.40909, 1.9)[0m
[0m[INFO] [1784399096.758850617]: vp cluster cost: 1.787272ms  ,remove unreachable cost: 13.479049ms, select vp cost: 5.282393ms[0m
insert viewpoint to graph time: 23.9273 ms
[1;33m-------------Plan Global Path end-----------------[0m

total time cost: 120.67ms
viz&&print cost:0.059704ms
[0m[INFO] [1784399096.783706782]: [cloud input] mode=approximate_sync points=9951 age=0.092183s stamp_valid=1[0m
 -- [TIMER] updateMap time consuming [32m 5.663497 ms[0m
[0m[INFO] [1784399096.800200911]: cloud odom callback cost: map update:13.619ms  update frontier clusters: 2.83119ms  total: 16.4503ms
[0m
 -- [TIMER] updateMap time consuming [32m 4.523415 ms[0m


[1;33m------------- <363> Plan Global Path start---------------[0m
[0m[INFO] [1784399096.939550337]: update topo skeleton cost: 6.429955ms, update odom vertex cost:68.312412ms [0m
[0m[INFO] [1784399096.960062979]: vp cluster cost: 1.747720ms  ,remove unreachable cost: 13.431766ms, select vp cost: 5.076990ms[0m
insert viewpoint to graph time: 21.0718 ms
[1;33m-------------Plan Global Path end-----------------[0m

total time cost: 116.94ms
viz&&print cost:0.042973ms
 -- [TIMER] updateMap time consuming [32m 6.093503 ms[0m
 -- [TIMER] updateMap time consuming [32m 5.603612 ms[0m


[1;33m------------- <364> Plan Global Path start---------------[0m
[0m[INFO] [1784399097.140913576]: update topo skeleton cost: 7.319450ms, update odom vertex cost:68.194109ms [0m
[0m[INFO] [1784399097.161383224]: vp cluster cost: 1.695717ms  ,remove unreachable cost: 13.437355ms, select vp cost: 5.086500ms[0m
insert viewpoint to graph time: 23.5185 ms
[1;33m-------------Plan Global Path end-----------------[0m

total time cost: 120.178ms
viz&&print cost:0.048363ms
 -- [TIMER] updateMap time consuming [32m 5.456353 ms[0m
 -- [TIMER] updateMap time consuming [32m 5.327855 ms[0m


[1;33m------------- <365> Plan Global Path start---------------[0m
[0m[INFO] [1784399097.342826445]: update topo skeleton cost: 7.682533ms, update odom vertex cost:68.649297ms [0m
[0m[INFO] [1784399097.360134713]: [view score] cluster=1303 best_score=-1.94793 visible_gain=3 speed=0 corridor_cruise=0 hard_gate=0 rejected=0 top_k=1 known_free=1.2 clearance=1.02134 turn=0 selected_yaw=2.74889 current_yaw=-2.00655 yaw_delta=1.52774 heading_known_free=11.8 vp=(3.48182, -7.40909, 1.9)[0m
[0m[INFO] [1784399097.364610855]: vp cluster cost: 1.716238ms  ,remove unreachable cost: 14.813042ms, select vp cost: 5.027316ms[0m
insert viewpoint to graph time: 21.044 ms
[1;33m-------------Plan Global Path end-----------------[0m

total time cost: 119.805ms
viz&&print cost:0.024862ms
 -- [TIMER] updateMap time consuming [32m 6.730603 ms[0m
 -- [TIMER] updateMap time consuming [32m 5.150804 ms[0m


[1;33m------------- <366> Plan Global Path start---------------[0m
[0m[INFO] [1784399097.545289728]: update topo skeleton cost: 7.603999ms, update odom vertex cost:68.458405ms [0m
[0m[INFO] [1784399097.566669173]: vp cluster cost: 1.781632ms  ,remove unreachable cost: 14.265047ms, select vp cost: 5.056548ms[0m
insert viewpoint to graph time: 26.0187 ms
[1;33m-------------Plan Global Path end-----------------[0m

total time cost: 124.228ms
viz&&print cost:0.092906ms
 -- [TIMER] updateMap time consuming [32m 5.214798 ms[0m
 -- [TIMER] updateMap time consuming [32m 5.232359 ms[0m


[1;33m------------- <367> Plan Global Path start---------------[0m
[0m[INFO] [1784399097.752235111]: update topo skeleton cost: 6.709212ms, update odom vertex cost:69.014749ms [0m
[0m[INFO] [1784399097.772740181]: vp cluster cost: 1.816574ms  ,remove unreachable cost: 13.182561ms, select vp cost: 5.134552ms[0m
insert viewpoint to graph time: 27.7825 ms
[1;33m-------------Plan Global Path end-----------------[0m

total time cost: 124.666ms
viz&&print cost:0.046363ms
[0m[INFO] [1784399097.801263926]: [cloud input] mode=approximate_sync points=10153 age=0.00975102s stamp_valid=1[0m
 -- [TIMER] updateMap time consuming [32m 5.725830 ms[0m
[0m[INFO] [1784399097.818097594]: cloud odom callback cost: map update:13.5792ms  update frontier clusters: 3.19584ms  total: 16.7751ms
[0m
[0m[INFO] [1784399097.825972109]: [coverage guidance] plan valid=1 map_v=97 frontier_v=97 zones(f/u)=298/237 observed=19977/35519 coverage=0.5624 voxels(f/o/u)=11935/6498/1544 active=12 reachable_unknown=147 route_nodes=160 preferred=16 cost=7.9ms[0m


[1;33m------------- <368> Plan Global Path start---------------[0m
[0m[INFO] [1784399097.957121187]: update topo skeleton cost: 7.102707ms, update odom vertex cost:68.738454ms [0m
[0m[INFO] [1784399097.973080451]: [view score] cluster=1303 best_score=-1.94793 visible_gain=3 speed=0 corridor_cruise=0 hard_gate=0 rejected=0 top_k=1 known_free=1.2 clearance=1.02134 turn=0 selected_yaw=2.74889 current_yaw=-2.00655 yaw_delta=1.52774 heading_known_free=11.8 vp=(3.48182, -7.40909, 1.9)[0m
[0m[INFO] [1784399097.977618177]: vp cluster cost: 1.867167ms  ,remove unreachable cost: 13.300246ms, select vp cost: 5.079610ms[0m
insert viewpoint to graph time: 21.7639 ms
[1;33m-------------Plan Global Path end-----------------[0m

total time cost: 118.72ms
viz&&print cost:0.039343ms
 -- [TIMER] updateMap time consuming [32m 5.814055 ms[0m


[1;33m------------- <369> Plan Global Path start---------------[0m
[0m[INFO] [1784399098.166728835]: update topo skeleton cost: 7.887025ms, update odom vertex cost:68.737307ms [0m
[0m[INFO] [1784399098.166755647]: [highspeed_exp adapter] safety map ready=1 rog_ready=1 cloud_size=9657[0m
[0m[INFO] [1784399098.187605286]: vp cluster cost: 1.841176ms  ,remove unreachable cost: 13.279794ms, select vp cost: 5.449382ms[0m
insert viewpoint to graph time: 24.2161 ms
[1;33m-------------Plan Global Path end-----------------[0m

total time cost: 122.336ms
viz&&print cost:0.042843ms
 -- [TIMER] updateMap time consuming [32m 4.783851 ms[0m


[1;33m------------- <370> Plan Global Path start---------------[0m
[0m[INFO] [1784399098.368974596]: update topo skeleton cost: 7.677762ms, update odom vertex cost:68.758368ms [0m
[0m[INFO] [1784399098.390925765]: vp cluster cost: 2.156865ms  ,remove unreachable cost: 14.305889ms, select vp cost: 5.176955ms[0m
insert viewpoint to graph time: 23.6959 ms
[1;33m-------------Plan Global Path end-----------------[0m

total time cost: 122.852ms
viz&&print cost:0.039433ms
 -- [TIMER] updateMap time consuming [32m 5.255690 ms[0m


[1;33m------------- <371> Plan Global Path start---------------[0m
[0m[INFO] [1784399098.570094777]: update topo skeleton cost: 6.418873ms, update odom vertex cost:68.163551ms [0m
[0m[INFO] [1784399098.586746402]: [view score] cluster=1303 best_score=-1.94793 visible_gain=3 speed=0 corridor_cruise=0 hard_gate=0 rejected=0 top_k=1 known_free=1.2 clearance=1.02134 turn=0 selected_yaw=2.74889 current_yaw=-2.00655 yaw_delta=1.52774 heading_known_free=11.8 vp=(3.48182, -7.40909, 1.9)[0m
[0m[INFO] [1784399098.591323170]: vp cluster cost: 2.202968ms  ,remove unreachable cost: 13.616085ms, select vp cost: 5.134752ms[0m
insert viewpoint to graph time: 21.089 ms
[1;33m-------------Plan Global Path end-----------------[0m

total time cost: 117.479ms
[0m[INFO] [1784399098.613028103]: [frontier storage] labels=8266/7517 normals=216/823 clusters=17 terminal=0 cluster_cells(cap)=178 candidates(cap)=21 derived_viewpoints(cap)=0 estimated_kb=147.385 revision=322 audit_ready=0[0m
viz&&print cost:0.089696ms
[0m[INFO] [1784399096.898534444]: Publish local map size: 9985[0m
[0m[INFO] [1784399097.996590620]: Publish local map size: 9657[0m
 -- [MARSIM] Running FPS: 193.375
 -- [TIMER] updateMap time consuming [32m 5.331055 ms[0m
 -- [TIMER] updateMap time consuming [32m 5.013655 ms[0m


[1;33m------------- <372> Plan Global Path start---------------[0m
[0m[INFO] [1784399098.788457190]: update topo skeleton cost: 8.475822ms, update odom vertex cost:68.596358ms [0m
[0m[INFO] [1784399098.809426027]: vp cluster cost: 1.848356ms  ,remove unreachable cost: 13.878331ms, select vp cost: 4.968092ms[0m
insert viewpoint to graph time: 21.4546 ms
[1;33m-------------Plan Global Path end-----------------[0m

total time cost: 120.208ms
viz&&print cost:0.048193ms
[0m[INFO] [1784399098.831694206]: [cloud input] mode=approximate_sync points=10008 age=0.0401797s stamp_valid=1[0m
 -- [TIMER] updateMap time consuming [32m 5.283382 ms[0m
[0m[INFO] [1784399098.848285857]: cloud odom callback cost: map update:13.4131ms  update frontier clusters: 3.14104ms  total: 16.5542ms
[0m
 -- [TIMER] updateMap time consuming [32m 4.918620 ms[0m


[1;33m------------- <373> Plan Global Path start---------------[0m
[0m[INFO] [1784399098.988928890]: update topo skeleton cost: 8.868827ms, update odom vertex cost:68.672693ms [0m
[0m[INFO] [1784399099.010212645]: vp cluster cost: 1.789232ms  ,remove unreachable cost: 14.091804ms, select vp cost: 5.129672ms[0m
insert viewpoint to graph time: 22.5734 ms
[1;33m-------------Plan Global Path end-----------------[0m

total time cost: 122.009ms
viz&&print cost:0.036382ms
 -- [TIMER] updateMap time consuming [32m 5.058978 ms[0m
 -- [TIMER] updateMap time consuming [32m 5.015504 ms[0m


[1;33m------------- <374> Plan Global Path start---------------[0m
[0m[INFO] [1784399099.189390282]: update topo skeleton cost: 8.486253ms, update odom vertex cost:68.570770ms [0m
[0m[INFO] [1784399099.207458695]: [view score] cluster=1303 best_score=-1.94793 visible_gain=3 speed=0 corridor_cruise=0 hard_gate=0 rejected=0 top_k=1 known_free=1.2 clearance=1.02134 turn=0 selected_yaw=2.74889 current_yaw=-2.00655 yaw_delta=1.52774 heading_known_free=11.8 vp=(3.48182, -7.40909, 1.9)[0m
[0m[INFO] [1784399099.212156670]: vp cluster cost: 2.003846ms  ,remove unreachable cost: 15.211624ms, select vp cost: 5.238728ms[0m
insert viewpoint to graph time: 22.6031 ms
[1;33m-------------Plan Global Path end-----------------[0m

total time cost: 123.036ms
viz&&print cost:0.036853ms
 -- [TIMER] updateMap time consuming [32m 5.498934 ms[0m
 -- [TIMER] updateMap time consuming [32m 5.512226 ms[0m


[1;33m------------- <375> Plan Global Path start---------------[0m
[0m[INFO] [1784399099.388422683]: update topo skeleton cost: 7.043722ms, update odom vertex cost:68.593691ms [0m
[0m[INFO] [1784399099.409882899]: vp cluster cost: 1.801673ms  ,remove unreachable cost: 14.212061ms, select vp cost: 5.153184ms[0m
insert viewpoint to graph time: 21.7116 ms
[1;33m-------------Plan Global Path end-----------------[0m

total time cost: 119.493ms
viz&&print cost:0.039412ms
 -- [TIMER] updateMap time consuming [32m 5.532057 ms[0m
 -- [TIMER] updateMap time consuming [32m 5.068938 ms[0m


[1;33m------------- <376> Plan Global Path start---------------[0m
[0m[INFO] [1784399099.599284407]: update topo skeleton cost: 8.291500ms, update odom vertex cost:68.598992ms [0m
[0m[INFO] [1784399099.620075501]: vp cluster cost: 1.768701ms  ,remove unreachable cost: 13.160855ms, select vp cost: 5.580540ms[0m
insert viewpoint to graph time: 20.6015 ms
[1;33m-------------Plan Global Path end-----------------[0m

total time cost: 118.886ms
viz&&print cost:0.032812ms
 -- [TIMER] updateMap time consuming [32m 5.835996 ms[0m
 -- [TIMER] updateMap time consuming [32m 5.041746 ms[0m


[1;33m------------- <377> Plan Global Path start---------------[0m
[0m[INFO] [1784399099.807513295]: update topo skeleton cost: 7.610417ms, update odom vertex cost:68.502036ms [0m
[0m[INFO] [1784399099.823837229]: [view score] cluster=1303 best_score=-1.94793 visible_gain=3 speed=0 corridor_cruise=0 hard_gate=0 rejected=0 top_k=1 known_free=1.2 clearance=1.02134 turn=0 selected_yaw=2.74889 current_yaw=-2.00655 yaw_delta=1.52774 heading_known_free=11.8 vp=(3.48182, -7.40909, 1.9)[0m
[0m[INFO] [1784399099.828524313]: vp cluster cost: 1.796763ms  ,remove unreachable cost: 13.732361ms, select vp cost: 5.240258ms[0m
insert viewpoint to graph time: 21.4321 ms
[1;33m-------------Plan Global Path end-----------------[0m

total time cost: 119.291ms
viz&&print cost:0.078685ms
[0m[INFO] [1784399099.850834432]: [cloud input] mode=approximate_sync points=9572 age=0.0593678s stamp_valid=1[0m
 -- [TIMER] updateMap time consuming [32m 4.842433 ms[0m
[0m[INFO] [1784399099.866083478]: cloud odom callback cost: map update:12.5254ms  update frontier clusters: 2.68773ms  total: 15.2131ms
[0m
[0m[INFO] [1784399099.873798992]: [coverage guidance] plan valid=1 map_v=99 frontier_v=99 zones(f/u)=298/237 observed=19977/35519 coverage=0.5624 voxels(f/o/u)=11935/6498/1544 active=12 reachable_unknown=147 route_nodes=160 preferred=16 cost=7.7ms[0m
 -- [TIMER] updateMap time consuming [32m 5.332224 ms[0m


[1;33m------------- <378> Plan Global Path start---------------[0m
[0m[INFO] [1784399100.017635151]: update topo skeleton cost: 8.355554ms, update odom vertex cost:68.432370ms [0m
[0m[INFO] [1784399100.038514448]: vp cluster cost: 2.105001ms  ,remove unreachable cost: 13.322785ms, select vp cost: 5.139951ms[0m
insert viewpoint to graph time: 20.8714 ms
[1;33m-------------Plan Global Path end-----------------[0m

total time cost: 119.171ms
viz&&print cost:0.038863ms
 -- [TIMER] updateMap time consuming [32m 5.402069 ms[0m
 -- [TIMER] updateMap time consuming [32m 5.366586 ms[0m


[1;33m------------- <379> Plan Global Path start---------------[0m
[0m[INFO] [1784399100.225656038]: update topo skeleton cost: 6.576742ms, update odom vertex cost:68.929426ms [0m
[0m[INFO] [1784399100.225680980]: [highspeed_exp adapter] safety map ready=1 rog_ready=1 cloud_size=9344[0m
[0m[INFO] [1784399100.245263306]: vp cluster cost: 1.709327ms  ,remove unreachable cost: 12.330252ms, select vp cost: 5.304082ms[0m
insert viewpoint to graph time: 21.0497 ms
[1;33m-------------Plan Global Path end-----------------[0m

total time cost: 116.862ms
viz&&print cost:0.051453ms
 -- [TIMER] updateMap time consuming [32m 5.583510 ms[0m
 -- [TIMER] updateMap time consuming [32m 5.098829 ms[0m


[1;33m------------- <380> Plan Global Path start---------------[0m
[0m[INFO] [1784399100.434023206]: update topo skeleton cost: 7.975500ms, update odom vertex cost:68.909625ms [0m
[0m[INFO] [1784399100.449921632]: [view score] cluster=1303 best_score=-1.94793 visible_gain=3 speed=0 corridor_cruise=0 hard_gate=0 rejected=0 top_k=1 known_free=1.2 clearance=1.02134 turn=0 selected_yaw=2.74889 current_yaw=-2.00655 yaw_delta=1.52774 heading_known_free=11.8 vp=(3.48182, -7.40909, 1.9)[0m
[0m[INFO] [1784399100.455318330]: vp cluster cost: 1.729289ms  ,remove unreachable cost: 13.109021ms, select vp cost: 6.196318ms[0m
insert viewpoint to graph time: 25.5769 ms
[1;33m-------------Plan Global Path end-----------------[0m

total time cost: 124.49ms
viz&&print cost:0.099146ms
 -- [TIMER] updateMap time consuming [32m 5.055517 ms[0m
 -- [TIMER] updateMap time consuming [32m 5.160734 ms[0m


[1;33m------------- <381> Plan Global Path start---------------[0m
[0m[INFO] [1784399100.638355682]: update topo skeleton cost: 6.395120ms, update odom vertex cost:68.205332ms [0m
[0m[INFO] [1784399100.660957988]: vp cluster cost: 1.728738ms  ,remove unreachable cost: 13.354166ms, select vp cost: 7.248634ms[0m
insert viewpoint to graph time: 22.1305 ms
[1;33m-------------Plan Global Path end-----------------[0m

total time cost: 120.337ms
viz&&print cost:0.095506ms
[0m[INFO] [1784399098.997777575]: Publish local map size: 10024[0m
[0m[INFO] [1784399099.998535455]: Publish local map size: 9799[0m
 -- [MARSIM] Running FPS: 206.03
 -- [TIMER] updateMap time consuming [32m 5.740289 ms[0m
 -- [TIMER] updateMap time consuming [32m 4.956761 ms[0m


[1;33m------------- <382> Plan Global Path start---------------[0m
[0m[INFO] [1784399100.842652146]: update topo skeleton cost: 7.305997ms, update odom vertex cost:68.281626ms [0m
[0m[INFO] [1784399100.866260034]: vp cluster cost: 1.800773ms  ,remove unreachable cost: 15.359642ms, select vp cost: 6.178407ms[0m
insert viewpoint to graph time: 21.7734 ms
[1;33m-------------Plan Global Path end-----------------[0m

total time cost: 121.723ms
viz&&print cost:0.062053ms
[0m[INFO] [1784399100.888897602]: [cloud input] mode=approximate_sync points=10067 age=0.0973923s stamp_valid=1[0m
 -- [TIMER] updateMap time consuming [32m 5.485264 ms[0m
[0m[INFO] [1784399100.905628310]: cloud odom callback cost: map update:13.848ms  update frontier clusters: 2.84444ms  total: 16.6924ms
[0m
 -- [TIMER] updateMap time consuming [32m 5.531296 ms[0m


[1;33m------------- <383> Plan Global Path start---------------[0m
[0m[INFO] [1784399101.048407337]: update topo skeleton cost: 6.176177ms, update odom vertex cost:71.162462ms [0m
[0m[INFO] [1784399101.065436502]: [view score] cluster=1303 best_score=-1.94793 visible_gain=3 speed=0 corridor_cruise=0 hard_gate=0 rejected=0 top_k=1 known_free=1.2 clearance=1.02134 turn=0 selected_yaw=2.74889 current_yaw=-2.00655 yaw_delta=1.52774 heading_known_free=11.8 vp=(3.48182, -7.40909, 1.9)[0m
[0m[INFO] [1784399101.069914932]: vp cluster cost: 2.093021ms  ,remove unreachable cost: 14.099332ms, select vp cost: 5.005223ms[0m
insert viewpoint to graph time: 21.0678 ms
[1;33m-------------Plan Global Path end-----------------[0m

total time cost: 120.714ms
viz&&print cost:0.045373ms
 -- [TIMER] updateMap time consuming [32m 4.996812 ms[0m
 -- [TIMER] updateMap time consuming [32m 5.333353 ms[0m


[1;33m------------- <384> Plan Global Path start---------------[0m
[0m[INFO] [1784399101.249787710]: update topo skeleton cost: 7.757265ms, update odom vertex cost:69.379188ms [0m
[0m[INFO] [1784399101.270984535]: vp cluster cost: 2.076250ms  ,remove unreachable cost: 13.734779ms, select vp cost: 5.006963ms[0m
insert viewpoint to graph time: 21.0109 ms
[1;33m-------------Plan Global Path end-----------------[0m

total time cost: 120.071ms
viz&&print cost:0.037353ms
 -- [TIMER] updateMap time consuming [32m 4.877605 ms[0m
 -- [TIMER] updateMap time consuming [32m 6.270943 ms[0m


[1;33m------------- <385> Plan Global Path start---------------[0m
[0m[INFO] [1784399101.452155515]: update topo skeleton cost: 7.696762ms, update odom vertex cost:69.823126ms [0m
[0m[INFO] [1784399101.472350917]: vp cluster cost: 1.768551ms  ,remove unreachable cost: 13.242978ms, select vp cost: 4.925278ms[0m
insert viewpoint to graph time: 20.8616 ms
[1;33m-------------Plan Global Path end-----------------[0m

total time cost: 119.363ms
viz&&print cost:0.063343ms
 -- [TIMER] updateMap time consuming [32m 5.361435 ms[0m
 -- [TIMER] updateMap time consuming [32m 5.611360 ms[0m


[1;33m------------- <386> Plan Global Path start---------------[0m
[0m[INFO] [1784399101.655520402]: update topo skeleton cost: 10.133283ms, update odom vertex cost:68.722688ms [0m
[0m[INFO] [1784399101.671921367]: [view score] cluster=1303 best_score=-1.94793 visible_gain=3 speed=0 corridor_cruise=0 hard_gate=0 rejected=0 top_k=1 known_free=1.2 clearance=1.02134 turn=0 selected_yaw=2.74889 current_yaw=-2.00655 yaw_delta=1.52774 heading_known_free=11.8 vp=(3.48182, -7.40909, 1.9)[0m
[0m[INFO] [1784399101.676286060]: vp cluster cost: 2.248751ms  ,remove unreachable cost: 13.328193ms, select vp cost: 4.893386ms[0m
insert viewpoint to graph time: 22.5959 ms
[1;33m-------------Plan Global Path end-----------------[0m

total time cost: 122.845ms
viz&&print cost:0.032603ms
 -- [TIMER] updateMap time consuming [32m 5.566178 ms[0m


[1;33m------------- <387> Plan Global Path start---------------[0m
[0m[INFO] [1784399101.855451664]: update topo skeleton cost: 7.401742ms, update odom vertex cost:68.428989ms [0m
[0m[INFO] [1784399101.875577633]: vp cluster cost: 1.993734ms  ,remove unreachable cost: 12.858894ms, select vp cost: 4.902327ms[0m
insert viewpoint to graph time: 21.1432 ms
[1;33m-------------Plan Global Path end-----------------[0m

total time cost: 117.718ms
viz&&print cost:0.037292ms
[0m[INFO] [1784399101.897438530]: [cloud input] mode=approximate_sync points=9608 age=0.0059281s stamp_valid=1[0m
 -- [TIMER] updateMap time consuming [32m 4.886575 ms[0m
[0m[INFO] [1784399101.912663912]: cloud odom callback cost: map update:12.4361ms  update frontier clusters: 2.75443ms  total: 15.1905ms
[0m
[0m[INFO] [1784399101.920497752]: [coverage guidance] plan valid=1 map_v=101 frontier_v=101 zones(f/u)=298/237 observed=19977/35519 coverage=0.5624 voxels(f/o/u)=11935/6498/1544 active=12 reachable_unknown=147 route_nodes=160 preferred=16 cost=7.8ms[0m


[1;33m------------- <388> Plan Global Path start---------------[0m
[0m[INFO] [1784399102.062140624]: update topo skeleton cost: 6.312564ms, update odom vertex cost:68.364370ms [0m
[0m[INFO] [1784399102.083859980]: vp cluster cost: 2.222109ms  ,remove unreachable cost: 13.991144ms, select vp cost: 5.173053ms[0m
insert viewpoint to graph time: 21.7892 ms
[1;33m-------------Plan Global Path end-----------------[0m

total time cost: 118.909ms
viz&&print cost:0.046893ms
 -- [TIMER] updateMap time consuming [32m 5.673444 ms[0m


[1;33m------------- <389> Plan Global Path start---------------[0m
[0m[INFO] [1784399102.272864953]: update topo skeleton cost: 7.721072ms, update odom vertex cost:68.644057ms [0m
[0m[INFO] [1784399102.272897845]: [highspeed_exp adapter] safety map ready=1 rog_ready=1 cloud_size=10088[0m
[0m[INFO] [1784399102.291608603]: [view score] cluster=1303 best_score=-1.94793 visible_gain=3 speed=0 corridor_cruise=0 hard_gate=0 rejected=0 top_k=1 known_free=1.2 clearance=1.02134 turn=0 selected_yaw=2.74889 current_yaw=-2.00655 yaw_delta=1.52774 heading_known_free=11.8 vp=(3.48182, -7.40909, 1.9)[0m
[0m[INFO] [1784399102.296680620]: vp cluster cost: 2.258801ms  ,remove unreachable cost: 15.360899ms, select vp cost: 5.889458ms[0m
insert viewpoint to graph time: 26.6127 ms
[1;33m-------------Plan Global Path end-----------------[0m

total time cost: 127.513ms
viz&&print cost:0.053413ms
 -- [TIMER] updateMap time consuming [32m 5.605960 ms[0m
 -- [TIMER] updateMap time consuming [32m 5.241558 ms[0m


[1;33m------------- <390> Plan Global Path start---------------[0m
[0m[INFO] [1784399102.489590376]: update topo skeleton cost: 8.794489ms, update odom vertex cost:68.523309ms [0m
[0m[INFO] [1784399102.511345485]: vp cluster cost: 1.761870ms  ,remove unreachable cost: 14.592642ms, select vp cost: 5.143711ms[0m
insert viewpoint to graph time: 21.2977 ms
[1;33m-------------Plan Global Path end-----------------[0m

total time cost: 120.939ms
viz&&print cost:0.033672ms
 -- [TIMER] updateMap time consuming [32m 4.879365 ms[0m
 -- [TIMER] updateMap time consuming [32m 5.089578 ms[0m


[1;33m------------- <391> Plan Global Path start---------------[0m
[0m[INFO] [1784399102.690209634]: update topo skeleton cost: 8.074054ms, update odom vertex cost:68.830388ms [0m
[0m[INFO] [1784399102.711470772]: vp cluster cost: 1.713837ms  ,remove unreachable cost: 14.273991ms, select vp cost: 5.020384ms[0m
insert viewpoint to graph time: 21.1279 ms
[1;33m-------------Plan Global Path end-----------------[0m

total time cost: 119.86ms
viz&&print cost:0.033042ms
[0m[INFO] [1784399101.097145874]: Publish local map size: 10103[0m
[0m[INFO] [1784399102.196588159]: Publish local map size: 9622[0m
 -- [MARSIM] Running FPS: 201.936
 -- [TIMER] updateMap time consuming [32m 5.183444 ms[0m
 -- [TIMER] updateMap time consuming [32m 5.354244 ms[0m


[1;33m------------- <392> Plan Global Path start---------------[0m
[0m[INFO] [1784399102.898881524]: update topo skeleton cost: 6.486075ms, update odom vertex cost:69.163689ms [0m
[0m[INFO] [1784399102.914577725]: [view score] cluster=1303 best_score=-1.94793 visible_gain=3 speed=0 corridor_cruise=0 hard_gate=0 rejected=0 top_k=1 known_free=1.2 clearance=1.02134 turn=0 selected_yaw=2.74889 current_yaw=-2.00655 yaw_delta=1.52774 heading_known_free=11.8 vp=(3.48182, -7.40909, 1.9)[0m
[0m[INFO] [1784399102.919950870]: vp cluster cost: 1.807694ms  ,remove unreachable cost: 13.073046ms, select vp cost: 5.928060ms[0m
insert viewpoint to graph time: 21.2125 ms
[1;33m-------------Plan Global Path end-----------------[0m

total time cost: 118.539ms
viz&&print cost:0.033752ms
[0m[INFO] [1784399102.941843237]: [cloud input] mode=approximate_sync points=9976 age=0.0503376s stamp_valid=1[0m
 -- [TIMER] updateMap time consuming [32m 5.770011 ms[0m
[0m[INFO] [1784399102.958938525]: cloud odom callback cost: map update:14.0923ms  update frontier clusters: 2.95979ms  total: 17.0521ms
[0m
 -- [TIMER] updateMap time consuming [32m 5.339213 ms[0m


[1;33m------------- <393> Plan Global Path start---------------[0m
[0m[INFO] [1784399103.107169792]: update topo skeleton cost: 6.963984ms, update odom vertex cost:68.340522ms [0m
[0m[INFO] [1784399103.130217149]: vp cluster cost: 2.167045ms  ,remove unreachable cost: 14.646003ms, select vp cost: 5.927050ms[0m
insert viewpoint to graph time: 21.063 ms
[1;33m-------------Plan Global Path end-----------------[0m

total time cost: 120.332ms
viz&&print cost:0.068514ms
 -- [TIMER] updateMap time consuming [32m 5.295290 ms[0m
 -- [TIMER] updateMap time consuming [32m 5.251997 ms[0m


[1;33m------------- <394> Plan Global Path start---------------[0m
[0m[INFO] [1784399103.306529993]: update topo skeleton cost: 6.157184ms, update odom vertex cost:68.040903ms [0m
[0m[INFO] [1784399103.327146789]: vp cluster cost: 1.721237ms  ,remove unreachable cost: 13.422567ms, select vp cost: 5.215765ms[0m
insert viewpoint to graph time: 26.6115 ms
[1;33m-------------Plan Global Path end-----------------[0m

total time cost: 122.089ms
viz&&print cost:0.038412ms
 -- [TIMER] updateMap time consuming [32m 5.136111 ms[0m
 -- [TIMER] updateMap time consuming [32m 5.137750 ms[0m


[1;33m------------- <395> Plan Global Path start---------------[0m
[0m[INFO] [1784399103.509105905]: update topo skeleton cost: 6.396479ms, update odom vertex cost:68.181572ms [0m
[0m[INFO] [1784399103.526582225]: [view score] cluster=1303 best_score=-1.94793 visible_gain=3 speed=0 corridor_cruise=0 hard_gate=0 rejected=0 top_k=1 known_free=1.2 clearance=1.02134 turn=0 selected_yaw=2.74889 current_yaw=-2.00655 yaw_delta=1.52774 heading_known_free=11.8 vp=(3.48182, -7.40909, 1.9)[0m
[0m[INFO] [1784399103.531974471]: vp cluster cost: 1.745149ms  ,remove unreachable cost: 14.912140ms, select vp cost: 5.963152ms[0m
insert viewpoint to graph time: 24.8361 ms
[1;33m-------------Plan Global Path end-----------------[0m

total time cost: 122.92ms
viz&&print cost:0.039272ms
 -- [TIMER] updateMap time consuming [32m 5.506074 ms[0m
 -- [TIMER] updateMap time consuming [32m 5.413508 ms[0m


[1;33m------------- <396> Plan Global Path start---------------[0m
[0m[INFO] [1784399103.713112096]: update topo skeleton cost: 6.729490ms, update odom vertex cost:68.847993ms [0m
[0m[INFO] [1784399103.734054952]: vp cluster cost: 1.821353ms  ,remove unreachable cost: 13.704935ms, select vp cost: 5.090977ms[0m
insert viewpoint to graph time: 22.9645 ms
[1;33m-------------Plan Global Path end-----------------[0m

total time cost: 120.114ms
[0m[INFO] [1784399103.757678025]: [frontier storage] labels=8266/7517 normals=216/823 clusters=17 terminal=0 cluster_cells(cap)=178 candidates(cap)=21 derived_viewpoints(cap)=0 estimated_kb=147.385 revision=322 audit_ready=0[0m
viz&&print cost:0.081375ms
 -- [TIMER] updateMap time consuming [32m 5.373326 ms[0m
 -- [TIMER] updateMap time consuming [32m 5.199504 ms[0m


[1;33m------------- <397> Plan Global Path start---------------[0m
[0m[INFO] [1784399103.912819439]: update topo skeleton cost: 6.282572ms, update odom vertex cost:68.741606ms [0m
[0m[INFO] [1784399103.935267369]: vp cluster cost: 2.153744ms  ,remove unreachable cost: 14.882498ms, select vp cost: 5.093598ms[0m
insert viewpoint to graph time: 25.4815 ms
[1;33m-------------Plan Global Path end-----------------[0m

total time cost: 123.635ms
viz&&print cost:0.045152ms
[0m[INFO] [1784399103.961527007]: [cloud input] mode=approximate_sync points=9954 age=0.0700161s stamp_valid=1[0m
 -- [TIMER] updateMap time consuming [32m 5.178013 ms[0m
[0m[INFO] [1784399103.977335032]: cloud odom callback cost: map update:13.0501ms  update frontier clusters: 2.72343ms  total: 15.7736ms
[0m
[0m[INFO] [1784399103.985352692]: [coverage guidance] plan valid=1 map_v=103 frontier_v=103 zones(f/u)=298/237 observed=19977/35519 coverage=0.5624 voxels(f/o/u)=11935/6498/1544 active=12 reachable_unknown=147 route_nodes=160 preferred=16 cost=8.0ms[0m
 -- [TIMER] updateMap time consuming [32m 4.726324 ms[0m


[1;33m------------- <398> Plan Global Path start---------------[0m
[0m[INFO] [1784399104.117285338]: update topo skeleton cost: 7.365248ms, update odom vertex cost:68.378478ms [0m
[0m[INFO] [1784399104.133884962]: [view score] cluster=1303 best_score=-1.94793 visible_gain=3 speed=0 corridor_cruise=0 hard_gate=0 rejected=0 top_k=1 known_free=1.2 clearance=1.02134 turn=0 selected_yaw=2.74889 current_yaw=-2.00655 yaw_delta=1.52774 heading_known_free=11.8 vp=(3.48182, -7.40909, 1.9)[0m
[0m[INFO] [1784399104.138060182]: vp cluster cost: 2.382649ms  ,remove unreachable cost: 13.154339ms, select vp cost: 4.930067ms[0m
insert viewpoint to graph time: 21.018 ms
[1;33m-------------Plan Global Path end-----------------[0m

total time cost: 118.131ms
viz&&print cost:0.037103ms
 -- [TIMER] updateMap time consuming [32m 5.211415 ms[0m
 -- [TIMER] updateMap time consuming [32m 5.430458 ms[0m


[1;33m------------- <399> Plan Global Path start---------------[0m
[0m[INFO] [1784399104.327665069]: update topo skeleton cost: 9.368624ms, update odom vertex cost:68.509976ms [0m
[0m[INFO] [1784399104.327699041]: [highspeed_exp adapter] safety map ready=1 rog_ready=1 cloud_size=10043[0m
[0m[INFO] [1784399104.350435666]: vp cluster cost: 2.224048ms  ,remove unreachable cost: 13.804680ms, select vp cost: 6.405638ms[0m
insert viewpoint to graph time: 23.1233 ms
[1;33m-------------Plan Global Path end-----------------[0m

total time cost: 124.436ms
viz&&print cost:0.038752ms
 -- [TIMER] updateMap time consuming [32m 5.481061 ms[0m
 -- [TIMER] updateMap time consuming [32m 4.968700 ms[0m


[1;33m------------- <400> Plan Global Path start---------------[0m
[0m[INFO] [1784399104.531178831]: update topo skeleton cost: 8.147867ms, update odom vertex cost:68.706308ms [0m
[0m[INFO] [1784399104.553973781]: vp cluster cost: 2.165825ms  ,remove unreachable cost: 13.819581ms, select vp cost: 6.477583ms[0m
insert viewpoint to graph time: 20.9669 ms
[1;33m-------------Plan Global Path end-----------------[0m

total time cost: 121.286ms
viz&&print cost:0.047463ms
 -- [TIMER] updateMap time consuming [32m 5.358494 ms[0m
 -- [TIMER] updateMap time consuming [32m 5.055085 ms[0m


[1;33m------------- <401> Plan Global Path start---------------[0m
[0m[INFO] [1784399104.730115068]: update topo skeleton cost: 6.185086ms, update odom vertex cost:68.188016ms [0m
[0m[INFO] [1784399104.744878858]: [view score] cluster=1303 best_score=-1.94793 visible_gain=3 speed=0 corridor_cruise=0 hard_gate=0 rejected=0 top_k=1 known_free=1.2 clearance=1.02134 turn=0 selected_yaw=2.74889 current_yaw=-2.00655 yaw_delta=1.52774 heading_known_free=11.8 vp=(3.48182, -7.40909, 1.9)[0m
[0m[INFO] [1784399104.749925642]: vp cluster cost: 1.735998ms  ,remove unreachable cost: 12.263964ms, select vp cost: 5.564476ms[0m
insert viewpoint to graph time: 21.6777 ms
[1;33m-------------Plan Global Path end-----------------[0m

total time cost: 116.447ms
viz&&print cost:0.037282ms
 -- [TIMER] updateMap time consuming [32m 5.863055 ms[0m
 -- [TIMER] updateMap time consuming [32m 5.407776 ms[0m


[1;33m------------- <402> Plan Global Path start---------------[0m
[0m[INFO] [1784399104.938392958]: update topo skeleton cost: 7.939804ms, update odom vertex cost:68.197197ms [0m
[0m[INFO] [1784399104.958695822]: vp cluster cost: 1.724597ms  ,remove unreachable cost: 13.137718ms, select vp cost: 5.176412ms[0m
insert viewpoint to graph time: 21.6211 ms
[1;33m-------------Plan Global Path end-----------------[0m

total time cost: 118.781ms
viz&&print cost:0.033932ms
[0m[INFO] [1784399103.296909413]: Publish local map size: 10124[0m
[0m[INFO] [1784399104.297913386]: Publish local map size: 9659[0m
 -- [MARSIM] Running FPS: 202.319
[0m[INFO] [1784399104.981122928]: [cloud input] mode=approximate_sync points=9634 age=0.0896077s stamp_valid=1[0m
 -- [TIMER] updateMap time consuming [32m 6.833426 ms[0m
[0m[INFO] [1784399104.999672923]: cloud odom callback cost: map update:15.2719ms  update frontier clusters: 3.23253ms  total: 18.5044ms
[0m
 -- [TIMER] updateMap time consuming [32m 5.435258 ms[0m


[1;33m------------- <403> Plan Global Path start---------------[0m
[0m[INFO] [1784399105.139970247]: update topo skeleton cost: 6.298742ms, update odom vertex cost:68.534171ms [0m
[0m[INFO] [1784399105.162700851]: vp cluster cost: 2.233228ms  ,remove unreachable cost: 15.143582ms, select vp cost: 5.022752ms[0m
insert viewpoint to graph time: 21.17 ms
[1;33m-------------Plan Global Path end-----------------[0m

total time cost: 119.582ms
viz&&print cost:0.061934ms
 -- [TIMER] updateMap time consuming [32m 5.881946 ms[0m
 -- [TIMER] updateMap time consuming [32m 5.363063 ms[0m


[1;33m------------- <404> Plan Global Path start---------------[0m
[0m[INFO] [1784399105.342854543]: update topo skeleton cost: 6.718128ms, update odom vertex cost:68.600415ms [0m
[0m[INFO] [1784399105.360739655]: [view score] cluster=1303 best_score=-1.94793 visible_gain=3 speed=0 corridor_cruise=0 hard_gate=0 rejected=0 top_k=1 known_free=1.2 clearance=1.02134 turn=0 selected_yaw=2.74889 current_yaw=-2.00655 yaw_delta=1.52774 heading_known_free=11.8 vp=(3.48182, -7.40909, 1.9)[0m
[0m[INFO] [1784399105.365015111]: vp cluster cost: 1.807752ms  ,remove unreachable cost: 15.036255ms, select vp cost: 5.076156ms[0m
insert viewpoint to graph time: 22.1408 ms
[1;33m-------------Plan Global Path end-----------------[0m

total time cost: 120.248ms
viz&&print cost:0.039012ms
 -- [TIMER] updateMap time consuming [32m 5.708906 ms[0m
 -- [TIMER] updateMap time consuming [32m 5.026582 ms[0m


[1;33m------------- <405> Plan Global Path start---------------[0m
[0m[INFO] [1784399105.547243222]: update topo skeleton cost: 7.380800ms, update odom vertex cost:70.043465ms [0m
[0m[INFO] [1784399105.568676075]: vp cluster cost: 1.878987ms  ,remove unreachable cost: 14.286979ms, select vp cost: 4.973849ms[0m
insert viewpoint to graph time: 20.8891 ms
[1;33m-------------Plan Global Path end-----------------[0m

total time cost: 120.39ms
viz&&print cost:0.036803ms
 -- [TIMER] updateMap time consuming [32m 4.854411 ms[0m
 -- [TIMER] updateMap time consuming [32m 5.639651 ms[0m


[1;33m------------- <406> Plan Global Path start---------------[0m
[0m[INFO] [1784399105.746405086]: update topo skeleton cost: 6.616611ms, update odom vertex cost:69.053994ms [0m
[0m[INFO] [1784399105.767766794]: vp cluster cost: 1.800632ms  ,remove unreachable cost: 14.335682ms, select vp cost: 4.940237ms[0m
insert viewpoint to graph time: 21.38 ms
[1;33m-------------Plan Global Path end-----------------[0m

total time cost: 119.114ms
viz&&print cost:0.045923ms
 -- [TIMER] updateMap time consuming [32m 5.523234 ms[0m
 -- [TIMER] updateMap time consuming [32m 5.788990 ms[0m


[1;33m------------- <407> Plan Global Path start---------------[0m
[0m[INFO] [1784399105.947632458]: update topo skeleton cost: 6.445900ms, update odom vertex cost:69.919548ms [0m
[0m[INFO] [1784399105.966362163]: [view score] cluster=1303 best_score=-1.94793 visible_gain=3 speed=0 corridor_cruise=0 hard_gate=0 rejected=0 top_k=1 known_free=1.2 clearance=1.02134 turn=0 selected_yaw=2.74889 current_yaw=-2.00655 yaw_delta=1.52774 heading_known_free=11.8 vp=(3.48182, -7.40909, 1.9)[0m
[0m[INFO] [1784399105.971353613]: vp cluster cost: 2.287852ms  ,remove unreachable cost: 15.350485ms, select vp cost: 5.778209ms[0m
insert viewpoint to graph time: 21.1198 ms
[1;33m-------------Plan Global Path end-----------------[0m

total time cost: 121.893ms
viz&&print cost:0.044953ms
[0m[INFO] [1784399105.993246134]: [cloud input] mode=approximate_sync points=10061 age=0.10173s stamp_valid=1[0m
 -- [TIMER] updateMap time consuming [32m 5.350722 ms[0m
[0m[INFO] [1784399106.010172536]: cloud odom callback cost: map update:13.8327ms  update frontier clusters: 3.05743ms  total: 16.8901ms
[0m
[0m[INFO] [1784399106.018265889]: [coverage guidance] plan valid=1 map_v=105 frontier_v=105 zones(f/u)=298/237 observed=19977/35519 coverage=0.5624 voxels(f/o/u)=11935/6498/1544 active=12 reachable_unknown=147 route_nodes=160 preferred=16 cost=8.0ms[0m
 -- [TIMER] updateMap time consuming [32m 5.344482 ms[0m


[1;33m------------- <408> Plan Global Path start---------------[0m
[0m[INFO] [1784399106.152727258]: update topo skeleton cost: 7.017425ms, update odom vertex cost:68.443680ms [0m
[0m[INFO] [1784399106.172815505]: vp cluster cost: 1.877357ms  ,remove unreachable cost: 12.969995ms, select vp cost: 4.966238ms[0m
insert viewpoint to graph time: 21.4373 ms
[1;33m-------------Plan Global Path end-----------------[0m

total time cost: 117.786ms
viz&&print cost:0.063344ms
 -- [TIMER] updateMap time consuming [32m 4.829019 ms[0m
 -- [TIMER] updateMap time consuming [32m 5.219324 ms[0m


[1;33m------------- <409> Plan Global Path start---------------[0m
[0m[INFO] [1784399106.353009924]: update topo skeleton cost: 7.027216ms, update odom vertex cost:68.597900ms [0m
[0m[INFO] [1784399106.353042116]: [highspeed_exp adapter] safety map ready=1 rog_ready=1 cloud_size=10075[0m
[0m[INFO] [1784399106.375054633]: vp cluster cost: 2.104050ms  ,remove unreachable cost: 13.627556ms, select vp cost: 5.978242ms[0m
insert viewpoint to graph time: 21.7435 ms
[1;33m-------------Plan Global Path end-----------------[0m

total time cost: 120.059ms
viz&&print cost:0.030732ms
 -- [TIMER] updateMap time consuming [32m 5.144609 ms[0m


[1;33m------------- <410> Plan Global Path start---------------[0m
[0m[INFO] [1784399106.553845224]: update topo skeleton cost: 6.828404ms, update odom vertex cost:69.484584ms [0m
[0m[INFO] [1784399106.569731791]: [view score] cluster=1303 best_score=-1.94793 visible_gain=3 speed=0 corridor_cruise=0 hard_gate=0 rejected=0 top_k=1 known_free=1.2 clearance=1.02134 turn=0 selected_yaw=2.74889 current_yaw=-2.00655 yaw_delta=1.52774 heading_known_free=11.8 vp=(3.48182, -7.40909, 1.9)[0m
[0m[INFO] [1784399106.574177616]: vp cluster cost: 1.832804ms  ,remove unreachable cost: 13.270734ms, select vp cost: 4.971709ms[0m
insert viewpoint to graph time: 21.4765 ms
[1;33m-------------Plan Global Path end-----------------[0m

total time cost: 118.894ms
viz&&print cost:0.043033ms
 -- [TIMER] updateMap time consuming [32m 5.310070 ms[0m
 -- [TIMER] updateMap time consuming [32m 5.256807 ms[0m


[1;33m------------- <411> Plan Global Path start---------------[0m
[0m[INFO] [1784399106.755176405]: update topo skeleton cost: 8.196539ms, update odom vertex cost:68.836124ms [0m
[0m[INFO] [1784399106.777652741]: vp cluster cost: 2.076388ms  ,remove unreachable cost: 13.232812ms, select vp cost: 6.849315ms[0m
insert viewpoint to graph time: 21.0939 ms
[1;33m-------------Plan Global Path end-----------------[0m

total time cost: 121.222ms
viz&&print cost:0.036112ms
 -- [TIMER] updateMap time consuming [32m 5.233545 ms[0m


[1;33m------------- <412> Plan Global Path start---------------[0m
[0m[INFO] [1784399106.955900219]: update topo skeleton cost: 7.344926ms, update odom vertex cost:69.080100ms [0m
[0m[INFO] [1784399106.977494870]: vp cluster cost: 1.750989ms  ,remove unreachable cost: 14.200581ms, select vp cost: 5.365064ms[0m
insert viewpoint to graph time: 23.0152 ms
[1;33m-------------Plan Global Path end-----------------[0m

total time cost: 121.667ms
viz&&print cost:0.035942ms
[0m[INFO] [1784399105.398059325]: Publish local map size: 9176[0m
[0m[INFO] [1784399106.496841075]: Publish local map size: 9462[0m
 -- [MARSIM] Running FPS: 205.227
[0m[INFO] [1784399107.001232903]: [cloud input] mode=approximate_sync points=9614 age=0.00972376s stamp_valid=1[0m
 -- [TIMER] updateMap time consuming [32m 5.176081 ms[0m
[0m[INFO] [1784399107.017014832]: cloud odom callback cost: map update:12.6474ms  update frontier clusters: 3.07926ms  total: 15.7267ms
[0m


[1;33m------------- <413> Plan Global Path start---------------[0m
[0m[INFO] [1784399107.157841514]: update topo skeleton cost: 7.780393ms, update odom vertex cost:68.853409ms [0m
[0m[INFO] [1784399107.173532367]: [view score] cluster=1303 best_score=-1.94793 visible_gain=3 speed=0 corridor_cruise=0 hard_gate=0 rejected=0 top_k=1 known_free=1.2 clearance=1.02134 turn=0 selected_yaw=2.74889 current_yaw=-2.00655 yaw_delta=1.52774 heading_known_free=11.8 vp=(3.48182, -7.40909, 1.9)[0m
[0m[INFO] [1784399107.177893007]: vp cluster cost: 1.960611ms  ,remove unreachable cost: 12.944653ms, select vp cost: 4.867282ms[0m
insert viewpoint to graph time: 21.086 ms
[1;33m-------------Plan Global Path end-----------------[0m

total time cost: 118.358ms
viz&&print cost:0.037872ms
 -- [TIMER] updateMap time consuming [32m 5.039753 ms[0m


[1;33m------------- <414> Plan Global Path start---------------[0m
[0m[INFO] [1784399107.365430895]: update topo skeleton cost: 7.270500ms, update odom vertex cost:68.478916ms [0m
[0m[INFO] [1784399107.384933114]: vp cluster cost: 1.721617ms  ,remove unreachable cost: 12.347375ms, select vp cost: 5.132908ms[0m
insert viewpoint to graph time: 21.6227 ms
[1;33m-------------Plan Global Path end-----------------[0m

total time cost: 117.48ms
viz&&print cost:0.033852ms
 -- [TIMER] updateMap time consuming [32m 5.736396 ms[0m


[1;33m------------- <415> Plan Global Path start---------------[0m
[0m[INFO] [1784399107.575648770]: update topo skeleton cost: 6.434348ms, update odom vertex cost:71.934911ms [0m
[0m[INFO] [1784399107.597563918]: vp cluster cost: 1.834633ms  ,remove unreachable cost: 13.861960ms, select vp cost: 5.890075ms[0m
insert viewpoint to graph time: 21.8012 ms
[1;33m-------------Plan Global Path end-----------------[0m

total time cost: 122.785ms
viz&&print cost:0.043622ms
 -- [TIMER] updateMap time consuming [32m 4.876363 ms[0m
 -- [TIMER] updateMap time consuming [32m 5.254046 ms[0m


[1;33m------------- <416> Plan Global Path start---------------[0m
[0m[INFO] [1784399107.787944763]: update topo skeleton cost: 7.003165ms, update odom vertex cost:68.566201ms [0m
[0m[INFO] [1784399107.805462239]: [view score] cluster=1303 best_score=-1.94793 visible_gain=3 speed=0 corridor_cruise=0 hard_gate=0 rejected=0 top_k=1 known_free=1.2 clearance=1.02134 turn=0 selected_yaw=2.74889 current_yaw=-2.00655 yaw_delta=1.52774 heading_known_free=11.8 vp=(3.48182, -7.40909, 1.9)[0m
[0m[INFO] [1784399107.809997270]: vp cluster cost: 1.965502ms  ,remove unreachable cost: 14.507199ms, select vp cost: 5.078115ms[0m
insert viewpoint to graph time: 21.8329 ms
[1;33m-------------Plan Global Path end-----------------[0m

total time cost: 120.037ms
viz&&print cost:0.037443ms
 -- [TIMER] updateMap time consuming [32m 5.607417 ms[0m
 -- [TIMER] updateMap time consuming [32m 4.945347 ms[0m


[1;33m------------- <417> Plan Global Path start---------------[0m
[0m[INFO] [1784399107.989610317]: update topo skeleton cost: 8.151625ms, update odom vertex cost:68.933374ms [0m
[0m[INFO] [1784399108.012013885]: vp cluster cost: 1.780081ms  ,remove unreachable cost: 15.006450ms, select vp cost: 5.278717ms[0m
insert viewpoint to graph time: 22.3826 ms
[1;33m-------------Plan Global Path end-----------------[0m

total time cost: 122.458ms
viz&&print cost:0.035972ms
[0m[INFO] [1784399108.035059132]: [cloud input] mode=approximate_sync points=9696 age=0.0435528s stamp_valid=1[0m
 -- [TIMER] updateMap time consuming [32m 5.418525 ms[0m
[0m[INFO] [1784399108.051209002]: cloud odom callback cost: map update:12.8577ms  update frontier clusters: 3.24087ms  total: 16.0985ms
[0m
[0m[INFO] [1784399108.058966203]: [coverage guidance] plan valid=1 map_v=107 frontier_v=107 zones(f/u)=298/237 observed=19977/35519 coverage=0.5624 voxels(f/o/u)=11935/6498/1544 active=12 reachable_unknown=147 route_nodes=160 preferred=16 cost=7.8ms[0m
 -- [TIMER] updateMap time consuming [32m 4.979178 ms[0m


[1;33m------------- <418> Plan Global Path start---------------[0m
[0m[INFO] [1784399108.191588954]: update topo skeleton cost: 7.821594ms, update odom vertex cost:68.669041ms [0m
[0m[INFO] [1784399108.213283787]: vp cluster cost: 1.858425ms  ,remove unreachable cost: 14.379260ms, select vp cost: 5.189812ms[0m
insert viewpoint to graph time: 21.7806 ms
[1;33m-------------Plan Global Path end-----------------[0m

total time cost: 120.553ms
viz&&print cost:0.036342ms
 -- [TIMER] updateMap time consuming [32m 5.077394 ms[0m
 -- [TIMER] updateMap time consuming [32m 5.025311 ms[0m


[1;33m------------- <419> Plan Global Path start---------------[0m
[0m[INFO] [1784399108.392499474]: update topo skeleton cost: 7.975373ms, update odom vertex cost:68.762468ms [0m
[0m[INFO] [1784399108.392525845]: [highspeed_exp adapter] safety map ready=1 rog_ready=1 cloud_size=9977[0m
[0m[INFO] [1784399108.408936132]: [view score] cluster=1303 best_score=-1.94793 visible_gain=3 speed=0 corridor_cruise=0 hard_gate=0 rejected=0 top_k=1 known_free=1.2 clearance=1.02134 turn=0 selected_yaw=2.74889 current_yaw=-2.00655 yaw_delta=1.52774 heading_known_free=11.8 vp=(3.48182, -7.40909, 1.9)[0m
[0m[INFO] [1784399108.413669975]: vp cluster cost: 2.231279ms  ,remove unreachable cost: 13.423221ms, select vp cost: 5.261426ms[0m
insert viewpoint to graph time: 23.3877 ms
[1;33m-------------Plan Global Path end-----------------[0m

total time cost: 121.868ms
viz&&print cost:0.037053ms
 -- [TIMER] updateMap time consuming [32m 5.139159 ms[0m
 -- [TIMER] updateMap time consuming [32m 5.348981 ms[0m


[1;33m------------- <420> Plan Global Path start---------------[0m
[0m[INFO] [1784399108.594478180]: update topo skeleton cost: 7.744140ms, update odom vertex cost:68.956570ms [0m
[0m[INFO] [1784399108.615447248]: vp cluster cost: 2.316583ms  ,remove unreachable cost: 13.086951ms, select vp cost: 5.226343ms[0m
insert viewpoint to graph time: 21.2235 ms
[1;33m-------------Plan Global Path end-----------------[0m

total time cost: 119.488ms
viz&&print cost:0.035362ms
 -- [TIMER] updateMap time consuming [32m 6.125939 ms[0m
 -- [TIMER] updateMap time consuming [32m 5.171540 ms[0m


[1;33m------------- <421> Plan Global Path start---------------[0m
[0m[INFO] [1784399108.802621257]: update topo skeleton cost: 6.482801ms, update odom vertex cost:68.759227ms [0m
[0m[INFO] [1784399108.822978188]: vp cluster cost: 1.756119ms  ,remove unreachable cost: 13.055488ms, select vp cost: 5.289278ms[0m
insert viewpoint to graph time: 21.0172 ms
[1;33m-------------Plan Global Path end-----------------[0m

total time cost: 117.27ms
[0m[INFO] [1784399108.844669211]: [frontier storage] labels=8266/7517 normals=216/823 clusters=17 terminal=0 cluster_cells(cap)=178 candidates(cap)=21 derived_viewpoints(cap)=0 estimated_kb=147.385 revision=322 audit_ready=0[0m
viz&&print cost:0.063774ms
 -- [TIMER] updateMap time consuming [32m 5.162090 ms[0m
 -- [TIMER] updateMap time consuming [32m 5.110057 ms[0m


[1;33m------------- <422> Plan Global Path start---------------[0m
[0m[INFO] [1784399109.010676848]: update topo skeleton cost: 7.411829ms, update odom vertex cost:68.481959ms [0m
[0m[INFO] [1784399109.027736323]: [view score] cluster=1303 best_score=-1.94793 visible_gain=3 speed=0 corridor_cruise=0 hard_gate=0 rejected=0 top_k=1 known_free=1.2 clearance=1.02134 turn=0 selected_yaw=2.74889 current_yaw=-2.00655 yaw_delta=1.52774 heading_known_free=11.8 vp=(3.48182, -7.40909, 1.9)[0m
[0m[INFO] [1784399109.032393871]: vp cluster cost: 1.886647ms  ,remove unreachable cost: 14.360798ms, select vp cost: 5.224293ms[0m
insert viewpoint to graph time: 21.2018 ms
[1;33m-------------Plan Global Path end-----------------[0m

total time cost: 119.457ms
viz&&print cost:0.036452ms
[0m[INFO] [1784399107.498442273]: Publish local map size: 9132[0m
[0m[INFO] [1784399108.597749262]: Publish local map size: 10054[0m
 -- [MARSIM] Running FPS: 196.977
[0m[INFO] [1784399109.054316437]: [cloud input] mode=approximate_sync points=9779 age=0.0628063s stamp_valid=1[0m
 -- [TIMER] updateMap time consuming [32m 5.135528 ms[0m
[0m[INFO] [1784399109.070269473]: cloud odom callback cost: map update:13.1866ms  update frontier clusters: 2.72513ms  total: 15.9117ms
[0m
 -- [TIMER] updateMap time consuming [32m 4.766125 ms[0m


[1;33m------------- <423> Plan Global Path start---------------[0m
[0m[INFO] [1784399109.222138403]: update topo skeleton cost: 8.704359ms, update odom vertex cost:69.086631ms [0m
[0m[INFO] [1784399109.242874685]: vp cluster cost: 1.880686ms  ,remove unreachable cost: 13.672195ms, select vp cost: 4.903484ms[0m
insert viewpoint to graph time: 22.6522 ms
[1;33m-------------Plan Global Path end-----------------[0m

total time cost: 121.803ms
viz&&print cost:0.026131ms
 -- [TIMER] updateMap time consuming [32m 5.495120 ms[0m
 -- [TIMER] updateMap time consuming [32m 5.592795 ms[0m


[1;33m------------- <424> Plan Global Path start---------------[0m
[0m[INFO] [1784399109.422987281]: update topo skeleton cost: 7.576909ms, update odom vertex cost:69.155296ms [0m
[0m[INFO] [1784399109.443298107]: vp cluster cost: 1.814203ms  ,remove unreachable cost: 13.154523ms, select vp cost: 5.053353ms[0m
insert viewpoint to graph time: 21.3455 ms
[1;33m-------------Plan Global Path end-----------------[0m

total time cost: 118.991ms
viz&&print cost:0.029631ms
 -- [TIMER] updateMap time consuming [32m 5.363162 ms[0m
 -- [TIMER] updateMap time consuming [32m 4.984578 ms[0m


[1;33m------------- <425> Plan Global Path start---------------[0m
[0m[INFO] [1784399109.631132641]: update topo skeleton cost: 7.167733ms, update odom vertex cost:68.607032ms [0m
[0m[INFO] [1784399109.646715494]: [view score] cluster=1303 best_score=-1.94793 visible_gain=3 speed=0 corridor_cruise=0 hard_gate=0 rejected=0 top_k=1 known_free=1.2 clearance=1.02134 turn=0 selected_yaw=2.74889 current_yaw=-2.00655 yaw_delta=1.52774 heading_known_free=11.8 vp=(3.48182, -7.40909, 1.9)[0m
[0m[INFO] [1784399109.651545473]: vp cluster cost: 1.746238ms  ,remove unreachable cost: 13.053737ms, select vp cost: 5.340040ms[0m
insert viewpoint to graph time: 20.7225 ms
[1;33m-------------Plan Global Path end-----------------[0m

total time cost: 117.506ms
viz&&print cost:0.029392ms
 -- [TIMER] updateMap time consuming [32m 5.555023 ms[0m
 -- [TIMER] updateMap time consuming [32m 4.742373 ms[0m


[1;33m------------- <426> Plan Global Path start---------------[0m
[0m[INFO] [1784399109.838092617]: update topo skeleton cost: 6.715105ms, update odom vertex cost:68.402940ms [0m
[0m[INFO] [1784399109.857905142]: vp cluster cost: 1.724707ms  ,remove unreachable cost: 12.663883ms, select vp cost: 5.114636ms[0m
insert viewpoint to graph time: 20.6686 ms
[1;33m-------------Plan Global Path end-----------------[0m

total time cost: 116.183ms
viz&&print cost:0.033352ms
 -- [TIMER] updateMap time consuming [32m 5.356411 ms[0m
 -- [TIMER] updateMap time consuming [32m 5.096284 ms[0m


[1;33m------------- <427> Plan Global Path start---------------[0m
[0m[INFO] [1784399110.046589995]: update topo skeleton cost: 8.040288ms, update odom vertex cost:69.281579ms [0m
[0m[INFO] [1784399110.067142463]: vp cluster cost: 1.807572ms  ,remove unreachable cost: 13.495433ms, select vp cost: 4.937445ms[0m
insert viewpoint to graph time: 20.5931 ms
[1;33m-------------Plan Global Path end-----------------[0m

total time cost: 119.28ms
viz&&print cost:0.039772ms
[0m[INFO] [1784399110.088621710]: [cloud input] mode=approximate_sync points=9238 age=0.0971083s stamp_valid=1[0m
 -- [TIMER] updateMap time consuming [32m 5.278276 ms[0m
[0m[INFO] [1784399110.104349101]: cloud odom callback cost: map update:12.9449ms  update frontier clusters: 2.74848ms  total: 15.6934ms
[0m
[0m[INFO] [1784399110.112142762]: [coverage guidance] plan valid=1 map_v=109 frontier_v=109 zones(f/u)=298/237 observed=19977/35519 coverage=0.5624 voxels(f/o/u)=11935/6498/1544 active=12 reachable_unknown=147 route_nodes=160 preferred=16 cost=7.8ms[0m
 -- [TIMER] updateMap time consuming [32m 5.178200 ms[0m


[1;33m------------- <428> Plan Global Path start---------------[0m
[0m[INFO] [1784399110.244706617]: update topo skeleton cost: 6.268657ms, update odom vertex cost:68.586275ms [0m
[0m[INFO] [1784399110.261502044]: [view score] cluster=1303 best_score=-1.94793 visible_gain=3 speed=0 corridor_cruise=0 hard_gate=0 rejected=0 top_k=1 known_free=1.2 clearance=1.02134 turn=0 selected_yaw=2.74889 current_yaw=-2.00655 yaw_delta=1.52774 heading_known_free=11.8 vp=(3.48182, -7.40909, 1.9)[0m
[0m[INFO] [1784399110.266002022]: vp cluster cost: 1.796281ms  ,remove unreachable cost: 14.202407ms, select vp cost: 5.064873ms[0m
insert viewpoint to graph time: 21.459 ms
[1;33m-------------Plan Global Path end-----------------[0m

total time cost: 118.498ms
viz&&print cost:0.029652ms
 -- [TIMER] updateMap time consuming [32m 5.644749 ms[0m
 -- [TIMER] updateMap time consuming [32m 5.298708 ms[0m


[1;33m------------- <429> Plan Global Path start---------------[0m
[0m[INFO] [1784399110.447483956]: update topo skeleton cost: 7.962382ms, update odom vertex cost:69.036172ms [0m
[0m[INFO] [1784399110.447518189]: [highspeed_exp adapter] safety map ready=1 rog_ready=1 cloud_size=9677[0m
[0m[INFO] [1784399110.469155324]: vp cluster cost: 2.072658ms  ,remove unreachable cost: 14.345905ms, select vp cost: 4.961987ms[0m
insert viewpoint to graph time: 21.7517 ms
[1;33m-------------Plan Global Path end-----------------[0m

total time cost: 121.09ms
viz&&print cost:0.047923ms
 -- [TIMER] updateMap time consuming [32m 4.977947 ms[0m
 -- [TIMER] updateMap time consuming [32m 5.179239 ms[0m


[1;33m------------- <430> Plan Global Path start---------------[0m
[0m[INFO] [1784399110.648483567]: update topo skeleton cost: 7.016763ms, update odom vertex cost:68.986419ms [0m
[0m[INFO] [1784399110.670422391]: vp cluster cost: 2.487053ms  ,remove unreachable cost: 14.086100ms, select vp cost: 5.034491ms[0m
insert viewpoint to graph time: 22.1283 ms
[1;33m-------------Plan Global Path end-----------------[0m

total time cost: 120.756ms
viz&&print cost:0.058124ms
 -- [TIMER] updateMap time consuming [32m 5.067763 ms[0m
 -- [TIMER] updateMap time consuming [32m 5.683371 ms[0m


[1;33m------------- <431> Plan Global Path start---------------[0m
[0m[INFO] [1784399110.850634758]: update topo skeleton cost: 7.035344ms, update odom vertex cost:69.214604ms [0m
[0m[INFO] [1784399110.867580374]: [view score] cluster=1303 best_score=-1.94793 visible_gain=3 speed=0 corridor_cruise=0 hard_gate=0 rejected=0 top_k=1 known_free=1.2 clearance=1.02134 turn=0 selected_yaw=2.74889 current_yaw=-2.00655 yaw_delta=1.52774 heading_known_free=11.8 vp=(3.48182, -7.40909, 1.9)[0m
[0m[INFO] [1784399110.872066971]: vp cluster cost: 2.605170ms  ,remove unreachable cost: 13.416339ms, select vp cost: 5.040911ms[0m
insert viewpoint to graph time: 21.2837 ms
[1;33m-------------Plan Global Path end-----------------[0m

total time cost: 119.654ms
viz&&print cost:0.060753ms
 -- [TIMER] updateMap time consuming [32m 5.417005 ms[0m
 -- [TIMER] updateMap time consuming [32m 5.008909 ms[0m


[1;33m------------- <432> Plan Global Path start---------------[0m
[0m[INFO] [1784399111.051786473]: update topo skeleton cost: 6.683422ms, update odom vertex cost:70.046171ms [0m
[0m[INFO] [1784399111.071936965]: vp cluster cost: 1.961711ms  ,remove unreachable cost: 12.843372ms, select vp cost: 5.028310ms[0m
insert viewpoint to graph time: 21.7885 ms
[1;33m-------------Plan Global Path end-----------------[0m

total time cost: 119.432ms
viz&&print cost:0.048213ms
[0m[INFO] [1784399111.094578822]: [cloud input] mode=approximate_sync points=10049 age=0.103065s stamp_valid=1[0m
 -- [TIMER] updateMap time consuming [32m 5.201491 ms[0m
[0m[INFO] [1784399111.110319812]: cloud odom callback cost: map update:12.9985ms  update frontier clusters: 2.71119ms  total: 15.7097ms
[0m
 -- [TIMER] updateMap time consuming [32m 5.163519 ms[0m


[1;33m------------- <433> Plan Global Path start---------------[0m
[0m[INFO] [1784399109.696643441]: Publish local map size: 9321[0m
[0m[INFO] [1784399110.796819225]: Publish local map size: 10072[0m
 -- [MARSIM] Running FPS: 212.895
[0m[INFO] [1784399111.254844763]: update topo skeleton cost: 8.933761ms, update odom vertex cost:68.755269ms [0m
[0m[INFO] [1784399111.275079940]: vp cluster cost: 1.743357ms  ,remove unreachable cost: 13.255017ms, select vp cost: 4.974297ms[0m
insert viewpoint to graph time: 21.5097 ms
[1;33m-------------Plan Global Path end-----------------[0m

total time cost: 120.048ms
viz&&print cost:0.034602ms
 -- [TIMER] updateMap time consuming [32m 5.018639 ms[0m


[1;33m------------- <434> Plan Global Path start---------------[0m
[0m[INFO] [1784399111.454941600]: update topo skeleton cost: 8.499494ms, update odom vertex cost:69.121862ms [0m
[0m[INFO] [1784399111.470664759]: [view score] cluster=1303 best_score=-1.94793 visible_gain=3 speed=0 corridor_cruise=0 hard_gate=0 rejected=0 top_k=1 known_free=1.2 clearance=1.02134 turn=0 selected_yaw=2.74889 current_yaw=-2.00655 yaw_delta=1.52774 heading_known_free=11.8 vp=(3.48182, -7.40909, 1.9)[0m
[0m[INFO] [1784399111.475069221]: vp cluster cost: 1.750208ms  ,remove unreachable cost: 13.166021ms, select vp cost: 4.957526ms[0m
insert viewpoint to graph time: 20.8424 ms
[1;33m-------------Plan Global Path end-----------------[0m

total time cost: 119.378ms
viz&&print cost:0.071635ms
 -- [TIMER] updateMap time consuming [32m 5.530951 ms[0m
 -- [TIMER] updateMap time consuming [32m 5.450416 ms[0m


[1;33m------------- <435> Plan Global Path start---------------[0m
[0m[INFO] [1784399111.656078831]: update topo skeleton cost: 8.175674ms, update odom vertex cost:68.908619ms [0m
[0m[INFO] [1784399111.675756314]: vp cluster cost: 1.789920ms  ,remove unreachable cost: 12.729695ms, select vp cost: 4.895332ms[0m
insert viewpoint to graph time: 21.325 ms
[1;33m-------------Plan Global Path end-----------------[0m

total time cost: 118.736ms
viz&&print cost:0.047413ms
 -- [TIMER] updateMap time consuming [32m 5.312567 ms[0m


[1;33m------------- <436> Plan Global Path start---------------[0m
[0m[INFO] [1784399111.862855560]: update topo skeleton cost: 6.936707ms, update odom vertex cost:68.050076ms [0m
[0m[INFO] [1784399111.883142450]: vp cluster cost: 1.717146ms  ,remove unreachable cost: 12.595587ms, select vp cost: 5.704011ms[0m
insert viewpoint to graph time: 21.519 ms
[1;33m-------------Plan Global Path end-----------------[0m

total time cost: 117.447ms
viz&&print cost:0.039923ms
 -- [TIMER] updateMap time consuming [32m 6.312159 ms[0m


[1;33m------------- <437> Plan Global Path start---------------[0m
[0m[INFO] [1784399112.071206860]: update topo skeleton cost: 7.409447ms, update odom vertex cost:68.393901ms [0m
[0m[INFO] [1784399112.087195784]: [view score] cluster=1303 best_score=-1.94793 visible_gain=3 speed=0 corridor_cruise=0 hard_gate=0 rejected=0 top_k=1 known_free=1.2 clearance=1.02134 turn=0 selected_yaw=2.74889 current_yaw=-2.00655 yaw_delta=1.52774 heading_known_free=11.8 vp=(3.48182, -7.40909, 1.9)[0m
[0m[INFO] [1784399112.091751704]: vp cluster cost: 1.717915ms  ,remove unreachable cost: 13.462199ms, select vp cost: 5.128596ms[0m
insert viewpoint to graph time: 21.5702 ms
[1;33m-------------Plan Global Path end-----------------[0m

total time cost: 118.605ms
viz&&print cost:0.055143ms
[0m[INFO] [1784399112.114154974]: [cloud input] mode=approximate_sync points=9177 age=0.0226401s stamp_valid=1[0m
 -- [TIMER] updateMap time consuming [32m 5.279355 ms[0m
[0m[INFO] [1784399112.130998911]: cloud odom callback cost: map update:13.8448ms  update frontier clusters: 2.94816ms  total: 16.793ms
[0m
[0m[INFO] [1784399112.138434429]: [coverage guidance] plan valid=1 map_v=111 frontier_v=111 zones(f/u)=298/237 observed=19977/35519 coverage=0.5624 voxels(f/o/u)=11935/6498/1544 active=12 reachable_unknown=147 route_nodes=160 preferred=16 cost=7.4ms[0m
 -- [TIMER] updateMap time consuming [32m 5.331348 ms[0m


[1;33m------------- <438> Plan Global Path start---------------[0m
[0m[INFO] [1784399112.289871912]: update topo skeleton cost: 7.775539ms, update odom vertex cost:69.983278ms [0m
[0m[INFO] [1784399112.313096062]: vp cluster cost: 2.232277ms  ,remove unreachable cost: 14.828353ms, select vp cost: 5.841220ms[0m
insert viewpoint to graph time: 21.3341 ms
[1;33m-------------Plan Global Path end-----------------[0m

total time cost: 122.968ms
viz&&print cost:0.046533ms
 -- [TIMER] updateMap time consuming [32m 5.593815 ms[0m
 -- [TIMER] updateMap time consuming [32m 5.092304 ms[0m


[1;33m------------- <439> Plan Global Path start---------------[0m
[0m[INFO] [1784399112.492159517]: update topo skeleton cost: 8.544186ms, update odom vertex cost:68.415062ms [0m
[0m[INFO] [1784399112.492194739]: [highspeed_exp adapter] safety map ready=1 rog_ready=1 cloud_size=9730[0m
[0m[INFO] [1784399112.512984639]: vp cluster cost: 1.894757ms  ,remove unreachable cost: 13.417156ms, select vp cost: 5.246073ms[0m
insert viewpoint to graph time: 21.6638 ms
[1;33m-------------Plan Global Path end-----------------[0m

total time cost: 120.032ms
viz&&print cost:0.033682ms
 -- [TIMER] updateMap time consuming [32m 5.957117 ms[0m
 -- [TIMER] updateMap time consuming [32m 5.201440 ms[0m


[1;33m------------- <440> Plan Global Path start---------------[0m
[0m[INFO] [1784399112.691024121]: update topo skeleton cost: 6.957478ms, update odom vertex cost:68.731252ms [0m
[0m[INFO] [1784399112.707088820]: [view score] cluster=1303 best_score=-1.94793 visible_gain=3 speed=0 corridor_cruise=0 hard_gate=0 rejected=0 top_k=1 known_free=1.2 clearance=1.02134 turn=0 selected_yaw=2.74889 current_yaw=-2.00655 yaw_delta=1.52774 heading_known_free=11.8 vp=(3.48182, -7.40909, 1.9)[0m
[0m[INFO] [1784399112.711443378]: vp cluster cost: 1.748578ms  ,remove unreachable cost: 13.552994ms, select vp cost: 4.882001ms[0m
insert viewpoint to graph time: 21.4942 ms
[1;33m-------------Plan Global Path end-----------------[0m

total time cost: 118.189ms
viz&&print cost:0.028922ms
 -- [TIMER] updateMap time consuming [32m 5.118185 ms[0m
 -- [TIMER] updateMap time consuming [32m 5.447375 ms[0m


[1;33m------------- <441> Plan Global Path start---------------[0m
[0m[INFO] [1784399112.902397454]: update topo skeleton cost: 8.002233ms, update odom vertex cost:70.735455ms [0m
[0m[INFO] [1784399112.926469186]: vp cluster cost: 2.482143ms  ,remove unreachable cost: 15.765781ms, select vp cost: 5.445595ms[0m
insert viewpoint to graph time: 22.7483 ms
[1;33m-------------Plan Global Path end-----------------[0m

total time cost: 126.401ms
viz&&print cost:0.073715ms
 -- [TIMER] updateMap time consuming [32m 6.151829 ms[0m
 -- [TIMER] updateMap time consuming [32m 5.237482 ms[0m


[1;33m------------- <442> Plan Global Path start---------------[0m
[0m[INFO] [1784399113.106785869]: update topo skeleton cost: 8.341793ms, update odom vertex cost:68.216484ms [0m
[0m[INFO] [1784399113.128297912]: vp cluster cost: 1.709485ms  ,remove unreachable cost: 14.158580ms, select vp cost: 5.374711ms[0m
insert viewpoint to graph time: 20.9041 ms
[1;33m-------------Plan Global Path end-----------------[0m

total time cost: 119.741ms
viz&&print cost:0.070714ms
[0m[INFO] [1784399113.150174216]: [cloud input] mode=approximate_sync points=10034 age=0.0586407s stamp_valid=1[0m
 -- [TIMER] updateMap time consuming [32m 5.375430 ms[0m
[0m[INFO] [1784399113.166753876]: cloud odom callback cost: map update:13.6988ms  update frontier clusters: 2.83378ms  total: 16.5326ms
[0m
 -- [TIMER] updateMap time consuming [32m 5.189439 ms[0m


[1;33m------------- <443> Plan Global Path start---------------[0m
[0m[INFO] [1784399113.315141599]: update topo skeleton cost: 6.288336ms, update odom vertex cost:68.744317ms [0m
[0m[INFO] [1784399113.332570311]: [view score] cluster=1303 best_score=-1.94793 visible_gain=3 speed=0 corridor_cruise=0 hard_gate=0 rejected=0 top_k=1 known_free=1.2 clearance=1.02134 turn=0 selected_yaw=2.74889 current_yaw=-2.00655 yaw_delta=1.52774 heading_known_free=11.8 vp=(3.48182, -7.40909, 1.9)[0m
[0m[INFO] [1784399113.337446381]: vp cluster cost: 2.412429ms  ,remove unreachable cost: 14.163140ms, select vp cost: 5.425434ms[0m
insert viewpoint to graph time: 21.4754 ms
[1;33m-------------Plan Global Path end-----------------[0m

total time cost: 119.467ms
viz&&print cost:0.055493ms
[0m[INFO] [1784399111.798467470]: Publish local map size: 9654[0m
[0m[INFO] [1784399112.897100498]: Publish local map size: 10154[0m
 -- [MARSIM] Running FPS: 206.163
 -- [TIMER] updateMap time consuming [32m 4.886930 ms[0m
 -- [TIMER] updateMap time consuming [32m 5.100353 ms[0m


[1;33m------------- <444> Plan Global Path start---------------[0m
[0m[INFO] [1784399113.526853195]: update topo skeleton cost: 8.356274ms, update odom vertex cost:68.800489ms [0m
[0m[INFO] [1784399113.548901291]: vp cluster cost: 1.870125ms  ,remove unreachable cost: 13.998020ms, select vp cost: 5.846150ms[0m
insert viewpoint to graph time: 21.2188 ms
[1;33m-------------Plan Global Path end-----------------[0m

total time cost: 121.041ms
viz&&print cost:0.036432ms
 -- [TIMER] updateMap time consuming [32m 6.145468 ms[0m
 -- [TIMER] updateMap time consuming [32m 5.498008 ms[0m


[1;33m------------- <445> Plan Global Path start---------------[0m
[0m[INFO] [1784399113.727822361]: update topo skeleton cost: 8.512343ms, update odom vertex cost:68.415506ms [0m
[0m[INFO] [1784399113.750329945]: vp cluster cost: 1.993512ms  ,remove unreachable cost: 13.052703ms, select vp cost: 7.145179ms[0m
insert viewpoint to graph time: 20.9525 ms
[1;33m-------------Plan Global Path end-----------------[0m

total time cost: 120.994ms
viz&&print cost:0.038342ms
 -- [TIMER] updateMap time consuming [32m 6.121247 ms[0m
 -- [TIMER] updateMap time consuming [32m 5.367459 ms[0m


[1;33m------------- <446> Plan Global Path start---------------[0m
[0m[INFO] [1784399113.926834047]: update topo skeleton cost: 6.354281ms, update odom vertex cost:68.469779ms [0m
[0m[INFO] [1784399113.943341542]: [view score] cluster=1303 best_score=-1.94793 visible_gain=3 speed=0 corridor_cruise=0 hard_gate=0 rejected=0 top_k=1 known_free=1.2 clearance=1.02134 turn=0 selected_yaw=2.74889 current_yaw=-2.00655 yaw_delta=1.52774 heading_known_free=11.8 vp=(3.48182, -7.40909, 1.9)[0m
[0m[INFO] [1784399113.947848359]: vp cluster cost: 1.786890ms  ,remove unreachable cost: 13.883124ms, select vp cost: 5.034789ms[0m
insert viewpoint to graph time: 22.1992 ms
[1;33m-------------Plan Global Path end-----------------[0m

total time cost: 118.626ms
[0m[INFO] [1784399113.970651401]: [frontier storage] labels=8266/7517 normals=216/823 clusters=17 terminal=0 cluster_cells(cap)=178 candidates(cap)=21 derived_viewpoints(cap)=0 estimated_kb=147.385 revision=322 audit_ready=0[0m
viz&&print cost:0.061894ms
 -- [TIMER] updateMap time consuming [32m 5.507968 ms[0m
 -- [TIMER] updateMap time consuming [32m 4.943553 ms[0m


[1;33m------------- <447> Plan Global Path start---------------[0m
[0m[INFO] [1784399114.136305243]: update topo skeleton cost: 7.352522ms, update odom vertex cost:68.167215ms [0m
[0m[INFO] [1784399114.156611270]: vp cluster cost: 1.721286ms  ,remove unreachable cost: 13.006738ms, select vp cost: 5.307716ms[0m
insert viewpoint to graph time: 20.6611 ms
[1;33m-------------Plan Global Path end-----------------[0m

total time cost: 117.07ms
viz&&print cost:0.024912ms
[0m[INFO] [1784399114.177931819]: [cloud input] mode=approximate_sync points=10148 age=0.0864188s stamp_valid=1[0m
 -- [TIMER] updateMap time consuming [32m 5.290135 ms[0m
[0m[INFO] [1784399114.195270684]: cloud odom callback cost: map update:14.1523ms  update frontier clusters: 3.14982ms  total: 17.3021ms
[0m
[0m[INFO] [1784399114.202979757]: [coverage guidance] plan valid=1 map_v=113 frontier_v=113 zones(f/u)=298/237 observed=19977/35519 coverage=0.5624 voxels(f/o/u)=11935/6498/1544 active=12 reachable_unknown=147 route_nodes=160 preferred=16 cost=7.7ms[0m
 -- [TIMER] updateMap time consuming [32m 4.818256 ms[0m


[1;33m------------- <448> Plan Global Path start---------------[0m
[0m[INFO] [1784399114.343915880]: update topo skeleton cost: 7.630678ms, update odom vertex cost:68.336876ms [0m
[0m[INFO] [1784399114.365312253]: vp cluster cost: 1.729406ms  ,remove unreachable cost: 14.285507ms, select vp cost: 5.117054ms[0m
insert viewpoint to graph time: 22.0645 ms
[1;33m-------------Plan Global Path end-----------------[0m

total time cost: 120.089ms
viz&&print cost:0.026771ms
 -- [TIMER] updateMap time consuming [32m 5.465066 ms[0m
 -- [TIMER] updateMap time consuming [32m 5.757614 ms[0m


[1;33m------------- <449> Plan Global Path start---------------[0m
[0m[INFO] [1784399114.546141475]: update topo skeleton cost: 6.873812ms, update odom vertex cost:69.033908ms [0m
[0m[INFO] [1784399114.546175007]: [highspeed_exp adapter] safety map ready=1 rog_ready=1 cloud_size=9913[0m
[0m[INFO] [1784399114.563099096]: [view score] cluster=1303 best_score=-1.94793 visible_gain=3 speed=0 corridor_cruise=0 hard_gate=0 rejected=0 top_k=1 known_free=1.2 clearance=1.02134 turn=0 selected_yaw=2.74889 current_yaw=-2.00655 yaw_delta=1.52774 heading_known_free=11.8 vp=(3.48182, -7.40909, 1.9)[0m
[0m[INFO] [1784399114.567660236]: vp cluster cost: 1.940389ms  ,remove unreachable cost: 14.213822ms, select vp cost: 5.103734ms[0m
insert viewpoint to graph time: 22.5276 ms
[1;33m-------------Plan Global Path end-----------------[0m

total time cost: 120.729ms
viz&&print cost:0.041613ms
 -- [TIMER] updateMap time consuming [32m 5.413792 ms[0m
 -- [TIMER] updateMap time consuming [32m 5.516309 ms[0m


[1;33m------------- <450> Plan Global Path start---------------[0m
[0m[INFO] [1784399114.748944406]: update topo skeleton cost: 6.190350ms, update odom vertex cost:69.669117ms [0m
[0m[INFO] [1784399114.770473558]: vp cluster cost: 1.963070ms  ,remove unreachable cost: 14.217773ms, select vp cost: 5.065901ms[0m
insert viewpoint to graph time: 21.1636 ms
[1;33m-------------Plan Global Path end-----------------[0m

total time cost: 119.219ms
viz&&print cost:0.025292ms
 -- [TIMER] updateMap time consuming [32m 5.357519 ms[0m
 -- [TIMER] updateMap time consuming [32m 4.977436 ms[0m


[1;33m------------- <451> Plan Global Path start---------------[0m
[0m[INFO] [1784399114.958497812]: update topo skeleton cost: 6.830110ms, update odom vertex cost:68.636114ms [0m
[0m[INFO] [1784399114.978992560]: vp cluster cost: 1.748718ms  ,remove unreachable cost: 13.127886ms, select vp cost: 5.356439ms[0m
insert viewpoint to graph time: 22.5076 ms
[1;33m-------------Plan Global Path end-----------------[0m

total time cost: 119.244ms
viz&&print cost:0.050173ms
 -- [TIMER] updateMap time consuming [32m 5.927553 ms[0m


[1;33m------------- <452> Plan Global Path start---------------[0m
[0m[INFO] [1784399115.168863053]: update topo skeleton cost: 8.091736ms, update odom vertex cost:68.379072ms [0m
[0m[INFO] [1784399115.184700544]: [view score] cluster=1303 best_score=-1.94793 visible_gain=3 speed=0 corridor_cruise=0 hard_gate=0 rejected=0 top_k=1 known_free=1.2 clearance=1.02134 turn=0 selected_yaw=2.74889 current_yaw=-2.00655 yaw_delta=1.52774 heading_known_free=11.8 vp=(3.48182, -7.40909, 1.9)[0m
[0m[INFO] [1784399115.189603064]: vp cluster cost: 1.738317ms  ,remove unreachable cost: 13.216750ms, select vp cost: 5.505917ms[0m
insert viewpoint to graph time: 20.5763 ms
[1;33m-------------Plan Global Path end-----------------[0m

total time cost: 118.538ms
viz&&print cost:0.027202ms
[0m[INFO] [1784399115.211005456]: [cloud input] mode=approximate_sync points=9968 age=0.0194961s stamp_valid=1[0m
 -- [TIMER] updateMap time consuming [32m 5.376600 ms[0m
[0m[INFO] [1784399115.227823358]: cloud odom callback cost: map update:13.9251ms  update frontier clusters: 2.85729ms  total: 16.7824ms
[0m
 -- [TIMER] updateMap time consuming [32m 5.061191 ms[0m


[1;33m------------- <453> Plan Global Path start---------------[0m
[0m[INFO] [1784399115.388485948]: update topo skeleton cost: 7.879563ms, update odom vertex cost:68.362712ms [0m
[0m[INFO] [1784399115.409004895]: vp cluster cost: 1.734636ms  ,remove unreachable cost: 13.291505ms, select vp cost: 5.183938ms[0m
insert viewpoint to graph time: 23.5044 ms
[1;33m-------------Plan Global Path end-----------------[0m

total time cost: 120.876ms
viz&&print cost:0.041602ms
 -- [TIMER] updateMap time consuming [32m 4.911461 ms[0m
 -- [TIMER] updateMap time consuming [32m 5.108433 ms[0m


[1;33m------------- <454> Plan Global Path start---------------[0m
[0m[INFO] [1784399113.996543562]: Publish local map size: 9504[0m
[0m[INFO] [1784399114.996916601]: Publish local map size: 9970[0m
 -- [MARSIM] Running FPS: 215.207
[0m[INFO] [1784399115.588136878]: update topo skeleton cost: 7.094605ms, update odom vertex cost:68.356301ms [0m
[0m[INFO] [1784399115.608639305]: vp cluster cost: 1.748247ms  ,remove unreachable cost: 13.600294ms, select vp cost: 4.897550ms[0m
insert viewpoint to graph time: 21.0723 ms
[1;33m-------------Plan Global Path end-----------------[0m

total time cost: 117.645ms
viz&&print cost:0.036712ms
 -- [TIMER] updateMap time consuming [32m 5.691059 ms[0m
 -- [TIMER] updateMap time consuming [32m 5.430673 ms[0m


[1;33m------------- <455> Plan Global Path start---------------[0m
[0m[INFO] [1784399115.795785778]: update topo skeleton cost: 7.102355ms, update odom vertex cost:68.249315ms [0m
[0m[INFO] [1784399115.811581437]: [view score] cluster=1303 best_score=-1.94793 visible_gain=3 speed=0 corridor_cruise=0 hard_gate=0 rejected=0 top_k=1 known_free=1.2 clearance=1.02134 turn=0 selected_yaw=2.74889 current_yaw=-2.00655 yaw_delta=1.52774 heading_known_free=11.8 vp=(3.48182, -7.40909, 1.9)[0m
[0m[INFO] [1784399115.815889471]: vp cluster cost: 1.779259ms  ,remove unreachable cost: 13.029058ms, select vp cost: 5.030109ms[0m
insert viewpoint to graph time: 21.0411 ms
[1;33m-------------Plan Global Path end-----------------[0m

total time cost: 117.09ms
viz&&print cost:0.028292ms
 -- [TIMER] updateMap time consuming [32m 6.190240 ms[0m
 -- [TIMER] updateMap time consuming [32m 5.043809 ms[0m


[1;33m------------- <456> Plan Global Path start---------------[0m
[0m[INFO] [1784399116.003704996]: update topo skeleton cost: 7.582725ms, update odom vertex cost:68.514871ms [0m
[0m[INFO] [1784399116.029163174]: vp cluster cost: 1.768238ms  ,remove unreachable cost: 16.088175ms, select vp cost: 7.340940ms[0m
insert viewpoint to graph time: 22.5084 ms
[1;33m-------------Plan Global Path end-----------------[0m

total time cost: 124.892ms
viz&&print cost:0.072434ms
 -- [TIMER] updateMap time consuming [32m 5.107463 ms[0m
 -- [TIMER] updateMap time consuming [32m 5.159406 ms[0m


[1;33m------------- <457> Plan Global Path start---------------[0m
[0m[INFO] [1784399116.207299480]: update topo skeleton cost: 6.276254ms, update odom vertex cost:68.377266ms [0m
[0m[INFO] [1784399116.229486438]: vp cluster cost: 1.851773ms  ,remove unreachable cost: 14.607204ms, select vp cost: 5.463015ms[0m
insert viewpoint to graph time: 20.948 ms
[1;33m-------------Plan Global Path end-----------------[0m

total time cost: 118.572ms
viz&&print cost:0.064114ms
[0m[INFO] [1784399116.251387139]: [cloud input] mode=approximate_sync points=9227 age=0.0598506s stamp_valid=1[0m
 -- [TIMER] updateMap time consuming [32m 5.230171 ms[0m
[0m[INFO] [1784399116.267396579]: cloud odom callback cost: map update:13.1699ms  update frontier clusters: 2.7858ms  total: 15.9558ms
[0m
[0m[INFO] [1784399116.275146494]: [coverage guidance] plan valid=1 map_v=115 frontier_v=115 zones(f/u)=298/237 observed=19977/35519 coverage=0.5624 voxels(f/o/u)=11935/6498/1544 active=12 reachable_unknown=147 route_nodes=160 preferred=16 cost=7.7ms[0m
 -- [TIMER] updateMap time consuming [32m 5.138694 ms[0m


[1;33m------------- <458> Plan Global Path start---------------[0m
[0m[INFO] [1784399116.418461278]: update topo skeleton cost: 8.119417ms, update odom vertex cost:68.980993ms [0m
[0m[INFO] [1784399116.436202484]: [view score] cluster=1303 best_score=-1.94793 visible_gain=3 speed=0 corridor_cruise=0 hard_gate=0 rejected=0 top_k=1 known_free=1.2 clearance=1.02134 turn=0 selected_yaw=2.74889 current_yaw=-2.00655 yaw_delta=1.52774 heading_known_free=11.8 vp=(3.48182, -7.40909, 1.9)[0m
[0m[INFO] [1784399116.442639258]: vp cluster cost: 2.343133ms  ,remove unreachable cost: 14.154527ms, select vp cost: 7.240783ms[0m
insert viewpoint to graph time: 25.2428 ms
[1;33m-------------Plan Global Path end-----------------[0m

total time cost: 127.199ms
viz&&print cost:0.029812ms
 -- [TIMER] updateMap time consuming [32m 5.058760 ms[0m
 -- [TIMER] updateMap time consuming [32m 5.450224 ms[0m


[1;33m------------- <459> Plan Global Path start---------------[0m
[0m[INFO] [1784399116.626443001]: update topo skeleton cost: 8.603617ms, update odom vertex cost:69.180185ms [0m
[0m[INFO] [1784399116.626470102]: [highspeed_exp adapter] safety map ready=1 rog_ready=1 cloud_size=9877[0m
[0m[INFO] [1784399116.646496669]: vp cluster cost: 2.039725ms  ,remove unreachable cost: 12.548188ms, select vp cost: 5.177327ms[0m
insert viewpoint to graph time: 21.9745 ms
[1;33m-------------Plan Global Path end-----------------[0m

total time cost: 120.392ms
viz&&print cost:0.035512ms
 -- [TIMER] updateMap time consuming [32m 5.341787 ms[0m
 -- [TIMER] updateMap time consuming [32m 5.247401 ms[0m


[1;33m------------- <460> Plan Global Path start---------------[0m
[0m[INFO] [1784399116.825920033]: update topo skeleton cost: 7.824679ms, update odom vertex cost:68.926870ms [0m
[0m[INFO] [1784399116.846373956]: vp cluster cost: 1.726365ms  ,remove unreachable cost: 12.618883ms, select vp cost: 5.854549ms[0m
insert viewpoint to graph time: 21.181 ms
[1;33m-------------Plan Global Path end-----------------[0m

total time cost: 119.04ms
viz&&print cost:0.042012ms
 -- [TIMER] updateMap time consuming [32m 5.344887 ms[0m
 -- [TIMER] updateMap time consuming [32m 5.067181 ms[0m


[1;33m------------- <461> Plan Global Path start---------------[0m
[0m[INFO] [1784399117.034602707]: update topo skeleton cost: 8.171420ms, update odom vertex cost:68.121348ms [0m
[0m[INFO] [1784399117.049912902]: [view score] cluster=1303 best_score=-1.94793 visible_gain=3 speed=0 corridor_cruise=0 hard_gate=0 rejected=0 top_k=1 known_free=1.2 clearance=1.02134 turn=0 selected_yaw=2.74889 current_yaw=-2.00655 yaw_delta=1.52774 heading_known_free=11.8 vp=(3.48182, -7.40909, 1.9)[0m
[0m[INFO] [1784399117.054452210]: vp cluster cost: 1.751336ms  ,remove unreachable cost: 12.642243ms, select vp cost: 5.204958ms[0m
insert viewpoint to graph time: 21.0687 ms
[1;33m-------------Plan Global Path end-----------------[0m

total time cost: 117.767ms
viz&&print cost:0.034272ms
 -- [TIMER] updateMap time consuming [32m 5.473095 ms[0m
 -- [TIMER] updateMap time consuming [32m 5.155195 ms[0m


[1;33m------------- <462> Plan Global Path start---------------[0m
[0m[INFO] [1784399117.242405981]: update topo skeleton cost: 7.945435ms, update odom vertex cost:68.269504ms [0m
[0m[INFO] [1784399117.263485720]: vp cluster cost: 1.761648ms  ,remove unreachable cost: 13.980765ms, select vp cost: 5.058879ms[0m
insert viewpoint to graph time: 21.9051 ms
[1;33m-------------Plan Global Path end-----------------[0m

total time cost: 120.082ms
viz&&print cost:0.055393ms
[0m[INFO] [1784399117.286378289]: [cloud input] mode=approximate_sync points=9665 age=0.0948633s stamp_valid=1[0m
 -- [TIMER] updateMap time consuming [32m 5.732780 ms[0m
[0m[INFO] [1784399117.302969743]: cloud odom callback cost: map update:13.685ms  update frontier clusters: 2.86255ms  total: 16.5476ms
[0m
 -- [TIMER] updateMap time consuming [32m 5.594182 ms[0m


[1;33m------------- <463> Plan Global Path start---------------[0m
[0m[INFO] [1784399117.446475437]: update topo skeleton cost: 7.852210ms, update odom vertex cost:69.173959ms [0m
[0m[INFO] [1784399117.468235117]: vp cluster cost: 2.028634ms  ,remove unreachable cost: 14.398690ms, select vp cost: 5.011156ms[0m
insert viewpoint to graph time: 21.0729 ms
[1;33m-------------Plan Global Path end-----------------[0m

total time cost: 120.553ms
viz&&print cost:0.047883ms
 -- [TIMER] updateMap time consuming [32m 5.587112 ms[0m
 -- [TIMER] updateMap time consuming [32m 5.403580 ms[0m


[1;33m------------- <464> Plan Global Path start---------------[0m
[0m[INFO] [1784399117.648183628]: update topo skeleton cost: 7.496658ms, update odom vertex cost:69.113305ms [0m
[0m[INFO] [1784399117.665307085]: [view score] cluster=1303 best_score=-1.94793 visible_gain=3 speed=0 corridor_cruise=0 hard_gate=0 rejected=0 top_k=1 known_free=1.2 clearance=1.02134 turn=0 selected_yaw=2.74889 current_yaw=-2.00655 yaw_delta=1.52774 heading_known_free=11.8 vp=(3.48182, -7.40909, 1.9)[0m
[0m[INFO] [1784399117.670662053]: vp cluster cost: 1.960870ms  ,remove unreachable cost: 14.352318ms, select vp cost: 5.903251ms[0m
insert viewpoint to graph time: 21.0062 ms
[1;33m-------------Plan Global Path end-----------------[0m

total time cost: 120.744ms
viz&&print cost:0.025661ms
[0m[INFO] [1784399116.096483385]: Publish local map size: 9893[0m
[0m[INFO] [1784399117.097046014]: Publish local map size: 9384[0m
 -- [MARSIM] Running FPS: 203.07
 -- [TIMER] updateMap time consuming [32m 5.225460 ms[0m
 -- [TIMER] updateMap time consuming [32m 5.260332 ms[0m


[1;33m------------- <465> Plan Global Path start---------------[0m
[0m[INFO] [1784399117.849169936]: update topo skeleton cost: 6.820257ms, update odom vertex cost:68.808927ms [0m
[0m[INFO] [1784399117.871908786]: vp cluster cost: 2.689884ms  ,remove unreachable cost: 14.038198ms, select vp cost: 5.671637ms[0m
insert viewpoint to graph time: 22.4172 ms
[1;33m-------------Plan Global Path end-----------------[0m

total time cost: 121.564ms
viz&&print cost:0.050343ms
 -- [TIMER] updateMap time consuming [32m 5.097982 ms[0m
 -- [TIMER] updateMap time consuming [32m 5.822976 ms[0m


[1;33m------------- <466> Plan Global Path start---------------[0m
[0m[INFO] [1784399118.053894057]: update topo skeleton cost: 7.923414ms, update odom vertex cost:69.342505ms [0m
[0m[INFO] [1784399118.075914562]: vp cluster cost: 1.972781ms  ,remove unreachable cost: 13.309682ms, select vp cost: 6.458864ms[0m
insert viewpoint to graph time: 22.5286 ms
[1;33m-------------Plan Global Path end-----------------[0m

total time cost: 122.462ms
viz&&print cost:0.036852ms
 -- [TIMER] updateMap time consuming [32m 5.193097 ms[0m


[1;33m------------- <467> Plan Global Path start---------------[0m
[0m[INFO] [1784399118.256509497]: update topo skeleton cost: 7.940495ms, update odom vertex cost:69.356434ms [0m
[0m[INFO] [1784399118.271604779]: [view score] cluster=1303 best_score=-1.94793 visible_gain=3 speed=0 corridor_cruise=0 hard_gate=0 rejected=0 top_k=1 known_free=1.2 clearance=1.02134 turn=0 selected_yaw=2.74889 current_yaw=-2.00655 yaw_delta=1.52774 heading_known_free=11.8 vp=(3.48182, -7.40909, 1.9)[0m
[0m[INFO] [1784399118.276011838]: vp cluster cost: 1.728405ms  ,remove unreachable cost: 12.546266ms, select vp cost: 4.933672ms[0m
insert viewpoint to graph time: 22.5022 ms
[1;33m-------------Plan Global Path end-----------------[0m

total time cost: 120.078ms
viz&&print cost:0.036572ms
[0m[INFO] [1784399118.299377484]: [cloud input] mode=approximate_sync points=10083 age=0.0078696s stamp_valid=1[0m
 -- [TIMER] updateMap time consuming [32m 5.188937 ms[0m
[0m[INFO] [1784399118.315679479]: cloud odom callback cost: map update:13.1276ms  update frontier clusters: 3.13104ms  total: 16.2587ms
[0m
[0m[INFO] [1784399118.323288174]: [coverage guidance] plan valid=1 map_v=117 frontier_v=117 zones(f/u)=298/237 observed=19977/35519 coverage=0.5624 voxels(f/o/u)=11935/6498/1544 active=12 reachable_unknown=147 route_nodes=160 preferred=16 cost=7.6ms[0m


[1;33m------------- <468> Plan Global Path start---------------[0m
[0m[INFO] [1784399118.456465615]: update topo skeleton cost: 8.715842ms, update odom vertex cost:68.354163ms [0m
[0m[INFO] [1784399118.476637046]: vp cluster cost: 1.755677ms  ,remove unreachable cost: 13.194725ms, select vp cost: 4.967394ms[0m
insert viewpoint to graph time: 26.3081 ms
[1;33m-------------Plan Global Path end-----------------[0m

total time cost: 124.178ms
viz&&print cost:0.041382ms
 -- [TIMER] updateMap time consuming [32m 5.162525 ms[0m


[1;33m------------- <469> Plan Global Path start---------------[0m
[0m[INFO] [1784399118.660008271]: update topo skeleton cost: 8.217422ms, update odom vertex cost:68.109588ms [0m
[0m[INFO] [1784399118.660041733]: [highspeed_exp adapter] safety map ready=1 rog_ready=1 cloud_size=9004[0m
[0m[INFO] [1784399118.681023564]: vp cluster cost: 2.075757ms  ,remove unreachable cost: 12.645302ms, select vp cost: 5.942582ms[0m
insert viewpoint to graph time: 23.2849 ms
[1;33m-------------Plan Global Path end-----------------[0m

total time cost: 121.292ms
viz&&print cost:0.044273ms
 -- [TIMER] updateMap time consuming [32m 6.087701 ms[0m


[1;33m------------- <470> Plan Global Path start---------------[0m
[0m[INFO] [1784399118.860450098]: update topo skeleton cost: 6.830748ms, update odom vertex cost:68.524833ms [0m
[0m[INFO] [1784399118.875977466]: [view score] cluster=1303 best_score=-1.94793 visible_gain=3 speed=0 corridor_cruise=0 hard_gate=0 rejected=0 top_k=1 known_free=1.2 clearance=1.02134 turn=0 selected_yaw=2.74889 current_yaw=-2.00655 yaw_delta=1.52774 heading_known_free=11.8 vp=(3.48182, -7.40909, 1.9)[0m
[0m[INFO] [1784399118.882433100]: vp cluster cost: 1.951669ms  ,remove unreachable cost: 12.782500ms, select vp cost: 6.976446ms[0m
insert viewpoint to graph time: 21.4179 ms
[1;33m-------------Plan Global Path end-----------------[0m

total time cost: 119.4ms
viz&&print cost:0.045143ms
 -- [TIMER] updateMap time consuming [32m 6.259892 ms[0m


[1;33m------------- <471> Plan Global Path start---------------[0m
[0m[INFO] [1784399119.069320204]: update topo skeleton cost: 6.387460ms, update odom vertex cost:68.302104ms [0m
[0m[INFO] [1784399119.091105062]: vp cluster cost: 1.749827ms  ,remove unreachable cost: 14.652353ms, select vp cost: 5.101811ms[0m
insert viewpoint to graph time: 21.5562 ms
[1;33m-------------Plan Global Path end-----------------[0m

total time cost: 118.741ms
[0m[INFO] [1784399119.113423413]: [frontier storage] labels=8266/7517 normals=216/823 clusters=17 terminal=0 cluster_cells(cap)=178 candidates(cap)=21 derived_viewpoints(cap)=0 estimated_kb=147.385 revision=322 audit_ready=0[0m
viz&&print cost:0.105836ms
 -- [TIMER] updateMap time consuming [32m 5.319004 ms[0m
 -- [TIMER] updateMap time consuming [32m 5.449302 ms[0m


[1;33m------------- <472> Plan Global Path start---------------[0m
[0m[INFO] [1784399119.288160205]: update topo skeleton cost: 6.875099ms, update odom vertex cost:69.218530ms [0m
[0m[INFO] [1784399119.309149195]: vp cluster cost: 1.753177ms  ,remove unreachable cost: 13.688564ms, select vp cost: 5.224849ms[0m
insert viewpoint to graph time: 21.5996 ms
[1;33m-------------Plan Global Path end-----------------[0m

total time cost: 119.352ms
viz&&print cost:0.029751ms
[0m[INFO] [1784399119.331498657]: [cloud input] mode=approximate_sync points=9711 age=0.0399763s stamp_valid=1[0m
 -- [TIMER] updateMap time consuming [32m 5.441541 ms[0m
[0m[INFO] [1784399119.347683404]: cloud odom callback cost: map update:13.2253ms  update frontier clusters: 2.91647ms  total: 16.1418ms
[0m
 -- [TIMER] updateMap time consuming [32m 5.443372 ms[0m


[1;33m------------- <473> Plan Global Path start---------------[0m
[0m[INFO] [1784399119.489006530]: update topo skeleton cost: 8.342528ms, update odom vertex cost:68.199298ms [0m
[0m[INFO] [1784399119.505280732]: [view score] cluster=1303 best_score=-1.94793 visible_gain=3 speed=0 corridor_cruise=0 hard_gate=0 rejected=0 top_k=1 known_free=1.2 clearance=1.02134 turn=0 selected_yaw=2.74889 current_yaw=-2.00655 yaw_delta=1.52774 heading_known_free=11.8 vp=(3.48182, -7.40909, 1.9)[0m
[0m[INFO] [1784399119.509749384]: vp cluster cost: 1.729506ms  ,remove unreachable cost: 13.754628ms, select vp cost: 5.005705ms[0m
insert viewpoint to graph time: 23.0679 ms
[1;33m-------------Plan Global Path end-----------------[0m

total time cost: 120.919ms
viz&&print cost:0.037173ms
 -- [TIMER] updateMap time consuming [32m 5.645364 ms[0m
 -- [TIMER] updateMap time consuming [32m 5.042828 ms[0m


[1;33m------------- <474> Plan Global Path start---------------[0m
[0m[INFO] [1784399118.097836110]: Publish local map size: 9543[0m
[0m[INFO] [1784399119.196413252]: Publish local map size: 9977[0m
 -- [MARSIM] Running FPS: 194.631
[0m[INFO] [1784399119.689479171]: update topo skeleton cost: 7.631176ms, update odom vertex cost:68.353606ms [0m
[0m[INFO] [1784399119.710380005]: vp cluster cost: 1.877025ms  ,remove unreachable cost: 13.627631ms, select vp cost: 5.113481ms[0m
insert viewpoint to graph time: 20.9773 ms
[1;33m-------------Plan Global Path end-----------------[0m

total time cost: 118.459ms
viz&&print cost:0.037882ms
 -- [TIMER] updateMap time consuming [32m 5.127703 ms[0m
 -- [TIMER] updateMap time consuming [32m 5.279072 ms[0m


[1;33m------------- <475> Plan Global Path start---------------[0m
[0m[INFO] [1784399119.896595868]: update topo skeleton cost: 6.324675ms, update odom vertex cost:68.203608ms [0m
[0m[INFO] [1784399119.916778089]: vp cluster cost: 1.749747ms  ,remove unreachable cost: 13.107239ms, select vp cost: 5.037708ms[0m
insert viewpoint to graph time: 21.4494 ms
[1;33m-------------Plan Global Path end-----------------[0m

total time cost: 116.851ms
viz&&print cost:0.027512ms
 -- [TIMER] updateMap time consuming [32m 5.938592 ms[0m
 -- [TIMER] updateMap time consuming [32m 5.406589 ms[0m


[1;33m------------- <476> Plan Global Path start---------------[0m
[0m[INFO] [1784399120.105031256]: update topo skeleton cost: 7.508077ms, update odom vertex cost:68.514581ms [0m
[0m[INFO] [1784399120.121623086]: [view score] cluster=1303 best_score=-1.94793 visible_gain=3 speed=0 corridor_cruise=0 hard_gate=0 rejected=0 top_k=1 known_free=1.2 clearance=1.02134 turn=0 selected_yaw=2.74889 current_yaw=-2.00655 yaw_delta=1.52774 heading_known_free=11.8 vp=(3.48182, -7.40909, 1.9)[0m
[0m[INFO] [1784399120.126175083]: vp cluster cost: 1.808760ms  ,remove unreachable cost: 13.944258ms, select vp cost: 5.144434ms[0m
insert viewpoint to graph time: 21.1779 ms
[1;33m-------------Plan Global Path end-----------------[0m

total time cost: 118.987ms
viz&&print cost:0.047633ms
 -- [TIMER] updateMap time consuming [32m 5.373337 ms[0m
 -- [TIMER] updateMap time consuming [32m 5.087480 ms[0m


[1;33m------------- <477> Plan Global Path start---------------[0m
[0m[INFO] [1784399120.313926223]: update topo skeleton cost: 6.948623ms, update odom vertex cost:68.866412ms [0m
[0m[INFO] [1784399120.335898431]: vp cluster cost: 2.102568ms  ,remove unreachable cost: 14.139041ms, select vp cost: 5.421080ms[0m
insert viewpoint to graph time: 21.4734 ms
[1;33m-------------Plan Global Path end-----------------[0m

total time cost: 119.891ms
viz&&print cost:0.039352ms
[0m[INFO] [1784399120.358082212]: [cloud input] mode=approximate_sync points=9963 age=0.0665704s stamp_valid=1[0m
 -- [TIMER] updateMap time consuming [32m 5.194206 ms[0m
[0m[INFO] [1784399120.373953758]: cloud odom callback cost: map update:12.8983ms  update frontier clusters: 2.93591ms  total: 15.8342ms
[0m
[0m[INFO] [1784399120.381477316]: [coverage guidance] plan valid=1 map_v=119 frontier_v=119 zones(f/u)=298/237 observed=19977/35519 coverage=0.5624 voxels(f/o/u)=11935/6498/1544 active=12 reachable_unknown=147 route_nodes=160 preferred=16 cost=7.5ms[0m
 -- [TIMER] updateMap time consuming [32m 5.044187 ms[0m


[1;33m------------- <478> Plan Global Path start---------------[0m
[0m[INFO] [1784399120.525233007]: update topo skeleton cost: 8.576772ms, update odom vertex cost:68.538923ms [0m
[0m[INFO] [1784399120.548717547]: vp cluster cost: 2.214055ms  ,remove unreachable cost: 14.432999ms, select vp cost: 6.523847ms[0m
insert viewpoint to graph time: 25.9517 ms
[1;33m-------------Plan Global Path end-----------------[0m

total time cost: 127.157ms
viz&&print cost:0.034592ms
 -- [TIMER] updateMap time consuming [32m 5.261640 ms[0m
 -- [TIMER] updateMap time consuming [32m 4.946792 ms[0m


[1;33m------------- <479> Plan Global Path start---------------[0m
[0m[INFO] [1784399120.730262939]: update topo skeleton cost: 6.594101ms, update odom vertex cost:68.277747ms [0m
[0m[INFO] [1784399120.730291391]: [highspeed_exp adapter] safety map ready=1 rog_ready=1 cloud_size=9184[0m
[0m[INFO] [1784399120.745651536]: [view score] cluster=1303 best_score=-1.94793 visible_gain=3 speed=0 corridor_cruise=0 hard_gate=0 rejected=0 top_k=1 known_free=1.2 clearance=1.02134 turn=0 selected_yaw=2.74889 current_yaw=-2.00655 yaw_delta=1.52774 heading_known_free=11.8 vp=(3.48182, -7.40909, 1.9)[0m
[0m[INFO] [1784399120.750186383]: vp cluster cost: 1.768188ms  ,remove unreachable cost: 12.608457ms, select vp cost: 5.278702ms[0m
insert viewpoint to graph time: 20.7502 ms
[1;33m-------------Plan Global Path end-----------------[0m

total time cost: 116.21ms
viz&&print cost:0.042963ms
 -- [TIMER] updateMap time consuming [32m 5.938502 ms[0m
 -- [TIMER] updateMap time consuming [32m 5.184356 ms[0m


[1;33m------------- <480> Plan Global Path start---------------[0m
[0m[INFO] [1784399120.938500617]: update topo skeleton cost: 8.518548ms, update odom vertex cost:68.259766ms [0m
[0m[INFO] [1784399120.958866276]: vp cluster cost: 1.700013ms  ,remove unreachable cost: 13.179992ms, select vp cost: 5.224088ms[0m
insert viewpoint to graph time: 20.5757 ms
[1;33m-------------Plan Global Path end-----------------[0m

total time cost: 118.295ms
viz&&print cost:0.038662ms
 -- [TIMER] updateMap time consuming [32m 7.351238 ms[0m
 -- [TIMER] updateMap time consuming [32m 5.359026 ms[0m


[1;33m------------- <481> Plan Global Path start---------------[0m
[0m[INFO] [1784399121.138858222]: update topo skeleton cost: 5.992604ms, update odom vertex cost:68.216277ms [0m
[0m[INFO] [1784399121.158528648]: vp cluster cost: 1.690003ms  ,remove unreachable cost: 12.766686ms, select vp cost: 4.959691ms[0m
insert viewpoint to graph time: 20.8206 ms
[1;33m-------------Plan Global Path end-----------------[0m

total time cost: 115.397ms
viz&&print cost:0.036302ms
 -- [TIMER] updateMap time consuming [32m 5.021155 ms[0m
 -- [TIMER] updateMap time consuming [32m 5.370467 ms[0m


[1;33m------------- <482> Plan Global Path start---------------[0m
[0m[INFO] [1784399121.345723628]: update topo skeleton cost: 6.253950ms, update odom vertex cost:69.314754ms [0m
[0m[INFO] [1784399121.362840149]: [view score] cluster=1303 best_score=-1.94793 visible_gain=3 speed=0 corridor_cruise=0 hard_gate=0 rejected=0 top_k=1 known_free=1.2 clearance=1.02134 turn=0 selected_yaw=2.74889 current_yaw=-2.00655 yaw_delta=1.52774 heading_known_free=11.8 vp=(3.48182, -7.40909, 1.9)[0m
[0m[INFO] [1784399121.367317481]: vp cluster cost: 1.867974ms  ,remove unreachable cost: 14.296809ms, select vp cost: 5.114621ms[0m
insert viewpoint to graph time: 21.0197 ms
[1;33m-------------Plan Global Path end-----------------[0m

total time cost: 118.84ms
viz&&print cost:0.028711ms
[0m[INFO] [1784399121.389069054]: [cloud input] mode=approximate_sync points=9968 age=0.0975598s stamp_valid=1[0m
 -- [TIMER] updateMap time consuming [32m 5.468282 ms[0m
[0m[INFO] [1784399121.405712555]: cloud odom callback cost: map update:13.6281ms  update frontier clusters: 2.97651ms  total: 16.6046ms
[0m
 -- [TIMER] updateMap time consuming [32m 5.799692 ms[0m


[1;33m------------- <483> Plan Global Path start---------------[0m
[0m[INFO] [1784399121.547824575]: update topo skeleton cost: 6.416460ms, update odom vertex cost:69.535477ms [0m
[0m[INFO] [1784399121.570841574]: vp cluster cost: 2.060755ms  ,remove unreachable cost: 15.023364ms, select vp cost: 5.648643ms[0m
insert viewpoint to graph time: 21.3084 ms
[1;33m-------------Plan Global Path end-----------------[0m

total time cost: 120.929ms
viz&&print cost:0.039493ms
 -- [TIMER] updateMap time consuming [32m 5.248739 ms[0m
 -- [TIMER] updateMap time consuming [32m 5.476453 ms[0m


[1;33m------------- <484> Plan Global Path start---------------[0m
[0m[INFO] [1784399121.752706421]: update topo skeleton cost: 9.120715ms, update odom vertex cost:68.856106ms [0m
[0m[INFO] [1784399121.773329574]: vp cluster cost: 1.855713ms  ,remove unreachable cost: 13.411925ms, select vp cost: 5.008774ms[0m
insert viewpoint to graph time: 20.9109 ms
[1;33m-------------Plan Global Path end-----------------[0m

total time cost: 120.303ms
viz&&print cost:0.052273ms
[0m[INFO] [1784399120.298757510]: Publish local map size: 9963[0m
[0m[INFO] [1784399121.397992706]: Publish local map size: 9502[0m
 -- [MARSIM] Running FPS: 207.321
 -- [TIMER] updateMap time consuming [32m 4.780180 ms[0m
 -- [TIMER] updateMap time consuming [32m 5.341955 ms[0m


[1;33m------------- <485> Plan Global Path start---------------[0m
[0m[INFO] [1784399121.950542288]: update topo skeleton cost: 6.781482ms, update odom vertex cost:68.585180ms [0m
[0m[INFO] [1784399121.967442005]: [view score] cluster=1303 best_score=-1.94793 visible_gain=3 speed=0 corridor_cruise=0 hard_gate=0 rejected=0 top_k=1 known_free=1.2 clearance=1.02134 turn=0 selected_yaw=2.74889 current_yaw=-2.00655 yaw_delta=1.52774 heading_known_free=11.8 vp=(3.48182, -7.40909, 1.9)[0m
[0m[INFO] [1784399121.971890275]: vp cluster cost: 2.207114ms  ,remove unreachable cost: 13.788408ms, select vp cost: 4.989973ms[0m
insert viewpoint to graph time: 22.2242 ms
[1;33m-------------Plan Global Path end-----------------[0m

total time cost: 119.786ms
viz&&print cost:0.072145ms
 -- [TIMER] updateMap time consuming [32m 5.185425 ms[0m
 -- [TIMER] updateMap time consuming [32m 5.323344 ms[0m


[1;33m------------- <486> Plan Global Path start---------------[0m
[0m[INFO] [1784399122.153647482]: update topo skeleton cost: 8.249250ms, update odom vertex cost:68.790786ms [0m
[0m[INFO] [1784399122.175268565]: vp cluster cost: 2.296859ms  ,remove unreachable cost: 14.125728ms, select vp cost: 4.885556ms[0m
insert viewpoint to graph time: 20.8216 ms
[1;33m-------------Plan Global Path end-----------------[0m

total time cost: 120.163ms
viz&&print cost:0.029762ms
 -- [TIMER] updateMap time consuming [32m 5.459802 ms[0m


[1;33m------------- <487> Plan Global Path start---------------[0m
[0m[INFO] [1784399122.354280272]: update topo skeleton cost: 8.922022ms, update odom vertex cost:68.487368ms [0m
[0m[INFO] [1784399122.374443146]: vp cluster cost: 1.798599ms  ,remove unreachable cost: 13.099655ms, select vp cost: 4.986103ms[0m
insert viewpoint to graph time: 21.6278 ms
[1;33m-------------Plan Global Path end-----------------[0m

total time cost: 119.944ms
viz&&print cost:0.052603ms
[0m[INFO] [1784399122.396933902]: [cloud input] mode=approximate_sync points=9962 age=0.00542372s stamp_valid=1[0m
 -- [TIMER] updateMap time consuming [32m 5.181095 ms[0m
[0m[INFO] [1784399122.413258233]: cloud odom callback cost: map update:13.2622ms  update frontier clusters: 3.02963ms  total: 16.2918ms
[0m
[0m[INFO] [1784399122.420812161]: [coverage guidance] plan valid=1 map_v=121 frontier_v=121 zones(f/u)=298/237 observed=19977/35519 coverage=0.5624 voxels(f/o/u)=11935/6498/1544 active=12 reachable_unknown=147 route_nodes=160 preferred=16 cost=7.5ms[0m


[1;33m------------- <488> Plan Global Path start---------------[0m
[0m[INFO] [1784399122.555151737]: update topo skeleton cost: 9.733201ms, update odom vertex cost:68.481807ms [0m
[0m[INFO] [1784399122.570909043]: [view score] cluster=1303 best_score=-1.94793 visible_gain=3 speed=0 corridor_cruise=0 hard_gate=0 rejected=0 top_k=1 known_free=1.2 clearance=1.02134 turn=0 selected_yaw=2.74889 current_yaw=-2.00655 yaw_delta=1.52774 heading_known_free=11.8 vp=(3.48182, -7.40909, 1.9)[0m
[0m[INFO] [1784399122.575310111]: vp cluster cost: 1.739066ms  ,remove unreachable cost: 13.213342ms, select vp cost: 4.928579ms[0m
insert viewpoint to graph time: 20.9021 ms
[1;33m-------------Plan Global Path end-----------------[0m

total time cost: 119.921ms
viz&&print cost:0.034192ms
 -- [TIMER] updateMap time consuming [32m 4.903198 ms[0m


[1;33m------------- <489> Plan Global Path start---------------[0m
[0m[INFO] [1784399122.753785106]: update topo skeleton cost: 7.635053ms, update odom vertex cost:69.191811ms [0m
[0m[INFO] [1784399122.753815727]: [highspeed_exp adapter] safety map ready=1 rog_ready=1 cloud_size=9611[0m
[0m[INFO] [1784399122.775043146]: vp cluster cost: 2.218405ms  ,remove unreachable cost: 13.765156ms, select vp cost: 4.955280ms[0m
insert viewpoint to graph time: 23.1535 ms
[1;33m-------------Plan Global Path end-----------------[0m

total time cost: 121.896ms
viz&&print cost:0.040882ms
 -- [TIMER] updateMap time consuming [32m 5.530745 ms[0m


[1;33m------------- <490> Plan Global Path start---------------[0m
[0m[INFO] [1784399122.956271408]: update topo skeleton cost: 8.625204ms, update odom vertex cost:68.679419ms [0m
[0m[INFO] [1784399122.977327926]: vp cluster cost: 1.890595ms  ,remove unreachable cost: 13.749945ms, select vp cost: 5.127431ms[0m
insert viewpoint to graph time: 22.7784 ms
[1;33m-------------Plan Global Path end-----------------[0m

total time cost: 121.782ms
viz&&print cost:0.039543ms
 -- [TIMER] updateMap time consuming [32m 5.206216 ms[0m


[1;33m------------- <491> Plan Global Path start---------------[0m
[0m[INFO] [1784399123.157411186]: update topo skeleton cost: 7.433750ms, update odom vertex cost:69.107560ms [0m
[0m[INFO] [1784399123.172954948]: [view score] cluster=1303 best_score=-1.94793 visible_gain=3 speed=0 corridor_cruise=0 hard_gate=0 rejected=0 top_k=1 known_free=1.2 clearance=1.02134 turn=0 selected_yaw=2.74889 current_yaw=-2.00655 yaw_delta=1.52774 heading_known_free=11.8 vp=(3.48182, -7.40909, 1.9)[0m
[0m[INFO] [1784399123.177555357]: vp cluster cost: 1.730085ms  ,remove unreachable cost: 13.019600ms, select vp cost: 5.134301ms[0m
insert viewpoint to graph time: 21.966 ms
[1;33m-------------Plan Global Path end-----------------[0m

total time cost: 119.277ms
viz&&print cost:0.042542ms
 -- [TIMER] updateMap time consuming [32m 5.092519 ms[0m


[1;33m------------- <492> Plan Global Path start---------------[0m
[0m[INFO] [1784399123.367450969]: update topo skeleton cost: 6.652003ms, update odom vertex cost:70.513895ms [0m
[0m[INFO] [1784399123.388268281]: vp cluster cost: 1.880484ms  ,remove unreachable cost: 13.175179ms, select vp cost: 5.444400ms[0m
insert viewpoint to graph time: 21.0092 ms
[1;33m-------------Plan Global Path end-----------------[0m

total time cost: 119.587ms
viz&&print cost:0.034032ms
[0m[INFO] [1784399123.409960746]: [cloud input] mode=approximate_sync points=9972 age=0.0184476s stamp_valid=1[0m
 -- [TIMER] updateMap time consuming [32m 5.344294 ms[0m
[0m[INFO] [1784399123.426963377]: cloud odom callback cost: map update:14.0744ms  update frontier clusters: 2.88282ms  total: 16.9572ms
[0m
 -- [TIMER] updateMap time consuming [32m 4.889667 ms[0m


[1;33m------------- <493> Plan Global Path start---------------[0m
[0m[INFO] [1784399123.586746183]: update topo skeleton cost: 7.237579ms, update odom vertex cost:68.542286ms [0m
[0m[INFO] [1784399123.607707174]: vp cluster cost: 1.846202ms  ,remove unreachable cost: 13.699291ms, select vp cost: 5.137061ms[0m
insert viewpoint to graph time: 21.3311 ms
[1;33m-------------Plan Global Path end-----------------[0m

total time cost: 118.763ms
viz&&print cost:0.047583ms
 -- [TIMER] updateMap time consuming [32m 5.408357 ms[0m
 -- [TIMER] updateMap time consuming [32m 5.369225 ms[0m


[1;33m------------- <494> Plan Global Path start---------------[0m
[0m[INFO] [1784399123.789406189]: update topo skeleton cost: 8.931421ms, update odom vertex cost:68.492412ms [0m
[0m[INFO] [1784399123.805717188]: [view score] cluster=1303 best_score=-1.94793 visible_gain=3 speed=0 corridor_cruise=0 hard_gate=0 rejected=0 top_k=1 known_free=1.2 clearance=1.02134 turn=0 selected_yaw=2.74889 current_yaw=-2.00655 yaw_delta=1.52774 heading_known_free=11.8 vp=(3.48182, -7.40909, 1.9)[0m
[0m[INFO] [1784399123.810342778]: vp cluster cost: 1.742145ms  ,remove unreachable cost: 13.741294ms, select vp cost: 5.202615ms[0m
insert viewpoint to graph time: 21.3963 ms
[1;33m-------------Plan Global Path end-----------------[0m

total time cost: 120.334ms
viz&&print cost:0.024391ms
 -- [TIMER] updateMap time consuming [32m 5.541726 ms[0m
 -- [TIMER] updateMap time consuming [32m 5.135642 ms[0m


[1;33m------------- <495> Plan Global Path start---------------[0m
[0m[INFO] [1784399122.497011157]: Publish local map size: 10023[0m
[0m[INFO] [1784399123.597179096]: Publish local map size: 9848[0m
 -- [MARSIM] Running FPS: 199.497
[0m[INFO] [1784399123.989474248]: update topo skeleton cost: 8.808704ms, update odom vertex cost:68.470731ms [0m
[0m[INFO] [1784399124.011228406]: vp cluster cost: 1.734115ms  ,remove unreachable cost: 14.736783ms, select vp cost: 4.992432ms[0m
insert viewpoint to graph time: 22.4355 ms
[1;33m-------------Plan Global Path end-----------------[0m

total time cost: 122.066ms
viz&&print cost:0.035292ms
 -- [TIMER] updateMap time consuming [32m 5.376246 ms[0m
 -- [TIMER] updateMap time consuming [32m 5.150022 ms[0m


[1;33m------------- <496> Plan Global Path start---------------[0m
[0m[INFO] [1784399124.189511199]: update topo skeleton cost: 8.820023ms, update odom vertex cost:68.489087ms [0m
[0m[INFO] [1784399124.213490190]: vp cluster cost: 1.733515ms  ,remove unreachable cost: 14.767304ms, select vp cost: 7.187035ms[0m
insert viewpoint to graph time: 21.7308 ms
[1;33m-------------Plan Global Path end-----------------[0m

total time cost: 123.684ms
[0m[INFO] [1784399124.235919488]: [frontier storage] labels=8266/7517 normals=216/823 clusters=17 terminal=0 cluster_cells(cap)=178 candidates(cap)=21 derived_viewpoints(cap)=0 estimated_kb=147.385 revision=322 audit_ready=0[0m
viz&&print cost:0.087415ms
 -- [TIMER] updateMap time consuming [32m 5.398026 ms[0m
 -- [TIMER] updateMap time consuming [32m 5.394447 ms[0m


[1;33m------------- <497> Plan Global Path start---------------[0m
[0m[INFO] [1784399124.389783753]: update topo skeleton cost: 8.281011ms, update odom vertex cost:68.951794ms [0m
[0m[INFO] [1784399124.406049628]: [view score] cluster=1303 best_score=-1.94793 visible_gain=3 speed=0 corridor_cruise=0 hard_gate=0 rejected=0 top_k=1 known_free=1.2 clearance=1.02134 turn=0 selected_yaw=2.74889 current_yaw=-2.00655 yaw_delta=1.52774 heading_known_free=11.8 vp=(3.48182, -7.40909, 1.9)[0m
[0m[INFO] [1784399124.410510868]: vp cluster cost: 1.772147ms  ,remove unreachable cost: 13.705210ms, select vp cost: 5.007203ms[0m
insert viewpoint to graph time: 21.6614 ms
[1;33m-------------Plan Global Path end-----------------[0m

total time cost: 120.203ms
viz&&print cost:0.038883ms
[0m[INFO] [1784399124.432836399]: [cloud input] mode=approximate_sync points=9607 age=0.0413221s stamp_valid=1[0m
 -- [TIMER] updateMap time consuming [32m 5.412658 ms[0m
[0m[INFO] [1784399124.448646256]: cloud odom callback cost: map update:12.8275ms  update frontier clusters: 2.93921ms  total: 15.7667ms
[0m
[0m[INFO] [1784399124.456713235]: [coverage guidance] plan valid=1 map_v=123 frontier_v=123 zones(f/u)=298/237 observed=19977/35519 coverage=0.5624 voxels(f/o/u)=11935/6498/1544 active=12 reachable_unknown=147 route_nodes=160 preferred=16 cost=8.1ms[0m
 -- [TIMER] updateMap time consuming [32m 5.304521 ms[0m


[1;33m------------- <498> Plan Global Path start---------------[0m
[0m[INFO] [1784399124.589379756]: update topo skeleton cost: 7.876046ms, update odom vertex cost:68.649196ms [0m
[0m[INFO] [1784399124.610494794]: vp cluster cost: 1.938127ms  ,remove unreachable cost: 13.923123ms, select vp cost: 4.971781ms[0m
insert viewpoint to graph time: 21.7376 ms
[1;33m-------------Plan Global Path end-----------------[0m

total time cost: 119.995ms
viz&&print cost:0.039652ms
 -- [TIMER] updateMap time consuming [32m 5.151942 ms[0m
 -- [TIMER] updateMap time consuming [32m 4.742027 ms[0m


[1;33m------------- <499> Plan Global Path start---------------[0m
[0m[INFO] [1784399124.790601128]: update topo skeleton cost: 8.025786ms, update odom vertex cost:69.612204ms [0m
[0m[INFO] [1784399124.790632280]: [highspeed_exp adapter] safety map ready=1 rog_ready=1 cloud_size=9519[0m
[0m[INFO] [1784399124.813389587]: vp cluster cost: 1.811599ms  ,remove unreachable cost: 14.425324ms, select vp cost: 6.268179ms[0m
insert viewpoint to graph time: 21.6799 ms
[1;33m-------------Plan Global Path end-----------------[0m

total time cost: 122.782ms
viz&&print cost:0.045183ms
 -- [TIMER] updateMap time consuming [32m 5.160832 ms[0m
 -- [TIMER] updateMap time consuming [32m 5.260989 ms[0m


[1;33m------------- <500> Plan Global Path start---------------[0m
[0m[INFO] [1784399124.991069483]: update topo skeleton cost: 6.730188ms, update odom vertex cost:68.469665ms [0m
[0m[INFO] [1784399125.008240212]: [view score] cluster=1303 best_score=-1.94793 visible_gain=3 speed=0 corridor_cruise=0 hard_gate=0 rejected=0 top_k=1 known_free=1.2 clearance=1.02134 turn=0 selected_yaw=2.74889 current_yaw=-2.00655 yaw_delta=1.52774 heading_known_free=11.8 vp=(3.48182, -7.40909, 1.9)[0m
[0m[INFO] [1784399125.013199242]: vp cluster cost: 1.891895ms  ,remove unreachable cost: 14.500567ms, select vp cost: 5.486312ms[0m
insert viewpoint to graph time: 25.3898 ms
[1;33m-------------Plan Global Path end-----------------[0m

total time cost: 123.466ms
viz&&print cost:0.035722ms
 -- [TIMER] updateMap time consuming [32m 6.207705 ms[0m
 -- [TIMER] updateMap time consuming [32m 5.497162 ms[0m


[1;33m------------- <501> Plan Global Path start---------------[0m
[0m[INFO] [1784399125.196692175]: update topo skeleton cost: 7.801411ms, update odom vertex cost:69.414407ms [0m
[0m[INFO] [1784399125.216583607]: vp cluster cost: 1.891975ms  ,remove unreachable cost: 12.760291ms, select vp cost: 4.937379ms[0m
insert viewpoint to graph time: 21.6517 ms
[1;33m-------------Plan Global Path end-----------------[0m

total time cost: 119.443ms
viz&&print cost:0.044333ms
 -- [TIMER] updateMap time consuming [32m 5.508804 ms[0m
 -- [TIMER] updateMap time consuming [32m 4.971991 ms[0m


[1;33m------------- <502> Plan Global Path start---------------[0m
[0m[INFO] [1784399125.405675178]: update topo skeleton cost: 7.923119ms, update odom vertex cost:68.706104ms [0m
[0m[INFO] [1784399125.425790204]: vp cluster cost: 1.707553ms  ,remove unreachable cost: 13.138695ms, select vp cost: 5.003552ms[0m
insert viewpoint to graph time: 21.0675 ms
[1;33m-------------Plan Global Path end-----------------[0m

total time cost: 118.423ms
viz&&print cost:0.037142ms
[0m[INFO] [1784399125.447561160]: [cloud input] mode=approximate_sync points=9672 age=0.0560488s stamp_valid=1[0m
 -- [TIMER] updateMap time consuming [32m 5.073377 ms[0m
[0m[INFO] [1784399125.464935791]: cloud odom callback cost: map update:14.3987ms  update frontier clusters: 2.93458ms  total: 17.3333ms
[0m
 -- [TIMER] updateMap time consuming [32m 5.142120 ms[0m


[1;33m------------- <503> Plan Global Path start---------------[0m
[0m[INFO] [1784399125.614663063]: update topo skeleton cost: 8.090850ms, update odom vertex cost:69.024262ms [0m
[0m[INFO] [1784399125.633286479]: [view score] cluster=1303 best_score=-1.94793 visible_gain=3 speed=0 corridor_cruise=0 hard_gate=0 rejected=0 top_k=1 known_free=1.2 clearance=1.02134 turn=0 selected_yaw=2.74889 current_yaw=-2.00655 yaw_delta=1.52774 heading_known_free=11.8 vp=(3.48182, -7.40909, 1.9)[0m
[0m[INFO] [1784399125.637424658]: vp cluster cost: 2.308569ms  ,remove unreachable cost: 15.197539ms, select vp cost: 4.955410ms[0m
insert viewpoint to graph time: 23.174 ms
[1;33m-------------Plan Global Path end-----------------[0m

total time cost: 123.851ms
viz&&print cost:0.072555ms
 -- [TIMER] updateMap time consuming [32m 5.238807 ms[0m
 -- [TIMER] updateMap time consuming [32m 5.550306 ms[0m


[1;33m------------- <504> Plan Global Path start---------------[0m
[0m[INFO] [1784399125.817173785]: update topo skeleton cost: 7.175903ms, update odom vertex cost:68.453259ms [0m
[0m[INFO] [1784399125.837799062]: vp cluster cost: 2.210084ms  ,remove unreachable cost: 13.090401ms, select vp cost: 5.009293ms[0m
insert viewpoint to graph time: 21.9074 ms
[1;33m-------------Plan Global Path end-----------------[0m

total time cost: 118.845ms
viz&&print cost:0.045253ms
 -- [TIMER] updateMap time consuming [32m 5.535665 ms[0m
 -- [TIMER] updateMap time consuming [32m 5.128170 ms[0m


[1;33m------------- <505> Plan Global Path start---------------[0m
[0m[INFO] [1784399126.026621024]: update topo skeleton cost: 7.392387ms, update odom vertex cost:68.708802ms [0m
[0m[INFO] [1784399126.047138263]: vp cluster cost: 1.757406ms  ,remove unreachable cost: 13.352856ms, select vp cost: 5.137730ms[0m
insert viewpoint to graph time: 21.8721 ms
[1;33m-------------Plan Global Path end-----------------[0m

total time cost: 119.121ms
viz&&print cost:0.039982ms
[0m[INFO] [1784399124.696488260]: Publish local map size: 9519[0m
[0m[INFO] [1784399125.696573324]: Publish local map size: 9946[0m
 -- [MARSIM] Running FPS: 207.469
 -- [TIMER] updateMap time consuming [32m 5.470940 ms[0m
 -- [TIMER] updateMap time consuming [32m 5.239007 ms[0m


[1;33m------------- <506> Plan Global Path start---------------[0m
[0m[INFO] [1784399126.235144623]: update topo skeleton cost: 6.327572ms, update odom vertex cost:69.049118ms [0m
[0m[INFO] [1784399126.250806809]: [view score] cluster=1303 best_score=-1.94793 visible_gain=3 speed=0 corridor_cruise=0 hard_gate=0 rejected=0 top_k=1 known_free=1.2 clearance=1.02134 turn=0 selected_yaw=2.74889 current_yaw=-2.00655 yaw_delta=1.52774 heading_known_free=11.8 vp=(3.48182, -7.40909, 1.9)[0m
[0m[INFO] [1784399126.256343523]: vp cluster cost: 1.852971ms  ,remove unreachable cost: 12.953572ms, select vp cost: 6.152552ms[0m
insert viewpoint to graph time: 20.9674 ms
[1;33m-------------Plan Global Path end-----------------[0m

total time cost: 118.123ms
viz&&print cost:0.038372ms
 -- [TIMER] updateMap time consuming [32m 5.052555 ms[0m
 -- [TIMER] updateMap time consuming [32m 5.209265 ms[0m


[1;33m------------- <507> Plan Global Path start---------------[0m
[0m[INFO] [1784399126.443825851]: update topo skeleton cost: 7.364005ms, update odom vertex cost:68.452492ms [0m
[0m[INFO] [1784399126.468048703]: vp cluster cost: 1.960248ms  ,remove unreachable cost: 14.848197ms, select vp cost: 7.167112ms[0m
insert viewpoint to graph time: 22.4436 ms
[1;33m-------------Plan Global Path end-----------------[0m

total time cost: 123.137ms
viz&&print cost:0.040952ms
[0m[INFO] [1784399126.491228773]: [cloud input] mode=approximate_sync points=9866 age=0.0997103s stamp_valid=1[0m
 -- [TIMER] updateMap time consuming [32m 5.443469 ms[0m
[0m[INFO] [1784399126.507383358]: cloud odom callback cost: map update:13.3475ms  update frontier clusters: 2.77202ms  total: 16.1196ms
[0m
[0m[INFO] [1784399126.515342788]: [coverage guidance] plan valid=1 map_v=125 frontier_v=125 zones(f/u)=298/237 observed=19977/35519 coverage=0.5624 voxels(f/o/u)=11936/6498/1543 active=12 reachable_unknown=147 route_nodes=160 preferred=16 cost=7.9ms[0m
 -- [TIMER] updateMap time consuming [32m 5.582757 ms[0m


[1;33m------------- <508> Plan Global Path start---------------[0m
[0m[INFO] [1784399126.648625294]: update topo skeleton cost: 6.851803ms, update odom vertex cost:69.027037ms [0m
[0m[INFO] [1784399126.670204957]: vp cluster cost: 1.863162ms  ,remove unreachable cost: 14.455303ms, select vp cost: 4.934368ms[0m
insert viewpoint to graph time: 21.3451 ms
[1;33m-------------Plan Global Path end-----------------[0m

total time cost: 119.528ms
viz&&print cost:0.047633ms
 -- [TIMER] updateMap time consuming [32m 5.266398 ms[0m
 -- [TIMER] updateMap time consuming [32m 5.335002 ms[0m


[1;33m------------- <509> Plan Global Path start---------------[0m
[0m[INFO] [1784399126.849287478]: update topo skeleton cost: 6.568757ms, update odom vertex cost:69.018806ms [0m
[0m[INFO] [1784399126.849326010]: [highspeed_exp adapter] safety map ready=1 rog_ready=1 cloud_size=10033[0m
[0m[INFO] [1784399126.866621284]: [view score] cluster=1303 best_score=-1.94793 visible_gain=3 speed=0 corridor_cruise=0 hard_gate=0 rejected=0 top_k=1 known_free=1.2 clearance=1.02134 turn=0 selected_yaw=2.74889 current_yaw=-2.00655 yaw_delta=1.52774 heading_known_free=11.8 vp=(3.48182, -7.40909, 1.9)[0m
[0m[INFO] [1784399126.873181650]: vp cluster cost: 2.412766ms  ,remove unreachable cost: 14.019526ms, select vp cost: 7.100279ms[0m
insert viewpoint to graph time: 21.3908 ms
[1;33m-------------Plan Global Path end-----------------[0m

total time cost: 121.644ms
viz&&print cost:0.039183ms
 -- [TIMER] updateMap time consuming [32m 4.897225 ms[0m
 -- [TIMER] updateMap time consuming [32m 5.529284 ms[0m


[1;33m------------- <510> Plan Global Path start---------------[0m
[0m[INFO] [1784399127.053176612]: update topo skeleton cost: 8.792671ms, update odom vertex cost:68.605618ms [0m
[0m[INFO] [1784399127.076602034]: vp cluster cost: 2.225724ms  ,remove unreachable cost: 13.687866ms, select vp cost: 7.231145ms[0m
insert viewpoint to graph time: 21.2364 ms
[1;33m-------------Plan Global Path end-----------------[0m

total time cost: 122.941ms
viz&&print cost:0.059484ms
 -- [TIMER] updateMap time consuming [32m 5.375493 ms[0m


[1;33m------------- <511> Plan Global Path start---------------[0m
[0m[INFO] [1784399127.255486698]: update topo skeleton cost: 7.311431ms, update odom vertex cost:69.329329ms [0m
[0m[INFO] [1784399127.275079530]: vp cluster cost: 1.746495ms  ,remove unreachable cost: 12.605070ms, select vp cost: 4.921357ms[0m
insert viewpoint to graph time: 22.1947 ms
[1;33m-------------Plan Global Path end-----------------[0m

total time cost: 119.078ms
viz&&print cost:0.039502ms
 -- [TIMER] updateMap time consuming [32m 5.504592 ms[0m


[1;33m------------- <512> Plan Global Path start---------------[0m
[0m[INFO] [1784399127.464292466]: update topo skeleton cost: 7.135520ms, update odom vertex cost:69.117117ms [0m
[0m[INFO] [1784399127.479829123]: [view score] cluster=1303 best_score=-1.94793 visible_gain=3 speed=0 corridor_cruise=0 hard_gate=0 rejected=0 top_k=1 known_free=1.2 clearance=1.02134 turn=0 selected_yaw=2.74889 current_yaw=-2.00655 yaw_delta=1.52774 heading_known_free=11.8 vp=(3.48182, -7.40909, 1.9)[0m
[0m[INFO] [1784399127.486787782]: vp cluster cost: 1.754816ms  ,remove unreachable cost: 12.932270ms, select vp cost: 7.537664ms[0m
insert viewpoint to graph time: 21.4609 ms
[1;33m-------------Plan Global Path end-----------------[0m

total time cost: 120.82ms
viz&&print cost:0.039123ms
[0m[INFO] [1784399127.508959859]: [cloud input] mode=approximate_sync points=10070 age=0.0174496s stamp_valid=1[0m
 -- [TIMER] updateMap time consuming [32m 5.533223 ms[0m
[0m[INFO] [1784399127.525922102]: cloud odom callback cost: map update:14.0961ms  update frontier clusters: 2.82675ms  total: 16.9229ms
[0m


[1;33m------------- <513> Plan Global Path start---------------[0m
[0m[INFO] [1784399127.665591751]: update topo skeleton cost: 8.020263ms, update odom vertex cost:68.581615ms [0m
[0m[INFO] [1784399127.687309881]: vp cluster cost: 1.716814ms  ,remove unreachable cost: 12.908928ms, select vp cost: 6.811261ms[0m
insert viewpoint to graph time: 21.3815 ms
[1;33m-------------Plan Global Path end-----------------[0m

total time cost: 120.355ms
viz&&print cost:0.036572ms
 -- [TIMER] updateMap time consuming [32m 5.392075 ms[0m


[1;33m------------- <514> Plan Global Path start---------------[0m
[0m[INFO] [1784399127.864269979]: update topo skeleton cost: 6.519653ms, update odom vertex cost:68.286327ms [0m
[0m[INFO] [1784399127.885790946]: vp cluster cost: 1.777177ms  ,remove unreachable cost: 13.263049ms, select vp cost: 6.110039ms[0m
insert viewpoint to graph time: 21.3676 ms
[1;33m-------------Plan Global Path end-----------------[0m

total time cost: 118.312ms
viz&&print cost:0.034842ms
 -- [TIMER] updateMap time consuming [32m 5.535544 ms[0m
 -- [TIMER] updateMap time consuming [32m 5.229665 ms[0m


[1;33m------------- <515> Plan Global Path start---------------[0m
[0m[INFO] [1784399128.089581994]: update topo skeleton cost: 9.049365ms, update odom vertex cost:68.666964ms [0m
[0m[INFO] [1784399128.106228376]: [view score] cluster=1303 best_score=-1.94793 visible_gain=3 speed=0 corridor_cruise=0 hard_gate=0 rejected=0 top_k=1 known_free=1.2 clearance=1.02134 turn=0 selected_yaw=2.74889 current_yaw=-2.00655 yaw_delta=1.52774 heading_known_free=11.8 vp=(3.48182, -7.40909, 1.9)[0m
[0m[INFO] [1784399128.110665153]: vp cluster cost: 1.883174ms  ,remove unreachable cost: 13.977371ms, select vp cost: 4.964719ms[0m
insert viewpoint to graph time: 22.4056 ms
[1;33m-------------Plan Global Path end-----------------[0m

total time cost: 121.784ms
viz&&print cost:0.034612ms
[0m[INFO] [1784399126.697033347]: Publish local map size: 10033[0m
[0m[INFO] [1784399127.697378148]: Publish local map size: 9579[0m
 -- [MARSIM] Running FPS: 201.304
 -- [TIMER] updateMap time consuming [32m 5.189002 ms[0m
 -- [TIMER] updateMap time consuming [32m 5.217214 ms[0m


[1;33m------------- <516> Plan Global Path start---------------[0m
[0m[INFO] [1784399128.290041802]: update topo skeleton cost: 7.599157ms, update odom vertex cost:70.312703ms [0m
[0m[INFO] [1784399128.311153253]: vp cluster cost: 1.741585ms  ,remove unreachable cost: 13.221506ms, select vp cost: 5.840302ms[0m
insert viewpoint to graph time: 22.0958 ms
[1;33m-------------Plan Global Path end-----------------[0m

total time cost: 121.765ms
viz&&print cost:0.045573ms
 -- [TIMER] updateMap time consuming [32m 4.963658 ms[0m
 -- [TIMER] updateMap time consuming [32m 5.216834 ms[0m


[1;33m------------- <517> Plan Global Path start---------------[0m
[0m[INFO] [1784399128.489678290]: update topo skeleton cost: 8.952249ms, update odom vertex cost:68.469982ms [0m
[0m[INFO] [1784399128.511100010]: vp cluster cost: 1.735134ms  ,remove unreachable cost: 13.372855ms, select vp cost: 6.053235ms[0m
insert viewpoint to graph time: 21.5041 ms
[1;33m-------------Plan Global Path end-----------------[0m

total time cost: 120.937ms
viz&&print cost:0.035522ms
[0m[INFO] [1784399128.533275435]: [cloud input] mode=approximate_sync points=9764 age=0.0417621s stamp_valid=1[0m
 -- [TIMER] updateMap time consuming [32m 5.492621 ms[0m
[0m[INFO] [1784399128.549497061]: cloud odom callback cost: map update:13.1616ms  update frontier clusters: 3.01514ms  total: 16.1767ms
[0m
[0m[INFO] [1784399128.557302001]: [coverage guidance] plan valid=1 map_v=127 frontier_v=127 zones(f/u)=298/237 observed=19977/35519 coverage=0.5624 voxels(f/o/u)=11935/6498/1544 active=12 reachable_unknown=147 route_nodes=160 preferred=16 cost=7.8ms[0m
 -- [TIMER] updateMap time consuming [32m 5.278958 ms[0m


[1;33m------------- <518> Plan Global Path start---------------[0m
[0m[INFO] [1784399128.689814208]: update topo skeleton cost: 8.354144ms, update odom vertex cost:69.199935ms [0m
[0m[INFO] [1784399128.705471351]: [view score] cluster=1303 best_score=-1.94793 visible_gain=3 speed=0 corridor_cruise=0 hard_gate=0 rejected=0 top_k=1 known_free=1.2 clearance=1.02134 turn=0 selected_yaw=2.74889 current_yaw=-2.00655 yaw_delta=1.52774 heading_known_free=11.8 vp=(3.48182, -7.40909, 1.9)[0m
[0m[INFO] [1784399128.709897187]: vp cluster cost: 1.743095ms  ,remove unreachable cost: 13.128970ms, select vp cost: 4.964129ms[0m
insert viewpoint to graph time: 21.8586 ms
[1;33m-------------Plan Global Path end-----------------[0m

total time cost: 120.096ms
viz&&print cost:0.038563ms
 -- [TIMER] updateMap time consuming [32m 5.106498 ms[0m
 -- [TIMER] updateMap time consuming [32m 5.256106 ms[0m


[1;33m------------- <519> Plan Global Path start---------------[0m
[0m[INFO] [1784399128.889730423]: update topo skeleton cost: 8.216064ms, update odom vertex cost:68.773350ms [0m
[0m[INFO] [1784399128.889760935]: [highspeed_exp adapter] safety map ready=1 rog_ready=1 cloud_size=9950[0m
[0m[INFO] [1784399128.911135722]: vp cluster cost: 1.797789ms  ,remove unreachable cost: 14.298701ms, select vp cost: 5.011201ms[0m
insert viewpoint to graph time: 21.7002 ms
[1;33m-------------Plan Global Path end-----------------[0m

total time cost: 120.72ms
viz&&print cost:0.046373ms
 -- [TIMER] updateMap time consuming [32m 5.394005 ms[0m
 -- [TIMER] updateMap time consuming [32m 5.016942 ms[0m


[1;33m------------- <520> Plan Global Path start---------------[0m
[0m[INFO] [1784399129.090317771]: update topo skeleton cost: 7.701993ms, update odom vertex cost:69.077483ms [0m
[0m[INFO] [1784399129.112259150]: vp cluster cost: 1.942767ms  ,remove unreachable cost: 14.647950ms, select vp cost: 5.043294ms[0m
insert viewpoint to graph time: 23.0164 ms
[1;33m-------------Plan Global Path end-----------------[0m

total time cost: 122.35ms
viz&&print cost:0.040482ms
 -- [TIMER] updateMap time consuming [32m 5.332341 ms[0m
 -- [TIMER] updateMap time consuming [32m 5.197173 ms[0m


[1;33m------------- <521> Plan Global Path start---------------[0m
[0m[INFO] [1784399129.293300854]: update topo skeleton cost: 8.504361ms, update odom vertex cost:68.805787ms [0m
[0m[INFO] [1784399129.311614304]: [view score] cluster=1303 best_score=-1.94793 visible_gain=3 speed=0 corridor_cruise=0 hard_gate=0 rejected=0 top_k=1 known_free=1.2 clearance=1.02134 turn=0 selected_yaw=2.74889 current_yaw=-2.00655 yaw_delta=1.52774 heading_known_free=11.8 vp=(3.48182, -7.40909, 1.9)[0m
[0m[INFO] [1784399129.315929084]: vp cluster cost: 2.400654ms  ,remove unreachable cost: 14.886515ms, select vp cost: 5.084276ms[0m
insert viewpoint to graph time: 21.8449 ms
[1;33m-------------Plan Global Path end-----------------[0m

total time cost: 122.417ms
[0m[INFO] [1784399129.338437847]: [frontier storage] labels=8266/7517 normals=216/823 clusters=17 terminal=0 cluster_cells(cap)=178 candidates(cap)=21 derived_viewpoints(cap)=0 estimated_kb=147.385 revision=322 audit_ready=0[0m
viz&&print cost:0.080315ms
 -- [TIMER] updateMap time consuming [32m 5.944328 ms[0m
 -- [TIMER] updateMap time consuming [32m 5.290768 ms[0m


[1;33m------------- <522> Plan Global Path start---------------[0m
[0m[INFO] [1784399129.497451856]: update topo skeleton cost: 8.465859ms, update odom vertex cost:70.411513ms [0m
[0m[INFO] [1784399129.517951939]: vp cluster cost: 1.836540ms  ,remove unreachable cost: 13.033794ms, select vp cost: 5.271027ms[0m
insert viewpoint to graph time: 20.3353 ms
[1;33m-------------Plan Global Path end-----------------[0m

total time cost: 120.398ms
viz&&print cost:0.043703ms
[0m[INFO] [1784399129.539068468]: [cloud input] mode=approximate_sync points=9261 age=0.0475574s stamp_valid=1[0m
 -- [TIMER] updateMap time consuming [32m 5.586086 ms[0m
[0m[INFO] [1784399129.555165026]: cloud odom callback cost: map update:13.0308ms  update frontier clusters: 3.02972ms  total: 16.0605ms
[0m
 -- [TIMER] updateMap time consuming [32m 5.174321 ms[0m


[1;33m------------- <523> Plan Global Path start---------------[0m
[0m[INFO] [1784399129.697918268]: update topo skeleton cost: 8.491331ms, update odom vertex cost:70.326197ms [0m
[0m[INFO] [1784399129.720226549]: vp cluster cost: 2.206033ms  ,remove unreachable cost: 13.771618ms, select vp cost: 5.979449ms[0m
insert viewpoint to graph time: 25.303 ms
[1;33m-------------Plan Global Path end-----------------[0m

total time cost: 127.154ms
viz&&print cost:0.060014ms
 -- [TIMER] updateMap time consuming [32m 5.196392 ms[0m
 -- [TIMER] updateMap time consuming [32m 4.994260 ms[0m


[1;33m------------- <524> Plan Global Path start---------------[0m
[0m[INFO] [1784399129.903657166]: update topo skeleton cost: 8.095517ms, update odom vertex cost:69.177088ms [0m
[0m[INFO] [1784399129.919347469]: [view score] cluster=1303 best_score=-1.94793 visible_gain=3 speed=0 corridor_cruise=0 hard_gate=0 rejected=0 top_k=1 known_free=1.2 clearance=1.02134 turn=0 selected_yaw=2.74889 current_yaw=-2.00655 yaw_delta=1.52774 heading_known_free=11.8 vp=(3.48182, -7.40909, 1.9)[0m
[0m[INFO] [1784399129.924021650]: vp cluster cost: 1.723144ms  ,remove unreachable cost: 13.100978ms, select vp cost: 5.302088ms[0m
insert viewpoint to graph time: 21.6464 ms
[1;33m-------------Plan Global Path end-----------------[0m

total time cost: 119.864ms
viz&&print cost:0.035932ms
 -- [TIMER] updateMap time consuming [32m 5.529062 ms[0m
 -- [TIMER] updateMap time consuming [32m 5.642588 ms[0m


[1;33m------------- <525> Plan Global Path start---------------[0m
[0m[INFO] [1784399130.113756606]: update topo skeleton cost: 8.189332ms, update odom vertex cost:69.203894ms [0m
[0m[INFO] [1784399130.135109078]: vp cluster cost: 2.000820ms  ,remove unreachable cost: 13.992551ms, select vp cost: 5.019061ms[0m
insert viewpoint to graph time: 21.5116 ms
[1;33m-------------Plan Global Path end-----------------[0m

total time cost: 120.906ms
viz&&print cost:0.037702ms
[0m[INFO] [1784399128.796996890]: Publish local map size: 9950[0m
[0m[INFO] [1784399129.898320165]: Publish local map size: 10065[0m
 -- [MARSIM] Running FPS: 202.802
 -- [TIMER] updateMap time consuming [32m 5.539303 ms[0m
 -- [TIMER] updateMap time consuming [32m 5.288128 ms[0m


[1;33m------------- <526> Plan Global Path start---------------[0m
[0m[INFO] [1784399130.313943374]: update topo skeleton cost: 7.556784ms, update odom vertex cost:68.999452ms [0m
[0m[INFO] [1784399130.336512309]: vp cluster cost: 1.849761ms  ,remove unreachable cost: 14.758326ms, select vp cost: 5.662570ms[0m
insert viewpoint to graph time: 25.607 ms
[1;33m-------------Plan Global Path end-----------------[0m

total time cost: 125.456ms
viz&&print cost:0.051704ms
 -- [TIMER] updateMap time consuming [32m 5.393414 ms[0m
 -- [TIMER] updateMap time consuming [32m 4.863412 ms[0m


[1;33m------------- <527> Plan Global Path start---------------[0m
[0m[INFO] [1784399130.519372616]: update topo skeleton cost: 7.611707ms, update odom vertex cost:68.797890ms [0m
[0m[INFO] [1784399130.536071369]: [view score] cluster=1303 best_score=-1.94793 visible_gain=3 speed=0 corridor_cruise=0 hard_gate=0 rejected=0 top_k=1 known_free=1.2 clearance=1.02134 turn=0 selected_yaw=2.74889 current_yaw=-2.00655 yaw_delta=1.52774 heading_known_free=11.8 vp=(3.48182, -7.40909, 1.9)[0m
[0m[INFO] [1784399130.540615442]: vp cluster cost: 2.412465ms  ,remove unreachable cost: 13.407754ms, select vp cost: 5.081806ms[0m
insert viewpoint to graph time: 21.9469 ms
[1;33m-------------Plan Global Path end-----------------[0m

total time cost: 120.228ms
viz&&print cost:0.037242ms
[0m[INFO] [1784399130.563271912]: [cloud input] mode=approximate_sync points=9950 age=0.0717759s stamp_valid=1[0m
 -- [TIMER] updateMap time consuming [32m 5.211793 ms[0m
[0m[INFO] [1784399130.579042608]: cloud odom callback cost: map update:13.0077ms  update frontier clusters: 2.73081ms  total: 15.7385ms
[0m
[0m[INFO] [1784399130.586542179]: [coverage guidance] plan valid=1 map_v=129 frontier_v=129 zones(f/u)=298/237 observed=19977/35519 coverage=0.5624 voxels(f/o/u)=11935/6498/1544 active=12 reachable_unknown=147 route_nodes=160 preferred=16 cost=7.5ms[0m
 -- [TIMER] updateMap time consuming [32m 4.924016 ms[0m


[1;33m------------- <528> Plan Global Path start---------------[0m
[0m[INFO] [1784399130.719757636]: update topo skeleton cost: 6.747875ms, update odom vertex cost:69.706945ms [0m
[0m[INFO] [1784399130.741038933]: vp cluster cost: 2.146879ms  ,remove unreachable cost: 13.665950ms, select vp cost: 5.180081ms[0m
insert viewpoint to graph time: 21.4801 ms
[1;33m-------------Plan Global Path end-----------------[0m

total time cost: 120.039ms
viz&&print cost:0.037842ms
 -- [TIMER] updateMap time consuming [32m 4.978248 ms[0m
 -- [TIMER] updateMap time consuming [32m 5.513881 ms[0m


[1;33m------------- <529> Plan Global Path start---------------[0m
[0m[INFO] [1784399130.919827226]: update topo skeleton cost: 7.759226ms, update odom vertex cost:68.624580ms [0m
[0m[INFO] [1784399130.919866139]: [highspeed_exp adapter] safety map ready=1 rog_ready=1 cloud_size=9955[0m
[0m[INFO] [1784399130.940276094]: vp cluster cost: 1.936396ms  ,remove unreachable cost: 13.281358ms, select vp cost: 4.923916ms[0m
insert viewpoint to graph time: 20.7734 ms
[1;33m-------------Plan Global Path end-----------------[0m

total time cost: 118.225ms
viz&&print cost:0.039032ms
 -- [TIMER] updateMap time consuming [32m 5.416005 ms[0m
 -- [TIMER] updateMap time consuming [32m 5.115987 ms[0m


[1;33m------------- <530> Plan Global Path start---------------[0m
[0m[INFO] [1784399131.127933658]: update topo skeleton cost: 6.840370ms, update odom vertex cost:69.289593ms [0m
[0m[INFO] [1784399131.143954029]: [view score] cluster=1303 best_score=-1.94793 visible_gain=3 speed=0 corridor_cruise=0 hard_gate=0 rejected=0 top_k=1 known_free=1.2 clearance=1.02134 turn=0 selected_yaw=2.74889 current_yaw=-2.00655 yaw_delta=1.52774 heading_known_free=11.8 vp=(3.48182, -7.40909, 1.9)[0m
[0m[INFO] [1784399131.148700653]: vp cluster cost: 2.207682ms  ,remove unreachable cost: 13.011450ms, select vp cost: 5.254085ms[0m
insert viewpoint to graph time: 22.1129 ms
[1;33m-------------Plan Global Path end-----------------[0m

total time cost: 119.644ms
viz&&print cost:0.037082ms
 -- [TIMER] updateMap time consuming [32m 5.972908 ms[0m
 -- [TIMER] updateMap time consuming [32m 5.216183 ms[0m


[1;33m------------- <531> Plan Global Path start---------------[0m
[0m[INFO] [1784399131.337485900]: update topo skeleton cost: 7.080704ms, update odom vertex cost:68.835247ms [0m
[0m[INFO] [1784399131.358912605]: vp cluster cost: 1.837841ms  ,remove unreachable cost: 13.812058ms, select vp cost: 5.499079ms[0m
insert viewpoint to graph time: 21.4294 ms
[1;33m-------------Plan Global Path end-----------------[0m

total time cost: 119.46ms
viz&&print cost:0.054503ms
 -- [TIMER] updateMap time consuming [32m 5.260705 ms[0m
 -- [TIMER] updateMap time consuming [32m 5.320719 ms[0m


[1;33m------------- <532> Plan Global Path start---------------[0m
[0m[INFO] [1784399131.537803499]: update topo skeleton cost: 6.161870ms, update odom vertex cost:68.689968ms [0m
[0m[INFO] [1784399131.558264076]: vp cluster cost: 1.712443ms  ,remove unreachable cost: 13.316768ms, select vp cost: 5.172770ms[0m
insert viewpoint to graph time: 20.5776 ms
[1;33m-------------Plan Global Path end-----------------[0m

total time cost: 116.707ms
viz&&print cost:0.044572ms
[0m[INFO] [1784399131.579751584]: [cloud input] mode=approximate_sync points=10062 age=0.0882396s stamp_valid=1[0m
 -- [TIMER] updateMap time consuming [32m 6.525182 ms[0m
[0m[INFO] [1784399131.598053751]: cloud odom callback cost: map update:15.3338ms  update frontier clusters: 2.92585ms  total: 18.2597ms
[0m
 -- [TIMER] updateMap time consuming [32m 5.144198 ms[0m


[1;33m------------- <533> Plan Global Path start---------------[0m
[0m[INFO] [1784399131.739698753]: update topo skeleton cost: 8.144918ms, update odom vertex cost:68.521228ms [0m
[0m[INFO] [1784399131.756725423]: [view score] cluster=1303 best_score=-1.94793 visible_gain=3 speed=0 corridor_cruise=0 hard_gate=0 rejected=0 top_k=1 known_free=1.2 clearance=1.02134 turn=0 selected_yaw=2.74889 current_yaw=-2.00655 yaw_delta=1.52774 heading_known_free=11.8 vp=(3.48182, -7.40909, 1.9)[0m
[0m[INFO] [1784399131.761403814]: vp cluster cost: 1.776366ms  ,remove unreachable cost: 14.425025ms, select vp cost: 5.269056ms[0m
insert viewpoint to graph time: 24.8516 ms
[1;33m-------------Plan Global Path end-----------------[0m

total time cost: 123.992ms
viz&&print cost:0.059064ms
 -- [TIMER] updateMap time consuming [32m 5.239454 ms[0m
 -- [TIMER] updateMap time consuming [32m 9.662570 ms[0m


[1;33m------------- <534> Plan Global Path start---------------[0m
[0m[INFO] [1784399131.942624617]: update topo skeleton cost: 7.884792ms, update odom vertex cost:68.215280ms [0m
[0m[INFO] [1784399131.964298497]: vp cluster cost: 1.763676ms  ,remove unreachable cost: 14.581064ms, select vp cost: 5.074324ms[0m
insert viewpoint to graph time: 25.6099 ms
[1;33m-------------Plan Global Path end-----------------[0m

total time cost: 124.062ms
viz&&print cost:0.034322ms
 -- [TIMER] updateMap time consuming [32m 5.047122 ms[0m
 -- [TIMER] updateMap time consuming [32m 6.125877 ms[0m


[1;33m------------- <535> Plan Global Path start---------------[0m
[0m[INFO] [1784399132.150318536]: update topo skeleton cost: 8.132287ms, update odom vertex cost:68.895654ms [0m
[0m[INFO] [1784399132.171926360]: vp cluster cost: 2.203332ms  ,remove unreachable cost: 13.980457ms, select vp cost: 5.024770ms[0m
insert viewpoint to graph time: 21.456 ms
[1;33m-------------Plan Global Path end-----------------[0m

total time cost: 120.824ms
viz&&print cost:0.059964ms
 -- [TIMER] updateMap time consuming [32m 5.789197 ms[0m
 -- [TIMER] updateMap time consuming [32m 5.323529 ms[0m


[1;33m------------- <536> Plan Global Path start---------------[0m
[0m[INFO] [1784399132.352732934]: update topo skeleton cost: 6.584144ms, update odom vertex cost:69.516062ms [0m
[0m[INFO] [1784399132.369811816]: [view score] cluster=1303 best_score=-1.94793 visible_gain=3 speed=0 corridor_cruise=0 hard_gate=0 rejected=0 top_k=1 known_free=1.2 clearance=1.02134 turn=0 selected_yaw=2.74889 current_yaw=-2.00655 yaw_delta=1.52774 heading_known_free=11.8 vp=(3.48182, -7.40909, 1.9)[0m
[0m[INFO] [1784399132.374416652]: vp cluster cost: 2.091815ms  ,remove unreachable cost: 14.063082ms, select vp cost: 5.159999ms[0m
insert viewpoint to graph time: 21.0639 ms
[1;33m-------------Plan Global Path end-----------------[0m

total time cost: 119.526ms
viz&&print cost:0.032072ms
[0m[INFO] [1784399130.996453136]: Publish local map size: 9688[0m
[0m[INFO] [1784399131.996713260]: Publish local map size: 10043[0m
 -- [MARSIM] Running FPS: 207.008
 -- [TIMER] updateMap time consuming [32m 5.372481 ms[0m
 -- [TIMER] updateMap time consuming [32m 5.098335 ms[0m


[1;33m------------- <537> Plan Global Path start---------------[0m
[0m[INFO] [1784399132.555473120]: update topo skeleton cost: 8.285696ms, update odom vertex cost:69.753236ms [0m
[0m[INFO] [1784399132.575932656]: vp cluster cost: 1.800328ms  ,remove unreachable cost: 13.425884ms, select vp cost: 4.959857ms[0m
insert viewpoint to graph time: 21.4649 ms
[1;33m-------------Plan Global Path end-----------------[0m

total time cost: 120.601ms
viz&&print cost:0.038322ms
[0m[INFO] [1784399132.598126874]: [cloud input] mode=approximate_sync points=9207 age=0.00661784s stamp_valid=1[0m
 -- [TIMER] updateMap time consuming [32m 4.982098 ms[0m
[0m[INFO] [1784399132.613925110]: cloud odom callback cost: map update:12.6983ms  update frontier clusters: 3.05037ms  total: 15.7487ms
[0m
[0m[INFO] [1784399132.621625851]: [coverage guidance] plan valid=1 map_v=131 frontier_v=131 zones(f/u)=298/237 observed=19977/35519 coverage=0.5624 voxels(f/o/u)=11935/6498/1544 active=12 reachable_unknown=147 route_nodes=160 preferred=16 cost=7.7ms[0m


[1;33m------------- <538> Plan Global Path start---------------[0m
[0m[INFO] [1784399132.756377878]: update topo skeleton cost: 8.660528ms, update odom vertex cost:69.564345ms [0m
[0m[INFO] [1784399132.777775009]: vp cluster cost: 1.768705ms  ,remove unreachable cost: 13.520550ms, select vp cost: 5.811778ms[0m
insert viewpoint to graph time: 21.9923 ms
[1;33m-------------Plan Global Path end-----------------[0m

total time cost: 122.265ms
viz&&print cost:0.039093ms
 -- [TIMER] updateMap time consuming [32m 5.172360 ms[0m


[1;33m------------- <539> Plan Global Path start---------------[0m
[0m[INFO] [1784399132.957772304]: update topo skeleton cost: 8.497769ms, update odom vertex cost:68.730445ms [0m
[0m[INFO] [1784399132.957801846]: [highspeed_exp adapter] safety map ready=1 rog_ready=1 cloud_size=9141[0m
[0m[INFO] [1784399132.973396810]: [view score] cluster=1303 best_score=-1.94793 visible_gain=3 speed=0 corridor_cruise=0 hard_gate=0 rejected=0 top_k=1 known_free=1.2 clearance=1.02134 turn=0 selected_yaw=2.74889 current_yaw=-2.00655 yaw_delta=1.52774 heading_known_free=11.8 vp=(3.48182, -7.40909, 1.9)[0m
[0m[INFO] [1784399132.977936891]: vp cluster cost: 1.789387ms  ,remove unreachable cost: 13.064162ms, select vp cost: 5.054873ms[0m
insert viewpoint to graph time: 24.9838 ms
[1;33m-------------Plan Global Path end-----------------[0m

total time cost: 123.011ms
viz&&print cost:0.041143ms
 -- [TIMER] updateMap time consuming [32m 5.637747 ms[0m


[1;33m------------- <540> Plan Global Path start---------------[0m
[0m[INFO] [1784399133.162811275]: update topo skeleton cost: 10.611745ms, update odom vertex cost:68.449172ms [0m
[0m[INFO] [1784399133.182815311]: vp cluster cost: 1.768466ms  ,remove unreachable cost: 12.412832ms, select vp cost: 5.547641ms[0m
insert viewpoint to graph time: 21.0338 ms
[1;33m-------------Plan Global Path end-----------------[0m

total time cost: 120.713ms
viz&&print cost:0.034302ms
 -- [TIMER] updateMap time consuming [32m 6.709321 ms[0m


[1;33m------------- <541> Plan Global Path start---------------[0m
[0m[INFO] [1784399133.382264325]: update topo skeleton cost: 7.005998ms, update odom vertex cost:90.670671ms [0m
[0m[INFO] [1784399133.404391668]: vp cluster cost: 2.114257ms  ,remove unreachable cost: 14.321696ms, select vp cost: 5.342519ms[0m
insert viewpoint to graph time: 22.5805 ms
[1;33m-------------Plan Global Path end-----------------[0m

total time cost: 143.1ms
viz&&print cost:0.048693ms
 -- [TIMER] updateMap time consuming [32m 5.233543 ms[0m


[1;33m------------- <542> Plan Global Path start---------------[0m
[0m[INFO] [1784399133.563256945]: update topo skeleton cost: 7.097675ms, update odom vertex cost:68.338415ms [0m
[0m[INFO] [1784399133.584946591]: [view score] cluster=1303 best_score=-1.94793 visible_gain=3 speed=0 corridor_cruise=0 hard_gate=0 rejected=0 top_k=1 known_free=1.2 clearance=1.02134 turn=0 selected_yaw=2.74889 current_yaw=-2.00655 yaw_delta=1.52774 heading_known_free=11.8 vp=(3.48182, -7.40909, 1.9)[0m
[0m[INFO] [1784399133.600695693]: vp cluster cost: 1.877242ms  ,remove unreachable cost: 18.576241ms, select vp cost: 16.716369ms[0m
insert viewpoint to graph time: 24.5386 ms
[1;33m-------------Plan Global Path end-----------------[0m

total time cost: 138.144ms
viz&&print cost:0.045873ms
[0m[INFO] [1784399133.626071940]: [cloud input] mode=approximate_sync points=10021 age=0.0345549s stamp_valid=1[0m
 -- [TIMER] updateMap time consuming [32m 5.475277 ms[0m
[0m[INFO] [1784399133.642231026]: cloud odom callback cost: map update:13.3071ms  update frontier clusters: 2.80753ms  total: 16.1147ms
[0m


[1;33m------------- <543> Plan Global Path start---------------[0m
[0m[INFO] [1784399133.771469702]: update topo skeleton cost: 6.918674ms, update odom vertex cost:68.453162ms [0m
[0m[INFO] [1784399133.792493489]: vp cluster cost: 1.729753ms  ,remove unreachable cost: 13.717050ms, select vp cost: 5.297167ms[0m
insert viewpoint to graph time: 23.2721 ms
[1;33m-------------Plan Global Path end-----------------[0m

total time cost: 120.35ms
viz&&print cost:0.046573ms
 -- [TIMER] updateMap time consuming [32m 5.385311 ms[0m


[1;33m------------- <544> Plan Global Path start---------------[0m
[0m[INFO] [1784399133.971647019]: update topo skeleton cost: 6.872081ms, update odom vertex cost:68.235970ms [0m
[0m[INFO] [1784399133.994197877]: vp cluster cost: 1.778036ms  ,remove unreachable cost: 14.921552ms, select vp cost: 5.571284ms[0m
insert viewpoint to graph time: 22.3364 ms
[1;33m-------------Plan Global Path end-----------------[0m

total time cost: 120.836ms
viz&&print cost:0.069744ms
 -- [TIMER] updateMap time consuming [32m 5.032661 ms[0m
 -- [TIMER] updateMap time consuming [32m 5.326368 ms[0m


[1;33m------------- <545> Plan Global Path start---------------[0m
[0m[INFO] [1784399134.190786433]: update topo skeleton cost: 8.282614ms, update odom vertex cost:69.291087ms [0m
[0m[INFO] [1784399134.208686052]: [view score] cluster=1303 best_score=-1.94793 visible_gain=3 speed=0 corridor_cruise=0 hard_gate=0 rejected=0 top_k=1 known_free=1.2 clearance=1.02134 turn=0 selected_yaw=2.74889 current_yaw=-2.00655 yaw_delta=1.52774 heading_known_free=11.8 vp=(3.48182, -7.40909, 1.9)[0m
[0m[INFO] [1784399134.213434226]: vp cluster cost: 1.822619ms  ,remove unreachable cost: 15.014656ms, select vp cost: 5.509179ms[0m
insert viewpoint to graph time: 21.4727 ms
[1;33m-------------Plan Global Path end-----------------[0m

total time cost: 122.268ms
viz&&print cost:0.030232ms
 -- [TIMER] updateMap time consuming [32m 5.676039 ms[0m
 -- [TIMER] updateMap time consuming [32m 5.009179 ms[0m


[1;33m------------- <546> Plan Global Path start---------------[0m
[0m[INFO] [1784399132.997066037]: Publish local map size: 10029[0m
[0m[INFO] [1784399133.998062118]: Publish local map size: 9080[0m
 -- [MARSIM] Running FPS: 195.346
[0m[INFO] [1784399134.391818375]: update topo skeleton cost: 7.822187ms, update odom vertex cost:68.449426ms [0m
[0m[INFO] [1784399134.412674730]: vp cluster cost: 1.938406ms  ,remove unreachable cost: 13.739681ms, select vp cost: 4.921153ms[0m
insert viewpoint to graph time: 23.1582 ms
[1;33m-------------Plan Global Path end-----------------[0m

total time cost: 120.894ms
[0m[INFO] [1784399134.436467480]: [frontier storage] labels=8266/7517 normals=216/823 clusters=17 terminal=0 cluster_cells(cap)=178 candidates(cap)=21 derived_viewpoints(cap)=0 estimated_kb=147.385 revision=322 audit_ready=0[0m
viz&&print cost:0.077775ms
 -- [TIMER] updateMap time consuming [32m 5.452326 ms[0m
 -- [TIMER] updateMap time consuming [32m 5.345199 ms[0m


[1;33m------------- <547> Plan Global Path start---------------[0m
[0m[INFO] [1784399134.597476762]: update topo skeleton cost: 10.446543ms, update odom vertex cost:70.373591ms [0m
[0m[INFO] [1784399134.619459435]: vp cluster cost: 2.340500ms  ,remove unreachable cost: 14.037868ms, select vp cost: 5.236943ms[0m
insert viewpoint to graph time: 20.5571 ms
[1;33m-------------Plan Global Path end-----------------[0m

total time cost: 123.948ms
viz&&print cost:0.035312ms
[0m[INFO] [1784399134.640678522]: [cloud input] mode=approximate_sync points=8918 age=0.0491733s stamp_valid=1[0m
 -- [TIMER] updateMap time consuming [32m 5.370680 ms[0m
[0m[INFO] [1784399134.656050839]: cloud odom callback cost: map update:12.5748ms  update frontier clusters: 2.75968ms  total: 15.3345ms
[0m
[0m[INFO] [1784399134.663586759]: [coverage guidance] plan valid=1 map_v=133 frontier_v=133 zones(f/u)=298/237 observed=19977/35519 coverage=0.5624 voxels(f/o/u)=11935/6498/1544 active=12 reachable_unknown=147 route_nodes=160 preferred=16 cost=7.5ms[0m
 -- [TIMER] updateMap time consuming [32m 5.217871 ms[0m


[1;33m------------- <548> Plan Global Path start---------------[0m
[0m[INFO] [1784399134.797234397]: update topo skeleton cost: 7.445065ms, update odom vertex cost:69.040011ms [0m
[0m[INFO] [1784399134.813749684]: [view score] cluster=1303 best_score=-1.94793 visible_gain=3 speed=0 corridor_cruise=0 hard_gate=0 rejected=0 top_k=1 known_free=1.2 clearance=1.02134 turn=0 selected_yaw=2.74889 current_yaw=-2.00655 yaw_delta=1.52774 heading_known_free=11.8 vp=(3.48182, -7.40909, 1.9)[0m
[0m[INFO] [1784399134.818804435]: vp cluster cost: 1.807688ms  ,remove unreachable cost: 13.774592ms, select vp cost: 5.575543ms[0m
insert viewpoint to graph time: 22.1464 ms
[1;33m-------------Plan Global Path end-----------------[0m

total time cost: 120.852ms
viz&&print cost:0.042743ms
 -- [TIMER] updateMap time consuming [32m 5.726262 ms[0m
 -- [TIMER] updateMap time consuming [32m 4.978857 ms[0m


[1;33m------------- <549> Plan Global Path start---------------[0m
[0m[INFO] [1784399134.996770989]: update topo skeleton cost: 6.459155ms, update odom vertex cost:68.585085ms [0m
[0m[INFO] [1784399134.996803331]: [highspeed_exp adapter] safety map ready=1 rog_ready=1 cloud_size=8804[0m
[0m[INFO] [1784399135.019353136]: vp cluster cost: 1.860851ms  ,remove unreachable cost: 14.167715ms, select vp cost: 6.198750ms[0m
insert viewpoint to graph time: 23.1397 ms
[1;33m-------------Plan Global Path end-----------------[0m

total time cost: 121.475ms
viz&&print cost:0.038342ms
 -- [TIMER] updateMap time consuming [32m 5.283115 ms[0m
 -- [TIMER] updateMap time consuming [32m 5.489297 ms[0m


[1;33m------------- <550> Plan Global Path start---------------[0m
[0m[INFO] [1784399135.200138934]: update topo skeleton cost: 8.047529ms, update odom vertex cost:68.799172ms [0m
[0m[INFO] [1784399135.221970155]: vp cluster cost: 1.819178ms  ,remove unreachable cost: 13.908330ms, select vp cost: 5.822737ms[0m
insert viewpoint to graph time: 22.1723 ms
[1;33m-------------Plan Global Path end-----------------[0m

total time cost: 121.573ms
viz&&print cost:0.032562ms
 -- [TIMER] updateMap time consuming [32m 5.236142 ms[0m
 -- [TIMER] updateMap time consuming [32m 5.257014 ms[0m


[1;33m------------- <551> Plan Global Path start---------------[0m
[0m[INFO] [1784399135.401158797]: update topo skeleton cost: 7.241441ms, update odom vertex cost:68.941820ms [0m
[0m[INFO] [1784399135.419863873]: [view score] cluster=1303 best_score=-1.94793 visible_gain=3 speed=0 corridor_cruise=0 hard_gate=0 rejected=0 top_k=1 known_free=1.2 clearance=1.02134 turn=0 selected_yaw=2.74889 current_yaw=-2.00655 yaw_delta=1.52774 heading_known_free=11.8 vp=(3.48182, -7.40909, 1.9)[0m
[0m[INFO] [1784399135.424621816]: vp cluster cost: 2.210132ms  ,remove unreachable cost: 15.566478ms, select vp cost: 5.344798ms[0m
insert viewpoint to graph time: 20.8414 ms
[1;33m-------------Plan Global Path end-----------------[0m

total time cost: 121.05ms
viz&&print cost:0.034342ms
 -- [TIMER] updateMap time consuming [32m 5.191689 ms[0m
 -- [TIMER] updateMap time consuming [32m 5.044581 ms[0m


[1;33m------------- <552> Plan Global Path start---------------[0m
[0m[INFO] [1784399135.603694982]: update topo skeleton cost: 8.177448ms, update odom vertex cost:69.376846ms [0m
[0m[INFO] [1784399135.626533603]: vp cluster cost: 1.848720ms  ,remove unreachable cost: 15.183365ms, select vp cost: 5.400232ms[0m
insert viewpoint to graph time: 22.219 ms
[1;33m-------------Plan Global Path end-----------------[0m

total time cost: 123.42ms
viz&&print cost:0.079055ms
[0m[INFO] [1784399135.649736466]: [cloud input] mode=approximate_sync points=9353 age=0.0582058s stamp_valid=1[0m
 -- [TIMER] updateMap time consuming [32m 5.091274 ms[0m
[0m[INFO] [1784399135.666978064]: cloud odom callback cost: map update:14.4054ms  update frontier clusters: 2.78409ms  total: 17.1895ms
[0m
 -- [TIMER] updateMap time consuming [32m 5.297545 ms[0m


[1;33m------------- <553> Plan Global Path start---------------[0m
[0m[INFO] [1784399135.804998152]: update topo skeleton cost: 5.984057ms, update odom vertex cost:69.313292ms [0m
[0m[INFO] [1784399135.827840274]: vp cluster cost: 1.873311ms  ,remove unreachable cost: 15.427430ms, select vp cost: 5.259494ms[0m
insert viewpoint to graph time: 22.5682 ms
[1;33m-------------Plan Global Path end-----------------[0m

total time cost: 121.549ms
viz&&print cost:0.070334ms
 -- [TIMER] updateMap time consuming [32m 5.433754 ms[0m
 -- [TIMER] updateMap time consuming [32m 5.142536 ms[0m


[1;33m------------- <554> Plan Global Path start---------------[0m
[0m[INFO] [1784399136.006593460]: update topo skeleton cost: 6.308306ms, update odom vertex cost:68.894086ms [0m
[0m[INFO] [1784399136.024620953]: [view score] cluster=1303 best_score=-1.94793 visible_gain=3 speed=0 corridor_cruise=0 hard_gate=0 rejected=0 top_k=1 known_free=1.2 clearance=1.02134 turn=0 selected_yaw=2.74889 current_yaw=-2.00655 yaw_delta=1.52774 heading_known_free=11.8 vp=(3.48182, -7.40909, 1.9)[0m
[0m[INFO] [1784399136.029845904]: vp cluster cost: 2.183190ms  ,remove unreachable cost: 14.760269ms, select vp cost: 6.014238ms[0m
insert viewpoint to graph time: 20.6965 ms
[1;33m-------------Plan Global Path end-----------------[0m

total time cost: 119.929ms
viz&&print cost:0.053153ms
 -- [TIMER] updateMap time consuming [32m 4.996118 ms[0m
 -- [TIMER] updateMap time consuming [32m 4.580902 ms[0m


[1;33m------------- <555> Plan Global Path start---------------[0m
[0m[INFO] [1784399136.206296508]: update topo skeleton cost: 6.395201ms, update odom vertex cost:68.443745ms [0m
[0m[INFO] [1784399136.226645070]: vp cluster cost: 1.735564ms  ,remove unreachable cost: 13.202346ms, select vp cost: 5.135165ms[0m
insert viewpoint to graph time: 21.6265 ms
[1;33m-------------Plan Global Path end-----------------[0m

total time cost: 117.472ms
viz&&print cost:0.037132ms
 -- [TIMER] updateMap time consuming [32m 5.242772 ms[0m
 -- [TIMER] updateMap time consuming [32m 5.298535 ms[0m


[1;33m------------- <556> Plan Global Path start---------------[0m
[0m[INFO] [1784399136.414989772]: update topo skeleton cost: 7.271333ms, update odom vertex cost:68.676269ms [0m
[0m[INFO] [1784399136.437278419]: vp cluster cost: 1.782966ms  ,remove unreachable cost: 14.828673ms, select vp cost: 5.409982ms[0m
insert viewpoint to graph time: 21.3759 ms
[1;33m-------------Plan Global Path end-----------------[0m

total time cost: 120.271ms
viz&&print cost:0.039452ms
[0m[INFO] [1784399135.096583470]: Publish local map size: 9688[0m
[0m[INFO] [1784399136.197033467]: Publish local map size: 9963[0m
 -- [MARSIM] Running FPS: 209.955
 -- [TIMER] updateMap time consuming [32m 5.320426 ms[0m
 -- [TIMER] updateMap time consuming [32m 5.279195 ms[0m


[1;33m------------- <557> Plan Global Path start---------------[0m
[0m[INFO] [1784399136.616031561]: update topo skeleton cost: 7.170537ms, update odom vertex cost:69.431643ms [0m
[0m[INFO] [1784399136.633737045]: [view score] cluster=1303 best_score=-1.94793 visible_gain=3 speed=0 corridor_cruise=0 hard_gate=0 rejected=0 top_k=1 known_free=1.2 clearance=1.02134 turn=0 selected_yaw=2.74889 current_yaw=-2.00655 yaw_delta=1.52774 heading_known_free=11.8 vp=(3.48182, -7.40909, 1.9)[0m
[0m[INFO] [1784399136.638045291]: vp cluster cost: 2.243194ms  ,remove unreachable cost: 14.415348ms, select vp cost: 5.097233ms[0m
insert viewpoint to graph time: 20.9011 ms
[1;33m-------------Plan Global Path end-----------------[0m

total time cost: 120.285ms
viz&&print cost:0.050393ms
[0m[INFO] [1784399136.659812687]: [cloud input] mode=approximate_sync points=9148 age=0.0683014s stamp_valid=1[0m
 -- [TIMER] updateMap time consuming [32m 5.245952 ms[0m
[0m[INFO] [1784399136.675360943]: cloud odom callback cost: map update:12.7211ms  update frontier clusters: 2.78795ms  total: 15.5091ms
[0m
[0m[INFO] [1784399136.682955215]: [coverage guidance] plan valid=1 map_v=135 frontier_v=135 zones(f/u)=298/237 observed=19977/35519 coverage=0.5624 voxels(f/o/u)=11936/6498/1543 active=12 reachable_unknown=147 route_nodes=160 preferred=16 cost=7.6ms[0m
 -- [TIMER] updateMap time consuming [32m 5.112754 ms[0m


[1;33m------------- <558> Plan Global Path start---------------[0m
[0m[INFO] [1784399136.815468514]: update topo skeleton cost: 7.216309ms, update odom vertex cost:68.421154ms [0m
[0m[INFO] [1784399136.838000065]: vp cluster cost: 1.991109ms  ,remove unreachable cost: 15.099318ms, select vp cost: 5.118695ms[0m
insert viewpoint to graph time: 21.3191 ms
[1;33m-------------Plan Global Path end-----------------[0m

total time cost: 120.175ms
viz&&print cost:0.046383ms
 -- [TIMER] updateMap time consuming [32m 5.275584 ms[0m
 -- [TIMER] updateMap time consuming [32m 5.010578 ms[0m


[1;33m------------- <559> Plan Global Path start---------------[0m
[0m[INFO] [1784399137.015818720]: update topo skeleton cost: 6.406181ms, update odom vertex cost:69.282654ms [0m
[0m[INFO] [1784399137.015856002]: [highspeed_exp adapter] safety map ready=1 rog_ready=1 cloud_size=9636[0m
[0m[INFO] [1784399137.038489088]: vp cluster cost: 2.194880ms  ,remove unreachable cost: 14.479321ms, select vp cost: 5.684208ms[0m
insert viewpoint to graph time: 21.6219 ms
[1;33m-------------Plan Global Path end-----------------[0m

total time cost: 120.655ms
viz&&print cost:0.039652ms
 -- [TIMER] updateMap time consuming [32m 5.137865 ms[0m
 -- [TIMER] updateMap time consuming [32m 5.131265 ms[0m


[1;33m------------- <560> Plan Global Path start---------------[0m
[0m[INFO] [1784399137.216844801]: update topo skeleton cost: 6.944213ms, update odom vertex cost:68.982141ms [0m
[0m[INFO] [1784399137.234308159]: [view score] cluster=1303 best_score=-1.94793 visible_gain=3 speed=0 corridor_cruise=0 hard_gate=0 rejected=0 top_k=1 known_free=1.2 clearance=1.02134 turn=0 selected_yaw=2.74889 current_yaw=-2.00655 yaw_delta=1.52774 heading_known_free=11.8 vp=(3.48182, -7.40909, 1.9)[0m
[0m[INFO] [1784399137.238976917]: vp cluster cost: 2.532010ms  ,remove unreachable cost: 13.917968ms, select vp cost: 5.207439ms[0m
insert viewpoint to graph time: 22.125 ms
[1;33m-------------Plan Global Path end-----------------[0m

total time cost: 120.854ms
viz&&print cost:0.048553ms
 -- [TIMER] updateMap time consuming [32m 5.483806 ms[0m
 -- [TIMER] updateMap time consuming [32m 5.222621 ms[0m


[1;33m------------- <561> Plan Global Path start---------------[0m
[0m[INFO] [1784399137.421099034]: update topo skeleton cost: 6.826896ms, update odom vertex cost:72.389373ms [0m
[0m[INFO] [1784399137.445469972]: vp cluster cost: 2.501239ms  ,remove unreachable cost: 15.526583ms, select vp cost: 5.978195ms[0m
insert viewpoint to graph time: 28.6824 ms
[1;33m-------------Plan Global Path end-----------------[0m

total time cost: 133.144ms
viz&&print cost:0.287647ms
[0m[INFO] [1784399137.296400450]: Publish local map size: 9471[0m
[0m[INFO] [1784398991.978744024]: [highspeed_traj_server] ready. odom=/lidar_slam/odom[0m
 -- [TIMER] updateMap time consuming [32m 12.366345 ms[0m
Rebuild thread terminated normally

[1mROS_MASTER_URI=http://127.0.0.1:11350[0m
]2;/root/ws/real_planner/src/General-Planner/src/Planner/task_planner/launch/exploration.launch http://127.0.0.1:11350
[1mprocess[perfect_drone-1]: started with pid [3525260][0m
[1mprocess[exploration_node-2]: started with pid [3525261][0m
[1mprocess[traj_server-3]: started with pid [3525262][0m
[traj_server-3] killing on exit
[exploration_node-2] killing on exit
[perfect_drone-1] killing on exit
shutting down processing monitor...
... shutting down processing monitor complete
[1mdone[0m
