... logging to /root/.ros/log/52c2079a-82ce-11f1-b30b-f068e322ab4c/roslaunch-diffbot-3458238.log
Checking log directory for disk usage. This may take a while.
Press Ctrl-C to interrupt
Done checking log file disk usage. Usage is <1GB.
]2;/root/ws/real_planner/src/General-Planner/src/Planner/task_planner/launch/exploration.launch
[1mstarted roslaunch server http://diffbot:34793/[0m

SUMMARY
========

CLEAR PARAMETERS
 * /exploration_node/
 * /perfect_drone/

PARAMETERS
 * /exploration_node/BackupMaxAcc: 15.0
 * /exploration_node/BackupMaxStartTime: 2.4
 * /exploration_node/BackupMaxVel: 10.0
 * /exploration_node/BackupMinStartTime: 1.3
 * /exploration_node/BackupPieceNum: 2
 * /exploration_node/BackupSampleDt: 0.06
 * /exploration_node/BackupSearchMargin: 5.5
 * /exploration_node/BackupStartRatio: 0.55
 * /exploration_node/BackupTrajEnable: True
 * /exploration_node/BrakeAccel: 12.0
 * /exploration_node/ChiVec: [200000.0, 20000....
 * /exploration_node/CommitBackupTimeBuffer: 0.18
 * /exploration_node/CommitKnownFreeSafeDistance: 0.45
 * /exploration_node/CommitMaxDuration: 2.3
 * /exploration_node/CommitMinDuration: 0.5
 * /exploration_node/CommitSampleDt: 0.05
 * /exploration_node/ControlLatency: 0.08
 * /exploration_node/CorridorBoxSearchSkipNum: 2
 * /exploration_node/CorridorCruiseEnable: True
 * /exploration_node/CorridorCruiseForwardWeight: 0.4
 * /exploration_node/CorridorCruiseKnownFreeLength: 18.0
 * /exploration_node/CorridorCruiseLateralPenalty: 14.0
 * /exploration_node/CorridorCruiseMaxBacktrackDistance: 2.0
 * /exploration_node/CorridorCruiseMaxGoalDistance: 45.0
 * /exploration_node/CorridorCruiseMinAlignment: 0.7
 * /exploration_node/CorridorCruiseMinProgress: 4.0
 * /exploration_node/CorridorIrisIterNum: 3
 * /exploration_node/CorridorLineMaxLength: 2.0
 * /exploration_node/CorridorMaxStartShift: 0.45
 * /exploration_node/CorridorMinOverlapThreshold: 0.15
 * /exploration_node/CorridorRobotRadius: 0.45
 * /exploration_node/CorridorUseRogOccPoints: False
 * /exploration_node/CorridorVirtualCeilHeight: 6.4
 * /exploration_node/CorridorVirtualGroundHeight: -0.1
 * /exploration_node/CurvatureMinRadius: 0.8
 * /exploration_node/DilateRadiusHard: 0.45
 * /exploration_node/DilateRadiusSoft: 0.6
 * /exploration_node/DynamicVelocityClearanceMargin: 0.45
 * /exploration_node/DynamicVelocityEnable: False
 * /exploration_node/DynamicVelocityMinClearance: 0.25
 * /exploration_node/DynamicVelocityOpenClearance: 2.2
 * /exploration_node/EdgeBackupPenaltyWeight: 14.0
 * /exploration_node/EdgeKnownFreePenaltyWeight: 0.45
 * /exploration_node/EdgeTurnPenaltyWeight: 1.1
 * /exploration_node/EdgeYawPenaltyWeight: 0.2
 * /exploration_node/EnergyWeight: 0.15
 * /exploration_node/FinishNoFrontierMinCount: 4
 * /exploration_node/FinishNoFrontierMinDuration: 1.5
 * /exploration_node/FinishRecheckAfterGoalReached: True
 * /exploration_node/FinishRequireVehicleSlow: True
 * /exploration_node/FinishSlowSpeed: 0.5
 * /exploration_node/FrontierManager/boundary_ignore_cells: 1
 * /exploration_node/FrontierManager/cell_size: 0.6
 * /exploration_node/FrontierManager/cluster_direction_radius: 0.0
 * /exploration_node/FrontierManager/cluster_match_radius: 3.0
 * /exploration_node/FrontierManager/cluster_max_fov_edge_ratio: 0.65
 * /exploration_node/FrontierManager/cluster_max_gap_ratio: 0.85
 * /exploration_node/FrontierManager/cluster_max_size: 14.0
 * /exploration_node/FrontierManager/cluster_min_observation_frames: 2
 * /exploration_node/FrontierManager/cluster_min_radius: 2.0
 * /exploration_node/FrontierManager/cluster_min_size: 4.0
 * /exploration_node/FrontierManager/cluster_minmum_point_num: 10
 * /exploration_node/FrontierManager/good_observation_direction_score: 0.65
 * /exploration_node/FrontierManager/good_observation_force_trust_length: 7.0
 * /exploration_node/FrontierManager/good_observation_trust_length: 28.0
 * /exploration_node/FrontierManager/noise_cell_range: 1
 * /exploration_node/FrontierManager/update_length: 36.0
 * /exploration_node/FrontierManager/view_cluster: False
 * /exploration_node/FrontierManager/view_frt: False
 * /exploration_node/GeneralCorridorEnable: True
 * /exploration_node/GoalKeepCostRatio: 1.35
 * /exploration_node/GoalLockEnable: True
 * /exploration_node/GoalLockMatchRadius: 1.0
 * /exploration_node/GoalReachedRadius: 0.35
 * /exploration_node/GoalSwitchHighSpeedMultiplier: 1.8
 * /exploration_node/GoalSwitchMinImprovement: 2.0
 * /exploration_node/GoalSwitchMinInterval: 1.2
 * /exploration_node/GravAcc: 9.8
 * /exploration_node/HighSpeedModeExitThreshold: 3.0
 * /exploration_node/HighSpeedModeThreshold: 5.0
 * /exploration_node/HorizDrag: 0.7
 * /exploration_node/IntegralIntervs: 40
 * /exploration_node/KnownFreeLongLength: 18.0
 * /exploration_node/KnownFreeMediumLength: 10.0
 * /exploration_node/KnownFreeShortLength: 4.0
 * /exploration_node/MaxAccMag: 10.0
 * /exploration_node/MaxCorridorSize: 7.0
 * /exploration_node/MaxThrust: 55.0
 * /exploration_node/MaxTiltAngle: 1.1
 * /exploration_node/MaxVelMag: 5.0
 * /exploration_node/MinSegmentVel: 1.5
 * /exploration_node/MinThrust: 6.0
 * /exploration_node/NonstopTerminalMaxTurnAngle: 0.65
 * /exploration_node/NonstopTerminalMaxYawDelta: 1.0
 * /exploration_node/NonstopTerminalMinPathLength: 8.0
 * /exploration_node/NonstopTerminalVelocityEnable: False
 * /exploration_node/NonstopTerminalVelocityRatio: 0.7
 * /exploration_node/OpenSegmentVel: 10.0
 * /exploration_node/ParasDrag: 0.01
 * /exploration_node/PlannerLatency: 0.12
 * /exploration_node/RelCostTol: 1e-06
 * /exploration_node/ReorientationHeadingAngle: 1.75
 * /exploration_node/ReplanCommitDelay: 0.45
 * /exploration_node/RogKnownFreeFallbackToLio: True
 * /exploration_node/RogMapConfigPath: /root/ws/real_pla...
 * /exploration_node/RogMapEnable: True
 * /exploration_node/SafetyBrakeMargin: 0.8
 * /exploration_node/SafetyClearanceTolerance: 0.02
 * /exploration_node/SafetyMapQueryStep: 0.2
 * /exploration_node/SafetyMapUnknownAllowedForExplore: True
 * /exploration_node/SafetyMapUnknownAsOccupiedForBackup: True
 * /exploration_node/SafetyMapUnknownAsOccupiedForCommit: True
 * /exploration_node/SmoothingEps: 0.015
 * /exploration_node/SpeedEps: 0.0001
 * /exploration_node/TrajectoryRetryMinVel: 1.0
 * /exploration_node/TurnHardAngle: 1.05
 * /exploration_node/TurnHardVelocity: 2.0
 * /exploration_node/TurnLateralAcceleration: 5.0
 * /exploration_node/TurnSoftAngle: 0.35
 * /exploration_node/TurnSoftVelocity: 7.0
 * /exploration_node/TurnVelocityEnable: True
 * /exploration_node/VehicleMass: 1.9
 * /exploration_node/VelocityLogEnable: True
 * /exploration_node/VelocityLongKnownFree: 6.0
 * /exploration_node/VelocityMediumKnownFree: 4.0
 * /exploration_node/VelocityShortKnownFree: 2.0
 * /exploration_node/VertDrag: 0.8
 * /exploration_node/ViewScoreBackupPenalty: 8.0
 * /exploration_node/ViewScoreClearanceWeight: 0.45
 * /exploration_node/ViewScoreGainWeight: 1.0
 * /exploration_node/ViewScoreHardGateEnable: True
 * /exploration_node/ViewScoreHardGateMaxTurnAngle: 1.4
 * /exploration_node/ViewScoreHardGateMaxYawDelta: 1.6
 * /exploration_node/ViewScoreHardGateMinClearance: 0.45
 * /exploration_node/ViewScoreHardGateMinKnownFreeRatio: 1.0
 * /exploration_node/ViewScoreKnownFreeMaxLen: 25.0
 * /exploration_node/ViewScoreKnownFreeWeight: 0.2
 * /exploration_node/ViewScoreProgressWeight: 0.12
 * /exploration_node/ViewScoreTopCandidateNum: 2
 * /exploration_node/ViewScoreTurnWeight: 1.35
 * /exploration_node/ViewScoreVelocityAlignWeight: 2.0
 * /exploration_node/ViewScoreYawWeight: 0.25
 * /exploration_node/ViewpointManager/consider_range: 20
 * /exploration_node/ViewpointManager/global_recluster_size: 36
 * /exploration_node/ViewpointManager/local_tsp_size: 10
 * /exploration_node/ViewpointManager/sample_pillar_circle_sample_num: 8
 * /exploration_node/ViewpointManager/sample_pillar_height_layer_num: 5
 * /exploration_node/ViewpointManager/sample_pillar_max_height: 1.8
 * /exploration_node/ViewpointManager/sample_pillar_max_radius: 5.2
 * /exploration_node/ViewpointManager/sample_pillar_min_height: -1.2
 * /exploration_node/ViewpointManager/sample_pillar_min_radius: 1.2
 * /exploration_node/ViewpointManager/sample_pillar_radius_layer_num: 5
 * /exploration_node/ViewpointManager/top_candidate_num: 2
 * /exploration_node/ViewpointManager/view_direction_range: 140.0
 * /exploration_node/WeightSafeT: 260.0
 * /exploration_node/WeightT: 1500.0
 * /exploration_node/box_0/down: [-20.0, -20.0, -0.2]
 * /exploration_node/box_0/up: [20.0, 20.2, 3.8]
 * /exploration_node/box_1/down: [-9.5, -9.5, 2.8]
 * /exploration_node/box_1/up: [9.5, 9.5, 6.4]
 * /exploration_node/box_num: 2
 * /exploration_node/bubble_astar/allocate_num: 1000000
 * /exploration_node/bubble_astar/debug: False
 * /exploration_node/bubble_astar/lambda_heu: 100.0
 * /exploration_node/bubble_astar/resolution_astar: 0.25
 * /exploration_node/bubble_astar/safe_distance: 0.45
 * /exploration_node/bubble_topo/bubble_min_radius: 0.46
 * /exploration_node/bubble_topo/cube_discrete_size: 0.3
 * /exploration_node/bubble_topo/frontier_bubble_min_radius: 0.46
 * /exploration_node/bubble_topo/init_region_size_x: 4.0
 * /exploration_node/bubble_topo/init_region_size_y: 4.0
 * /exploration_node/bubble_topo/init_region_size_z: 2.0
 * /exploration_node/bubble_topo/min_x: 0.35
 * /exploration_node/bubble_topo/min_y: 0.35
 * /exploration_node/bubble_topo/min_z: 0.25
 * /exploration_node/bubble_topo/odom_node_distance: 2.5
 * /exploration_node/cloud_topic: /cloud_registered
 * /exploration_node/coverage_guidance/executable_candidate_bonus: 3.0
 * /exploration_node/coverage_guidance/executable_candidate_enable: True
 * /exploration_node/coverage_guidance/executable_candidate_max_active_frontiers: 0
 * /exploration_node/coverage_guidance/executable_candidate_max_count: 2
 * /exploration_node/coverage_guidance/executable_candidate_max_speed: 0.5
 * /exploration_node/coverage_guidance/fine_cell_size: 3.6
 * /exploration_node/coverage_guidance/finish_guard_enable: True
 * /exploration_node/coverage_guidance/finish_min_progress_voxels: 12
 * /exploration_node/coverage_guidance/finish_plateau_duration: 20.0
 * /exploration_node/coverage_guidance/full_rank_weight: 12.0
 * /exploration_node/coverage_guidance/macro_cell_size: 10.8
 * /exploration_node/coverage_guidance/max_cp_nodes: 160
 * /exploration_node/coverage_guidance/max_preferred_clusters: 16
 * /exploration_node/coverage_guidance/min_unknown_voxels: 8
 * /exploration_node/coverage_guidance/mode: full
 * /exploration_node/coverage_guidance/near_expand_radius: 36.0
 * /exploration_node/coverage_guidance/rank_penalty_cap: 0.0
 * /exploration_node/coverage_guidance/recovery_max_failure_attempts: 2
 * /exploration_node/coverage_guidance/recovery_max_no_gain_attempts: 2
 * /exploration_node/coverage_guidance/recovery_min_gain_voxels: 12
 * /exploration_node/coverage_guidance/recovery_reached_radius: 1.0
 * /exploration_node/coverage_guidance/recovery_target_cooldown: 45.0
 * /exploration_node/coverage_guidance/recovery_target_match_radius: 1.8
 * /exploration_node/coverage_guidance/recovery_target_timeout: 25.0
 * /exploration_node/coverage_guidance/soft_weight: 3.0
 * /exploration_node/coverage_guidance/stale_timeout: 3.0
 * /exploration_node/coverage_guidance/unknown_edge_penalty: 1.8
 * /exploration_node/coverage_guidance/unknown_first_penalty: 1000.0
 * /exploration_node/coverage_guidance/update_period: 1.0
 * /exploration_node/coverage_guidance/visualization_enable: True
 * /exploration_node/coverage_guidance/voxel_resolution: 0.6
 * /exploration_node/dead_area_num: 0
 * /exploration_node/exploration/original_frontend_compatibility: True
 * /exploration_node/exploration/tsp_dir: /tmp
 * /exploration_node/exploration/use_lkh: True
 * /exploration_node/frontier/candidate_dphi: 0.26
 * /exploration_node/frontier/candidate_znum: 3
 * /exploration_node/fsm/adaptive_tight_path_horizon_enable: True
 * /exploration_node/fsm/auto_trigger: True
 * /exploration_node/fsm/auto_trigger_delay: 2.0
 * /exploration_node/fsm/caution_recovery_retry_interval: 0.75
 * /exploration_node/fsm/caution_stop_retry_interval: 0.8
 * /exploration_node/fsm/cloud_odom_mode: approximate_sync
 * /exploration_node/fsm/cloud_subscriber_queue: 1
 * /exploration_node/fsm/controlled_reorientation_enable: True
 * /exploration_node/fsm/debug_planner: False
 * /exploration_node/fsm/emergency_replan_control_error: 1.5
 * /exploration_node/fsm/global_path_update_min_interval: 0.2
 * /exploration_node/fsm/latest_odom_timeout: 0.5
 * /exploration_node/fsm/max_cloud_age: 0.5
 * /exploration_node/fsm/max_odom_age: 0.5
 * /exploration_node/fsm/odom_subscriber_queue: 50
 * /exploration_node/fsm/path_densify_step: 2.5
 * /exploration_node/fsm/plan_failure_refresh_count: 3
 * /exploration_node/fsm/plan_failure_retry_delay: 0.2
 * /exploration_node/fsm/reorient_exit_speed: 0.45
 * /exploration_node/fsm/reorient_stop_retry_interval: 0.8
 * /exploration_node/fsm/reorient_timeout: 6.0
 * /exploration_node/fsm/replan_time: 0.25
 * /exploration_node/fsm/replan_time_after_traj_start: 0.35
 * /exploration_node/fsm/replan_time_before_traj_end: 1.0
 * /exploration_node/fsm/sync_queue: 20
 * /exploration_node/fsm/thresh_replan: 0.5
 * /exploration_node/fsm/tight_path_min_horizon: 4.0
 * /exploration_node/fsm/tight_path_turn_threshold: 2.5
 * /exploration_node/fsm/trigger_topic: /move_base_simple...
 * /exploration_node/global_planning/candidate_debt_saturation: 3.0
 * /exploration_node/global_planning/candidate_debt_weight: 2.5
 * /exploration_node/global_planning/candidate_future_return_weight: 0.55
 * /exploration_node/global_planning/candidate_gain_saturation: 30.0
 * /exploration_node/global_planning/candidate_information_gain_weight: 2.0
 * /exploration_node/global_planning/candidate_return_cost_cap: 12.0
 * /exploration_node/global_planning/candidate_return_horizon: 4
 * /exploration_node/global_planning/candidate_travel_weight: 1.0
 * /exploration_node/global_planning/candidate_turn_brake_weight: 1.0
 * /exploration_node/global_planning/candidate_wait_saturation: 18.0
 * /exploration_node/global_planning/candidate_wait_weight: 1.5
 * /exploration_node/global_planning/composite_candidate_cost_enable: True
 * /exploration_node/global_planning/epic_simple_cost: False
 * /exploration_node/global_planning/failed_goal_cooldown: 30.0
 * /exploration_node/global_planning/failed_goal_penalty: 2000.0
 * /exploration_node/global_planning/frontier_pass_cooldown: 4.0
 * /exploration_node/global_planning/frontier_pass_debt_increment: 1.0
 * /exploration_node/global_planning/frontier_pass_debt_max: 4.0
 * /exploration_node/global_planning/frontier_pass_exit_margin: 2.0
 * /exploration_node/global_planning/frontier_pass_radius: 10.0
 * /exploration_node/global_planning/w_firstnode: 0.2
 * /exploration_node/global_planning/w_vdir: 0.3
 * /exploration_node/global_planning/w_yawdir: 0.0
 * /exploration_node/lidar_perception/fov_down: -7.0
 * /exploration_node/lidar_perception/fov_up: 52.0
 * /exploration_node/lidar_perception/fov_viewpoint_down: -5.0
 * /exploration_node/lidar_perception/fov_viewpoint_up: 48.0
 * /exploration_node/lidar_perception/lidar_pitch: 40.0
 * /exploration_node/lidar_perception/max_ray_length: 36
 * /exploration_node/maxBdrMag: 10000.0
 * /exploration_node/max_traj_len: 26.0
 * /exploration_node/max_update_region_num: 99999999
 * /exploration_node/odometry_topic: /lidar_slam/odom
 * /exploration_node/parallel_astar/insert_node_timeout: 0.02
 * /exploration_node/parallel_astar/update_connection_timeout: 0.02
 * /exploration_node/view_graph: False
 * /exploration_node/viewpoint_param/global_viewpoint_num: 14
 * /exploration_node/viewpoint_param/local_viewpoint_num: 6
 * /exploration_node/yaw_max_vel: 5.0
 * /exploration_node/yaw_rho_vis: 10000.0
 * /exploration_node/yaw_time_fwd: 2.5
 * /perfect_drone/config_path: /root/ws/real_pla...
 * /rosdistro: noetic
 * /rosversion: 1.17.4
 * /traj_server/heartbeat_timeout: 1.5
 * /traj_server/odometry_topic: /lidar_slam/odom
 * /traj_server/replan_time: 0.25

NODES
  /
    exploration_node (general_planner/exploration_node)
    perfect_drone (perfect_drone_sim/perfect_drone)
    traj_server (general_planner/highspeed_traj_server)
 -- [Fsm-Test] Load config from: /root/ws/real_planner/src/General-Planner/src/Planner/general_planner/config/exploration_sim.yaml
Load config file: /root/ws/real_planner/src/General-Planner/src/Planner/general_planner/config/exploration_sim.yaml
[0;32m Load param mesh_resource success: [0;0mpackage://perfect_drone_sim/meshes/yunque-M.dae
[0;32m Load param cmd_topic success: [0;0m/planning/pos_cmd
[0;32m Load param odom_topic success: [0;0m/lidar_slam/odom
[0;32m Load param pose_topic success: [0;0m/lidar_slam/pose
[0;32m Load param local_pc_topic success: [0;0m/cloud_registered
[0;32m Load param global_pc_topic success: [0;0m/global_pc
[0;33m Load param dynamic_cloud_topic failed, use default value: [0;0m/perfect_drone/dynamic_obstacle_cloud
[0;32m Load param robot_frame_id success: [0;0mperfect_drone
[0;32m Load param init_position/x success: [0;0m-17
Multi thread started 
max boundary:   20
20.2
 6.4
min boundary:  -20
 -20
-0.2
[0;32m Load param init_position/y success: [0;0m0
[0;32m Load param init_position/z success: [0;0m2
[0;33m Load param init_roll failed, use default value: [0;0m0
[0;33m Load param init_pitch failed, use default value: [0;0m0
[0;32m Load param init_yaw success: [0;0m0
[0;32m Load param lidar_pitch success: [0;0m40
[0;32m Load param sensing_rate success: [0;0m10
[0;33m Load param dynamic_cloud_en failed, use default value: [0;0m0
Load config file: /root/ws/real_planner/src/General-Planner/src/Planner/general_planner/config/exploration_sim.yaml
[0;32m Load param sensing_blind success: [0;0m1
[0;32m Load param sensing_horizon success: [0;0m60
[0;32m Load param sensing_rate success: [0;0m10
[0;32m Load param lidar_type success: [0;0m3
[0;32m Load param pcd_name success: [0;0mvilla_extreme_obstacles.pcd
[0;32m Load param is_360lidar success: [0;0m1
[0;32m Load param polar_resolution success: [0;0m0.2
[0;33m Load param fx failed, use default value: [0;0m250
[0;33m Load param fy failed, use default value: [0;0m250
[0;33m Load param line_number failed, use default value: [0;0m64
[0;32m Load param downsample_res success: [0;0m0.1
[0;33m Load param yaw_fov failed, use default value: [0;0m360
[0;32m Load param vertical_fov success: [0;0m90
[0;32m Load param depth_image_en success: [0;0m0
[0;33m Load param inf_point_en failed, use default value: [0;0m0
[0;32m Load param print_time_consumption success: [0;0m0
Load config file: /root/ws/real_planner/src/General-Planner/src/Planner/general_planner/config/exploration_rog_map.yaml
[0;32m Load param rog_map/esdf/resolution success: [0;0m0.15
[0;32m Load param rog_map/esdf/enable success: [0;0m0
[0;32m Load param rog_map/esdf/local_update_box success: [0;0m[12 12 4 ]
[0;32m Load param rog_map/load_pcd_en success: [0;0m0
[0;32m Load param rog_map/map_sliding/enable success: [0;0m1
[0;32m Load param rog_map/map_sliding/threshold success: [0;0m0.3
[0;32m Load param rog_map/fix_map_origin success: [0;0m[0 0 1.5 ]
[0;32m Load param rog_map/frontier_extraction_en success: [0;0m0
[0;32m Load param rog_map/ros_callback/enable success: [0;0m0
[0;33m Load param rog_map/ros_callback/cloud_topic failed, use default value: [0;0m/cloud_registered
[0;33m Load param rog_map/ros_callback/odom_topic failed, use default value: [0;0m/lidar_slam/odom
[0;32m Load param rog_map/ros_callback/odom_timeout success: [0;0m0.1
[0;32m Load param rog_map/visualization/enable success: [0;0m1
[0;33m Load param rog_map/visualization/use_dynamic_reconfigure failed, use default value: [0;0m0
[0;32m Load param rog_map/visualization/pub_unknown_map_en success: [0;0m0
[0;32m Load param rog_map/visualization/frame_id success: [0;0mworld
[0;32m Load param rog_map/visualization/time_rate success: [0;0m1
[0;32m Load param rog_map/visualization/frame_rate success: [0;0m0
[0;32m Load param rog_map/visualization/range success: [0;0m[30 30 5 ]
[0;32m Load param rog_map/resolution success: [0;0m0.15
[0;32m Load param rog_map/inflation_resolution success: [0;0m0.15
[0;32m Load param rog_map/unk_inflation_en success: [0;0m0
[0;32m Load param rog_map/unk_inflation_step success: [0;0m1
[0;32m Load param rog_map/inflation_step success: [0;0m2
[0;32m Load param rog_map/intensity_thresh success: [0;0m-10
[0;32m Load param rog_map/map_size success: [0;0m[72 72 8 ]
[0;32m Load param rog_map/point_filt_num success: [0;0m1
[0;32m Load param rog_map/raycasting/enable success: [0;0m1
[0;32m Load param rog_map/raycasting/batch_update_size success: [0;0m1
[0;32m Load param rog_map/raycasting/unk_thresh success: [0;0m1
[0;32m Load param rog_map/raycasting/p_hit success: [0;0m0.9
[0;32m Load param rog_map/raycasting/p_miss success: [0;0m0.49
[0;32m Load param rog_map/raycasting/p_min success: [0;0m0.12
[0;32m Load param rog_map/raycasting/p_max success: [0;0m0.97
[0;32m Load param rog_map/raycasting/p_occ success: [0;0m0.85
[0;32m Load param rog_map/raycasting/p_free success: [0;0m0.499
[0;32m Load param rog_map/raycasting/p_free success: [0;0m0.499
[0;32m Load param rog_map/raycasting/ray_range success: [0;0m[0.5 60 ]
[0;32m Load param rog_map/raycasting/local_update_box success: [0;0m[70 70 6 ]
[0;32m Load param rog_map/virtual_ground_height success: [0;0m-0.1
[0;32m Load param rog_map/virtual_ceil_height success: [0;0m6.4
[32m -- [RM-Config] inflation_resolution: 0.15[0m
 -- [ROG-Map] Init, resetMapSize: ORIGIN_AT_CORNER.
 -- [ROG-Map] Init, resetMapSize: virtual_ceil_height: 5.925, virtual_ground_height: 0.22499999999999998.
[34m	[ROG] n_free: 1[0m
[34m	[ROG] n_occ: 1[0m
[34m	[ROG] l_hit: 2.19722[0m
[34m	[ROG] l_miss: -0.0400053[0m
[34m	[ROG] l_min: -1.99243[0m
[34m	[ROG] l_max: 3.4761[0m
[34m	[ROG] l_occ: 1.7346[0m
[34m	[ROG] l_free: -0.00399995[0m
[33m -- [Inf-Map] Clear all local map.[0m
[32m -- [CounterMap] Init successfully -- .[0m
[32m	resolution: 0.15[0m
[32m	map_sliding_en: 1[0m
[32m	local_map_size_i: 487 487  59[0m
[32m	local_map_size_d: 73.05 73.05  8.85[0m
[33m -- [Inf-Map] Clear all local map.[0m
[32m -- [InfMap] Init successfully -- .[0m
[32m	resolution: 0.15[0m
[32m	map_sliding_en: 1[0m
[32m	local_map_size_i: 487 487  59[0m
[32m	local_map_size_d: 73.05 73.05  8.85[0m
[ProbMap] virtual_ceil_height: 5.85
[ProbMap] virtual_ground_height: 0.15
[33m -- [Prob-Map] Clear all local map.[0m
[32m -- [ProbMap] Init successfully -- .[0m
[32m	resolution: 0.15[0m
[32m	map_sliding_en: 1[0m
[32m	local_map_size_i: 481 481  53[0m
[32m	local_map_size_d: 72.15 72.15  7.95[0m
[33m -- [Inf-Map] Clear all local map.[0m
GLAD init success
Load shader frome: /root/ws/real_planner/src/General-Planner/src/Planner/mars_uav_sim/marsim_render/config/pattern/360camera.vs
Failed to find match for field 'intensity'.
Now initing the point cloud data: 
Number of points = 279.024X 10000
Load data finish 
========== OpenGL Info ==========
Vendor: NVIDIA Corporation
Renderer: NVIDIA GeForce RTX 5070 Ti/PCIe/SSE2
OpenGL Version: 3.3.0 NVIDIA 580.159.03
GLSL Version: 3.30 NVIDIA via Cg compiler
========== OpenGL Info ==========
[33m[WARN] [1784395811.364532231]: PerfectDrone is waiting for the first odometry snapshot before rendering[0m
[33m[WARN] [1784395812.224593439]: no odom.[0m
[0m[INFO] [1784395811.151670323]: [highspeed_exp adapter] ROG corridor backend initialized: /root/ws/real_planner/src/General-Planner/src/Planner/general_planner/config/exploration_rog_map.yaml[0m
[0m[INFO] [1784395811.208016025]: [frontier storage] compact inline key enabled, bits=7 7 4 bytes=3[0m
[0m[INFO] [1784395811.215946278]: [coverage guidance] mode=full persistent_voxels=54672 resolution=0.6 fine_cell=3.6 macro_cell=10.8 update_period=1s[0m
[0m[INFO] [1784395811.216247375]: [frontend compatibility] original_behavior=1 epic_simple_cost=0 composite_candidate_cost=1 lkh=1 work_dir=/tmp/highspeed_exp_lkh_u0_p3458272[0m
[0m[INFO] [1784395811.222362395]: [exploration trigger] auto=1 nav_goal_topic=/move_base_simple/goal legacy_path_topic=/waypoint_generator/waypoints[0m
[0m[INFO] [1784395811.224444255]: [cloud sync] mode=approximate_sync cloud_topic=/cloud_registered odom_topic=/lidar_slam/odom cloud_queue=1 odom_queue=50 sync_queue=20 max_cloud_age=0.5s independent_odom=1 max_odom_age=0.5s[0m
[0m[INFO] [1784395812.224836467]: [cloud input] mode=approximate_sync points=10177 age=0.0608611s stamp_valid=1[0m
 -- [TIMER] updateMap time consuming [32m 82.501387 ms[0m
[0m[INFO] [1784395812.312803852]: cloud odom callback cost: map update:85.2207ms  update frontier clusters: 2.70618ms  total: 87.927ms
[0m
[32m[FSM][0m: from INIT to WAIT_TRIGGER
[33m[WARN] [1784395812.342553392]: wait for trigger.[0m
[33m[WARN] [1784395813.344984998]: wait for trigger.[0m
[0m[INFO] [1784395811.364022046]: PerfectDrone LiDAR mount: body pitch 40.000 deg; cloud and odometry use an identical pose timestamp[0m
[0m[INFO] [1784395811.470146582]: Publish local map size: 8784[0m
[0m[INFO] [1784395812.569174998]: Publish local map size: 10009[0m
 -- [MARSIM] Running FPS: 201.745
[0m[INFO] [1784395812.316745313]: [coverage guidance] plan valid=1 map_v=1 frontier_v=1 zones(f/u)=4/264 observed=1656/35519 coverage=0.0466 voxels(f/o/u)=27/1629/0 active=1 reachable_unknown=158 route_nodes=160 preferred=1 cost=3.9ms[0m
 -- [TIMER] updateMap time consuming [32m 17.777767 ms[0m
[0m[INFO] [1784395812.342531873]: auto trigger armed, waiting 1.88s/topology ready=0[0m
 -- [TIMER] updateMap time consuming [32m 14.104843 ms[0m
[0m[INFO] [1784395812.424730063]: [global update] actual callback interval=200.066ms configured=200ms[0m
 -- [TIMER] updateMap time consuming [32m 12.504988 ms[0m
 -- [TIMER] updateMap time consuming [32m 12.563608 ms[0m
 -- [TIMER] updateMap time consuming [32m 10.753405 ms[0m
 -- [TIMER] updateMap time consuming [32m 12.303960 ms[0m
 -- [TIMER] updateMap time consuming [32m 12.193631 ms[0m
 -- [TIMER] updateMap time consuming [32m 11.274881 ms[0m
 -- [TIMER] updateMap time consuming [32m 12.027382 ms[0m
 -- [TIMER] updateMap time consuming [32m 12.754186 ms[0m
[0m[INFO] [1784395813.269241054]: [cloud input] mode=approximate_sync points=9674 age=0.00525001s stamp_valid=1[0m
 -- [TIMER] updateMap time consuming [32m 12.154761 ms[0m
[0m[INFO] [1784395813.344962818]: auto trigger armed, waiting 0.88s/topology ready=1[0m
 -- [TIMER] updateMap time consuming [32m 13.479499 ms[0m
[0m[INFO] [1784395813.413890499]: cloud odom callback cost: map update:23.6284ms  update frontier clusters: 3.62928ms  total: 27.2578ms
[0m
 -- [TIMER] updateMap time consuming [32m 12.815205 ms[0m
 -- [TIMER] updateMap time consuming [32m 13.410680 ms[0m
[0m[INFO] [1784395813.594676793]: [global update] actual callback interval=235.222ms configured=200ms[0m
 -- [TIMER] updateMap time consuming [32m 13.108703 ms[0m
 -- [TIMER] updateMap time consuming [32m 13.577658 ms[0m
 -- [TIMER] updateMap time consuming [32m 10.525398 ms[0m
 -- [TIMER] updateMap time consuming [32m 12.292190 ms[0m
 -- [TIMER] updateMap time consuming [32m 12.644287 ms[0m
 -- [TIMER] updateMap time consuming [32m 12.319920 ms[0m
[32m[auto trigger][0m: from WAIT_TRIGGER to PLAN_TRAJ


[1;33m------------- <9> Plan Global Path start---------------[0m
[0m[INFO] [1784395814.255980083]: update topo skeleton cost: 9.114142ms, update odom vertex cost:10.466608ms [0m
[0m[INFO] [1784395814.256008003]: [highspeed_exp adapter] safety map ready=1 rog_ready=1 cloud_size=9575[0m
[0m[INFO] [1784395814.259786376]: [view score] cluster=69 best_score=8.82736 visible_gain=4 speed=0 corridor_cruise=0 hard_gate=0 rejected=0 top_k=2 known_free=17.8442 clearance=0.942645 turn=0 selected_yaw=1.1781 current_yaw=0 yaw_delta=1.1781 heading_known_free=6.4 vp=(-16.268, 17.792, 0.85)[0m
[0m[INFO] [1784395814.283294758]: vp cluster cost: 1.342127ms  ,remove unreachable cost: 1.003570ms, select vp cost: 24.809419ms[0m
insert viewpoint to graph time: 5.57246 ms
[0m[INFO] [1784395814.289145371]: [edge cost] len=9.56448 total=6.80904 time=4.98224 turn_pen=1.8268 known_pen=0 backup_pen=0 yaw_pen=0 known_free=9.56448 min_clearance=0.869124 vel_limit=2 reason=curvature backup_feasible=1[0m
[0m[INFO] [1784395814.300953226]: [frontier lifecycle] selected cluster=78 selected_count=1 match_distance=0[0m
[0m[INFO] [1784395814.300977166]: [candidate cost] chosen_cluster=78 chosen_coverage=0 raw_best_cluster=78 raw_best_coverage=0 | #0 c=78/cp=0 J=7.83864 T=2.14511 TB=0.970205 R=7.84794 G=0.565217 W=0.00151413 D=0 C=1.53967 | #1 c=68/cp=0 J=16.0551 T=4.72119 TB=1.93675 R=10.6887 G=0.375 W=0.109503 D=0 C=4.43267 | #2 c=64/cp=0 J=18.5068 T=4.98224 TB=1.8268 R=12 G=0.117647 W=0.109503 D=0 C=5.49732[0m
calculate tsp cost matrix cost 12.0547ms

tour solver cost: 0.961801ms
[1;33m-------------Plan Global Path end-----------------[0m

total time cost: 67.3694ms
[32m[planGlobalPath: succeed][0m: from PLAN_TRAJ to PLAN_TRAJ
viz&&print cost:0.02497ms
[0m[INFO] [1784395814.304038057]: [path condition] raw_pts=6 conditioned_pts=3 dense_pts=4 len=5.53533 known_free=5.53533 min_clearance=1.14463 turn=0.213061 max_local_turn=0.213061 initial_heading=0.588003 backup_feasible=1 sched_v=3 reason=known_free[0m
[0m[INFO] [1784395814.312426765]: [highspeed_exp adapter] backup not required for verified known-free terminal-stop primary. duration=4.0151 known_len=5.50746[0m
[0m[INFO] [1784395814.312475885]: [highspeed_exp adapter] planned General MINCO exploration traj: pieces=1, duration=4.0151, max_v=3.00057, max_a=2.56675, sfc(raw/simplified/final)=3/1/1, corridor=general, prefix=no, prefix_dur=0, switch_delay=0, head_path_dist=inf, shifted_start=0, sched_v=3, opt_v=3, opt_bound=3, suffix_max_v=3.00057, suffix_max_a=2.56675, terminal_v=0, backup=no, backup_start=inf, backup_known_len=5.50746, sched_reason=known_free[0m
[0m[INFO] [1784395814.312500334]: [31m call planner [0m: 8.731[0m
[32m[plan success: new traj pub][0m: from PLAN_TRAJ to EXEC_TRAJ
[0m[INFO] [1784395814.312564834]: [cloud input] mode=approximate_sync points=10128 age=0.0485941s stamp_valid=1[0m
 -- [TIMER] updateMap time consuming [32m 14.210682 ms[0m
 -- [TIMER] updateMap time consuming [32m 24.556852 ms[0m
 -- [TIMER] updateMap time consuming [32m 22.566281 ms[0m
[0m[INFO] [1784395814.502783658]: cloud odom callback cost: map update:29.9809ms  update frontier clusters: 3.4688ms  total: 33.4497ms
[0m
[0m[INFO] [1784395814.508072427]: [coverage guidance] plan valid=1 map_v=3 frontier_v=3 zones(f/u)=106/276 observed=2792/35519 coverage=0.0786 voxels(f/o/u)=940/1711/141 active=3 reachable_unknown=156 route_nodes=160 preferred=3 cost=5.3ms[0m
 -- [TIMER] updateMap time consuming [32m 22.856968 ms[0m
 -- [TIMER] updateMap time consuming [32m 19.434222 ms[0m
[0m[INFO] [1784395814.718957161]: [global update] actual callback interval=215.109ms configured=200ms[0m


[1;33m------------- <11> Plan Global Path start---------------[0m
[0m[INFO] [1784395814.785731874]: update topo skeleton cost: 48.832287ms, update odom vertex cost:17.830967ms [0m
[0m[INFO] [1784395814.789743825]: [view score] cluster=135 best_score=5.99117 visible_gain=3 speed=0.133341 corridor_cruise=0 hard_gate=0 rejected=0 top_k=2 known_free=1.66772 clearance=1.70687 turn=0 selected_yaw=-1.1781 current_yaw=-0.374989 yaw_delta=0.803108 heading_known_free=7 vp=(-15.5875, -0.583972, 2.7)[0m
[0m[INFO] [1784395814.810598372]: vp cluster cost: 1.800423ms  ,remove unreachable cost: 0.764762ms, select vp cost: 22.119016ms[0m
insert viewpoint to graph time: 36.6906 ms
[0m[INFO] [1784395814.847791721]: [edge cost] len=14.8187 total=8.11616 time=6.52132 turn_pen=1.59484 known_pen=0 backup_pen=0 yaw_pen=1.19209e-09 known_free=14.8187 min_clearance=0.971106 vel_limit=2.35757 reason=curvature backup_feasible=1[0m
[0m[INFO] [1784395814.866193783]: [frontier lifecycle] selected cluster=135 selected_count=1 match_distance=0[0m
[0m[INFO] [1784395814.866234792]: [candidate cost] chosen_cluster=135 chosen_coverage=0 raw_best_cluster=135 raw_best_coverage=0 | #0 c=135/cp=0 J=6.35698 T=2.2363 TB=0.383185 R=4.30453 G=0.276236 W=0.0308089 D=0 C=1.9687 | #1 c=124/cp=0 J=8.82132 T=3.40988 TB=0.446042 R=4.4605 G=0.531981 W=0.0283128 D=0 C=3.61856 | #2 c=134/cp=0 J=11.0331 T=3.02266 TB=1.30449 R=9.391 G=0.288256 W=0.0308089 D=0 C=2.16368[0m
calculate tsp cost matrix cost 18.9003ms

tour solver cost: 0.967471ms
[1;33m-------------Plan Global Path end-----------------[0m

total time cost: 150.651ms
[32m[planGlobalPath: succeed][0m: from EXEC_TRAJ to PLAN_TRAJ
viz&&print cost:0.047879ms
[33m[WARN] [1784395814.869857697]: [path horizon] collapse local out-and-back loop: angle=2.92091 removed_pts=2 remaining_pts=3[0m
[33m[WARN] [1784395814.869877537]: [path horizon] truncate before local reversal: angle=2.66311 prefix_pts=2 displacement=2.5[0m
[0m[INFO] [1784395814.869993486]: [path condition] raw_pts=7 conditioned_pts=3 dense_pts=2 len=2.5 known_free=2.5 min_clearance=1.19287 turn=0 max_local_turn=0 initial_heading=0.212763 backup_feasible=1 sched_v=2 reason=known_free[0m
[0m[INFO] [1784395814.873535622]: [highspeed_exp adapter] backup not required for verified known-free terminal-stop primary. duration=2.48102 known_len=2.47197[0m
[0m[INFO] [1784395814.873580271]: [highspeed_exp adapter] planned General MINCO exploration traj: pieces=2, duration=2.48102, max_v=2.01365, max_a=2.53252, sfc(raw/simplified/final)=1/1/1, corridor=general, prefix=yes, prefix_dur=0.446905, switch_delay=0.45, head_path_dist=0.026981, shifted_start=0, sched_v=2, opt_v=2, opt_bound=2, suffix_max_v=2.01365, suffix_max_a=2.53252, terminal_v=0, backup=no, backup_start=inf, backup_known_len=2.47197, sched_reason=known_free[0m
[0m[INFO] [1784395814.873596661]: [31m call planner [0m: 3.831[0m
[32m[plan success: new traj pub][0m: from PLAN_TRAJ to EXEC_TRAJ
 -- [TIMER] updateMap time consuming [32m 16.248822 ms[0m
 -- [TIMER] updateMap time consuming [32m 13.576428 ms[0m
 -- [TIMER] updateMap time consuming [32m 11.560578 ms[0m
 -- [TIMER] updateMap time consuming [32m 11.541108 ms[0m
 -- [TIMER] updateMap time consuming [32m 11.555168 ms[0m


[1;33m------------- <13> Plan Global Path start---------------[0m
[0m[INFO] [1784395815.377561037]: update topo skeleton cost: 47.343012ms, update odom vertex cost:0.307907ms [0m
[0m[INFO] [1784395815.384121393]: [view score] cluster=166 best_score=18.1667 visible_gain=14 speed=1.26707 corridor_cruise=0 hard_gate=0 rejected=0 top_k=2 known_free=4.43824 clearance=2.05226 turn=0.122594 selected_yaw=-0.703833 current_yaw=-0.703833 yaw_delta=0 heading_known_free=6.8 vp=(-13.6557, -3.23684, 3.27143)[0m
[0m[INFO] [1784395815.406259928]: vp cluster cost: 1.713324ms  ,remove unreachable cost: 0.622674ms, select vp cost: 26.187305ms[0m
insert viewpoint to graph time: 41.5122 ms
[0m[INFO] [1784395815.448287621]: [edge cost] len=13.5047 total=11.1123 time=6.95237 turn_pen=4.141 known_pen=0 backup_pen=0 yaw_pen=0.0189706 known_free=13.5047 min_clearance=0.842004 vel_limit=2 reason=curvature backup_feasible=1[0m
[0m[INFO] [1784395815.466053149]: [frontier lifecycle] selected cluster=166 selected_count=2 match_distance=0[0m
[0m[INFO] [1784395815.466094288]: [candidate cost] chosen_cluster=166 chosen_coverage=0 raw_best_cluster=166 raw_best_coverage=0 | #0 c=166/cp=0 J=5.44785 T=1.85761 TB=0.121848 R=7.38346 G=0.474284 W=0.0614052 D=0 C=0.448173 | #1 c=169/cp=0 J=10.0421 T=2.85979 TB=0.790255 R=9.88204 G=0.268293 W=0.0344152 D=0 C=1.54517 | #2 c=155/cp=0 J=15.4752 T=4.99448 TB=2.29987 R=9.05828 G=0.343401 W=0.17189 D=0 C=4.14345[0m
calculate tsp cost matrix cost 18.2863ms

tour solver cost: 1.80765ms
[1;33m-------------Plan Global Path end-----------------[0m

total time cost: 139.881ms
[32m[planGlobalPath: succeed][0m: from EXEC_TRAJ to PLAN_TRAJ
viz&&print cost:0.0219ms
[33m[WARN] [1784395815.476306860]: [highspeed_exp adapter] optimized candidate violates commit dynamics; retry slower: attempt=1 guide_speed=2 vel_bound=2.25451 max_v=4.74609 max_a=12.0482[0m
[33m[WARN] [1784395815.477604327]: [highspeed_exp adapter] optimized candidate violates commit dynamics; retry slower: attempt=2 guide_speed=1.5 vel_bound=2.25451 max_v=4.74609 max_a=12.0482[0m
[33m[WARN] [1784395815.478876945]: [highspeed_exp adapter] optimized candidate violates commit dynamics; retry slower: attempt=3 guide_speed=1.1 vel_bound=2.25451 max_v=4.74609 max_a=12.0482[0m
[33m[WARN] [1784395815.480196322]: [highspeed_exp adapter] optimized candidate violates commit dynamics; retry slower: attempt=4 guide_speed=1 vel_bound=2.25451 max_v=4.74609 max_a=12.0482[0m
[33m[WARN] [1784395815.480215042]: [highspeed_exp adapter] General exploration MINCO optimization failed.[0m
[0m[INFO] [1784395815.470045320]: [path condition] raw_pts=5 conditioned_pts=3 dense_pts=4 len=4.67282 known_free=4.67282 min_clearance=1.15322 turn=0.701941 max_local_turn=0.70194 initial_heading=0.0738473 backup_feasible=1 sched_v=2.81695 reason=curvature[0m
[0m[INFO] [1784395815.480235192]: [31m call planner [0m: 10.431[0m
[31m[PLAN_TRAJ: plan failed, keep safe terminal-stop trajectory][0m: from PLAN_TRAJ to EXEC_TRAJ
[0m[INFO] [1784395813.669398817]: Publish local map size: 10005[0m
[0m[INFO] [1784395814.769291823]: Publish local map size: 9445[0m
 -- [MARSIM] Running FPS: 219.688
[0m[INFO] [1784395815.480332501]: [cloud input] mode=approximate_sync points=10050 age=0.0163611s stamp_valid=1[0m
 -- [TIMER] updateMap time consuming [32m 20.076845 ms[0m
[0m[INFO] [1784395815.512418040]: cloud odom callback cost: map update:28.5453ms  update frontier clusters: 3.50076ms  total: 32.0461ms
[0m
 -- [TIMER] updateMap time consuming [32m 12.056423 ms[0m
 -- [TIMER] updateMap time consuming [32m 14.021784 ms[0m


[1;33m------------- <14> Plan Global Path start---------------[0m
[0m[INFO] [1784395815.750283255]: update topo skeleton cost: 56.184296ms, update odom vertex cost:0.569824ms [0m
[0m[INFO] [1784395815.750313474]: [frontier debt] passed cluster=181 count=1 debt=1 closest=8.23183[0m
[0m[INFO] [1784395815.772966635]: vp cluster cost: 1.618114ms  ,remove unreachable cost: 0.627374ms, select vp cost: 20.286543ms[0m
insert viewpoint to graph time: 46.9747 ms
[0m[INFO] [1784395815.832502748]: [frontier lifecycle] selected cluster=180 selected_count=1 match_distance=0[0m
calculate tsp cost matrix cost 12.5479ms

tour solver cost: 3.73203ms
[1;33m-------------Plan Global Path end-----------------[0m

total time cost: 145.049ms
[32m[planGlobalPath: succeed][0m: from EXEC_TRAJ to PLAN_TRAJ
viz&&print cost:0.023349ms
[0m[INFO] [1784395815.838982235]: [path condition] raw_pts=6 conditioned_pts=3 dense_pts=5 len=7.19107 known_free=7.19107 min_clearance=1.43715 turn=1.03288 max_local_turn=1.03288 initial_heading=0.537444 backup_feasible=1 sched_v=2.07338 reason=curvature[0m
[0m[INFO] [1784395815.848908489]: [highspeed_exp adapter] backup not required for verified known-free terminal-stop primary. duration=7.37374 known_len=8.07548[0m
[0m[INFO] [1784395815.848983308]: [highspeed_exp adapter] planned General MINCO exploration traj: pieces=2, duration=7.37374, max_v=2.27861, max_a=2.36888, sfc(raw/simplified/final)=3/1/1, corridor=general, prefix=yes, prefix_dur=0.441374, switch_delay=0.45, head_path_dist=0.635843, shifted_start=0, sched_v=2.07315, opt_v=2.07315, opt_bound=2.07315, suffix_max_v=2.27861, suffix_max_a=2.36888, terminal_v=0, backup=no, backup_start=inf, backup_known_len=8.07548, sched_reason=curvature[0m
[0m[INFO] [1784395815.849003638]: [31m call planner [0m: 10.414[0m
[32m[plan success: new traj pub][0m: from PLAN_TRAJ to EXEC_TRAJ
 -- [TIMER] updateMap time consuming [32m 23.015677 ms[0m
 -- [TIMER] updateMap time consuming [32m 15.066655 ms[0m
 -- [TIMER] updateMap time consuming [32m 18.883527 ms[0m
[0m[INFO] [1784395816.038655471]: [global update] actual callback interval=345.13ms configured=200ms[0m
 -- [TIMER] updateMap time consuming [32m 23.085977 ms[0m
 -- [TIMER] updateMap time consuming [32m 19.073626 ms[0m
 -- [TIMER] updateMap time consuming [32m 20.027636 ms[0m


[1;33m------------- <16> Plan Global Path start---------------[0m
[0m[INFO] [1784395816.479482095]: update topo skeleton cost: 54.636071ms, update odom vertex cost:68.082001ms [0m
[0m[INFO] [1784395816.479521184]: [highspeed_exp adapter] safety map ready=1 rog_ready=1 cloud_size=9507[0m
[0m[INFO] [1784395816.482495775]: [view score] cluster=102 best_score=4.72382 visible_gain=3 speed=1.17926 corridor_cruise=0 hard_gate=0 rejected=0 top_k=1 known_free=16.8 clearance=0.991968 turn=1.98516 selected_yaw=-0.524044 current_yaw=-0.524045 yaw_delta=5.96046e-08 heading_known_free=5.4 vp=(-13.2868, 19.7057, 1)[0m
[0m[INFO] [1784395816.499610370]: vp cluster cost: 1.796902ms  ,remove unreachable cost: 0.877182ms, select vp cost: 17.306682ms[0m
insert viewpoint to graph time: 34.5027 ms
[0m[INFO] [1784395816.534429843]: [edge cost] len=8.69277 total=7.34938 time=4.54639 turn_pen=2.79774 known_pen=0 backup_pen=0 yaw_pen=0.00525382 known_free=8.69277 min_clearance=0.943127 vel_limit=2 reason=curvature backup_feasible=1[0m
[0m[INFO] [1784395816.542944961]: [frontier lifecycle] selected cluster=232 selected_count=2 match_distance=0[0m
[0m[INFO] [1784395816.542971630]: [candidate cost] chosen_cluster=232 chosen_coverage=0 raw_best_cluster=232 raw_best_coverage=0 | #0 c=232/cp=0 J=10.9237 T=2.89395 TB=0.517478 R=7.29605 G=0.268293 W=0.0370618 D=0 C=4.09157 | #1 c=226/cp=0 J=14.3956 T=7.50777 TB=2.79773 R=5.25888 G=0.184296 W=0.232632 D=0 C=1.91528 | #2 c=230/cp=0 J=14.9911 T=4.54639 TB=2.80299 R=8.80012 G=0.387755 W=0.232632 D=0.333333 C=4.75943[0m
calculate tsp cost matrix cost 8.80786ms

tour solver cost: 0.466446ms
[1;33m-------------Plan Global Path end-----------------[0m

total time cost: 189.155ms
[32m[planGlobalPath: succeed][0m: from EXEC_TRAJ to PLAN_TRAJ
viz&&print cost:0.02457ms
[0m[INFO] [1784395816.546239929]: [path condition] raw_pts=7 conditioned_pts=3 dense_pts=5 len=7.78185 known_free=7.78185 min_clearance=0.946631 turn=1.74708 max_local_turn=1.74708 initial_heading=0.313622 backup_feasible=1 sched_v=2 reason=curvature[0m
[0m[INFO] [1784395816.557221462]: [highspeed_exp adapter] backup not required for verified known-free terminal-stop primary. duration=8.76389 known_len=8.62562[0m
[0m[INFO] [1784395816.557316181]: [highspeed_exp adapter] planned General MINCO exploration traj: pieces=2, duration=8.76389, max_v=2.00536, max_a=2.32304, sfc(raw/simplified/final)=3/1/1, corridor=general, prefix=yes, prefix_dur=0.440427, switch_delay=0.45, head_path_dist=0.119817, shifted_start=0, sched_v=2, opt_v=2, opt_bound=2, suffix_max_v=2.00536, suffix_max_a=1.64191, terminal_v=0, backup=no, backup_start=inf, backup_known_len=8.62562, sched_reason=curvature[0m
[0m[INFO] [1784395816.557341491]: [31m call planner [0m: 11.409[0m
[32m[plan success: new traj pub][0m: from PLAN_TRAJ to EXEC_TRAJ
[0m[INFO] [1784395816.557433070]: [cloud input] mode=approximate_sync points=10003 age=0.0934642s stamp_valid=1[0m
 -- [TIMER] updateMap time consuming [32m 15.871036 ms[0m
[0m[INFO] [1784395816.586843446]: cloud odom callback cost: map update:26.5099ms  update frontier clusters: 2.8713ms  total: 29.3812ms
[0m
[0m[INFO] [1784395816.592153454]: [coverage guidance] plan valid=1 map_v=5 frontier_v=5 zones(f/u)=106/275 observed=3491/35519 coverage=0.0983 voxels(f/o/u)=1487/1832/172 active=6 reachable_unknown=153 route_nodes=160 preferred=6 cost=5.3ms[0m
 -- [TIMER] updateMap time consuming [32m 13.780766 ms[0m
 -- [TIMER] updateMap time consuming [32m 13.103064 ms[0m
 -- [TIMER] updateMap time consuming [32m 13.231032 ms[0m
 -- [TIMER] updateMap time consuming [32m 12.452699 ms[0m
 -- [TIMER] updateMap time consuming [32m 11.827165 ms[0m
[0m[INFO] [1784395817.040401907]: [global update] actual callback interval=294.408ms configured=200ms[0m


[1;33m------------- <18> Plan Global Path start---------------[0m
[0m[INFO] [1784395817.149010277]: update topo skeleton cost: 34.282639ms, update odom vertex cost:74.242162ms [0m
[0m[INFO] [1784395817.155224046]: [view score] cluster=250 best_score=12.3267 visible_gain=10 speed=0.258616 corridor_cruise=0 hard_gate=0 rejected=0 top_k=2 known_free=5.37452 clearance=3.14659 turn=0 selected_yaw=-1.1781 current_yaw=2.83933 yaw_delta=2.26576 heading_known_free=3.4 vp=(-13.2113, -6.32873, 3.28)[0m
[0m[INFO] [1784395817.170443340]: vp cluster cost: 1.690484ms  ,remove unreachable cost: 1.101109ms, select vp cost: 18.523411ms[0m
insert viewpoint to graph time: 15.8243 ms
[0m[INFO] [1784395817.186642743]: [edge cost] len=13.015 total=9.34923 time=6.70751 turn_pen=2.58251 known_pen=0 backup_pen=0 yaw_pen=0.0592145 known_free=13.015 min_clearance=1.13863 vel_limit=2 reason=curvature backup_feasible=1[0m
[0m[INFO] [1784395817.200991784]: [frontier lifecycle] selected cluster=250 selected_count=3 match_distance=0[0m
[0m[INFO] [1784395817.201034294]: [candidate cost] chosen_cluster=250 chosen_coverage=0 raw_best_cluster=250 raw_best_coverage=0 | #0 c=250/cp=0 J=13.7079 T=3.0871 TB=3.53397 R=7.36368 G=0.261993 W=0.0348603 D=0 C=3.61311 | #1 c=102/cp=0 J=19.2251 T=8.66575 TB=2.58251 R=8.03081 G=0.117647 W=0.161898 D=0 C=4.038 | #2 c=254/cp=0 J=19.2341 T=7.82399 TB=2.58251 R=12 G=0.444444 W=0.269901 D=0 C=3.52137[0m
calculate tsp cost matrix cost 14.7237ms

tour solver cost: 0.706823ms
[1;33m-------------Plan Global Path end-----------------[0m

total time cost: 164.612ms
[32m[planGlobalPath: succeed][0m: from EXEC_TRAJ to PLAN_TRAJ
viz&&print cost:0.020389ms
[0m[INFO] [1784395817.205471771]: [path condition] raw_pts=6 conditioned_pts=3 dense_pts=4 len=5.77421 known_free=5.77421 min_clearance=1.14406 turn=1.01712 max_local_turn=1.01712 initial_heading=2.10502 backup_feasible=1 sched_v=2 reason=curvature[0m
[33m -- [ExplorationTrajOpt] Optimization failed: Line search reaches the maximum try number, assumptions not satisfied or precision not achievable., guide_excess=0, guide_cost_sample=0, guide_max_abs_gt=0, guide_oob_samples=0[0m
[33m[WARN] [1784395817.215265186]: [highspeed_exp adapter] MINCO optimization attempt 1 failed: guide_speed=2 vel_bound=2 boundary_speed=0.845895[0m
[33m -- [ExplorationTrajOpt] Optimization failed: Line search reaches the maximum try number, assumptions not satisfied or precision not achievable., guide_excess=0, guide_cost_sample=0, guide_max_abs_gt=0, guide_oob_samples=0[0m
[33m[WARN] [1784395817.216472814]: [highspeed_exp adapter] MINCO optimization attempt 2 failed: guide_speed=1.5 vel_bound=1.5 boundary_speed=0.845895[0m
[0m[INFO] [1784395817.220759393]: [highspeed_exp adapter] backup not required for verified known-free terminal-stop primary. duration=10.7011 known_len=8.10077[0m
[0m[INFO] [1784395817.220868332]: [highspeed_exp adapter] planned General MINCO exploration traj: pieces=2, duration=10.7011, max_v=1.45295, max_a=1.19467, sfc(raw/simplified/final)=3/1/1, corridor=general, prefix=yes, prefix_dur=0.437024, switch_delay=0.45, head_path_dist=0.383287, shifted_start=0, sched_v=2, opt_v=1.1, opt_bound=1.14589, suffix_max_v=1.45295, suffix_max_a=0.914026, terminal_v=0, backup=no, backup_start=inf, backup_known_len=8.10077, sched_reason=curvature[0m
[0m[INFO] [1784395817.220898952]: [31m call planner [0m: 15.781[0m
[32m[plan success: new traj pub][0m: from PLAN_TRAJ to EXEC_TRAJ
 -- [TIMER] updateMap time consuming [32m 27.326396 ms[0m
 -- [TIMER] updateMap time consuming [32m 13.690308 ms[0m
 -- [TIMER] updateMap time consuming [32m 10.072663 ms[0m
 -- [TIMER] updateMap time consuming [32m 11.013983 ms[0m
[0m[INFO] [1784395817.569240494]: [cloud input] mode=approximate_sync points=9004 age=0.00524864s stamp_valid=1[0m
 -- [TIMER] updateMap time consuming [32m 9.791785 ms[0m
[0m[INFO] [1784395817.590491469]: cloud odom callback cost: map update:18.3701ms  update frontier clusters: 2.829ms  total: 21.1991ms
[0m
 -- [TIMER] updateMap time consuming [32m 9.880165 ms[0m


[1;33m------------- <20> Plan Global Path start---------------[0m
[0m[INFO] [1784395817.818902401]: update topo skeleton cost: 32.428836ms, update odom vertex cost:74.570910ms [0m
[0m[INFO] [1784395817.824712045]: [view score] cluster=250 best_score=9.6064 visible_gain=10 speed=0.860611 corridor_cruise=0 hard_gate=0 rejected=0 top_k=2 known_free=7.94272 clearance=1.66114 turn=2.04705 selected_yaw=-1.1781 current_yaw=3.0744 yaw_delta=2.03069 heading_known_free=3 vp=(-13.6557, -8.87684, 3.28)[0m
[0m[INFO] [1784395817.846659013]: vp cluster cost: 1.746233ms  ,remove unreachable cost: 0.846691ms, select vp cost: 25.055468ms[0m
insert viewpoint to graph time: 19.9349 ms
[0m[INFO] [1784395817.867058816]: [edge cost] len=14.1013 total=10.1729 time=7.25063 turn_pen=2.87242 known_pen=0 backup_pen=0 yaw_pen=0.0498118 known_free=14.1013 min_clearance=0.906393 vel_limit=2 reason=curvature backup_feasible=1[0m
[0m[INFO] [1784395817.868674610]: [frontier lifecycle] selected cluster=272 selected_count=1 match_distance=0[0m
[0m[INFO] [1784395817.868702240]: [candidate cost] chosen_cluster=272 chosen_coverage=0 raw_best_cluster=272 raw_best_coverage=0 | #0 c=272/cp=0 J=7.16682 T=4.12349 TB=1.10429 R=0 G=0.174207 W=0.307468 D=0 C=2.74865 | #1 c=268/cp=0 J=8.28661 T=7.25063 TB=2.92223 R=0 G=0.343038 W=0.307468 D=0.333333 C=0.0943562 | #2 c=271/cp=0 J=19.834 T=10.5653 TB=2.87242 R=3.80376 G=0.142857 W=0.199466 D=0 C=4.88912[0m
calculate tsp cost matrix cost 2.0476ms

tour solver cost: 0.289027ms
[0m[INFO] [1784395815.769299691]: Publish local map size: 9884[0m
[0m[INFO] [1784395816.770706026]: Publish local map size: 9087[0m
 -- [MARSIM] Running FPS: 216.049
[1;33m-------------Plan Global Path end-----------------[0m

total time cost: 159.326ms
[32m[planGlobalPath: succeed][0m: from EXEC_TRAJ to PLAN_TRAJ
viz&&print cost:0.041319ms
[0m[INFO] [1784395817.871780390]: [path condition] raw_pts=25 conditioned_pts=4 dense_pts=8 len=14.0943 known_free=14.0943 min_clearance=0.618415 turn=1.04221 max_local_turn=0.691841 initial_heading=0.643708 backup_feasible=1 sched_v=3.53497 reason=curvature[0m
[0m[INFO] [1784395817.893512830]: [highspeed_exp adapter] backup not required for verified known-free terminal-stop primary. duration=15.1636 known_len=17.4302[0m
[0m[INFO] [1784395817.893737918]: [highspeed_exp adapter] planned General MINCO exploration traj: pieces=3, duration=15.1636, max_v=2.72065, max_a=1.08354, sfc(raw/simplified/final)=3/2/2, corridor=general, prefix=yes, prefix_dur=0.430383, switch_delay=0.45, head_path_dist=0.409958, shifted_start=0, sched_v=2, opt_v=2, opt_bound=4, suffix_max_v=2.72065, suffix_max_a=1.08354, terminal_v=0, backup=no, backup_start=inf, backup_known_len=17.4302, sched_reason=curvature[0m
[0m[INFO] [1784395817.893788337]: [31m call planner [0m: 22.517[0m
[32m[plan success: new traj pub][0m: from PLAN_TRAJ to EXEC_TRAJ
 -- [TIMER] updateMap time consuming [32m 10.010723 ms[0m
 -- [TIMER] updateMap time consuming [32m 9.794955 ms[0m
 -- [TIMER] updateMap time consuming [32m 9.085232 ms[0m
[0m[INFO] [1784395818.089000331]: [global update] actual callback interval=377.106ms configured=200ms[0m
 -- [TIMER] updateMap time consuming [32m 8.623637 ms[0m
 -- [TIMER] updateMap time consuming [32m 9.171821 ms[0m
 -- [TIMER] updateMap time consuming [32m 12.701917 ms[0m


[1;33m------------- <22> Plan Global Path start---------------[0m
[0m[INFO] [1784395818.516997769]: update topo skeleton cost: 40.708717ms, update odom vertex cost:74.328533ms [0m
[0m[INFO] [1784395818.517024979]: [highspeed_exp adapter] safety map ready=1 rog_ready=1 cloud_size=9468[0m
[0m[INFO] [1784395818.522865032]: [view score] cluster=268 best_score=13.4487 visible_gain=12 speed=0.859189 corridor_cruise=0 hard_gate=0 rejected=0 top_k=2 known_free=13.1004 clearance=2.7865 turn=1.96497 selected_yaw=-1.1781 current_yaw=-2.73239 yaw_delta=1.55429 heading_known_free=2.2 vp=(-13.2113, 11.6541, 2.75714)[0m
[0m[INFO] [1784395818.549229548]: vp cluster cost: 1.462645ms  ,remove unreachable cost: 0.992271ms, select vp cost: 29.672113ms[0m
insert viewpoint to graph time: 17.6271 ms
[0m[INFO] [1784395818.567347153]: [edge cost] len=13.4565 total=10.8131 time=6.92823 turn_pen=3.82269 known_pen=0 backup_pen=0 yaw_pen=0.0621718 known_free=13.4565 min_clearance=0.533703 vel_limit=2 reason=curvature backup_feasible=1[0m
[0m[INFO] [1784395818.570921259]: [frontier lifecycle] selected cluster=251 selected_count=1 match_distance=0[0m
[0m[INFO] [1784395818.570943689]: [candidate cost] chosen_cluster=251 chosen_coverage=0 raw_best_cluster=251 raw_best_coverage=0 | #0 c=251/cp=0 J=13.0438 T=5.98799 TB=1.71652 R=0 G=0.255126 W=0.209057 D=0 C=6.16312 | #1 c=271/cp=0 J=20.0801 T=10.7759 TB=1.95118 R=5.64972 G=0.142857 W=0.238498 D=0 C=4.88912 | #2 c=270/cp=0 J=20.3167 T=11.4272 TB=1.95118 R=3.80359 G=0.117647 W=0.238498 D=0 C=5.43931[0m
calculate tsp cost matrix cost 4.03927ms

tour solver cost: 0.337797ms
[1;33m-------------Plan Global Path end-----------------[0m

total time cost: 172.574ms
[32m[planGlobalPath: succeed][0m: from EXEC_TRAJ to PLAN_TRAJ
viz&&print cost:0.03338ms
[0m[INFO] [1784395818.575049309]: [path condition] raw_pts=31 conditioned_pts=5 dense_pts=9 len=12.7175 known_free=12.7175 min_clearance=0.573263 turn=0.843686 max_local_turn=0.445592 initial_heading=1.00183 backup_feasible=1 sched_v=2.20645 reason=curvature[0m
[0m[INFO] [1784395818.616199811]: [highspeed_exp adapter] backup not required for verified known-free terminal-stop primary. duration=5.98412 known_len=12.2834[0m
[0m[INFO] [1784395818.616276440]: [highspeed_exp adapter] planned General MINCO exploration traj: pieces=3, duration=5.98412, max_v=4.00333, max_a=2.70049, sfc(raw/simplified/final)=3/2/2, corridor=general, prefix=yes, prefix_dur=0.409792, switch_delay=0.45, head_path_dist=0.334187, shifted_start=0, sched_v=4, opt_v=4, opt_bound=4, suffix_max_v=4.00333, suffix_max_a=2.70049, terminal_v=0, backup=no, backup_start=inf, backup_known_len=12.2834, sched_reason=curvature[0m
[0m[INFO] [1784395818.616300560]: [31m call planner [0m: 41.747[0m
[32m[plan success: new traj pub][0m: from PLAN_TRAJ to EXEC_TRAJ
[0m[INFO] [1784395818.616388379]: [cloud input] mode=approximate_sync points=10034 age=0.0524192s stamp_valid=1[0m
 -- [TIMER] updateMap time consuming [32m 9.757435 ms[0m
[0m[INFO] [1784395818.637449346]: cloud odom callback cost: map update:18.289ms  update frontier clusters: 2.74126ms  total: 21.0303ms
[0m
[0m[INFO] [1784395818.642544087]: [coverage guidance] plan valid=1 map_v=7 frontier_v=7 zones(f/u)=111/275 observed=4017/35519 coverage=0.1131 voxels(f/o/u)=1886/1879/252 active=8 reachable_unknown=151 route_nodes=160 preferred=10 cost=5.1ms[0m
 -- [TIMER] updateMap time consuming [32m 8.730696 ms[0m
 -- [TIMER] updateMap time consuming [32m 8.845064 ms[0m
 -- [TIMER] updateMap time consuming [32m 10.557648 ms[0m
 -- [TIMER] updateMap time consuming [32m 9.056062 ms[0m


[1;33m------------- <24> Plan Global Path start---------------[0m
[0m[INFO] [1784395819.090349585]: update topo skeleton cost: 53.291876ms, update odom vertex cost:0.328397ms [0m
[0m[INFO] [1784395819.096879422]: [view score] cluster=270 best_score=4.82706 visible_gain=4 speed=0.793964 corridor_cruise=0 hard_gate=0 rejected=0 top_k=2 known_free=19.8572 clearance=0.914716 turn=2.619 selected_yaw=-2.74889 current_yaw=-2.13359 yaw_delta=0.6153 heading_known_free=2.4 vp=(-11.318, 17.792, 1.6)[0m
[0m[INFO] [1784395819.112941597]: vp cluster cost: 1.755533ms  ,remove unreachable cost: 1.192328ms, select vp cost: 19.535482ms[0m
insert viewpoint to graph time: 19.9121 ms
[0m[INFO] [1784395819.133273131]: [edge cost] len=12.2852 total=4.2988 time=3.47131 turn_pen=0.757854 known_pen=0 backup_pen=0 yaw_pen=0.0696358 known_free=12.2852 min_clearance=0.574296 vel_limit=4 reason=known_free backup_feasible=1[0m
[0m[INFO] [1784395819.134757006]: [goal lock] keep goal idx=0 candidate_idx=1 locked_cost=18.305 candidate_cost=7.38516 since=0.563834 high_speed=0[0m
[0m[INFO] [1784395819.134779396]: [candidate cost] chosen_cluster=251 chosen_coverage=0 raw_best_cluster=250 raw_best_coverage=0 | #0 c=250/cp=0 J=7.38516 T=4.2963 TB=2.13238 R=1.55469 G=0.253332 W=0.10622 D=0 C=0.767398 | #1 c=251/cp=0 J=18.305 T=3.47131 TB=0.82749 R=6.67726 G=0.25334 W=0.0301119 D=0 C=10.8855 | #2 c=249/cp=0 J=24.8021 T=7.30585 TB=4.60046 R=7.38256 G=0.126194 W=0.240375 D=0 C=9.4483[0m
calculate tsp cost matrix cost 1.88534ms

tour solver cost: 0.283917ms
[1;33m-------------Plan Global Path end-----------------[0m

total time cost: 101.563ms
[32m[planGlobalPath: succeed][0m: from EXEC_TRAJ to PLAN_TRAJ
viz&&print cost:0.03597ms
[0m[INFO] [1784395819.138552350]: [corridor cruise path] straighten direct known-free path: len=11.7762 align=0.726479 known_free=11.7762 pts=3[0m
[0m[INFO] [1784395819.138908986]: [path condition] raw_pts=31 conditioned_pts=3 dense_pts=7 len=11.7762 known_free=11.7762 min_clearance=1.81117 turn=2.03036e-06 max_local_turn=6.60712e-07 initial_heading=0.757613 backup_feasible=1 sched_v=3.25309 reason=curvature[0m
[0m[INFO] [1784395819.165896856]: [highspeed_exp adapter] backup not required for verified known-free terminal-stop primary. duration=5.34617 known_len=11.8335[0m
[0m[INFO] [1784395819.166002415]: [highspeed_exp adapter] planned General MINCO exploration traj: pieces=3, duration=5.34617, max_v=4.00272, max_a=2.99212, sfc(raw/simplified/final)=3/2/2, corridor=general, prefix=yes, prefix_dur=0.424182, switch_delay=0.45, head_path_dist=0.213725, shifted_start=0, sched_v=4, opt_v=4, opt_bound=4, suffix_max_v=4.00272, suffix_max_a=2.99212, terminal_v=0, backup=no, backup_start=inf, backup_known_len=11.8335, sched_reason=curvature[0m
[0m[INFO] [1784395819.166038565]: [31m call planner [0m: 27.713[0m
[32m[plan success: new traj pub][0m: from PLAN_TRAJ to EXEC_TRAJ
 -- [TIMER] updateMap time consuming [32m 9.369730 ms[0m
 -- [TIMER] updateMap time consuming [32m 10.178762 ms[0m
 -- [TIMER] updateMap time consuming [32m 8.750146 ms[0m
[0m[INFO] [1784395819.338370263]: [global update] actual callback interval=301.656ms configured=200ms[0m
 -- [TIMER] updateMap time consuming [32m 13.872016 ms[0m
 -- [TIMER] updateMap time consuming [32m 8.945674 ms[0m
 -- [TIMER] updateMap time consuming [32m 8.384589 ms[0m


[1;33m------------- <26> Plan Global Path start---------------[0m
[0m[INFO] [1784395819.637537258]: update topo skeleton cost: 50.843179ms, update odom vertex cost:0.333937ms [0m
[0m[INFO] [1784395819.643139924]: [view score] cluster=270 best_score=4.1584 visible_gain=4 speed=0.925957 corridor_cruise=0 hard_gate=0 rejected=0 top_k=2 known_free=20.2858 clearance=0.914716 turn=2.99359 selected_yaw=-2.74889 current_yaw=-1.62901 yaw_delta=1.11989 heading_known_free=6.2 vp=(-11.318, 17.792, 1.6)[0m
[0m[INFO] [1784395819.657962641]: vp cluster cost: 1.537445ms  ,remove unreachable cost: 1.168829ms, select vp cost: 17.579500ms[0m
insert viewpoint to graph time: 21.3385 ms
[0m[INFO] [1784395819.679828710]: [edge cost] len=14.9072 total=13.5209 time=7.6536 turn_pen=5.8673 known_pen=0 backup_pen=0 yaw_pen=0 known_free=14.9072 min_clearance=0.792707 vel_limit=2 reason=curvature backup_feasible=1[0m
[0m[INFO] [1784395819.681053158]: [goal lock] keep goal idx=0 candidate_idx=1 locked_cost=21.9589 candidate_cost=4.35865 since=1.11014 high_speed=0[0m
[0m[INFO] [1784395819.681073768]: [candidate cost] chosen_cluster=251 chosen_coverage=0 raw_best_cluster=250 raw_best_coverage=0 | #0 c=250/cp=0 J=4.35865 T=2.95409 TB=1.34625 R=0 G=0.252169 W=0.136499 D=0 C=0.767398 | #1 c=251/cp=0 J=21.9589 T=5.65635 TB=2.7849 R=5.86742 G=0.252174 W=0.0603907 D=0 C=10.8855 | #2 c=249/cp=0 J=28.205 T=7.47033 TB=6.54025 R=9.7826 G=0.11416 W=0.270654 D=0 C=9.4483[0m
calculate tsp cost matrix cost 1.72793ms

tour solver cost: 0.240958ms
[1;33m-------------Plan Global Path end-----------------[0m

total time cost: 97.2842ms
[32m[planGlobalPath: succeed][0m: from EXEC_TRAJ to PLAN_TRAJ
[0m[INFO] [1784395819.683642713]: [frontier storage] labels=1911/1741 normals=114/823 clusters=11 terminal=0 cluster_cells(cap)=77 candidates(cap)=20 derived_viewpoints(cap)=0 estimated_kb=41.6279 revision=46 audit_ready=0[0m
viz&&print cost:0.805142ms
[0m[INFO] [1784395819.684707353]: [corridor cruise path] straighten direct known-free path: len=12.095 align=0.917686 known_free=12.095 pts=4[0m
[0m[INFO] [1784395819.685107689]: [path condition] raw_pts=12 conditioned_pts=4 dense_pts=7 len=12.095 known_free=12.095 min_clearance=1.20346 turn=1.48449e-06 max_local_turn=5.84194e-07 initial_heading=0.408581 backup_feasible=1 sched_v=4 reason=known_free[0m
[0m[INFO] [1784395819.705268715]: [highspeed_exp adapter] backup not required for verified known-free terminal-stop primary. duration=5.02227 known_len=11.9818[0m
[0m[INFO] [1784395819.705344184]: [highspeed_exp adapter] planned General MINCO exploration traj: pieces=3, duration=5.02227, max_v=4.00097, max_a=3.12601, sfc(raw/simplified/final)=3/2/2, corridor=general, prefix=yes, prefix_dur=0.430671, switch_delay=0.45, head_path_dist=0.135326, shifted_start=0, sched_v=4, opt_v=4, opt_bound=4, suffix_max_v=4.00097, suffix_max_a=3.12601, terminal_v=0, backup=no, backup_start=inf, backup_known_len=11.9818, sched_reason=known_free[0m
[0m[INFO] [1784395819.705363824]: [31m call planner [0m: 20.928[0m
[32m[plan success: new traj pub][0m: from PLAN_TRAJ to EXEC_TRAJ
[0m[INFO] [1784395817.869071866]: Publish local map size: 9031[0m
[0m[INFO] [1784395818.969252243]: Publish local map size: 9519[0m
[0m[INFO] [1784395820.069128557]: Publish local map size: 10047[0m
 -- [MARSIM] Running FPS: 221.112
[0m[INFO] [1784395819.705438893]: [cloud input] mode=approximate_sync points=10048 age=0.0414672s stamp_valid=1[0m
 -- [TIMER] updateMap time consuming [32m 9.113262 ms[0m
[0m[INFO] [1784395819.724695568]: cloud odom callback cost: map update:16.4425ms  update frontier clusters: 2.78237ms  total: 19.2249ms
[0m
 -- [TIMER] updateMap time consuming [32m 9.124632 ms[0m
 -- [TIMER] updateMap time consuming [32m 8.659326 ms[0m
 -- [TIMER] updateMap time consuming [32m 8.343729 ms[0m
 -- [TIMER] updateMap time consuming [32m 12.756368 ms[0m


[1;33m------------- <28> Plan Global Path start---------------[0m
[0m[INFO] [1784395820.188329919]: update topo skeleton cost: 51.942400ms, update odom vertex cost:0.324467ms [0m
[0m[INFO] [1784395820.196415231]: [view score] cluster=250 best_score=14.458 visible_gain=10 speed=1.48954 corridor_cruise=0 hard_gate=0 rejected=0 top_k=2 known_free=7.18395 clearance=1.65961 turn=0.320608 selected_yaw=-1.1781 current_yaw=-1.41796 yaw_delta=0.239866 heading_known_free=9.8 vp=(-13.6557, -8.87684, 3.28)[0m
[0m[INFO] [1784395820.214473827]: vp cluster cost: 1.895442ms  ,remove unreachable cost: 1.354477ms, select vp cost: 22.696851ms[0m
insert viewpoint to graph time: 15.8955 ms
[0m[INFO] [1784395820.230934709]: [edge cost] len=14.0103 total=13.2747 time=7.20517 turn_pen=5.99713 known_pen=0 backup_pen=0 yaw_pen=0.0724265 known_free=14.0103 min_clearance=0.691806 vel_limit=2 reason=curvature backup_feasible=1[0m
[0m[INFO] [1784395820.232459224]: [frontier lifecycle] selected cluster=250 selected_count=4 match_distance=0[0m
[0m[INFO] [1784395820.232486493]: [candidate cost] chosen_cluster=250 chosen_coverage=0 raw_best_cluster=250 raw_best_coverage=0 | #0 c=250/cp=0 J=3.95282 T=2.77731 TB=0.87555 R=0.579316 G=0.251411 W=0.167416 D=0 C=0.73528 | #1 c=278/cp=0 J=14.0822 T=6.49268 TB=2.42788 R=5.96964 G=0.238107 W=0.0913078 D=0 C=2.4915 | #2 c=277/cp=0 J=20.4553 T=7.20517 TB=6.06956 R=9.51005 G=0.106159 W=0.301571 D=0 C=2.61476[0m
calculate tsp cost matrix cost 2.07117ms

tour solver cost: 0.313737ms
[1;33m-------------Plan Global Path end-----------------[0m

total time cost: 100.856ms
[32m[planGlobalPath: succeed][0m: from EXEC_TRAJ to PLAN_TRAJ
viz&&print cost:0.02666ms
[33m[WARN] [1784395820.237129369]: [path horizon] collapse local out-and-back loop: angle=2.6574 removed_pts=2 remaining_pts=5[0m
[0m[INFO] [1784395820.237480795]: [path condition] raw_pts=8 conditioned_pts=4 dense_pts=5 len=7.69575 known_free=7.69575 min_clearance=1.65961 turn=1.64521 max_local_turn=1.00296 initial_heading=0.524821 backup_feasible=1 sched_v=2.20161 reason=curvature[0m
[0m[INFO] [1784395820.249671428]: [highspeed_exp adapter] backup not required for verified known-free terminal-stop primary. duration=4.82834 known_len=7.42982[0m
[0m[INFO] [1784395820.249748407]: [highspeed_exp adapter] planned General MINCO exploration traj: pieces=2, duration=4.82834, max_v=2.88262, max_a=1.64301, sfc(raw/simplified/final)=3/1/1, corridor=general, prefix=yes, prefix_dur=0.438771, switch_delay=0.45, head_path_dist=0.478164, shifted_start=0, sched_v=2.20161, opt_v=2.20161, opt_bound=2.57885, suffix_max_v=2.88262, suffix_max_a=1.64301, terminal_v=0, backup=no, backup_start=inf, backup_known_len=7.42982, sched_reason=curvature[0m
[0m[INFO] [1784395820.249772337]: [31m call planner [0m: 12.835[0m
[32m[plan success: new traj pub][0m: from PLAN_TRAJ to EXEC_TRAJ
 -- [TIMER] updateMap time consuming [32m 9.003023 ms[0m
 -- [TIMER] updateMap time consuming [32m 7.538378 ms[0m
 -- [TIMER] updateMap time consuming [32m 8.877355 ms[0m
[0m[INFO] [1784395820.436995694]: [global update] actual callback interval=300.94ms configured=200ms[0m
 -- [TIMER] updateMap time consuming [32m 7.832334 ms[0m
 -- [TIMER] updateMap time consuming [32m 8.851075 ms[0m
 -- [TIMER] updateMap time consuming [32m 8.009583 ms[0m


[1;33m------------- <30> Plan Global Path start---------------[0m
[0m[INFO] [1784395820.723501265]: update topo skeleton cost: 36.944114ms, update odom vertex cost:0.329327ms [0m
[0m[INFO] [1784395820.723532704]: [highspeed_exp adapter] safety map ready=1 rog_ready=1 cloud_size=10003[0m
[0m[INFO] [1784395820.731706465]: [view score] cluster=270 best_score=4.87322 visible_gain=4 speed=2.2362 corridor_cruise=0 hard_gate=0 rejected=0 top_k=2 known_free=21.8157 clearance=0.914716 turn=2.70691 selected_yaw=-2.74889 current_yaw=-1.38805 yaw_delta=1.36085 heading_known_free=14 vp=(-11.318, 17.792, 1.6)[0m
[0m[INFO] [1784395820.764838516]: vp cluster cost: 2.163759ms  ,remove unreachable cost: 1.869752ms, select vp cost: 36.913154ms[0m
insert viewpoint to graph time: 16.3366 ms
[0m[INFO] [1784395820.781682054]: [edge cost] len=11.7333 total=8.56673 time=6.06663 turn_pen=2.42888 known_pen=0 backup_pen=0 yaw_pen=0.0712298 known_free=11.7333 min_clearance=0.697613 vel_limit=2 reason=curvature backup_feasible=1[0m
[0m[INFO] [1784395820.782740574]: [frontier lifecycle] selected cluster=278 selected_count=2 match_distance=0[0m
[0m[INFO] [1784395820.782758404]: [candidate cost] chosen_cluster=278 chosen_coverage=0 raw_best_cluster=278 raw_best_coverage=0 | #0 c=278/cp=0 J=15.5433 T=6.06663 TB=2.50011 R=9.31857 G=0.228675 W=0.121883 D=0 C=2.4915 | #1 c=277/cp=0 J=21.4357 T=6.77911 TB=6.14178 R=12 G=0.10088 W=0.332146 D=0 C=2.61476[0m
calculate tsp cost matrix cost 1.51839ms

tour solver cost: 0.264517ms
[1;33m-------------Plan Global Path end-----------------[0m

total time cost: 99.1938ms
[32m[planGlobalPath: succeed][0m: from EXEC_TRAJ to PLAN_TRAJ
viz&&print cost:0.017549ms
[0m[INFO] [1784395820.785654676]: [corridor cruise path] straighten direct known-free path: len=10.5385 align=0.999892 known_free=10.5385 pts=3[0m
[0m[INFO] [1784395820.786022042]: [path condition] raw_pts=11 conditioned_pts=3 dense_pts=7 len=10.5385 known_free=10.5385 min_clearance=1.15631 turn=1.43828e-06 max_local_turn=4.24094e-07 initial_heading=0.0146748 backup_feasible=1 sched_v=4 reason=known_free[0m
[0m[INFO] [1784395820.811347358]: [highspeed_exp adapter] backup not required for verified known-free terminal-stop primary. duration=4.48232 known_len=10.2021[0m
[0m[INFO] [1784395820.811421718]: [highspeed_exp adapter] planned General MINCO exploration traj: pieces=3, duration=4.48232, max_v=3.13232, max_a=2.70386, sfc(raw/simplified/final)=3/2/2, corridor=general, prefix=yes, prefix_dur=0.425515, switch_delay=0.45, head_path_dist=0.0912621, shifted_start=0, sched_v=3, opt_v=3, opt_bound=3.1311, suffix_max_v=3.13232, suffix_max_a=2.70386, terminal_v=0, backup=no, backup_start=inf, backup_known_len=10.2021, sched_reason=known_free[0m
[0m[INFO] [1784395820.811444538]: [31m call planner [0m: 26.017[0m
[32m[plan success: new traj pub][0m: from PLAN_TRAJ to EXEC_TRAJ
[0m[INFO] [1784395820.811506897]: [cloud input] mode=approximate_sync points=9671 age=0.0475358s stamp_valid=1[0m
 -- [TIMER] updateMap time consuming [32m 8.830065 ms[0m
[0m[INFO] [1784395820.829927170]: cloud odom callback cost: map update:15.4201ms  update frontier clusters: 2.96042ms  total: 18.3806ms
[0m
[0m[INFO] [1784395820.835549675]: [coverage guidance] plan valid=1 map_v=9 frontier_v=9 zones(f/u)=132/273 observed=4513/35519 coverage=0.1271 voxels(f/o/u)=2209/2023/281 active=6 reachable_unknown=153 route_nodes=160 preferred=10 cost=5.6ms[0m
 -- [TIMER] updateMap time consuming [32m 8.660566 ms[0m
 -- [TIMER] updateMap time consuming [32m 12.108313 ms[0m
 -- [TIMER] updateMap time consuming [32m 8.696376 ms[0m
 -- [TIMER] updateMap time consuming [32m 10.510559 ms[0m


[1;33m------------- <32> Plan Global Path start---------------[0m
[0m[INFO] [1784395821.258702572]: update topo skeleton cost: 29.744693ms, update odom vertex cost:0.283588ms [0m
[0m[INFO] [1784395821.266109241]: [view score] cluster=270 best_score=4.63544 visible_gain=4 speed=2.821 corridor_cruise=0 hard_gate=0 rejected=0 top_k=2 known_free=21.9287 clearance=1.02126 turn=2.7618 selected_yaw=2.74889 current_yaw=-1.3235 yaw_delta=2.2108 heading_known_free=13.8 vp=(-12.482, 16.7979, 1.6)[0m
[0m[INFO] [1784395821.291824484]: vp cluster cost: 1.903642ms  ,remove unreachable cost: 1.547555ms, select vp cost: 29.310318ms[0m
insert viewpoint to graph time: 13.4057 ms
[0m[INFO] [1784395821.305859719]: [edge cost] len=17.7407 total=13.8029 time=9.07035 turn_pen=4.73257 known_pen=0 backup_pen=0 yaw_pen=0 known_free=17.7407 min_clearance=0.768273 vel_limit=2 reason=curvature backup_feasible=1[0m
[0m[INFO] [1784395821.306610472]: [candidate cost] chosen_cluster=280 coverage_id=0 total=6.53362 travel=5.11196 turn_brake=1.85996 future_return=0 gain=0.2153 wait=0.0282808 debt=0 coverage=0.0347184 failed_goal=0[0m
[1;33m-------------Plan Global Path end-----------------[0m

total time cost: 79.2725ms
[32m[planGlobalPath: succeed][0m: from EXEC_TRAJ to PLAN_TRAJ
viz&&print cost:0.01761ms
[0m[INFO] [1784395821.308589383]: [path condition] raw_pts=10 conditioned_pts=5 dense_pts=8 len=9.82339 known_free=9.82339 min_clearance=0.697613 turn=2.93472 max_local_turn=1.64767 initial_heading=0.196105 backup_feasible=1 sched_v=2 reason=curvature[0m
[0m[INFO] [1784395821.329803848]: [highspeed_exp adapter] backup not required for verified known-free terminal-stop primary. duration=4.05207 known_len=8.86684[0m
[0m[INFO] [1784395821.330119855]: [highspeed_exp adapter] planned General MINCO exploration traj: pieces=3, duration=4.05207, max_v=3.00148, max_a=2.70286, sfc(raw/simplified/final)=3/2/2, corridor=general, prefix=yes, prefix_dur=0.429774, switch_delay=0.45, head_path_dist=0.280348, shifted_start=0, sched_v=2, opt_v=2, opt_bound=3.17228, suffix_max_v=3.00148, suffix_max_a=2.70286, terminal_v=0, backup=no, backup_start=inf, backup_known_len=8.86684, sched_reason=curvature[0m
[0m[INFO] [1784395821.330158375]: [31m call planner [0m: 22.199[0m
[32m[plan success: new traj pub][0m: from PLAN_TRAJ to EXEC_TRAJ
 -- [TIMER] updateMap time consuming [32m 10.185012 ms[0m
 -- [TIMER] updateMap time consuming [32m 10.406410 ms[0m
 -- [TIMER] updateMap time consuming [32m 10.315621 ms[0m
[0m[INFO] [1784395821.508010024]: [global update] actual callback interval=279.352ms configured=200ms[0m
 -- [TIMER] updateMap time consuming [32m 10.238651 ms[0m
 -- [TIMER] updateMap time consuming [32m 9.072712 ms[0m


[1;33m------------- <34> Plan Global Path start---------------[0m
[0m[INFO] [1784395821.879008915]: update topo skeleton cost: 24.361616ms, update odom vertex cost:87.885864ms [0m
[0m[INFO] [1784395821.885206645]: [view score] cluster=270 best_score=5.00029 visible_gain=4 speed=2.87264 corridor_cruise=0 hard_gate=0 rejected=0 top_k=2 known_free=19.2 clearance=2.06349 turn=2.62507 selected_yaw=-2.74889 current_yaw=-1.32929 yaw_delta=1.4196 heading_known_free=12.4 vp=(-9.98873, 15.5887, 2.2)[0m
[0m[INFO] [1784395821.912699321]: vp cluster cost: 1.331447ms  ,remove unreachable cost: 1.221538ms, select vp cost: 30.871613ms[0m
insert viewpoint to graph time: 14.1104 ms
[0m[INFO] [1784395821.927600038]: [edge cost] len=25.4006 total=24.6233 time=12.9003 turn_pen=11.6227 known_pen=0 backup_pen=0 yaw_pen=0.100296 known_free=25.4006 min_clearance=0.56082 vel_limit=2 reason=curvature backup_feasible=1[0m
[0m[INFO] [1784395821.929199812]: [frontier lifecycle] selected cluster=284 selected_count=1 match_distance=0[0m
[0m[INFO] [1784395821.929232952]: [candidate cost] chosen_cluster=284 chosen_coverage=0 raw_best_cluster=284 raw_best_coverage=0 | #0 c=284/cp=0 J=11.175 T=6.93949 TB=1.82115 R=0 G=0.0909091 W=0.00181968 D=0 C=2.59894 | #1 c=283/cp=0 J=27.4154 T=13.0859 TB=5.16192 R=3.86758 G=0.230769 W=0.00184607 D=0 C=7.50474[0m
calculate tsp cost matrix cost 2.37723ms

tour solver cost: 0.358066ms
[1;33m-------------Plan Global Path end-----------------[0m

total time cost: 163.487ms
[32m[planGlobalPath: succeed][0m: from EXEC_TRAJ to PLAN_TRAJ
viz&&print cost:0.02174ms
[33m[WARN] [1784395821.952354450]: [highspeed_exp adapter] optimized trajectory safety check failed; retry slower: attempt=1 guide_speed=2 t=3 state=out_of_map start_clearance=2.82895 segment_min_clearance=2.27788 blocked_clearance=2.27788 recovery=0 clearance_regressed=0 left_exploration_boxes=1[0m
[33m[WARN] [1784395821.954956164]: [highspeed_exp adapter] optimized trajectory safety check failed; retry slower: attempt=2 guide_speed=1.5 t=3.55 state=out_of_map start_clearance=2.82895 segment_min_clearance=1.82367 blocked_clearance=1.82367 recovery=0 clearance_regressed=0 left_exploration_boxes=1[0m
[33m[WARN] [1784395821.959236093]: [highspeed_exp adapter] optimized trajectory safety check failed; retry slower: attempt=3 guide_speed=1.1 t=3.65 state=out_of_map start_clearance=2.82895 segment_min_clearance=1.99449 blocked_clearance=1.99449 recovery=0 clearance_regressed=0 left_exploration_boxes=1[0m
[33m[WARN] [1784395821.963334204]: [highspeed_exp adapter] optimized trajectory safety check failed; retry slower: attempt=4 guide_speed=1 t=3.6 state=out_of_map start_clearance=2.82895 segment_min_clearance=2.05685 blocked_clearance=2.05685 recovery=0 clearance_regressed=0 left_exploration_boxes=1[0m
[33m[WARN] [1784395821.963355924]: [highspeed_exp adapter] General exploration MINCO optimization failed.[0m
[0m[INFO] [1784395821.930906996]: [path condition] raw_pts=14 conditioned_pts=8 dense_pts=10 len=13.2146 known_free=13.2146 min_clearance=0.697613 turn=5.38828 max_local_turn=1.71472 initial_heading=0.214188 backup_feasible=1 sched_v=2 reason=curvature[0m
[0m[INFO] [1784395821.963382244]: [31m call planner [0m: 33.116[0m
[31m[PLAN_TRAJ: plan failed, keep safe terminal-stop trajectory][0m: from PLAN_TRAJ to EXEC_TRAJ
[0m[INFO] [1784395821.963495912]: [cloud input] mode=approximate_sync points=9727 age=0.0995256s stamp_valid=1[0m
 -- [TIMER] updateMap time consuming [32m 15.631559 ms[0m
[0m[INFO] [1784395821.991491353]: cloud odom callback cost: map update:24.9012ms  update frontier clusters: 3.04691ms  total: 27.9481ms
[0m
 -- [TIMER] updateMap time consuming [32m 10.833795 ms[0m
 -- [TIMER] updateMap time consuming [32m 11.312891 ms[0m


[1;33m------------- <35> Plan Global Path start---------------[0m
[0m[INFO] [1784395822.256082300]: update topo skeleton cost: 37.849226ms, update odom vertex cost:87.894726ms [0m
[0m[INFO] [1784395822.297354204]: vp cluster cost: 1.827413ms  ,remove unreachable cost: 1.841222ms, select vp cost: 37.314901ms[0m
insert viewpoint to graph time: 19.2948 ms
calculate tsp cost matrix cost 3.08179ms

tour solver cost: 0.265047ms
[1;33m-------------Plan Global Path end-----------------[0m

total time cost: 190.472ms
[32m[planGlobalPath: succeed][0m: from EXEC_TRAJ to PLAN_TRAJ
viz&&print cost:0.01573ms
[0m[INFO] [1784395822.321255134]: [path condition] raw_pts=14 conditioned_pts=8 dense_pts=10 len=12.259 known_free=12.259 min_clearance=0.697613 turn=5.48572 max_local_turn=1.78961 initial_heading=0.312272 backup_feasible=1 sched_v=2 reason=curvature[0m
[0m[INFO] [1784395822.346874188]: [highspeed_exp adapter] backup not required for verified known-free terminal-stop primary. duration=4.88908 known_len=12.7146[0m
[0m[INFO] [1784395822.346941957]: [highspeed_exp adapter] planned General MINCO exploration traj: pieces=3, duration=4.88908, max_v=4.00382, max_a=4.63173, sfc(raw/simplified/final)=3/2/2, corridor=general, prefix=yes, prefix_dur=0.425196, switch_delay=0.45, head_path_dist=0.691804, shifted_start=0, sched_v=2, opt_v=2, opt_bound=4, suffix_max_v=4.00382, suffix_max_a=4.63173, terminal_v=0, backup=no, backup_start=inf, backup_known_len=12.7146, sched_reason=curvature[0m
[0m[INFO] [1784395822.346966637]: [31m call planner [0m: 26.143[0m
[32m[plan success: new traj pub][0m: from PLAN_TRAJ to EXEC_TRAJ
[0m[INFO] [1784395821.168780518]: Publish local map size: 9916[0m
[0m[INFO] [1784395822.169511012]: Publish local map size: 10101[0m
 -- [MARSIM] Running FPS: 219.643
 -- [TIMER] updateMap time consuming [32m 12.385241 ms[0m
 -- [TIMER] updateMap time consuming [32m 11.561799 ms[0m
 -- [TIMER] updateMap time consuming [32m 12.745358 ms[0m
[0m[INFO] [1784395822.520878246]: [global update] actual callback interval=390.549ms configured=200ms[0m
 -- [TIMER] updateMap time consuming [32m 11.481240 ms[0m
 -- [TIMER] updateMap time consuming [32m 14.287713 ms[0m
 -- [TIMER] updateMap time consuming [32m 11.763566 ms[0m


[1;33m------------- <37> Plan Global Path start---------------[0m
[0m[INFO] [1784395822.978630258]: update topo skeleton cost: 29.767974ms, update odom vertex cost:97.554683ms [0m
[0m[INFO] [1784395822.978662228]: [highspeed_exp adapter] safety map ready=1 rog_ready=1 cloud_size=9742[0m
[0m[INFO] [1784395822.983129035]: [view score] cluster=311 best_score=-1.68534 visible_gain=4 speed=2.82869 corridor_cruise=0 hard_gate=0 rejected=0 top_k=2 known_free=1.6 clearance=1.33157 turn=0.943177 selected_yaw=-1.48902 current_yaw=-1.48902 yaw_delta=0 heading_known_free=9 vp=(-2.33772, -17.3148, 1.75)[0m
[0m[INFO] [1784395823.027646077]: vp cluster cost: 1.820872ms  ,remove unreachable cost: 1.770803ms, select vp cost: 45.128227ms[0m
insert viewpoint to graph time: 12.7258 ms
[0m[INFO] [1784395823.040804591]: [edge cost] len=7.75725 total=3.25588 time=2.88575 turn_pen=0.326275 known_pen=0 backup_pen=0 yaw_pen=0.0438528 known_free=7.75725 min_clearance=0.845595 vel_limit=3 reason=known_free backup_feasible=1[0m
[0m[INFO] [1784395823.042664013]: [frontier lifecycle] selected cluster=312 selected_count=1 match_distance=0[0m
[0m[INFO] [1784395823.042683613]: [candidate cost] chosen_cluster=312 coverage_id=0 total=17.8209 travel=2.88575 turn_brake=0.370128 future_return=0 gain=0.142857 wait=0.00264318 debt=0 coverage=14.8547 failed_goal=0[0m
[1;33m-------------Plan Global Path end-----------------[0m

total time cost: 192.168ms
[32m[planGlobalPath: succeed][0m: from EXEC_TRAJ to PLAN_TRAJ
viz&&print cost:0.01778ms
[0m[INFO] [1784395823.043940001]: [path condition] raw_pts=6 conditioned_pts=3 dense_pts=5 len=7.75725 known_free=7.75725 min_clearance=0.845055 turn=0.44008 max_local_turn=0.440079 initial_heading=0.197742 backup_feasible=1 sched_v=3 reason=known_free[0m
[0m[INFO] [1784395823.055908836]: [highspeed_exp adapter] backup not required for verified known-free terminal-stop primary. duration=3.3099 known_len=7.39545[0m
[0m[INFO] [1784395823.055984805]: [highspeed_exp adapter] planned General MINCO exploration traj: pieces=2, duration=3.3099, max_v=3.13212, max_a=3.10252, sfc(raw/simplified/final)=3/1/1, corridor=general, prefix=yes, prefix_dur=0.438776, switch_delay=0.45, head_path_dist=0.576805, shifted_start=0, sched_v=2, opt_v=2, opt_bound=3.35805, suffix_max_v=3.13212, suffix_max_a=3.10252, terminal_v=0, backup=no, backup_start=inf, backup_known_len=7.39545, sched_reason=curvature[0m
[0m[INFO] [1784395823.056011835]: [31m call planner [0m: 12.523[0m
[32m[plan success: new traj pub][0m: from PLAN_TRAJ to EXEC_TRAJ
[0m[INFO] [1784395823.056109204]: [cloud input] mode=approximate_sync points=10087 age=0.0921456s stamp_valid=1[0m
 -- [TIMER] updateMap time consuming [32m 17.571801 ms[0m
[0m[INFO] [1784395823.087037457]: cloud odom callback cost: map update:27.8471ms  update frontier clusters: 3.04647ms  total: 30.8936ms
[0m
[0m[INFO] [1784395823.092233707]: [coverage guidance] plan valid=1 map_v=11 frontier_v=11 zones(f/u)=121/271 observed=6168/35519 coverage=0.1737 voxels(f/o/u)=2502/3333/333 active=4 reachable_unknown=155 route_nodes=160 preferred=9 cost=5.2ms[0m
 -- [TIMER] updateMap time consuming [32m 10.963785 ms[0m
 -- [TIMER] updateMap time consuming [32m 8.242651 ms[0m
 -- [TIMER] updateMap time consuming [32m 9.074523 ms[0m
 -- [TIMER] updateMap time consuming [32m 8.839455 ms[0m
 -- [TIMER] updateMap time consuming [32m 9.446720 ms[0m
[0m[INFO] [1784395823.543586786]: [global update] actual callback interval=300.062ms configured=200ms[0m


[1;33m------------- <39> Plan Global Path start---------------[0m
[0m[INFO] [1784395823.654783438]: update topo skeleton cost: 21.522404ms, update odom vertex cost:89.622600ms [0m
[0m[INFO] [1784395823.660988439]: [view score] cluster=313 best_score=1.3536 visible_gain=9 speed=3.06819 corridor_cruise=0 hard_gate=0 rejected=0 top_k=2 known_free=1 clearance=3.27381 turn=1.56273 selected_yaw=-2.74889 current_yaw=-1.79943 yaw_delta=0.949459 heading_known_free=7 vp=(4.16667, -15.3, 3.76667)[0m
[0m[INFO] [1784395823.699577879]: vp cluster cost: 1.810383ms  ,remove unreachable cost: 1.487645ms, select vp cost: 41.310724ms[0m
insert viewpoint to graph time: 11.0554 ms
[0m[INFO] [1784395823.711309356]: [edge cost] len=19.5436 total=12.7352 time=9.97181 turn_pen=2.73858 known_pen=0 backup_pen=0 yaw_pen=0.0248535 known_free=19.5436 min_clearance=0.481503 vel_limit=2 reason=curvature backup_feasible=1[0m
[0m[INFO] [1784395823.712802672]: [frontier lifecycle] selected cluster=311 selected_count=1 match_distance=0[0m
[0m[INFO] [1784395823.712825211]: [candidate cost] chosen_cluster=311 chosen_coverage=0 raw_best_cluster=311 raw_best_coverage=0 | #0 c=311/cp=0 J=13.881 T=9.97181 TB=2.76343 R=0 G=0.151899 W=0.101117 D=0 C=1.60128 | #1 c=313/cp=0 J=16.5086 T=10.703 TB=2.77634 R=0 G=0.230769 W=0.0400003 D=0 C=3.55082[0m
calculate tsp cost matrix cost 2.13788ms

tour solver cost: 0.238758ms
[1;33m-------------Plan Global Path end-----------------[0m

total time cost: 169.989ms
[32m[planGlobalPath: succeed][0m: from EXEC_TRAJ to PLAN_TRAJ
viz&&print cost:0.02559ms
[33m[WARN] [1784395823.714226058]: [highspeed_exp adapter] reject frontend path: failed to align optimization head. head_path_dist=1.77785 max_allowed=1.125 switch_delay=0.45 speed=3.06819[0m
[0m[INFO] [1784395823.714201998]: [path condition] raw_pts=15 conditioned_pts=7 dense_pts=11 len=15.3507 known_free=15.3507 min_clearance=0.563979 turn=1.74583 max_local_turn=0.646261 initial_heading=1.07439 backup_feasible=1 sched_v=2 reason=curvature[0m
[0m[INFO] [1784395823.714249278]: [31m call planner [0m: 0.591[0m
[31m[PLAN_TRAJ: plan failed, keep safe terminal-stop trajectory][0m: from PLAN_TRAJ to EXEC_TRAJ
 -- [TIMER] updateMap time consuming [32m 16.952007 ms[0m
 -- [TIMER] updateMap time consuming [32m 13.633989 ms[0m
 -- [TIMER] updateMap time consuming [32m 13.478540 ms[0m


[1;33m------------- <40> Plan Global Path start---------------[0m
[0m[INFO] [1784395824.023987176]: update topo skeleton cost: 39.736119ms, update odom vertex cost:70.531863ms [0m
[0m[INFO] [1784395824.073417702]: vp cluster cost: 1.847982ms  ,remove unreachable cost: 2.019461ms, select vp cost: 45.382645ms[0m
insert viewpoint to graph time: 22.6274 ms
[0m[INFO] [1784395824.098645750]: [candidate cost] chosen_cluster=311 coverage_id=0 total=13.8131 travel=8.24111 turn_brake=4.28123 future_return=0 gain=0.140217 wait=0.0200333 debt=0 coverage=1.60128 failed_goal=0[0m
[1;33m-------------Plan Global Path end-----------------[0m

total time cost: 185.645ms
[32m[planGlobalPath: succeed][0m: from EXEC_TRAJ to PLAN_TRAJ
viz&&print cost:0.02207ms
[33m[WARN] [1784395824.100184015]: [highspeed_exp adapter] reject frontend path: failed to align optimization head. head_path_dist=1.54067 max_allowed=1.125 switch_delay=0.45 speed=3.13125[0m
[0m[INFO] [1784395824.100159715]: [path condition] raw_pts=29 conditioned_pts=10 dense_pts=13 len=16.0729 known_free=16.0729 min_clearance=0.640469 turn=3.40272 max_local_turn=1.10715 initial_heading=1.06958 backup_feasible=1 sched_v=2 reason=curvature[0m
[0m[INFO] [1784395824.100200575]: [31m call planner [0m: 0.819[0m
[31m[PLAN_TRAJ: plan failed, keep safe terminal-stop trajectory][0m: from PLAN_TRAJ to EXEC_TRAJ
[0m[INFO] [1784395824.100307134]: [cloud input] mode=approximate_sync points=9578 age=0.0363342s stamp_valid=1[0m
 -- [TIMER] updateMap time consuming [32m 16.038107 ms[0m
[0m[INFO] [1784395824.129972479]: cloud odom callback cost: map update:26.2834ms  update frontier clusters: 3.34637ms  total: 29.6298ms
[0m
 -- [TIMER] updateMap time consuming [32m 13.727619 ms[0m
 -- [TIMER] updateMap time consuming [32m 13.716168 ms[0m


[1;33m------------- <41> Plan Global Path start---------------[0m
[0m[INFO] [1784395823.269537726]: Publish local map size: 9032[0m
[0m[INFO] [1784395824.368936089]: Publish local map size: 9549[0m
 -- [MARSIM] Running FPS: 205.01
[0m[INFO] [1784395824.432078834]: update topo skeleton cost: 38.926977ms, update odom vertex cost:93.704572ms [0m
[0m[INFO] [1784395824.441973219]: [view score] cluster=320 best_score=26.7315 visible_gain=26 speed=3.07445 corridor_cruise=0 hard_gate=0 rejected=0 top_k=2 known_free=5.8 clearance=2.40427 turn=1.49898 selected_yaw=1.1781 current_yaw=-1.39532 yaw_delta=2.57342 heading_known_free=4.6 vp=(-6.08461, -14.5462, 3.4)[0m
[0m[INFO] [1784395824.481875596]: vp cluster cost: 1.850252ms  ,remove unreachable cost: 1.785543ms, select vp cost: 46.027659ms[0m
insert viewpoint to graph time: 12.9393 ms
[0m[INFO] [1784395824.495389967]: [edge cost] len=10.6865 total=8.58598 time=5.54326 turn_pen=2.93978 known_pen=0 backup_pen=0 yaw_pen=0.102937 known_free=10.6865 min_clearance=0.970722 vel_limit=2 reason=curvature backup_feasible=1[0m
[0m[INFO] [1784395824.497097450]: [frontier lifecycle] selected cluster=321 selected_count=1 match_distance=0[0m
[1;33m-------------Plan Global Path end-----------------[0m

total time cost: 200.19ms
[32m[planGlobalPath: succeed][0m: from EXEC_TRAJ to PLAN_TRAJ
viz&&print cost:0.02403ms
[33m[WARN] [1784395824.525711336]: [highspeed_exp adapter] reject frontend path: failed to align optimization head. head_path_dist=2.02005 max_allowed=1.125 switch_delay=0.45 speed=3.05397[0m
 -- [TIMER] updateMap time consuming [32m 12.367281 ms[0m
[0m[INFO] [1784395824.525681047]: [path condition] raw_pts=62 conditioned_pts=9 dense_pts=15 len=20.6194 known_free=20.6194 min_clearance=0.497573 turn=1.6088 max_local_turn=0.428506 initial_heading=1.53614 backup_feasible=1 sched_v=2 reason=curvature[0m
[0m[INFO] [1784395824.525728486]: [31m call planner [0m: 0.818[0m
[31m[PLAN_TRAJ: plan failed, keep safe terminal-stop trajectory][0m: from PLAN_TRAJ to EXEC_TRAJ
 -- [TIMER] updateMap time consuming [32m 10.548858 ms[0m
 -- [TIMER] updateMap time consuming [32m 9.573168 ms[0m
[0m[INFO] [1784395824.699702808]: [global update] actual callback interval=400.273ms configured=200ms[0m


[1;33m------------- <42> Plan Global Path start---------------[0m
[0m[INFO] [1784395824.917423461]: update topo skeleton cost: 90.160496ms, update odom vertex cost:127.485488ms [0m
[0m[INFO] [1784395824.947441534]: [view score] cluster=274 best_score=16.6512 visible_gain=15 speed=3.01223 corridor_cruise=0 hard_gate=0 rejected=0 top_k=2 known_free=22 clearance=2.59558 turn=2.58553 selected_yaw=1.1781 current_yaw=-1.12994 yaw_delta=2.30804 heading_known_free=3.6 vp=(-8.54316, 15.1443, 2.78)[0m
[0m[INFO] [1784395824.989151554]: vp cluster cost: 2.945522ms  ,remove unreachable cost: 2.839963ms, select vp cost: 65.766989ms[0m
insert viewpoint to graph time: 13.9781 ms
[0m[INFO] [1784395825.003722404]: [edge cost] len=10.973 total=8.45668 time=5.68649 turn_pen=2.64645 known_pen=0 backup_pen=0 yaw_pen=0.123738 known_free=10.973 min_clearance=1.24689 vel_limit=2 reason=curvature backup_feasible=1[0m
[0m[INFO] [1784395825.007669457]: [frontier lifecycle] selected cluster=331 selected_count=2 match_distance=0[0m
[0m[INFO] [1784395825.007698346]: [candidate cost] chosen_cluster=331 chosen_coverage=0 raw_best_cluster=331 raw_best_coverage=0 | #0 c=331/cp=0 J=5.60315 T=4.74984 TB=1.21432 R=0 G=0.127326 W=0.0709073 D=0 C=0 | #1 c=333/cp=0 J=12.2139 T=5.68649 TB=2.77019 R=3.66722 G=0.454049 W=0.0440352 D=0 C=2.71444 | #2 c=332/cp=0 J=15.9961 T=8.9628 TB=2.64645 R=3.60032 G=0.186432 W=0.111643 D=0 C=2.94705[0m
calculate tsp cost matrix cost 4.49944ms

tour solver cost: 0.327667ms
[1;33m-------------Plan Global Path end-----------------[0m

total time cost: 308.897ms
[32m[planGlobalPath: succeed][0m: from EXEC_TRAJ to PLAN_TRAJ
[0m[INFO] [1784395825.008678757]: [frontier storage] labels=2967/3739 normals=170/823 clusters=14 terminal=0 cluster_cells(cap)=117 candidates(cap)=24 derived_viewpoints(cap)=0 estimated_kb=68.7998 revision=76 audit_ready=0[0m
viz&&print cost:0.05387ms
[33m[WARN] [1784395825.134692870]: [highspeed_exp adapter] reject frontend path: failed to align optimization head. head_path_dist=1.19419 max_allowed=1.125 switch_delay=0.45 speed=2.51612[0m
 -- [TIMER] updateMap time consuming [32m 13.272533 ms[0m
 -- [TIMER] updateMap time consuming [32m 9.940555 ms[0m
[0m[INFO] [1784395825.134660411]: [path condition] raw_pts=36 conditioned_pts=6 dense_pts=10 len=14.769 known_free=14.769 min_clearance=0.571341 turn=0.913302 max_local_turn=0.603742 initial_heading=0.46628 backup_feasible=1 sched_v=3.91254 reason=curvature[0m
[0m[INFO] [1784395825.134709000]: [31m call planner [0m: 0.663[0m
[31m[PLAN_TRAJ: plan failed, keep safe terminal-stop trajectory][0m: from PLAN_TRAJ to EXEC_TRAJ
[0m[INFO] [1784395825.169002752]: [cloud input] mode=approximate_sync points=10026 age=0.00501354s stamp_valid=1[0m
 -- [TIMER] updateMap time consuming [32m 11.598389 ms[0m
[0m[INFO] [1784395825.196192751]: cloud odom callback cost: map update:22.9709ms  update frontier clusters: 4.1379ms  total: 27.1088ms
[0m
[0m[INFO] [1784395825.201465541]: [coverage guidance] plan valid=1 map_v=13 frontier_v=13 zones(f/u)=122/272 observed=7144/35519 coverage=0.2011 voxels(f/o/u)=2840/3829/475 active=6 reachable_unknown=153 route_nodes=160 preferred=11 cost=5.3ms[0m


[1;33m------------- <43> Plan Global Path start---------------[0m
[0m[INFO] [1784395825.412226333]: update topo skeleton cost: 79.610078ms, update odom vertex cost:123.829645ms [0m
[0m[INFO] [1784395825.412258383]: [highspeed_exp adapter] safety map ready=1 rog_ready=1 cloud_size=10026[0m
[0m[INFO] [1784395825.447762123]: [view score] cluster=272 best_score=9.20793 visible_gain=6 speed=2.33817 corridor_cruise=0 hard_gate=0 rejected=0 top_k=2 known_free=25 clearance=3.13378 turn=2.51345 selected_yaw=-0.89041 current_yaw=-0.89041 yaw_delta=0 heading_known_free=2.6 vp=(-15.016, 11.4125, 3.3)[0m
[0m[INFO] [1784395825.455070923]: vp cluster cost: 2.294868ms  ,remove unreachable cost: 3.056381ms, select vp cost: 37.368412ms[0m
insert viewpoint to graph time: 20.3292 ms
[0m[INFO] [1784395825.485104795]: [goal lock] keep goal idx=2 candidate_idx=0 locked_cost=9.62838 candidate_cost=5.94284 since=0.477409 high_speed=0[0m
calculate tsp cost matrix cost 9.7012ms

tour solver cost: 0.541505ms
[1;33m-------------Plan Global Path end-----------------[0m

total time cost: 278.604ms
[32m[planGlobalPath: succeed][0m: from EXEC_TRAJ to PLAN_TRAJ
viz&&print cost:0.02016ms
 -- [TIMER] updateMap time consuming [32m 12.382061 ms[0m
 -- [TIMER] updateMap time consuming [32m 8.445979 ms[0m
 -- [TIMER] updateMap time consuming [32m 9.814136 ms[0m


[1;33m------------- <44> Plan Global Path start---------------[0m
[0m[INFO] [1784395825.856134623]: update topo skeleton cost: 63.031926ms, update odom vertex cost:102.953814ms [0m
[0m[INFO] [1784395825.882592260]: vp cluster cost: 2.392467ms  ,remove unreachable cost: 2.653505ms, select vp cost: 21.270796ms[0m
insert viewpoint to graph time: 26.1245 ms
[0m[INFO] [1784395825.909755010]: [edge cost] len=25.7469 total=18.8789 time=13.0734 turn_pen=5.80547 known_pen=0 backup_pen=0 yaw_pen=0 known_free=25.7469 min_clearance=0.688286 vel_limit=2 reason=curvature backup_feasible=1[0m
[0m[INFO] [1784395825.918541635]: [frontier lifecycle] selected cluster=366 selected_count=1 match_distance=0[0m
[0m[INFO] [1784395825.918570345]: [candidate cost] chosen_cluster=366 chosen_coverage=0 raw_best_cluster=366 raw_best_coverage=0 | #0 c=366/cp=0 J=10.7133 T=4.40909 TB=2.70262 R=3.66811 G=0.402823 W=0.093671 D=0 C=2.53031 | #1 c=365/cp=0 J=11.1415 T=3.50666 TB=0.827663 R=9.53605 G=0.148079 W=0.161279 D=0 C=2.10042 | #2 c=367/cp=0 J=18.7163 T=9.28042 TB=2.67146 R=9.14212 G=0.347826 W=0.0535028 D=0 C=2.51214[0m
calculate tsp cost matrix cost 9.79404ms

tour solver cost: 1.06581ms
[1;33m-------------Plan Global Path end-----------------[0m

total time cost: 232.883ms
[32m[planGlobalPath: succeed][0m: from PLAN_TRAJ to PLAN_TRAJ
viz&&print cost:0.02833ms
[0m[INFO] [1784395825.923445169]: [path condition] raw_pts=22 conditioned_pts=4 dense_pts=6 len=8.35409 known_free=8.35409 min_clearance=0.501538 turn=1.66283 max_local_turn=1.66283 initial_heading=1.59205 backup_feasible=1 sched_v=2 reason=curvature[0m
[0m[INFO] [1784395825.939193998]: [highspeed_exp adapter] backup not required for verified known-free terminal-stop primary. duration=7.04838 known_len=7.79069[0m
[0m[INFO] [1784395825.939271957]: [highspeed_exp adapter] planned General MINCO exploration traj: pieces=2, duration=7.04838, max_v=2.00223, max_a=1.41614, sfc(raw/simplified/final)=3/2/2, corridor=general, prefix=no, prefix_dur=0, switch_delay=0.45, head_path_dist=inf, shifted_start=0, sched_v=2, opt_v=2, opt_bound=2, suffix_max_v=2.00223, suffix_max_a=1.41614, terminal_v=0, backup=no, backup_start=inf, backup_known_len=7.79069, sched_reason=curvature[0m
[0m[INFO] [1784395825.939294817]: [31m call planner [0m: 16.244[0m
[32m[plan success: new traj pub][0m: from PLAN_TRAJ to EXEC_TRAJ
 -- [TIMER] updateMap time consuming [32m 9.351700 ms[0m
 -- [TIMER] updateMap time consuming [32m 9.606238 ms[0m
 -- [TIMER] updateMap time consuming [32m 9.230762 ms[0m
[0m[INFO] [1784395826.123113628]: [global update] actual callback interval=432.969ms configured=200ms[0m
[0m[INFO] [1784395826.284456405]: [cloud input] mode=approximate_sync points=9822 age=0.020468s stamp_valid=1[0m
 -- [TIMER] updateMap time consuming [32m 10.179793 ms[0m
[0m[INFO] [1784395826.304962999]: cloud odom callback cost: map update:17.3634ms  update frontier clusters: 3.10036ms  total: 20.4637ms
[0m
 -- [TIMER] updateMap time consuming [32m 7.997804 ms[0m
 -- [TIMER] updateMap time consuming [32m 7.077932 ms[0m


[1;33m------------- <46> Plan Global Path start---------------[0m
[0m[INFO] [1784395825.469204398]: Publish local map size: 10121[0m
[0m[INFO] [1784395826.569286122]: Publish local map size: 9916[0m
 -- [MARSIM] Running FPS: 216.065
[0m[INFO] [1784395826.655030742]: update topo skeleton cost: 66.614562ms, update odom vertex cost:103.040995ms [0m
[0m[INFO] [1784395826.663377592]: [view score] cluster=395 best_score=14.474 visible_gain=14 speed=0.865906 corridor_cruise=0 hard_gate=0 rejected=0 top_k=2 known_free=6.18173 clearance=1.70885 turn=1.6359 selected_yaw=0.392699 current_yaw=-0.638607 yaw_delta=1.03131 heading_known_free=1.8 vp=(-10.275, -12.216, 2.6875)[0m
[0m[INFO] [1784395826.682255642]: vp cluster cost: 2.452127ms  ,remove unreachable cost: 3.273998ms, select vp cost: 21.394236ms[0m
insert viewpoint to graph time: 29.7551 ms
[0m[INFO] [1784395826.712820389]: [edge cost] len=19.2527 total=5.82838 time=4.9223 turn_pen=0.853081 known_pen=0 backup_pen=0 yaw_pen=0.0529955 known_free=19.2527 min_clearance=0.581915 vel_limit=4.28421 reason=curvature backup_feasible=1[0m
[0m[INFO] [1784395826.716789441]: [frontier lifecycle] selected cluster=399 selected_count=1 match_distance=0[0m
[0m[INFO] [1784395826.716818161]: [candidate cost] chosen_cluster=399 chosen_coverage=0 raw_best_cluster=399 raw_best_coverage=0 | #0 c=399/cp=0 J=13.3557 T=4.9223 TB=0.906077 R=7.59652 G=0.137669 W=0.205705 D=0 C=3.93311 | #1 c=397/cp=0 J=13.5954 T=5.56176 TB=0.957166 R=7.25537 G=0.333333 W=0.0979288 D=0 C=3.89961 | #2 c=398/cp=0 J=14.5876 T=5.40159 TB=0.853121 R=4.74251 G=0.117647 W=0.00147042 D=0 C=5.96198[0m
calculate tsp cost matrix cost 4.76087ms

tour solver cost: 0.343017ms
[1;33m-------------Plan Global Path end-----------------[0m

total time cost: 234.563ms
[32m[planGlobalPath: succeed][0m: from EXEC_TRAJ to PLAN_TRAJ
viz&&print cost:0.036329ms
[33m[WARN] [1784395826.750572328]: [highspeed_exp adapter] optimized trajectory safety check failed; retry slower: attempt=1 guide_speed=2.23516 t=4.7 state=unknown start_clearance=1.49095 segment_min_clearance=0.425557 blocked_clearance=0.425557 recovery=0 clearance_regressed=0 left_exploration_boxes=0[0m
[33m[WARN] [1784395826.753931606]: [highspeed_exp adapter] optimized trajectory safety check failed; retry slower: attempt=2 guide_speed=1.67637 t=5.25 state=unknown start_clearance=1.49095 segment_min_clearance=0.427333 blocked_clearance=0.427333 recovery=0 clearance_regressed=0 left_exploration_boxes=0[0m
[0m[INFO] [1784395826.720792793]: [path condition] raw_pts=62 conditioned_pts=6 dense_pts=12 len=18.9572 known_free=18.9572 min_clearance=0.492031 turn=1.03625 max_local_turn=0.540329 initial_heading=0.517017 backup_feasible=1 sched_v=2.23516 reason=curvature[0m
[0m[INFO] [1784395826.758176056]: [highspeed_exp adapter] backup not required for verified known-free terminal-stop primary. duration=9.31826 known_len=18.7755[0m
[0m[INFO] [1784395826.758276265]: [highspeed_exp adapter] planned General MINCO exploration traj: pieces=4, duration=9.31826, max_v=4.35888, max_a=2.84827, sfc(raw/simplified/final)=4/3/3, corridor=general, prefix=yes, prefix_dur=0.413679, switch_delay=0.45, head_path_dist=0.181014, shifted_start=0, sched_v=2.23516, opt_v=1.22934, opt_bound=2.75, suffix_max_v=4.35888, suffix_max_a=2.84827, terminal_v=0, backup=no, backup_start=inf, backup_known_len=18.7755, sched_reason=curvature[0m
[0m[INFO] [1784395826.758302794]: [31m call planner [0m: 38.336[0m
[32m[plan success: new traj pub][0m: from PLAN_TRAJ to EXEC_TRAJ
 -- [TIMER] updateMap time consuming [32m 10.441511 ms[0m
 -- [TIMER] updateMap time consuming [32m 14.394532 ms[0m
 -- [TIMER] updateMap time consuming [32m 20.608013 ms[0m


[1;33m------------- <47> Plan Global Path start---------------[0m
[0m[INFO] [1784395827.146611393]: update topo skeleton cost: 103.141554ms, update odom vertex cost:123.430651ms [0m
[0m[INFO] [1784395827.167120447]: [view score] cluster=435 best_score=21.9639 visible_gain=15 speed=0.627965 corridor_cruise=0 hard_gate=0 rejected=0 top_k=2 known_free=19.1039 clearance=2.86927 turn=0.772691 selected_yaw=1.9635 current_yaw=0.113964 yaw_delta=1.84953 heading_known_free=2 vp=(4.74461, -13.1779, 3.23333)[0m
[0m[INFO] [1784395827.167171036]: vp cluster cost: 1.799773ms  ,remove unreachable cost: 2.083710ms, select vp cost: 16.571311ms[0m
insert viewpoint to graph time: 23.7466 ms
[0m[INFO] [1784395827.196655285]: [frontier lifecycle] selected cluster=435 selected_count=1 match_distance=0[0m
calculate tsp cost matrix cost 5.72163ms

tour solver cost: 0.515455ms
[1;33m-------------Plan Global Path end-----------------[0m

total time cost: 280.024ms
[32m[planGlobalPath: succeed][0m: from EXEC_TRAJ to PLAN_TRAJ
viz&&print cost:0.03048ms
[0m[INFO] [1784395827.200395409]: [corridor cruise path] straighten direct known-free path: len=19.1039 align=0.748739 known_free=19.1039 pts=5[0m
[0m[INFO] [1784395827.200946134]: [path condition] raw_pts=70 conditioned_pts=5 dense_pts=9 len=19.1039 known_free=19.1039 min_clearance=0.522756 turn=1.60713e-06 max_local_turn=4.12146e-07 initial_heading=0.724639 backup_feasible=1 sched_v=3.3944 reason=curvature[0m
[0m[INFO] [1784395827.289998313]: [highspeed_exp adapter] backup not required for verified known-free terminal-stop primary. duration=6.05521 known_len=19.2487[0m
[0m[INFO] [1784395827.290090482]: [highspeed_exp adapter] planned General MINCO exploration traj: pieces=5, duration=6.05521, max_v=5.00052, max_a=3.98307, sfc(raw/simplified/final)=4/4/4, corridor=general, prefix=yes, prefix_dur=0.36191, switch_delay=0.45, head_path_dist=0.25375, shifted_start=0, sched_v=4.06498, opt_v=4.06498, opt_bound=5, suffix_max_v=5.00052, suffix_max_a=3.98307, terminal_v=0, backup=no, backup_start=inf, backup_known_len=19.2487, sched_reason=curvature[0m
[0m[INFO] [1784395827.290116402]: [31m call planner [0m: 90.031[0m
[32m[plan success: new traj pub][0m: from PLAN_TRAJ to EXEC_TRAJ
[0m[INFO] [1784395827.290267351]: [cloud input] mode=approximate_sync points=10030 age=0.0262955s stamp_valid=1[0m
 -- [TIMER] updateMap time consuming [32m 18.491374 ms[0m
[0m[INFO] [1784395827.322406523]: cloud odom callback cost: map update:28.1486ms  update frontier clusters: 3.95886ms  total: 32.1075ms
[0m
[0m[INFO] [1784395827.328047460]: [coverage guidance] plan valid=1 map_v=15 frontier_v=15 zones(f/u)=127/272 observed=8907/35519 coverage=0.2508 voxels(f/o/u)=2976/5398/533 active=7 reachable_unknown=152 route_nodes=160 preferred=8 cost=5.6ms[0m
 -- [TIMER] updateMap time consuming [32m 14.337143 ms[0m
[0m[INFO] [1784395827.400150941]: [global update] actual callback interval=480.112ms configured=200ms[0m
 -- [TIMER] updateMap time consuming [32m 14.269154 ms[0m
 -- [TIMER] updateMap time consuming [32m 12.480150 ms[0m
 -- [TIMER] updateMap time consuming [32m 15.083756 ms[0m


[1;33m------------- <49> Plan Global Path start---------------[0m
[0m[INFO] [1784395827.978331969]: update topo skeleton cost: 68.512946ms, update odom vertex cost:113.567845ms [0m
[0m[INFO] [1784395827.978363308]: [highspeed_exp adapter] safety map ready=1 rog_ready=1 cloud_size=10034[0m
[0m[INFO] [1784395827.982027083]: [view score] cluster=418 best_score=3.87473 visible_gain=9 speed=0.955845 corridor_cruise=0 hard_gate=0 rejected=0 top_k=2 known_free=1.6 clearance=1.20728 turn=0.638989 selected_yaw=1.9635 current_yaw=0.43209 yaw_delta=1.53141 heading_known_free=1.6 vp=(-1.07354, -8.61803, 4)[0m
[0m[INFO] [1784395827.993860140]: vp cluster cost: 1.791163ms  ,remove unreachable cost: 1.638904ms, select vp cost: 11.973726ms[0m
insert viewpoint to graph time: 13.6058 ms
[0m[INFO] [1784395828.007967966]: [edge cost] len=10.7624 total=8.69893 time=5.32971 turn_pen=3.33938 known_pen=0 backup_pen=0 yaw_pen=0.0298403 known_free=10.7624 min_clearance=0.631531 vel_limit=2.10224 reason=curvature backup_feasible=1[0m
[0m[INFO] [1784395828.021741784]: [frontier lifecycle] selected cluster=443 selected_count=2 match_distance=0[0m
[0m[INFO] [1784395828.021767414]: [candidate cost] chosen_cluster=443 chosen_coverage=0 raw_best_cluster=443 raw_best_coverage=0 | #0 c=443/cp=0 J=11.7016 T=5.32971 TB=3.36922 R=6.00812 G=0.343727 W=0.115294 D=0 C=0.558615 | #1 c=452/cp=0 J=21.707 T=9.86008 TB=3.36922 R=9.53343 G=0.464286 W=0.0442889 D=0 C=4.22931 | #2 c=418/cp=0 J=22.9779 T=10.6012 TB=8.03253 R=5.88477 G=0.251842 W=0.170795 D=0 C=1.86744[0m
calculate tsp cost matrix cost 14.2441ms

tour solver cost: 1.39058ms
[1;33m-------------Plan Global Path end-----------------[0m

total time cost: 229.459ms
[32m[planGlobalPath: succeed][0m: from EXEC_TRAJ to PLAN_TRAJ
viz&&print cost:0.02117ms
[33m[WARN] [1784395828.048889955]: [highspeed_exp adapter] optimized candidate violates commit dynamics; retry slower: attempt=1 guide_speed=2 vel_bound=4 max_v=6.48575 max_a=11.9801[0m
[33m[WARN] [1784395828.051963186]: [highspeed_exp adapter] optimized candidate violates commit dynamics; retry slower: attempt=2 guide_speed=1.5 vel_bound=3 max_v=6.47713 max_a=11.9885[0m
[33m[WARN] [1784395828.054802589]: [highspeed_exp adapter] optimized candidate violates commit dynamics; retry slower: attempt=3 guide_speed=1.1 vel_bound=2.90682 max_v=6.49139 max_a=12.04[0m
[33m[WARN] [1784395828.057798630]: [highspeed_exp adapter] optimized candidate violates commit dynamics; retry slower: attempt=4 guide_speed=1 vel_bound=2.90682 max_v=6.49948 max_a=12.0631[0m
[33m[WARN] [1784395828.057811800]: [highspeed_exp adapter] General exploration MINCO optimization failed.[0m
[0m[INFO] [1784395828.026232132]: [path condition] raw_pts=13 conditioned_pts=9 dense_pts=10 len=10.7624 known_free=10.7624 min_clearance=0.631244 turn=3.69584 max_local_turn=0.781947 initial_heading=0.0971091 backup_feasible=1 sched_v=2.10224 reason=curvature[0m
[0m[INFO] [1784395828.057827900]: [31m call planner [0m: 32.098[0m
[31m[PLAN_TRAJ: plan failed, keep safe terminal-stop trajectory][0m: from PLAN_TRAJ to EXEC_TRAJ
 -- [TIMER] updateMap time consuming [32m 11.353001 ms[0m
 -- [TIMER] updateMap time consuming [32m 4.907993 ms[0m
 -- [TIMER] updateMap time consuming [32m 4.433668 ms[0m


[1;33m------------- <50> Plan Global Path start---------------[0m
[0m[INFO] [1784395828.392012092]: update topo skeleton cost: 42.537364ms, update odom vertex cost:123.677430ms [0m
[0m[INFO] [1784395828.404895099]: vp cluster cost: 2.244349ms  ,remove unreachable cost: 2.262258ms, select vp cost: 8.283841ms[0m
insert viewpoint to graph time: 11.6777 ms
calculate tsp cost matrix cost 17.5706ms

tour solver cost: 0.522315ms
[1;33m-------------Plan Global Path end-----------------[0m

total time cost: 211.453ms
[32m[planGlobalPath: succeed][0m: from EXEC_TRAJ to PLAN_TRAJ
viz&&print cost:0.02278ms
[33m[WARN] [1784395828.437735716]: [highspeed_exp adapter] reject frontend path: failed to align optimization head. head_path_dist=1.86725 max_allowed=1.125 switch_delay=0.45 speed=1.75015[0m
[0m[INFO] [1784395828.437708546]: [path condition] raw_pts=15 conditioned_pts=9 dense_pts=10 len=11.291 known_free=11.291 min_clearance=0.581624 turn=4.08217 max_local_turn=0.765996 initial_heading=1.50972 backup_feasible=1 sched_v=2 reason=curvature[0m
[0m[INFO] [1784395828.437748786]: [31m call planner [0m: 0.493[0m
[31m[PLAN_TRAJ: plan failed, keep safe terminal-stop trajectory][0m: from PLAN_TRAJ to EXEC_TRAJ
[0m[INFO] [1784395828.437888154]: [cloud input] mode=approximate_sync points=8956 age=0.0739135s stamp_valid=1[0m
 -- [TIMER] updateMap time consuming [32m 7.202251 ms[0m
[0m[INFO] [1784395828.453634054]: cloud odom callback cost: map update:12.8837ms  update frontier clusters: 2.82811ms  total: 15.7118ms
[0m
 -- [TIMER] updateMap time consuming [32m 4.281659 ms[0m
 -- [TIMER] updateMap time consuming [32m 4.076941 ms[0m
[0m[INFO] [1784395828.637323702]: [global update] actual callback interval=411.535ms configured=200ms[0m


[1;33m------------- <51> Plan Global Path start---------------[0m
[0m[INFO] [1784395828.799302857]: update topo skeleton cost: 38.562163ms, update odom vertex cost:123.349993ms [0m
[0m[INFO] [1784395828.803247849]: [view score] cluster=418 best_score=3.37687 visible_gain=9 speed=3.14373 corridor_cruise=0 hard_gate=0 rejected=0 top_k=2 known_free=0.4 clearance=1.20728 turn=0.648973 selected_yaw=1.9635 current_yaw=0.0282945 yaw_delta=1.9352 heading_known_free=11.2 vp=(-1.07354, -8.61803, 4)[0m
[0m[INFO] [1784395828.808257201]: vp cluster cost: 1.718064ms  ,remove unreachable cost: 1.723983ms, select vp cost: 5.252780ms[0m
insert viewpoint to graph time: 14.6404 ms
[0m[INFO] [1784395828.823345637]: [edge cost] len=11.2861 total=15.0913 time=5.84303 turn_pen=9.17083 known_pen=0 backup_pen=0 yaw_pen=0.077408 known_free=11.2861 min_clearance=0.603376 vel_limit=2 reason=curvature backup_feasible=1[0m
[0m[INFO] [1784395828.825384098]: [frontier lifecycle] selected cluster=450 selected_count=1 match_distance=0[0m
[0m[INFO] [1784395828.825410877]: [candidate cost] chosen_cluster=450 coverage_id=0 total=16.5295 travel=7.47352 turn_brake=0.942771 future_return=0 gain=0.268293 wait=0.11961 debt=0 coverage=8.82921 failed_goal=0[0m
[1;33m-------------Plan Global Path end-----------------[0m

total time cost: 190.389ms
[32m[planGlobalPath: succeed][0m: from EXEC_TRAJ to PLAN_TRAJ
viz&&print cost:0.05223ms
[33m[WARN] [1784395828.841935700]: [highspeed_exp adapter] reject frontend path: failed to align optimization head. head_path_dist=1.2963 max_allowed=1.125 switch_delay=0.45 speed=3.7773[0m
 -- [TIMER] updateMap time consuming [32m 4.254240 ms[0m
[0m[INFO] [1784395828.841907920]: [path condition] raw_pts=103 conditioned_pts=8 dense_pts=16 len=26 known_free=26 min_clearance=0.507712 turn=1.36259 max_local_turn=0.667946 initial_heading=0.529158 backup_feasible=1 sched_v=3.33265 reason=curvature[0m
[0m[INFO] [1784395828.841949710]: [31m call planner [0m: 0.680[0m
[31m[PLAN_TRAJ: plan failed, keep safe terminal-stop trajectory][0m: from PLAN_TRAJ to EXEC_TRAJ
[0m[INFO] [1784395827.668745916]: Publish local map size: 9696[0m
[0m[INFO] [1784395828.668949340]: Publish local map size: 9440[0m
 -- [MARSIM] Running FPS: 230.582
 -- [TIMER] updateMap time consuming [32m 5.163691 ms[0m
 -- [TIMER] updateMap time consuming [32m 5.875124 ms[0m


[1;33m------------- <52> Plan Global Path start---------------[0m
[0m[INFO] [1784395829.133397081]: update topo skeleton cost: 36.218435ms, update odom vertex cost:69.271480ms [0m
[0m[INFO] [1784395829.145503565]: vp cluster cost: 1.424626ms  ,remove unreachable cost: 1.754114ms, select vp cost: 8.704066ms[0m
insert viewpoint to graph time: 14.0834 ms
[0m[INFO] [1784395829.164764772]: [goal lock] keep goal idx=4 candidate_idx=0 locked_cost=18.0674 candidate_cost=6.14745 since=0.339363 high_speed=1[0m
[0m[INFO] [1784395829.164802472]: [candidate cost] chosen_cluster=450 chosen_coverage=0 raw_best_cluster=454 raw_best_coverage=0 | #0 c=454/cp=0 J=6.14745 T=2.82969 TB=0.961897 R=4.54563 G=0.320042 W=0.0624308 D=0 C=0.589498 | #1 c=445/cp=0 J=11.1665 T=3.83361 TB=0.934903 R=5.83341 G=0.120018 W=0.134928 D=0 C=3.63208 | #2 c=456/cp=0 J=11.546 T=4.08742 TB=0.930481 R=6.17754 G=0.454545 W=0.10827 D=0 C=4.20194[0m
calculate tsp cost matrix cost 5.18158ms

tour solver cost: 0.434286ms
[1;33m-------------Plan Global Path end-----------------[0m

total time cost: 139.669ms
[32m[planGlobalPath: succeed][0m: from EXEC_TRAJ to PLAN_TRAJ
viz&&print cost:0.01924ms
 -- [TIMER] updateMap time consuming [32m 7.635188 ms[0m
 -- [TIMER] updateMap time consuming [32m 14.388263 ms[0m
 -- [TIMER] updateMap time consuming [32m 10.801217 ms[0m


[1;33m------------- <53> Plan Global Path start---------------[0m
[0m[INFO] [1784395829.580071654]: update topo skeleton cost: 94.243972ms, update odom vertex cost:118.169114ms [0m
[0m[INFO] [1784395829.584894628]: [view score] cluster=466 best_score=-5.98387 visible_gain=3 speed=4.86508 corridor_cruise=0 hard_gate=0 rejected=0 top_k=2 known_free=1.2 clearance=0.961537 turn=1.66062 selected_yaw=-1.1781 current_yaw=0.122021 yaw_delta=1.30012 heading_known_free=8 vp=(-11.592, 0.0820143, 1.3)[0m
[0m[INFO] [1784395829.597079652]: vp cluster cost: 1.876403ms  ,remove unreachable cost: 2.501876ms, select vp cost: 12.385532ms[0m
insert viewpoint to graph time: 27.2397 ms
[0m[INFO] [1784395829.624740089]: [edge cost] len=5.5356 total=3.31342 time=2.1452 turn_pen=1.09456 known_pen=0 backup_pen=0 yaw_pen=0.073659 known_free=5.5356 min_clearance=1.03314 vel_limit=3 reason=known_free backup_feasible=1[0m
calculate tsp cost matrix cost 15.2577ms

tour solver cost: 3.43631ms
[1;33m-------------Plan Global Path end-----------------[0m

total time cost: 278.015ms
[32m[planGlobalPath: succeed][0m: from PLAN_TRAJ to PLAN_TRAJ
viz&&print cost:0.02254ms
[33m[WARN] [1784395829.646331943]: [highspeed_exp adapter] reject frontend path: failed to align optimization head. head_path_dist=1.86752 max_allowed=1.125 switch_delay=0.45 speed=4.86508[0m
[0m[INFO] [1784395829.646306543]: [path condition] raw_pts=88 conditioned_pts=8 dense_pts=15 len=22.9496 known_free=22.9496 min_clearance=0.507731 turn=1.21201 max_local_turn=0.667946 initial_heading=0.467298 backup_feasible=1 sched_v=2.25894 reason=curvature[0m
[0m[INFO] [1784395829.646342393]: [31m call planner [0m: 0.630[0m
[31m[PLAN_TRAJ: plan failed, keep safe terminal-stop trajectory][0m: from PLAN_TRAJ to EXEC_TRAJ
[0m[INFO] [1784395829.646430672]: [cloud input] mode=approximate_sync points=9111 age=0.0824551s stamp_valid=1[0m
 -- [TIMER] updateMap time consuming [32m 20.492545 ms[0m
[0m[INFO] [1784395829.679146190]: cloud odom callback cost: map update:29.0465ms  update frontier clusters: 3.64233ms  total: 32.6889ms
[0m
[0m[INFO] [1784395829.684523419]: [coverage guidance] plan valid=1 map_v=17 frontier_v=17 zones(f/u)=127/272 observed=9232/35519 coverage=0.2599 voxels(f/o/u)=3164/5501/567 active=7 reachable_unknown=152 route_nodes=160 preferred=7 cost=5.4ms[0m
 -- [TIMER] updateMap time consuming [32m 15.550422 ms[0m
 -- [TIMER] updateMap time consuming [32m 20.529934 ms[0m
[0m[INFO] [1784395829.845748483]: [global update] actual callback interval=478.101ms configured=200ms[0m


[1;33m------------- <54> Plan Global Path start---------------[0m
[0m[INFO] [1784395829.997226680]: update topo skeleton cost: 74.600339ms, update odom vertex cost:76.822168ms [0m
[0m[INFO] [1784395829.997265739]: [highspeed_exp adapter] safety map ready=1 rog_ready=1 cloud_size=9547[0m
[0m[INFO] [1784395830.017805424]: vp cluster cost: 1.614735ms  ,remove unreachable cost: 2.937362ms, select vp cost: 15.859339ms[0m
insert viewpoint to graph time: 22.9758 ms
[0m[INFO] [1784395830.046806368]: [frontier lifecycle] selected cluster=487 selected_count=2 match_distance=0[0m
[0m[INFO] [1784395830.046838697]: [candidate cost] chosen_cluster=487 chosen_coverage=0 raw_best_cluster=487 raw_best_coverage=0 | #0 c=487/cp=0 J=9.9986 T=3.83725 TB=0.545337 R=3.6864 G=0.429968 W=0.156731 D=0 C=4.68352 | #1 c=482/cp=0 J=11.6709 T=4.61259 TB=0.533284 R=2.65001 G=0.318182 W=0.0662454 D=0 C=5.80327 | #2 c=489/cp=0 J=25.4498 T=11.0787 TB=1.67151 R=7.26341 G=0.333333 W=0.00114038 D=0 C=9.37308[0m
calculate tsp cost matrix cost 6.01637ms

tour solver cost: 0.428356ms
[1;33m-------------Plan Global Path end-----------------[0m

total time cost: 207.009ms
[32m[planGlobalPath: succeed][0m: from EXEC_TRAJ to PLAN_TRAJ
[0m[INFO] [1784395830.052823990]: [frontier storage] labels=3656/3739 normals=173/823 clusters=16 terminal=0 cluster_cells(cap)=147 candidates(cap)=28 derived_viewpoints(cap)=0 estimated_kb=75.8281 revision=110 audit_ready=0[0m
viz&&print cost:0.065499ms
 -- [TIMER] updateMap time consuming [32m 21.201938 ms[0m
 -- [TIMER] updateMap time consuming [32m 15.907898 ms[0m
 -- [TIMER] updateMap time consuming [32m 19.693193 ms[0m
[0m[INFO] [1784395830.251444650]: [corridor cruise path] straighten direct known-free path: len=13.4432 align=0.999995 known_free=13.4432 pts=4[0m
[0m[INFO] [1784395830.251778677]: [path condition] raw_pts=10 conditioned_pts=4 dense_pts=7 len=13.4432 known_free=13.4432 min_clearance=0.591154 turn=1.04765e-06 max_local_turn=2.8273e-07 initial_heading=0.00300489 backup_feasible=1 sched_v=4 reason=known_free[0m
[0m[INFO] [1784395830.297249334]: [highspeed_exp adapter] backup not required for verified known-free terminal-stop primary. duration=4.11833 known_len=12.0027[0m
[0m[INFO] [1784395830.297333803]: [highspeed_exp adapter] planned General MINCO exploration traj: pieces=3, duration=4.11833, max_v=4.96951, max_a=3.7253, sfc(raw/simplified/final)=3/2/2, corridor=general, prefix=yes, prefix_dur=0.405157, switch_delay=0.45, head_path_dist=0.0388627, shifted_start=0, sched_v=3, opt_v=3, opt_bound=5.25, suffix_max_v=4.96951, suffix_max_a=3.7253, terminal_v=0, backup=no, backup_start=inf, backup_known_len=12.0027, sched_reason=known_free[0m
[0m[INFO] [1784395830.297362533]: [31m call planner [0m: 46.172[0m
[32m[plan success: new traj pub][0m: from PLAN_TRAJ to EXEC_TRAJ
 -- [TIMER] updateMap time consuming [32m 15.288725 ms[0m
 -- [TIMER] updateMap time consuming [32m 17.329545 ms[0m
 -- [TIMER] updateMap time consuming [32m 18.632632 ms[0m


[1;33m------------- <56> Plan Global Path start---------------[0m
[0m[INFO] [1784395830.765668906]: update topo skeleton cost: 72.734608ms, update odom vertex cost:62.256317ms [0m
[0m[INFO] [1784395830.774933508]: [view score] cluster=506 best_score=8.51123 visible_gain=12 speed=4.93781 corridor_cruise=0 hard_gate=0 rejected=0 top_k=2 known_free=2 clearance=1.31901 turn=0.299465 selected_yaw=-1.1781 current_yaw=0.319562 yaw_delta=1.49766 heading_known_free=13.6 vp=(17.4203, -14.73, 3.22857)[0m
[0m[INFO] [1784395830.794605721]: vp cluster cost: 2.082390ms  ,remove unreachable cost: 4.985363ms, select vp cost: 21.586254ms[0m
insert viewpoint to graph time: 34.6686 ms
[0m[INFO] [1784395830.830233362]: [edge cost] len=22.2936 total=5.05312 time=4.95873 turn_pen=0.0943902 known_pen=0 backup_pen=0 yaw_pen=0 known_free=22.2936 min_clearance=0.46267 vel_limit=5 reason=known_free backup_feasible=1[0m
[0m[INFO] [1784395830.837653991]: [frontier lifecycle] selected cluster=521 selected_count=3 match_distance=0[0m
[0m[INFO] [1784395830.837692021]: [candidate cost] chosen_cluster=521 chosen_coverage=0 raw_best_cluster=521 raw_best_coverage=0 | #0 c=521/cp=0 J=10.301 T=3.04209 TB=0.159858 R=6.68121 G=0.403681 W=0.0415434 D=0 C=4.29406 | #1 c=519/cp=0 J=10.9979 T=4.52638 TB=0.391048 R=7.27294 G=0.245026 W=0.326392 D=0 C=3.06001 | #2 c=507/cp=0 J=15.103 T=4.59544 TB=0.185448 R=5.91081 G=0.256968 W=0.1094 D=0 C=7.74924[0m
calculate tsp cost matrix cost 8.34339ms

tour solver cost: 0.490915ms
[1;33m-------------Plan Global Path end-----------------[0m

total time cost: 211.072ms
[32m[planGlobalPath: succeed][0m: from EXEC_TRAJ to PLAN_TRAJ
viz&&print cost:0.04005ms
[0m[INFO] [1784395830.842118819]: [path condition] raw_pts=13 conditioned_pts=3 dense_pts=6 len=8.22627 known_free=8.22627 min_clearance=0.514873 turn=0.236759 max_local_turn=1.01732e-06 initial_heading=0.0575362 backup_feasible=1 sched_v=3 reason=known_free[0m
[0m[INFO] [1784395830.852082364]: [highspeed_exp adapter] backup not required for verified known-free terminal-stop primary. duration=3.26578 known_len=7.63919[0m
[0m[INFO] [1784395830.852126123]: [highspeed_exp adapter] planned General MINCO exploration traj: pieces=2, duration=3.26578, max_v=4.96499, max_a=3.5283, sfc(raw/simplified/final)=3/1/1, corridor=general, prefix=yes, prefix_dur=0.440432, switch_delay=0.45, head_path_dist=0.441723, shifted_start=0, sched_v=3, opt_v=3, opt_bound=4.69918, suffix_max_v=4.39918, suffix_max_a=3.5283, terminal_v=0, backup=no, backup_start=inf, backup_known_len=7.63919, sched_reason=known_free[0m
[0m[INFO] [1784395830.852141233]: [31m call planner [0m: 10.347[0m
[32m[plan success: new traj pub][0m: from PLAN_TRAJ to EXEC_TRAJ
[0m[INFO] [1784395830.852215112]: [cloud input] mode=approximate_sync points=9967 age=0.0882389s stamp_valid=1[0m
 -- [TIMER] updateMap time consuming [32m 15.126746 ms[0m
[0m[INFO] [1784395830.881590473]: cloud odom callback cost: map update:26.2216ms  update frontier clusters: 3.11399ms  total: 29.3356ms
[0m
 -- [TIMER] updateMap time consuming [32m 16.620372 ms[0m
 -- [TIMER] updateMap time consuming [32m 13.132065 ms[0m
[0m[INFO] [1784395831.041840248]: [global update] actual callback interval=411.17ms configured=200ms[0m


[1;33m------------- <57> Plan Global Path start---------------[0m
[0m[INFO] [1784395831.206771340]: update topo skeleton cost: 70.513360ms, update odom vertex cost:94.337263ms [0m
[0m[INFO] [1784395831.227769811]: vp cluster cost: 1.411927ms  ,remove unreachable cost: 4.227999ms, select vp cost: 15.048587ms[0m
insert viewpoint to graph time: 23.6578 ms
[0m[INFO] [1784395831.261829867]: [frontier lifecycle] selected cluster=535 selected_count=4 match_distance=0[0m
calculate tsp cost matrix cost 10.3627ms

tour solver cost: 0.870611ms
[1;33m-------------Plan Global Path end-----------------[0m

total time cost: 225.258ms
[32m[planGlobalPath: succeed][0m: from EXEC_TRAJ to PLAN_TRAJ
viz&&print cost:0.04373ms
[33m[WARN] [1784395831.267831290]: [highspeed_exp adapter] reject frontend path: failed to align optimization head. head_path_dist=1.19778 max_allowed=1.125 switch_delay=0.45 speed=4.83623[0m
[0m[INFO] [1784395831.267494103]: [corridor cruise path] straighten direct known-free path: len=12.4198 align=0.968063 known_free=12.4198 pts=4[0m
[0m[INFO] [1784395831.267811670]: [path condition] raw_pts=14 conditioned_pts=4 dense_pts=7 len=12.4198 known_free=12.4198 min_clearance=0.503667 turn=9.34445e-07 max_local_turn=4.07813e-07 initial_heading=0.253412 backup_feasible=1 sched_v=4 reason=known_free[0m
[0m[INFO] [1784395831.267853840]: [31m call planner [0m: 0.613[0m
[31m[PLAN_TRAJ: plan failed, keep safe terminal-stop trajectory][0m: from PLAN_TRAJ to EXEC_TRAJ
[0m[INFO] [1784395829.669225985]: Publish local map size: 10069[0m
[0m[INFO] [1784395830.769572119]: Publish local map size: 9967[0m
 -- [MARSIM] Running FPS: 219.518
 -- [TIMER] updateMap time consuming [32m 20.126689 ms[0m
 -- [TIMER] updateMap time consuming [32m 21.004820 ms[0m
 -- [TIMER] updateMap time consuming [32m 16.826830 ms[0m


[1;33m------------- <58> Plan Global Path start---------------[0m
[0m[INFO] [1784395831.675137998]: update topo skeleton cost: 85.185031ms, update odom vertex cost:122.664813ms [0m
[0m[INFO] [1784395831.680048941]: [view score] cluster=466 best_score=2.40326 visible_gain=3 speed=4.06641 corridor_cruise=0 hard_gate=0 rejected=0 top_k=2 known_free=4.2 clearance=0.961537 turn=1.68891 selected_yaw=-1.1781 current_yaw=0.708174 yaw_delta=1.88627 heading_known_free=5.6 vp=(-11.592, 0.0820143, 1.3)[0m
[0m[INFO] [1784395831.691876059]: vp cluster cost: 1.425397ms  ,remove unreachable cost: 2.952392ms, select vp cost: 12.170994ms[0m
insert viewpoint to graph time: 20.6087 ms
[0m[INFO] [1784395831.712958769]: [edge cost] len=12.9947 total=4.20036 time=3.64868 turn_pen=0.532888 known_pen=0 backup_pen=0 yaw_pen=0.0187969 known_free=12.9947 min_clearance=0.497459 vel_limit=4 reason=known_free backup_feasible=1[0m
[0m[INFO] [1784395831.721121351]: [candidate cost] chosen_cluster=546 chosen_coverage=0 raw_best_cluster=546 raw_best_coverage=0 | #0 c=546/cp=0 J=7.77873 T=3.64868 TB=0.551685 R=1.17647 G=0.318265 W=0.0238966 D=0 C=3.60369 | #1 c=545/cp=0 J=13.0013 T=4.84243 TB=0.576931 R=4.33178 G=0.248638 W=0.159249 D=0 C=5.93558 | #2 c=539/cp=0 J=13.2885 T=4.21123 TB=0.532888 R=5.8986 G=0.206654 W=0.0941439 D=0 C=5.8547[0m
calculate tsp cost matrix cost 8.59797ms

tour solver cost: 0.442796ms
[1;33m-------------Plan Global Path end-----------------[0m

total time cost: 257.788ms
[32m[planGlobalPath: succeed][0m: from EXEC_TRAJ to PLAN_TRAJ
viz&&print cost:0.025729ms
[33m[WARN] [1784395831.725603008]: [highspeed_exp adapter] reject frontend path: failed to align optimization head. head_path_dist=1.37216 max_allowed=1.125 switch_delay=0.45 speed=4.06641[0m
[0m[INFO] [1784395831.725269261]: [corridor cruise path] straighten direct known-free path: len=11.3415 align=0.851021 known_free=11.3415 pts=3[0m
[0m[INFO] [1784395831.725590578]: [path condition] raw_pts=23 conditioned_pts=3 dense_pts=7 len=11.3415 known_free=11.3415 min_clearance=1.09685 turn=2.08465e-06 max_local_turn=7.7443e-07 initial_heading=0.55287 backup_feasible=1 sched_v=4 reason=known_free[0m
[0m[INFO] [1784395831.725614438]: [31m call planner [0m: 0.526[0m
[31m[PLAN_TRAJ: plan failed, keep safe terminal-stop trajectory][0m: from PLAN_TRAJ to EXEC_TRAJ
 -- [TIMER] updateMap time consuming [32m 15.638581 ms[0m
 -- [TIMER] updateMap time consuming [32m 12.179865 ms[0m
[0m[INFO] [1784395831.869116774]: [cloud input] mode=approximate_sync points=9304 age=0.00512672s stamp_valid=1[0m
 -- [TIMER] updateMap time consuming [32m 14.634151 ms[0m
[0m[INFO] [1784395831.898379256]: cloud odom callback cost: map update:25.4538ms  update frontier clusters: 3.75306ms  total: 29.2069ms
[0m
[0m[INFO] [1784395831.904005913]: [coverage guidance] plan valid=1 map_v=19 frontier_v=19 zones(f/u)=145/268 observed=10296/35519 coverage=0.2899 voxels(f/o/u)=3985/5667/644 active=4 reachable_unknown=155 route_nodes=160 preferred=5 cost=5.6ms[0m


[1;33m------------- <59> Plan Global Path start---------------[0m
[0m[INFO] [1784395832.071652530]: update topo skeleton cost: 70.125103ms, update odom vertex cost:76.407055ms [0m
[0m[INFO] [1784395832.071680919]: [highspeed_exp adapter] safety map ready=1 rog_ready=1 cloud_size=9304[0m
[0m[INFO] [1784395832.086043733]: vp cluster cost: 1.462036ms  ,remove unreachable cost: 2.677534ms, select vp cost: 10.115254ms[0m
insert viewpoint to graph time: 21.1422 ms
[0m[INFO] [1784395832.121960862]: [frontier lifecycle] selected cluster=558 selected_count=5 match_distance=0[0m
calculate tsp cost matrix cost 14.7644ms

tour solver cost: 0.474285ms
[1;33m-------------Plan Global Path end-----------------[0m

total time cost: 198.084ms
[32m[planGlobalPath: succeed][0m: from EXEC_TRAJ to PLAN_TRAJ
viz&&print cost:0.017009ms
[33m[WARN] [1784395832.173528512]: [highspeed_exp adapter] optimized trajectory safety check failed; retry slower: attempt=1 guide_speed=2 t=3.85 state=out_of_map start_clearance=1.37213 segment_min_clearance=3.529 blocked_clearance=3.55063 recovery=0 clearance_regressed=0 left_exploration_boxes=1[0m
[33m[WARN] [1784395832.175715822]: [highspeed_exp adapter] optimized trajectory safety check failed; retry slower: attempt=2 guide_speed=1.5 t=4.6 state=out_of_map start_clearance=1.37213 segment_min_clearance=3.13733 blocked_clearance=3.13733 recovery=0 clearance_regressed=0 left_exploration_boxes=1[0m
[33m[WARN] [1784395832.177622444]: [highspeed_exp adapter] optimized trajectory safety check failed; retry slower: attempt=3 guide_speed=1.1 t=6.65 state=out_of_map start_clearance=1.37213 segment_min_clearance=2.13957 blocked_clearance=2.13957 recovery=0 clearance_regressed=0 left_exploration_boxes=1[0m
 -- [TIMER] updateMap time consuming [32m 13.487252 ms[0m
[0m[INFO] [1784395832.150931087]: [path condition] raw_pts=28 conditioned_pts=8 dense_pts=11 len=14.4515 known_free=14.4515 min_clearance=0.596472 turn=4.52898 max_local_turn=1.66966 initial_heading=0.170743 backup_feasible=1 sched_v=2 reason=curvature[0m
[0m[INFO] [1784395832.182745925]: [highspeed_exp adapter] backup not required for verified known-free terminal-stop primary. duration=14.054 known_len=16.9491[0m
[0m[INFO] [1784395832.182857474]: [highspeed_exp adapter] planned General MINCO exploration traj: pieces=3, duration=14.054, max_v=2.4845, max_a=3.5283, sfc(raw/simplified/final)=4/2/2, corridor=general, prefix=yes, prefix_dur=0.420448, switch_delay=0.45, head_path_dist=0.0601257, shifted_start=0, sched_v=2, opt_v=1, opt_bound=2.37682, suffix_max_v=2.40638, suffix_max_a=2.66353, terminal_v=0, backup=no, backup_start=inf, backup_known_len=16.9491, sched_reason=curvature[0m
[0m[INFO] [1784395832.182882494]: [31m call planner [0m: 32.505[0m
[32m[plan success: new traj pub][0m: from PLAN_TRAJ to EXEC_TRAJ
 -- [TIMER] updateMap time consuming [32m 14.591561 ms[0m
 -- [TIMER] updateMap time consuming [32m 12.171704 ms[0m
[0m[INFO] [1784395832.323256281]: [global update] actual callback interval=398.141ms configured=200ms[0m
 -- [TIMER] updateMap time consuming [32m 10.724438 ms[0m
 -- [TIMER] updateMap time consuming [32m 11.929457 ms[0m
 -- [TIMER] updateMap time consuming [32m 11.802698 ms[0m


[1;33m------------- <61> Plan Global Path start---------------[0m
[0m[INFO] [1784395832.848302666]: update topo skeleton cost: 48.307361ms, update odom vertex cost:95.668032ms [0m
[0m[INFO] [1784395832.852912202]: [view score] cluster=466 best_score=-7.76709 visible_gain=3 speed=2.04028 corridor_cruise=0 hard_gate=0 rejected=0 top_k=2 known_free=2.4 clearance=0.961537 turn=2.6549 selected_yaw=-1.1781 current_yaw=-0.330974 yaw_delta=0.847123 heading_known_free=11.2 vp=(-11.592, 0.0820143, 1.3)[0m
[0m[INFO] [1784395832.857753276]: vp cluster cost: 1.556405ms  ,remove unreachable cost: 2.409937ms, select vp cost: 5.253550ms[0m
insert viewpoint to graph time: 19.6623 ms
[0m[INFO] [1784395832.878116623]: [edge cost] len=17.7944 total=20.9753 time=9.09721 turn_pen=11.8781 known_pen=0 backup_pen=0 yaw_pen=0 known_free=17.7944 min_clearance=0.560466 vel_limit=2 reason=curvature backup_feasible=1[0m
[0m[INFO] [1784395832.880362461]: [frontier lifecycle] selected cluster=545 selected_count=2 match_distance=0[0m
[0m[INFO] [1784395832.880382521]: [candidate cost] chosen_cluster=545 chosen_coverage=0 raw_best_cluster=545 raw_best_coverage=0 | #0 c=545/cp=0 J=23.8803 T=8.74831 TB=5.23228 R=0 G=0.215417 W=0.224021 D=0 C=10.6666 | #1 c=569/cp=0 J=30.0556 T=9.09721 TB=11.8781 R=0 G=0.171022 W=0.158916 D=0 C=9.66077[0m
calculate tsp cost matrix cost 2.93967ms

tour solver cost: 0.274818ms
[1;33m-------------Plan Global Path end-----------------[0m

total time cost: 178.561ms
[32m[planGlobalPath: succeed][0m: from EXEC_TRAJ to PLAN_TRAJ
viz&&print cost:0.01727ms
[33m[WARN] [1784395832.902155654]: [highspeed_exp adapter] optimized trajectory safety check failed; retry slower: attempt=1 guide_speed=2.70631 t=5 state=out_of_map start_clearance=2.35703 segment_min_clearance=0.730249 blocked_clearance=0.730249 recovery=0 clearance_regressed=0 left_exploration_boxes=1[0m
[0m[INFO] [1784395832.883136105]: [corridor cruise path] straighten direct known-free path: len=13.1119 align=0.997185 known_free=13.1119 pts=4[0m
[0m[INFO] [1784395832.883515421]: [path condition] raw_pts=31 conditioned_pts=4 dense_pts=7 len=13.1119 known_free=13.1119 min_clearance=0.648151 turn=8.16693e-07 max_local_turn=3.86282e-07 initial_heading=0.0750463 backup_feasible=1 sched_v=4 reason=known_free[0m
[0m[INFO] [1784395832.907284346]: [highspeed_exp adapter] backup not required for verified known-free terminal-stop primary. duration=13.1286 known_len=16.8852[0m
[0m[INFO] [1784395832.907363455]: [highspeed_exp adapter] planned General MINCO exploration traj: pieces=3, duration=13.1286, max_v=2.70941, max_a=1.80416, sfc(raw/simplified/final)=3/2/2, corridor=general, prefix=yes, prefix_dur=0.427983, switch_delay=0.45, head_path_dist=0.406639, shifted_start=0, sched_v=2.70631, opt_v=2.02973, opt_bound=3, suffix_max_v=2.70941, suffix_max_a=1.5639, terminal_v=0, backup=no, backup_start=inf, backup_known_len=16.8852, sched_reason=known_free[0m
[0m[INFO] [1784395832.907385195]: [31m call planner [0m: 24.490[0m
[32m[plan success: new traj pub][0m: from PLAN_TRAJ to EXEC_TRAJ
[0m[INFO] [1784395831.868953856]: Publish local map size: 9304[0m
[0m[INFO] [1784395832.869507695]: Publish local map size: 9023[0m
 -- [MARSIM] Running FPS: 217.307
[0m[INFO] [1784395832.907466214]: [cloud input] mode=approximate_sync points=9023 age=0.0434906s stamp_valid=1[0m
 -- [TIMER] updateMap time consuming [32m 13.492872 ms[0m
[0m[INFO] [1784395832.934721265]: cloud odom callback cost: map update:24.2913ms  update frontier clusters: 2.93197ms  total: 27.2233ms
[0m
 -- [TIMER] updateMap time consuming [32m 13.349554 ms[0m
 -- [TIMER] updateMap time consuming [32m 11.691579 ms[0m
 -- [TIMER] updateMap time consuming [32m 11.447901 ms[0m
 -- [TIMER] updateMap time consuming [32m 18.262317 ms[0m
 -- [TIMER] updateMap time consuming [32m 13.506322 ms[0m
[0m[INFO] [1784395833.419999462]: [global update] actual callback interval=325.841ms configured=200ms[0m


[1;33m------------- <63> Plan Global Path start---------------[0m
[0m[INFO] [1784395833.592067271]: update topo skeleton cost: 46.657008ms, update odom vertex cost:125.353121ms [0m
[0m[INFO] [1784395833.597701017]: [view score] cluster=466 best_score=-8.00352 visible_gain=3 speed=1.49122 corridor_cruise=0 hard_gate=0 rejected=0 top_k=2 known_free=3.8 clearance=1.15768 turn=2.87315 selected_yaw=-2.74889 current_yaw=-0.982751 yaw_delta=1.76614 heading_known_free=7.2 vp=(-11.3148, -1.51228, 1.3)[0m
[0m[INFO] [1784395833.603000637]: vp cluster cost: 1.691524ms  ,remove unreachable cost: 3.442657ms, select vp cost: 5.593787ms[0m
insert viewpoint to graph time: 22.4966 ms
[0m[INFO] [1784395833.626037538]: [edge cost] len=14.0171 total=12.3777 time=7.20854 turn_pen=5.14555 known_pen=0 backup_pen=0 yaw_pen=0.0236021 known_free=14.0171 min_clearance=0.594196 vel_limit=2 reason=curvature backup_feasible=1[0m
[0m[INFO] [1784395833.629195378]: [candidate cost] chosen_cluster=545 chosen_coverage=0 raw_best_cluster=545 raw_best_coverage=0 | #0 c=545/cp=0 J=7.18125 T=4.38406 TB=1.11531 R=0 G=0.206432 W=0.0401465 D=0 C=2.15496 | #1 c=569/cp=0 J=13.3021 T=7.20854 TB=5.16915 R=0 G=0.161377 W=0.200318 D=0 C=1.5477[0m
calculate tsp cost matrix cost 3.6976ms

tour solver cost: 0.528595ms
[1;33m-------------Plan Global Path end-----------------[0m

total time cost: 212.013ms
[32m[planGlobalPath: succeed][0m: from EXEC_TRAJ to PLAN_TRAJ
viz&&print cost:0.028989ms
[0m[INFO] [1784395833.632537277]: [corridor cruise path] straighten direct known-free path: len=11.9449 align=0.758078 known_free=11.9449 pts=3[0m
[0m[INFO] [1784395833.632929053]: [path condition] raw_pts=38 conditioned_pts=3 dense_pts=7 len=11.9449 known_free=11.9449 min_clearance=0.610526 turn=2.23931e-06 max_local_turn=6.30092e-07 initial_heading=0.710435 backup_feasible=1 sched_v=3.45528 reason=curvature[0m
[0m[INFO] [1784395833.676179673]: [highspeed_exp adapter] backup not required for verified known-free terminal-stop primary. duration=7.92065 known_len=13.7452[0m
[0m[INFO] [1784395833.676276552]: [highspeed_exp adapter] planned General MINCO exploration traj: pieces=4, duration=7.92065, max_v=4.001, max_a=4.17484, sfc(raw/simplified/final)=4/3/3, corridor=general, prefix=yes, prefix_dur=0.408025, switch_delay=0.45, head_path_dist=0.605683, shifted_start=0, sched_v=2, opt_v=2, opt_bound=4, suffix_max_v=4.001, suffix_max_a=4.17484, terminal_v=0, backup=no, backup_start=inf, backup_known_len=13.7452, sched_reason=curvature[0m
[0m[INFO] [1784395833.676300532]: [31m call planner [0m: 44.203[0m
[32m[plan success: new traj pub][0m: from PLAN_TRAJ to EXEC_TRAJ
 -- [TIMER] updateMap time consuming [32m 14.895659 ms[0m
 -- [TIMER] updateMap time consuming [32m 19.488675 ms[0m
[0m[INFO] [1784395834.007641960]: [cloud input] mode=approximate_sync points=9381 age=0.0436525s stamp_valid=1[0m
 -- [TIMER] updateMap time consuming [32m 13.787529 ms[0m
[0m[INFO] [1784395834.034104249]: cloud odom callback cost: map update:23.5364ms  update frontier clusters: 2.8788ms  total: 26.4152ms
[0m
[0m[INFO] [1784395834.039831725]: [coverage guidance] plan valid=1 map_v=21 frontier_v=21 zones(f/u)=160/272 observed=10952/35519 coverage=0.3083 voxels(f/o/u)=4555/5699/698 active=7 reachable_unknown=152 route_nodes=160 preferred=10 cost=5.7ms[0m
 -- [TIMER] updateMap time consuming [32m 11.231064 ms[0m
 -- [TIMER] updateMap time consuming [32m 10.833337 ms[0m


[1;33m------------- <65> Plan Global Path start---------------[0m
[0m[INFO] [1784395834.432466336]: update topo skeleton cost: 50.018196ms, update odom vertex cost:174.860884ms [0m
[0m[INFO] [1784395834.432511485]: [highspeed_exp adapter] safety map ready=1 rog_ready=1 cloud_size=10025[0m
[0m[INFO] [1784395834.437284250]: [view score] cluster=466 best_score=2.02168 visible_gain=3 speed=0.636174 corridor_cruise=0 hard_gate=0 rejected=0 top_k=2 known_free=5 clearance=1.15768 turn=2.09974 selected_yaw=-2.74889 current_yaw=-2.10886 yaw_delta=0.640031 heading_known_free=4.4 vp=(-11.3148, -1.51228, 1.3)[0m
[0m[INFO] [1784395834.446161846]: vp cluster cost: 1.419177ms  ,remove unreachable cost: 2.816743ms, select vp cost: 9.296082ms[0m
insert viewpoint to graph time: 21.4277 ms
[0m[INFO] [1784395834.468730232]: [edge cost] len=28.4058 total=22.5542 time=14.4029 turn_pen=8.12569 known_pen=0 backup_pen=0 yaw_pen=0.0256012 known_free=28.4058 min_clearance=0.48257 vel_limit=2 reason=curvature backup_feasible=1[0m
[0m[INFO] [1784395834.469972491]: [candidate cost] chosen_cluster=545 coverage_id=0 total=8.98988 travel=4.66879 turn_brake=1.57104 future_return=0 gain=0.200481 wait=0.0869887 debt=0 coverage=3.2815 failed_goal=0[0m
[1;33m-------------Plan Global Path end-----------------[0m

total time cost: 264.97ms
[32m[planGlobalPath: succeed][0m: from EXEC_TRAJ to PLAN_TRAJ
viz&&print cost:0.01704ms
[0m[INFO] [1784395834.473109161]: [path condition] raw_pts=33 conditioned_pts=7 dense_pts=10 len=14.4384 known_free=14.4384 min_clearance=0.522249 turn=3.69467 max_local_turn=1.75609 initial_heading=1.65077 backup_feasible=1 sched_v=2 reason=curvature[0m
[0m[INFO] [1784395834.498073384]: [highspeed_exp adapter] backup not required for verified known-free terminal-stop primary. duration=10.562 known_len=13.5174[0m
[0m[INFO] [1784395834.498181513]: [highspeed_exp adapter] planned General MINCO exploration traj: pieces=3, duration=10.562, max_v=2.00582, max_a=1.36533, sfc(raw/simplified/final)=4/2/2, corridor=general, prefix=yes, prefix_dur=0.426501, switch_delay=0.45, head_path_dist=0.280502, shifted_start=0, sched_v=2, opt_v=2, opt_bound=2.00066, suffix_max_v=2.00582, suffix_max_a=1.36533, terminal_v=0, backup=no, backup_start=inf, backup_known_len=13.5174, sched_reason=curvature[0m
[0m[INFO] [1784395834.498210273]: [31m call planner [0m: 25.636[0m
[32m[plan success: new traj pub][0m: from PLAN_TRAJ to EXEC_TRAJ
 -- [TIMER] updateMap time consuming [32m 8.887736 ms[0m
 -- [TIMER] updateMap time consuming [32m 8.649028 ms[0m
 -- [TIMER] updateMap time consuming [32m 9.518329 ms[0m
[0m[INFO] [1784395834.690605971]: [global update] actual callback interval=483.022ms configured=200ms[0m


[1;33m------------- <66> Plan Global Path start---------------[0m
[0m[INFO] [1784395834.966263950]: update topo skeleton cost: 70.628450ms, update odom vertex cost:204.964229ms [0m
[0m[INFO] [1784395834.971747468]: [view score] cluster=466 best_score=5.20635 visible_gain=3 speed=0.378393 corridor_cruise=0 hard_gate=0 rejected=0 top_k=2 known_free=5.2 clearance=1.15768 turn=0 selected_yaw=-2.74889 current_yaw=-2.03739 yaw_delta=0.711499 heading_known_free=4.8 vp=(-11.3148, -1.51228, 1.3)[0m
[0m[INFO] [1784395834.980068339]: vp cluster cost: 1.665334ms  ,remove unreachable cost: 3.156170ms, select vp cost: 8.795317ms[0m
insert viewpoint to graph time: 18.1655 ms
[0m[INFO] [1784395834.998685332]: [edge cost] len=11.6315 total=9.41224 time=6.01573 turn_pen=3.36214 known_pen=0 backup_pen=0 yaw_pen=0.0343719 known_free=11.6315 min_clearance=0.537167 vel_limit=2 reason=curvature backup_feasible=1[0m
[0m[INFO] [1784395835.017337286]: [candidate cost] chosen_cluster=545 chosen_coverage=0 raw_best_cluster=545 raw_best_coverage=0 | #0 c=545/cp=0 J=18.7256 T=6.01573 TB=3.39651 R=12 G=0.196565 W=0.11665 D=0 C=3.2815 | #1 c=569/cp=0 J=22.5568 T=7.27758 TB=7.87206 R=12 G=0.150781 W=0.276822 D=0 C=1.52397 | #2 c=466/cp=0 J=30.8526 T=14.4269 TB=7.61927 R=9.75569 G=0.0909091 W=0.299926 D=0 C=4.07253[0m
calculate tsp cost matrix cost 19.0769ms

tour solver cost: 1.69673ms
[1;33m-------------Plan Global Path end-----------------[0m

total time cost: 331.016ms
[32m[planGlobalPath: succeed][0m: from EXEC_TRAJ to PLAN_TRAJ
viz&&print cost:0.02173ms
[0m[INFO] [1784395835.022302529]: [path condition] raw_pts=33 conditioned_pts=6 dense_pts=9 len=14.5358 known_free=14.5358 min_clearance=0.517984 turn=3.69429 max_local_turn=1.75609 initial_heading=2.01206 backup_feasible=1 sched_v=2 reason=curvature[0m
[0m[INFO] [1784395835.056992441]: [highspeed_exp adapter] backup not required for verified known-free terminal-stop primary. duration=8.08631 known_len=12.0889[0m
[0m[INFO] [1784395835.057090430]: [highspeed_exp adapter] planned General MINCO exploration traj: pieces=4, duration=8.08631, max_v=2.29455, max_a=1.78905, sfc(raw/simplified/final)=4/3/3, corridor=general, prefix=yes, prefix_dur=0.416512, switch_delay=0.45, head_path_dist=0.181383, shifted_start=0, sched_v=2, opt_v=2, opt_bound=4, suffix_max_v=2.29455, suffix_max_a=1.78905, terminal_v=0, backup=no, backup_start=inf, backup_known_len=12.0889, sched_reason=curvature[0m
[0m[INFO] [1784395835.057117540]: [31m call planner [0m: 35.424[0m
[32m[plan success: new traj pub][0m: from PLAN_TRAJ to EXEC_TRAJ
[0m[INFO] [1784395833.971369464]: Publish local map size: 9381[0m
[0m[INFO] [1784395835.069344774]: Publish local map size: 10036[0m
 -- [MARSIM] Running FPS: 214.886
[0m[INFO] [1784395835.057236639]: [cloud input] mode=approximate_sync points=9003 age=0.0932701s stamp_valid=1[0m
 -- [TIMER] updateMap time consuming [32m 10.128354 ms[0m
[0m[INFO] [1784395835.079374109]: cloud odom callback cost: map update:19.2744ms  update frontier clusters: 2.82747ms  total: 22.1019ms
[0m
 -- [TIMER] updateMap time consuming [32m 11.776929 ms[0m
 -- [TIMER] updateMap time consuming [32m 9.595799 ms[0m
 -- [TIMER] updateMap time consuming [32m 9.595430 ms[0m
 -- [TIMER] updateMap time consuming [32m 8.597809 ms[0m
 -- [TIMER] updateMap time consuming [32m 9.948626 ms[0m


[1;33m------------- <68> Plan Global Path start---------------[0m
[0m[INFO] [1784395835.807531640]: update topo skeleton cost: 77.211470ms, update odom vertex cost:125.044846ms [0m
[0m[INFO] [1784395835.815766692]: [view score] cluster=440 best_score=7.51349 visible_gain=14 speed=0.709123 corridor_cruise=0 hard_gate=0 rejected=0 top_k=2 known_free=2.6 clearance=1.47218 turn=1.1582 selected_yaw=-1.9635 current_yaw=0.873938 yaw_delta=2.83743 heading_known_free=3.4 vp=(-12.216, 11.4553, 1.55714)[0m
[0m[INFO] [1784395835.820439788]: vp cluster cost: 1.552245ms  ,remove unreachable cost: 3.417078ms, select vp cost: 7.816556ms[0m
insert viewpoint to graph time: 26.446 ms
[0m[INFO] [1784395835.847401543]: [edge cost] len=14.2358 total=8.94932 time=7.18154 turn_pen=1.71711 known_pen=0 backup_pen=0 yaw_pen=0.0506655 known_free=14.2358 min_clearance=0.497076 vel_limit=2.04024 reason=curvature backup_feasible=1[0m
[0m[INFO] [1784395835.861703728]: [candidate cost] chosen_cluster=545 chosen_coverage=0 raw_best_cluster=545 raw_best_coverage=0 | #0 c=545/cp=0 J=15.8255 T=7.18154 TB=1.76778 R=12 G=0.193999 W=0.163337 D=0 C=0.909154 | #1 c=466/cp=0 J=29.8032 T=15.4452 TB=6.9426 R=4.29385 G=0.0909091 W=0.346613 D=0 C=5.75546 | #2 c=440/cp=0 J=33.0607 T=20.6029 TB=1.86883 R=12 G=0.318182 W=1 D=0.333333 C=6.95864[0m
calculate tsp cost matrix cost 14.8032ms

tour solver cost: 0.698544ms
[1;33m-------------Plan Global Path end-----------------[0m

total time cost: 259.467ms
[32m[planGlobalPath: succeed][0m: from EXEC_TRAJ to PLAN_TRAJ
[0m[INFO] [1784395835.864745609]: [frontier storage] labels=4159/3739 normals=112/823 clusters=10 terminal=0 cluster_cells(cap)=70 candidates(cap)=16 derived_viewpoints(cap)=0 estimated_kb=76.6709 revision=138 audit_ready=0[0m
viz&&print cost:0.05415ms
[0m[INFO] [1784395835.865358213]: [path condition] raw_pts=39 conditioned_pts=7 dense_pts=10 len=14.2311 known_free=14.2311 min_clearance=0.495326 turn=3.25201 max_local_turn=1.51564 initial_heading=1.04061 backup_feasible=1 sched_v=2 reason=curvature[0m
[0m[INFO] [1784395835.901861038]: [highspeed_exp adapter] backup not required for verified known-free terminal-stop primary. duration=8.27796 known_len=13.109[0m
[0m[INFO] [1784395835.901947397]: [highspeed_exp adapter] planned General MINCO exploration traj: pieces=4, duration=8.27796, max_v=2.82501, max_a=1.96864, sfc(raw/simplified/final)=8/3/3, corridor=general, prefix=yes, prefix_dur=0.414572, switch_delay=0.45, head_path_dist=0.541794, shifted_start=0, sched_v=2, opt_v=2, opt_bound=4, suffix_max_v=2.82501, suffix_max_a=1.96864, terminal_v=0, backup=no, backup_start=inf, backup_known_len=13.109, sched_reason=curvature[0m
[0m[INFO] [1784395835.901972677]: [31m call planner [0m: 37.183[0m
[32m[plan success: new traj pub][0m: from PLAN_TRAJ to EXEC_TRAJ
 -- [TIMER] updateMap time consuming [32m 9.297692 ms[0m
[31m[safetyCallback: not safe, time:6.650000][0m: from EXEC_TRAJ to PLAN_TRAJ
[33m[WARN] [1784395835.948994412]: [highspeed_exp adapter] invalid safe flight corridor after simplify/shortcut: disconnected_poly_0_1[0m
[33m[WARN] [1784395835.949244429]: [controlled stop] committed braking trajectory: id=26 speed=1.16658 prefix=0.08 duration=0.73 distance=0.501426 terminal_v=1.80224e-15 terminal_a=4.1348e-14[0m
[33m[WARN] [1784395835.949262209]: [controlled stop] published braking trajectory id=26 duration=0.73[0m
[0m[INFO] [1784395835.924294426]: [path condition] raw_pts=39 conditioned_pts=7 dense_pts=10 len=14.2311 known_free=14.2311 min_clearance=0.495326 turn=3.25201 max_local_turn=1.51564 initial_heading=0.813566 backup_feasible=1 sched_v=2 reason=curvature[0m
[0m[INFO] [1784395835.949034441]: [31m call planner [0m: 25.468[0m
[31m[PLAN_TRAJ: plan failed][0m: from PLAN_TRAJ to PLAN_TRAJ
 -- [TIMER] updateMap time consuming [32m 9.420280 ms[0m
[0m[INFO] [1784395836.064847636]: [global update] actual callback interval=459.581ms configured=200ms[0m


[1;33m------------- <69> Plan Global Path start---------------[0m
[0m[INFO] [1784395836.233296375]: update topo skeleton cost: 43.307831ms, update odom vertex cost:125.081608ms [0m
[0m[INFO] [1784395836.243105272]: vp cluster cost: 1.296558ms  ,remove unreachable cost: 2.491176ms, select vp cost: 5.898214ms[0m
insert viewpoint to graph time: 19.9645 ms
calculate tsp cost matrix cost 17.0107ms

tour solver cost: 1.50429ms
[1;33m-------------Plan Global Path end-----------------[0m

total time cost: 218.98ms
[32m[planGlobalPath: succeed][0m: from PLAN_TRAJ to PLAN_TRAJ
viz&&print cost:0.02892ms
[0m[INFO] [1784395836.284178374]: [corridor cruise path] straighten direct known-free path: len=11.437 align=0.729278 known_free=11.437 pts=3[0m
[0m[INFO] [1784395836.284727259]: [path condition] raw_pts=39 conditioned_pts=3 dense_pts=7 len=11.437 known_free=11.437 min_clearance=0.585519 turn=1.29978e-06 max_local_turn=5.95674e-07 initial_heading=0.75353 backup_feasible=1 sched_v=3.27059 reason=curvature[0m
[0m[INFO] [1784395836.317234401]: [highspeed_exp adapter] planned General MINCO exploration traj: pieces=3, duration=4.84524, max_v=4.00066, max_a=3.3938, sfc(raw/simplified/final)=4/3/3, corridor=general, prefix=no, prefix_dur=0, switch_delay=0.45, head_path_dist=inf, shifted_start=0, sched_v=3.27059, opt_v=3.27059, opt_bound=4, suffix_max_v=4.00066, suffix_max_a=3.3938, terminal_v=0, backup=no, backup_start=inf, backup_known_len=11.983, sched_reason=curvature[0m
[0m[INFO] [1784395836.317269601]: [31m call planner [0m: 33.325[0m
[32m[plan success: new traj pub][0m: from PLAN_TRAJ to EXEC_TRAJ
[0m[INFO] [1784395836.317366560]: [cloud input] mode=approximate_sync points=10033 age=0.0533919s stamp_valid=1[0m
 -- [TIMER] updateMap time consuming [32m 13.962688 ms[0m
[0m[INFO] [1784395836.345193167]: cloud odom callback cost: map update:24.8663ms  update frontier clusters: 2.92981ms  total: 27.7961ms
[0m
[0m[INFO] [1784395836.351051832]: [coverage guidance] plan valid=1 map_v=23 frontier_v=23 zones(f/u)=169/270 observed=11311/35519 coverage=0.3184 voxels(f/o/u)=4832/5742/737 active=6 reachable_unknown=153 route_nodes=160 preferred=9 cost=5.9ms[0m
 -- [TIMER] updateMap time consuming [32m 9.311022 ms[0m
 -- [TIMER] updateMap time consuming [32m 9.272913 ms[0m


[1;33m------------- <70> Plan Global Path start---------------[0m
[0m[INFO] [1784395836.670351875]: update topo skeleton cost: 55.661524ms, update odom vertex cost:125.320496ms [0m
[0m[INFO] [1784395836.670385504]: [highspeed_exp adapter] safety map ready=1 rog_ready=1 cloud_size=9871[0m
[0m[INFO] [1784395836.676386038]: [view score] cluster=440 best_score=5.7599 visible_gain=14 speed=1.19882 corridor_cruise=0 hard_gate=0 rejected=0 top_k=2 known_free=2.6 clearance=1.47218 turn=1.51019 selected_yaw=-1.9635 current_yaw=0.540963 yaw_delta=2.50446 heading_known_free=4 vp=(-12.216, 11.4553, 1.55714)[0m
[0m[INFO] [1784395836.680552898]: vp cluster cost: 1.495426ms  ,remove unreachable cost: 2.634776ms, select vp cost: 5.926593ms[0m
insert viewpoint to graph time: 18.7315 ms
[0m[INFO] [1784395836.699830896]: [edge cost] len=13.8334 total=5.99754 time=4.67868 turn_pen=1.28151 known_pen=0 backup_pen=0 yaw_pen=0.0373465 known_free=13.8334 min_clearance=0.497076 vel_limit=3.1717 reason=curvature backup_feasible=1[0m
[0m[INFO] [1784395836.716009513]: [candidate cost] chosen_cluster=545 chosen_coverage=0 raw_best_cluster=545 raw_best_coverage=0 | #0 c=545/cp=0 J=13.4032 T=4.67868 TB=1.31886 R=12 G=0.191228 W=0.211121 D=0 C=1.50484 | #1 c=425/cp=0 J=31.5704 T=20.4228 TB=2.51412 R=12 G=0.210526 W=1 D=0.333333 C=4.78789 | #2 c=429/cp=0 J=31.839 T=22.179 TB=2.52599 R=12 G=0.166667 W=1 D=0 C=2.36737[0m
calculate tsp cost matrix cost 16.7091ms

tour solver cost: 0.649944ms
[1;33m-------------Plan Global Path end-----------------[0m

total time cost: 229.561ms
[32m[planGlobalPath: succeed][0m: from EXEC_TRAJ to PLAN_TRAJ
viz&&print cost:0.02215ms
[0m[INFO] [1784395836.719174353]: [corridor cruise path] straighten direct known-free path: len=11.3084 align=0.725556 known_free=11.3084 pts=3[0m
[0m[INFO] [1784395836.719641109]: [path condition] raw_pts=38 conditioned_pts=3 dense_pts=7 len=11.3084 known_free=11.3084 min_clearance=0.594782 turn=1.69439e-06 max_local_turn=6.72536e-07 initial_heading=0.758954 backup_feasible=1 sched_v=3.24734 reason=curvature[0m
[0m[INFO] [1784395836.743179076]: [highspeed_exp adapter] backup not required for verified known-free terminal-stop primary. duration=5.18207 known_len=12.4187[0m
[0m[INFO] [1784395836.743249216]: [highspeed_exp adapter] planned General MINCO exploration traj: pieces=3, duration=5.18207, max_v=4.00288, max_a=3.73388, sfc(raw/simplified/final)=3/2/2, corridor=general, prefix=yes, prefix_dur=0.427297, switch_delay=0.45, head_path_dist=0.626973, shifted_start=0, sched_v=2.85259, opt_v=2.85259, opt_bound=4, suffix_max_v=4.00288, suffix_max_a=3.73388, terminal_v=0, backup=no, backup_start=inf, backup_known_len=12.4187, sched_reason=curvature[0m
[0m[INFO] [1784395836.743270866]: [31m call planner [0m: 24.311[0m
[32m[plan success: new traj pub][0m: from PLAN_TRAJ to EXEC_TRAJ
 -- [TIMER] updateMap time consuming [32m 10.258563 ms[0m
 -- [TIMER] updateMap time consuming [32m 8.244762 ms[0m
 -- [TIMER] updateMap time consuming [32m 8.533310 ms[0m


[1;33m------------- <71> Plan Global Path start---------------[0m
[0m[INFO] [1784395837.106651803]: update topo skeleton cost: 59.773485ms, update odom vertex cost:127.872623ms [0m
[0m[INFO] [1784395837.115619588]: vp cluster cost: 1.325268ms  ,remove unreachable cost: 2.461067ms, select vp cost: 5.078822ms[0m
insert viewpoint to graph time: 20.3789 ms
calculate tsp cost matrix cost 17.0705ms

tour solver cost: 0.476686ms
[1;33m-------------Plan Global Path end-----------------[0m

total time cost: 236.842ms
[32m[planGlobalPath: succeed][0m: from EXEC_TRAJ to PLAN_TRAJ
viz&&print cost:0.02316ms
[0m[INFO] [1784395837.156085416]: [corridor cruise path] straighten direct known-free path: len=10.9572 align=0.793503 known_free=10.9572 pts=3[0m
[0m[INFO] [1784395837.156478573]: [path condition] raw_pts=36 conditioned_pts=3 dense_pts=7 len=10.9572 known_free=10.9572 min_clearance=0.460516 turn=2.58452e-06 max_local_turn=8.79295e-07 initial_heading=0.654253 backup_feasible=1 sched_v=3.69606 reason=curvature[0m
[33m -- [CIRI] WARNING! The problem is not feasible, the min dis to obstacle is only: 0.427912[0m
[33m	 box_min =  6.65078 -20.9889      0.6[0m
[33m	 box_max = 23.1127 -6.69751      5.4[0m
[33m	 seed line = 13.6508 -13.6975  2.02747 -->  16.1127 -13.9889  1.70466[0m
[33m -- [GeneralPlanner] GeneratePolytopeFromLine failed.[0m
[33m[WARN] [1784395837.168501349]: [highspeed_exp adapter] General corridor generation failed; keep the committed trajectory.[0m
[0m[INFO] [1784395837.168530849]: [31m call planner [0m: 12.665[0m
[31m[PLAN_TRAJ: plan failed, keep safe terminal-stop trajectory][0m: from PLAN_TRAJ to EXEC_TRAJ
 -- [TIMER] updateMap time consuming [32m 9.224373 ms[0m
 -- [TIMER] updateMap time consuming [32m 8.233463 ms[0m
 -- [TIMER] updateMap time consuming [32m 7.585678 ms[0m
[0m[INFO] [1784395837.355927940]: [global update] actual callback interval=436.923ms configured=200ms[0m


[1;33m------------- <72> Plan Global Path start---------------[0m
[0m[INFO] [1784395837.511913768]: update topo skeleton cost: 28.771078ms, update odom vertex cost:127.156180ms [0m
[0m[INFO] [1784395837.516370396]: [view score] cluster=466 best_score=-6.8721 visible_gain=3 speed=2.34571 corridor_cruise=0 hard_gate=0 rejected=0 top_k=2 known_free=3 clearance=0.961537 turn=2.19343 selected_yaw=-1.1781 current_yaw=0.263871 yaw_delta=1.44197 heading_known_free=12.4 vp=(-11.592, 0.0820143, 1.3)[0m
[0m[INFO] [1784395837.519042741]: vp cluster cost: 1.653455ms  ,remove unreachable cost: 2.228729ms, select vp cost: 2.963862ms[0m
insert viewpoint to graph time: 20.43 ms
[0m[INFO] [1784395837.540558928]: [edge cost] len=32.5356 total=27.4454 time=16.4678 turn_pen=10.9199 known_pen=0 backup_pen=0 yaw_pen=0.0576787 known_free=32.5356 min_clearance=0.491822 vel_limit=2 reason=curvature backup_feasible=1[0m
[0m[INFO] [1784395837.543059714]: [frontier lifecycle] selected cluster=425 selected_count=1 match_distance=0[0m
[0m[INFO] [1784395837.543077394]: [candidate cost] chosen_cluster=425 chosen_coverage=0 raw_best_cluster=425 raw_best_coverage=0 | #0 c=425/cp=0 J=32.2176 T=23.333 TB=6.85104 R=0 G=0.210526 W=1 D=0.333333 C=4.78789 | #1 c=427/cp=0 J=43.2033 T=23.7188 TB=16.2778 R=0 G=0.166667 W=1 D=0 C=5.04 | #2 c=428/cp=0 J=43.6023 T=24.016 TB=16.3092 R=0 G=0.142857 W=1 D=0 C=5.06286[0m
calculate tsp cost matrix cost 3.54941ms

tour solver cost: 0.294357ms
[1;33m-------------Plan Global Path end-----------------[0m

total time cost: 188.532ms
[32m[planGlobalPath: succeed][0m: from EXEC_TRAJ to PLAN_TRAJ
viz&&print cost:0.04245ms
[33m[WARN] [1784395837.545701519]: [highspeed_exp adapter] reject frontend path: failed to align optimization head. head_path_dist=1.67139 max_allowed=1.125 switch_delay=0.45 speed=2.34571[0m
[0m[INFO] [1784395837.545658900]: [path horizon] shorten high-curvature local path: horizon=7.02976m pts=9 turn=5.72837 max_local_turn=1.32218[0m
[0m[INFO] [1784395837.545689789]: [path condition] raw_pts=52 conditioned_pts=17 dense_pts=9 len=7.02976 known_free=7.02976 min_clearance=0.570499 turn=5.72837 max_local_turn=1.32218 initial_heading=1.19252 backup_feasible=1 sched_v=2 reason=curvature[0m
[0m[INFO] [1784395837.545714169]: [31m call planner [0m: 1.169[0m
[31m[PLAN_TRAJ: plan failed, keep safe terminal-stop trajectory][0m: from PLAN_TRAJ to EXEC_TRAJ
[0m[INFO] [1784395837.545838658]: [cloud input] mode=approximate_sync points=9935 age=0.0818668s stamp_valid=1[0m
 -- [TIMER] updateMap time consuming [32m 9.863447 ms[0m
[0m[INFO] [1784395837.566585532]: cloud odom callback cost: map update:17.9089ms  update frontier clusters: 2.79559ms  total: 20.7045ms
[0m
 -- [TIMER] updateMap time consuming [32m 8.074514 ms[0m
 -- [TIMER] updateMap time consuming [32m 10.245644 ms[0m


[1;33m------------- <73> Plan Global Path start---------------[0m
[0m[INFO] [1784395837.889369595]: update topo skeleton cost: 26.796497ms, update odom vertex cost:117.947887ms [0m
[0m[INFO] [1784395837.896249760]: vp cluster cost: 1.590065ms  ,remove unreachable cost: 2.260839ms, select vp cost: 2.771444ms[0m
insert viewpoint to graph time: 21.4238 ms
calculate tsp cost matrix cost 3.30197ms

tour solver cost: 0.286938ms
[1;33m-------------Plan Global Path end-----------------[0m

total time cost: 177.837ms
[32m[planGlobalPath: succeed][0m: from EXEC_TRAJ to PLAN_TRAJ
viz&&print cost:0.03968ms
[33m[WARN] [1784395837.955117005]: [highspeed_exp adapter] reject frontend path: failed to align optimization head. head_path_dist=1.83841 max_allowed=1.125 switch_delay=0.45 speed=2.85268[0m
 -- [TIMER] updateMap time consuming [32m 9.917687 ms[0m
[0m[INFO] [1784395837.955082685]: [path condition] raw_pts=54 conditioned_pts=19 dense_pts=11 len=5.89567 known_free=5.89567 min_clearance=0.570499 turn=7.76111 max_local_turn=1.5708 initial_heading=1.33309 backup_feasible=1 sched_v=2 reason=curvature[0m
[0m[INFO] [1784395837.955131145]: [31m call planner [0m: 1.152[0m
[31m[PLAN_TRAJ: plan failed, keep safe terminal-stop trajectory][0m: from PLAN_TRAJ to EXEC_TRAJ
[0m[INFO] [1784395836.070125837]: Publish local map size: 9548[0m
[0m[INFO] [1784395837.169151403]: Publish local map size: 9956[0m
 -- [MARSIM] Running FPS: 222.496
 -- [TIMER] updateMap time consuming [32m 9.628489 ms[0m
 -- [TIMER] updateMap time consuming [32m 9.394382 ms[0m


[1;33m------------- <74> Plan Global Path start---------------[0m
[0m[INFO] [1784395838.222034438]: update topo skeleton cost: 21.693146ms, update odom vertex cost:77.798346ms [0m
[0m[INFO] [1784395838.226720464]: [view score] cluster=466 best_score=-7.07473 visible_gain=3 speed=2.81021 corridor_cruise=0 hard_gate=0 rejected=0 top_k=2 known_free=2.2 clearance=0.961537 turn=2.19249 selected_yaw=-1.1781 current_yaw=0.442474 yaw_delta=1.62057 heading_known_free=10.6 vp=(-11.592, 0.0820143, 1.3)[0m
[0m[INFO] [1784395838.230672056]: vp cluster cost: 1.648334ms  ,remove unreachable cost: 2.435088ms, select vp cost: 4.327949ms[0m
insert viewpoint to graph time: 22.6833 ms
[0m[INFO] [1784395838.253747049]: [edge cost] len=9.0167 total=3.5579 time=3.30557 turn_pen=0.191487 known_pen=0 backup_pen=0 yaw_pen=0.0608409 known_free=9.0167 min_clearance=1.0381 vel_limit=3 reason=known_free backup_feasible=1[0m
[0m[INFO] [1784395838.255766210]: [frontier lifecycle] selected cluster=575 selected_count=1 match_distance=0[0m
[0m[INFO] [1784395838.255779230]: [candidate cost] chosen_cluster=575 coverage_id=0 total=15.5651 travel=3.30557 turn_brake=0.252328 future_return=0 gain=0.210526 wait=0.000393258 debt=0 coverage=12.4289 failed_goal=0[0m
[1;33m-------------Plan Global Path end-----------------[0m

total time cost: 134.421ms
[32m[planGlobalPath: succeed][0m: from EXEC_TRAJ to PLAN_TRAJ
viz&&print cost:0.0198ms
 -- [TIMER] updateMap time consuming [32m 10.215944 ms[0m
 -- [TIMER] updateMap time consuming [32m 12.679151 ms[0m
 -- [TIMER] updateMap time consuming [32m 13.685921 ms[0m
[0m[INFO] [1784395838.457034123]: [global update] actual callback interval=334.499ms configured=200ms[0m


[1;33m------------- <75> Plan Global Path start---------------[0m
[0m[INFO] [1784395838.560291469]: update topo skeleton cost: 31.289585ms, update odom vertex cost:71.887853ms [0m
[0m[INFO] [1784395838.567998487]: vp cluster cost: 1.810883ms  ,remove unreachable cost: 2.321228ms, select vp cost: 3.329559ms[0m
insert viewpoint to graph time: 19.9359 ms
[0m[INFO] [1784395838.597553778]: [frontier lifecycle] selected cluster=579 selected_count=2 match_distance=0[0m
[0m[INFO] [1784395838.597582737]: [candidate cost] chosen_cluster=579 chosen_coverage=0 raw_best_cluster=579 raw_best_coverage=0 | #0 c=579/cp=0 J=19.8543 T=2.31209 TB=0.330764 R=11.1442 G=0.180328 W=0.0173455 D=0 C=11.4688 | #1 c=429/cp=0 J=42.393 T=23.4912 TB=9.37283 R=12 G=0.166667 W=1 D=0 C=4.76225 | #2 c=427/cp=0 J=53.3375 T=23.9028 TB=16.428 R=12 G=0.166667 W=1 D=0 C=8.24[0m
calculate tsp cost matrix cost 9.58896ms

tour solver cost: 0.428976ms
[1;33m-------------Plan Global Path end-----------------[0m

total time cost: 143.415ms
[32m[planGlobalPath: succeed][0m: from PLAN_TRAJ to PLAN_TRAJ
viz&&print cost:0.0226ms
[0m[INFO] [1784395838.600756258]: [path condition] raw_pts=7 conditioned_pts=3 dense_pts=4 len=6.03626 known_free=6.03626 min_clearance=0.923081 turn=0.957652 max_local_turn=0.957652 initial_heading=0.200062 backup_feasible=1 sched_v=2.39578 reason=curvature[0m
[33m -- [ExplorationTrajOpt] Optimization failed: Line search reaches the maximum try number, assumptions not satisfied or precision not achievable., guide_excess=0, guide_cost_sample=0, guide_max_abs_gt=0, guide_oob_samples=0[0m
[33m[WARN] [1784395838.608418715]: [highspeed_exp adapter] MINCO optimization attempt 1 failed: guide_speed=2.39578 vel_bound=2.78839 boundary_speed=2.48839[0m
[33m -- [ExplorationTrajOpt] Optimization failed: Line search reaches the maximum try number, assumptions not satisfied or precision not achievable., guide_excess=0, guide_cost_sample=0, guide_max_abs_gt=0, guide_oob_samples=0[0m
[33m[WARN] [1784395838.609559505]: [highspeed_exp adapter] MINCO optimization attempt 2 failed: guide_speed=1.79683 vel_bound=2.78839 boundary_speed=2.48839[0m
[33m -- [ExplorationTrajOpt] Optimization failed: Line search reaches the maximum try number, assumptions not satisfied or precision not achievable., guide_excess=0, guide_cost_sample=0, guide_max_abs_gt=0, guide_oob_samples=0[0m
[33m[WARN] [1784395838.610756173]: [highspeed_exp adapter] MINCO optimization attempt 3 failed: guide_speed=1.31768 vel_bound=2.78839 boundary_speed=2.48839[0m
[33m -- [ExplorationTrajOpt] Optimization failed: Line search reaches the maximum try number, assumptions not satisfied or precision not achievable., guide_excess=0, guide_cost_sample=0, guide_max_abs_gt=0, guide_oob_samples=0[0m
[33m[WARN] [1784395838.611902273]: [highspeed_exp adapter] MINCO optimization attempt 4 failed: guide_speed=1 vel_bound=2.78839 boundary_speed=2.48839[0m
[33m[WARN] [1784395838.611910453]: [highspeed_exp adapter] General exploration MINCO optimization failed.[0m
[0m[INFO] [1784395838.611925492]: [31m call planner [0m: 11.393[0m
[31m[PLAN_TRAJ: plan failed, keep safe terminal-stop trajectory][0m: from PLAN_TRAJ to EXEC_TRAJ
[0m[INFO] [1784395838.612020892]: [cloud input] mode=approximate_sync points=9176 age=0.0480477s stamp_valid=1[0m
 -- [TIMER] updateMap time consuming [32m 16.521794 ms[0m
[0m[INFO] [1784395838.640186086]: cloud odom callback cost: map update:25.2356ms  update frontier clusters: 2.89299ms  total: 28.1286ms
[0m
[0m[INFO] [1784395838.646395517]: [coverage guidance] plan valid=1 map_v=25 frontier_v=25 zones(f/u)=187/271 observed=11877/35519 coverage=0.3344 voxels(f/o/u)=5335/5786/756 active=5 reachable_unknown=154 route_nodes=160 preferred=8 cost=6.2ms[0m
 -- [TIMER] updateMap time consuming [32m 19.720694 ms[0m
 -- [TIMER] updateMap time consuming [32m 19.971992 ms[0m


[1;33m------------- <76> Plan Global Path start---------------[0m
[0m[INFO] [1784395838.892906454]: update topo skeleton cost: 27.468131ms, update odom vertex cost:64.177105ms [0m
[0m[INFO] [1784395838.892940783]: [highspeed_exp adapter] safety map ready=1 rog_ready=1 cloud_size=9522[0m
[0m[INFO] [1784395838.897124744]: [view score] cluster=466 best_score=-7.61234 visible_gain=3 speed=2.4425 corridor_cruise=0 hard_gate=0 rejected=0 top_k=2 known_free=0.4 clearance=0.961537 turn=2.31996 selected_yaw=-1.1781 current_yaw=0.0701393 yaw_delta=1.24824 heading_known_free=5 vp=(-11.592, 0.0820143, 1.3)[0m
[0m[INFO] [1784395838.898061555]: vp cluster cost: 1.513646ms  ,remove unreachable cost: 2.343978ms, select vp cost: 1.113669ms[0m
insert viewpoint to graph time: 19.5589 ms
[0m[INFO] [1784395838.918814339]: [edge cost] len=42.9465 total=28.4865 time=21.6732 turn_pen=6.81322 known_pen=0 backup_pen=0 yaw_pen=0 known_free=42.9465 min_clearance=0.578309 vel_limit=2 reason=curvature backup_feasible=1[0m
[0m[INFO] [1784395838.922413875]: [frontier lifecycle] selected cluster=429 selected_count=2 match_distance=0[0m
calculate tsp cost matrix cost 4.77946ms

tour solver cost: 0.446556ms
[1;33m-------------Plan Global Path end-----------------[0m

total time cost: 123.894ms
[32m[planGlobalPath: succeed][0m: from EXEC_TRAJ to PLAN_TRAJ
viz&&print cost:0.04407ms
 -- [TIMER] updateMap time consuming [32m 19.626995 ms[0m
 -- [TIMER] updateMap time consuming [32m 18.712074 ms[0m
 -- [TIMER] updateMap time consuming [32m 20.456717 ms[0m


[1;33m------------- <77> Plan Global Path start---------------[0m
[0m[INFO] [1784395839.204947914]: update topo skeleton cost: 22.061962ms, update odom vertex cost:57.637317ms [0m
[0m[INFO] [1784395839.224722558]: vp cluster cost: 1.386457ms  ,remove unreachable cost: 1.717644ms, select vp cost: 16.529944ms[0m
insert viewpoint to graph time: 20.2966 ms
[0m[INFO] [1784395839.260847568]: [goal lock] keep goal idx=0 candidate_idx=4 locked_cost=35.55 candidate_cost=26.4973 since=0.338388 high_speed=0[0m
[0m[INFO] [1784395839.260893527]: [candidate cost] chosen_cluster=429 chosen_coverage=0 raw_best_cluster=586 raw_best_coverage=0 | #0 c=586/cp=0 J=26.4973 T=7.36738 TB=3.80849 R=8.48398 G=0.142857 W=0.00105762 D=0 C=10.9425 | #1 c=588/cp=0 J=26.6365 T=7.3425 TB=3.74566 R=9.25823 G=0.0909091 W=0.00104597 D=0 C=10.6397 | #2 c=587/cp=0 J=27.4934 T=7.74234 TB=3.73665 R=10.2279 G=0.333333 W=0.00108039 D=0 C=11.0574[0m
calculate tsp cost matrix cost 15.822ms

tour solver cost: 0.849122ms
[1;33m-------------Plan Global Path end-----------------[0m

total time cost: 138.888ms
[32m[planGlobalPath: succeed][0m: from PLAN_TRAJ to PLAN_TRAJ
viz&&print cost:0.060049ms
[33m[WARN] [1784395839.265579393]: [highspeed_exp adapter] reject frontend path: failed to align optimization head. head_path_dist=1.81588 max_allowed=1.125 switch_delay=0.45 speed=2.54654[0m
[0m[INFO] [1784395839.265527374]: [path horizon] shorten high-curvature local path: horizon=11.2744m pts=10 turn=4.5493 max_local_turn=1.5708[0m
[0m[INFO] [1784395839.265566473]: [path condition] raw_pts=52 conditioned_pts=18 dense_pts=10 len=11.2744 known_free=11.2744 min_clearance=0.582755 turn=4.5493 max_local_turn=1.5708 initial_heading=1.58158 backup_feasible=1 sched_v=2 reason=curvature[0m
[0m[INFO] [1784395839.265592463]: [31m call planner [0m: 1.401[0m
[31m[PLAN_TRAJ: plan failed, keep safe terminal-stop trajectory][0m: from PLAN_TRAJ to EXEC_TRAJ
 -- [TIMER] updateMap time consuming [32m 17.219238 ms[0m
 -- [TIMER] updateMap time consuming [32m 11.819629 ms[0m
 -- [TIMER] updateMap time consuming [32m 9.962346 ms[0m
[0m[INFO] [1784395839.464255212]: [global update] actual callback interval=339.007ms configured=200ms[0m


[1;33m------------- <78> Plan Global Path start---------------[0m
[0m[INFO] [1784395839.546762086]: update topo skeleton cost: 19.799924ms, update odom vertex cost:62.651880ms [0m
[0m[INFO] [1784395839.550422911]: [view score] cluster=466 best_score=-8.52547 visible_gain=3 speed=3.12456 corridor_cruise=0 hard_gate=0 rejected=0 top_k=2 known_free=1.4 clearance=0.961537 turn=2.9982 selected_yaw=-1.1781 current_yaw=-0.374672 yaw_delta=0.803425 heading_known_free=6.2 vp=(-11.592, 0.0820143, 1.3)[0m
[0m[INFO] [1784395839.567328692]: vp cluster cost: 1.404706ms  ,remove unreachable cost: 1.857043ms, select vp cost: 17.081579ms[0m
insert viewpoint to graph time: 23.5325 ms
[0m[INFO] [1784395839.591890381]: [edge cost] len=17.1387 total=13.3492 time=8.76937 turn_pen=4.54768 known_pen=0 backup_pen=0 yaw_pen=0.032137 known_free=17.1387 min_clearance=0.64458 vel_limit=2 reason=curvature backup_feasible=1[0m
[0m[INFO] [1784395839.594885902]: [frontier lifecycle] selected cluster=587 selected_count=1 match_distance=0[0m
calculate tsp cost matrix cost 4.00408ms

tour solver cost: 1.614ms
[1;33m-------------Plan Global Path end-----------------[0m

total time cost: 133.466ms
[32m[planGlobalPath: succeed][0m: from EXEC_TRAJ to PLAN_TRAJ
viz&&print cost:0.022559ms
 -- [TIMER] updateMap time consuming [32m 9.600019 ms[0m
[0m[INFO] [1784395839.668913995]: [cloud input] mode=approximate_sync points=9249 age=0.00491617s stamp_valid=1[0m
 -- [TIMER] updateMap time consuming [32m 8.647628 ms[0m
[0m[INFO] [1784395839.690321424]: cloud odom callback cost: map update:18.3889ms  update frontier clusters: 2.97068ms  total: 21.3596ms
[0m
 -- [TIMER] updateMap time consuming [32m 9.883857 ms[0m


[1;33m------------- <79> Plan Global Path start---------------[0m
[0m[INFO] [1784395839.863572542]: update topo skeleton cost: 22.775676ms, update odom vertex cost:42.244552ms [0m
[0m[INFO] [1784395839.892666519]: vp cluster cost: 2.047650ms  ,remove unreachable cost: 2.329489ms, select vp cost: 24.216482ms[0m
insert viewpoint to graph time: 25.2206 ms
[0m[INFO] [1784395839.921939023]: [candidate cost] chosen_cluster=587 coverage_id=0 total=21.2708 travel=9.0969 turn_brake=2.18054 future_return=0 gain=0.333333 wait=0.0165285 debt=0 coverage=10.6848 failed_goal=0[0m
[1;33m-------------Plan Global Path end-----------------[0m

total time cost: 124.588ms
[32m[planGlobalPath: succeed][0m: from PLAN_TRAJ to PLAN_TRAJ
viz&&print cost:0.03445ms
[33m[WARN] [1784395839.924297981]: [highspeed_exp adapter] reject frontend path: failed to align optimization head. head_path_dist=2.26224 max_allowed=1.125 switch_delay=0.45 speed=3.77009[0m
[0m[INFO] [1784395839.924262411]: [path condition] raw_pts=24 conditioned_pts=6 dense_pts=10 len=16.4225 known_free=16.4225 min_clearance=0.642662 turn=1.24484 max_local_turn=0.76384 initial_heading=1.29907 backup_feasible=1 sched_v=2 reason=curvature[0m
[0m[INFO] [1784395839.924315220]: [31m call planner [0m: 1.136[0m
[31m[PLAN_TRAJ: plan failed, keep safe terminal-stop trajectory][0m: from PLAN_TRAJ to EXEC_TRAJ
 -- [TIMER] updateMap time consuming [32m 7.795887 ms[0m
 -- [TIMER] updateMap time consuming [32m 10.927847 ms[0m
 -- [TIMER] updateMap time consuming [32m 6.972554 ms[0m


[1;33m------------- <80> Plan Global Path start---------------[0m
[0m[INFO] [1784395840.205321917]: update topo skeleton cost: 20.334919ms, update odom vertex cost:61.760229ms [0m
[0m[INFO] [1784395840.208906283]: [view score] cluster=466 best_score=-7.96025 visible_gain=3 speed=3.99938 corridor_cruise=0 hard_gate=0 rejected=0 top_k=2 known_free=3.8 clearance=0.961537 turn=2.98243 selected_yaw=-1.1781 current_yaw=-0.620917 yaw_delta=0.55718 heading_known_free=5 vp=(-11.592, 0.0820143, 1.3)[0m
[0m[INFO] [1784395840.233639960]: vp cluster cost: 1.360837ms  ,remove unreachable cost: 1.724574ms, select vp cost: 25.048964ms[0m
insert viewpoint to graph time: 18.7318 ms
[33m[WARN] [1784395840.256059680]: [candidate gate] all reachable frontiers require reversal; keep current command and brake before reorientation. speed=3.99938 rejected=9[0m
[0m[INFO] [1784395840.253035278]: [edge cost] len=16.5106 total=12.9775 time=8.45531 turn_pen=4.52223 known_pen=0 backup_pen=0 yaw_pen=0 known_free=16.5106 min_clearance=0.945217 vel_limit=2 reason=curvature backup_feasible=1[0m
[1;33m-------------Plan Global Path end-----------------[0m

total time cost: 132.904ms
[31m[planGlobalPath: brake before goal reversal][0m: from EXEC_TRAJ to REORIENT
viz&&print cost:0.02394ms
[33m[WARN] [1784395840.256340177]: [controlled stop] committed braking trajectory: id=29 speed=3.78377 prefix=0.08 duration=0.73 distance=1.47899 terminal_v=4.80518e-15 terminal_a=1.06951e-14[0m
[33m[WARN] [1784395840.256361837]: [controlled stop] published braking trajectory id=29 duration=0.73[0m
[33m[WARN] [1784395840.256374517]: [reorient] request controlled stop: speed=3.99697 elapsed=2.971e-05 backup_braking=0 odom_age=1.072e-05[0m
[33m[WARN] [1784395840.256385226]: [reorient] braking before goal reversal: speed=3.99697 elapsed=2.971e-05 backup_braking=0 odom_age=1.072e-05 odom_fresh=1[0m
[0m[INFO] [1784395838.268897076]: Publish local map size: 10050[0m
[0m[INFO] [1784395839.269588115]: Publish local map size: 9958[0m
 -- [MARSIM] Running FPS: 226.309
 -- [TIMER] updateMap time consuming [32m 6.657128 ms[0m
 -- [TIMER] updateMap time consuming [32m 6.230502 ms[0m
 -- [TIMER] updateMap time consuming [32m 6.046434 ms[0m


[1;33m------------- <81> Plan Global Path start---------------[0m
[0m[INFO] [1784395840.613038652]: update topo skeleton cost: 25.844577ms, update odom vertex cost:130.981819ms [0m
[0m[INFO] [1784395840.647127012]: vp cluster cost: 1.289338ms  ,remove unreachable cost: 1.580275ms, select vp cost: 31.086748ms[0m
insert viewpoint to graph time: 26.9152 ms
[0m[INFO] [1784395840.677762914]: [candidate cost] chosen_cluster=587 coverage_id=0 total=22.7473 travel=10.1372 turn_brake=2.30702 future_return=0 gain=0.333333 wait=0.0584587 debt=0 coverage=11.0574 failed_goal=0[0m
[1;33m-------------Plan Global Path end-----------------[0m

total time cost: 222.743ms
viz&&print cost:0.018459ms
[33m[WARN] [1784395840.757256846]: [reorient] braking before goal reversal: speed=0.951213 elapsed=0.501107 backup_braking=1 odom_age=0.00321084 odom_fresh=1[0m
[0m[INFO] [1784395840.679060201]: [cloud input] mode=approximate_sync points=9686 age=0.0150873s stamp_valid=1[0m
 -- [TIMER] updateMap time consuming [32m 23.022043 ms[0m
[0m[INFO] [1784395840.717106503]: cloud odom callback cost: map update:34.0398ms  update frontier clusters: 3.96954ms  total: 38.0094ms
[0m
[0m[INFO] [1784395840.723334915]: [coverage guidance] plan valid=1 map_v=27 frontier_v=27 zones(f/u)=175/267 observed=12411/35519 coverage=0.3494 voxels(f/o/u)=5792/5838/781 active=5 reachable_unknown=154 route_nodes=160 preferred=8 cost=6.2ms[0m
 -- [TIMER] updateMap time consuming [32m 19.592016 ms[0m
[32m[REORIENT: vehicle stopped][0m: from REORIENT to PLAN_TRAJ
[0m[INFO] [1784395840.842541474]: [path condition] raw_pts=48 conditioned_pts=6 dense_pts=12 len=20.3975 known_free=20.3975 min_clearance=0.603091 turn=1.5873 max_local_turn=0.830429 initial_heading=1.37935 backup_feasible=1 sched_v=2 reason=curvature[0m
[0m[INFO] [1784395840.887585750]: [highspeed_exp adapter] backup not required for verified known-free terminal-stop primary. duration=11.3646 known_len=18.6748[0m
[0m[INFO] [1784395840.887686089]: [highspeed_exp adapter] planned General MINCO exploration traj: pieces=3, duration=11.3646, max_v=3.25803, max_a=2.00786, sfc(raw/simplified/final)=4/3/3, corridor=general, prefix=no, prefix_dur=0, switch_delay=0, head_path_dist=inf, shifted_start=0, sched_v=2, opt_v=2, opt_bound=5, suffix_max_v=3.25803, suffix_max_a=2.00786, terminal_v=0, backup=no, backup_start=inf, backup_known_len=18.6748, sched_reason=curvature[0m
[0m[INFO] [1784395840.887713389]: [31m call planner [0m: 45.934[0m
[32m[plan success: new traj pub][0m: from PLAN_TRAJ to EXEC_TRAJ
 -- [TIMER] updateMap time consuming [32m 6.349720 ms[0m
[0m[INFO] [1784395840.906153766]: [global update] actual callback interval=449.953ms configured=200ms[0m
 -- [TIMER] updateMap time consuming [32m 5.181711 ms[0m
 -- [TIMER] updateMap time consuming [32m 4.831524 ms[0m
 -- [TIMER] updateMap time consuming [32m 4.469838 ms[0m


[1;33m------------- <83> Plan Global Path start---------------[0m
[0m[INFO] [1784395841.338793700]: update topo skeleton cost: 15.355836ms, update odom vertex cost:103.297220ms [0m
[0m[INFO] [1784395841.338821540]: [highspeed_exp adapter] safety map ready=1 rog_ready=1 cloud_size=9266[0m
[0m[INFO] [1784395841.344107110]: [view score] cluster=466 best_score=4.5905 visible_gain=3 speed=0.00679132 corridor_cruise=0 hard_gate=0 rejected=0 top_k=2 known_free=6 clearance=0.961537 turn=0 selected_yaw=-1.1781 current_yaw=-0.784683 yaw_delta=0.393414 heading_known_free=3.6 vp=(-11.592, 0.0820143, 1.3)[0m
[0m[INFO] [1784395841.369683210]: vp cluster cost: 2.026791ms  ,remove unreachable cost: 2.548986ms, select vp cost: 26.163334ms[0m
insert viewpoint to graph time: 26.2154 ms
[0m[INFO] [1784395841.396752296]: [edge cost] len=10.9387 total=10.4005 time=5.66933 turn_pen=4.65258 known_pen=0 backup_pen=0 yaw_pen=0.0785684 known_free=10.9387 min_clearance=0.479165 vel_limit=2 reason=curvature backup_feasible=1[0m
[0m[INFO] [1784395841.417161364]: [frontier lifecycle] selected cluster=598 selected_count=1 match_distance=0[0m
[0m[INFO] [1784395841.417192434]: [candidate cost] chosen_cluster=598 chosen_coverage=0 raw_best_cluster=598 raw_best_coverage=0 | #0 c=598/cp=0 J=23.2632 T=5.66933 TB=4.73115 R=8.29122 G=0.4 W=0.00171292 D=0 C=9.10512 | #1 c=594/cp=0 J=26.9434 T=9.22833 TB=5.49448 R=6.84406 G=0.142857 W=0.120222 D=0 C=8.9224 | #2 c=595/cp=0 J=27.6575 T=8.62369 TB=5.49448 R=8.31385 G=0.0909091 W=0.12021 D=0 C=9.3289[0m
calculate tsp cost matrix cost 21.2478ms

tour solver cost: 2.23089ms
[1;33m-------------Plan Global Path end-----------------[0m

total time cost: 200.066ms
[32m[planGlobalPath: succeed][0m: from EXEC_TRAJ to PLAN_TRAJ
[0m[INFO] [1784395841.420201205]: [frontier storage] labels=4846/3739 normals=176/823 clusters=14 terminal=0 cluster_cells(cap)=139 candidates(cap)=24 derived_viewpoints(cap)=0 estimated_kb=86.0332 revision=155 audit_ready=0[0m
viz&&print cost:0.042189ms
[33m[WARN] [1784395841.441006960]: [highspeed_exp adapter] optimized trajectory safety check failed; retry slower: attempt=1 guide_speed=2 t=3.5 state=out_of_map start_clearance=1.35094 segment_min_clearance=3.59277 blocked_clearance=3.59574 recovery=0 clearance_regressed=0 left_exploration_boxes=1[0m
[33m[WARN] [1784395841.443752744]: [highspeed_exp adapter] optimized trajectory safety check failed; retry slower: attempt=2 guide_speed=1.5 t=4.95 state=out_of_map start_clearance=1.35094 segment_min_clearance=3.32677 blocked_clearance=3.32677 recovery=0 clearance_regressed=0 left_exploration_boxes=1[0m
[33m[WARN] [1784395841.445833565]: [highspeed_exp adapter] optimized trajectory safety check failed; retry slower: attempt=3 guide_speed=1.1 t=6.15 state=out_of_map start_clearance=1.35094 segment_min_clearance=2.579 blocked_clearance=2.58918 recovery=0 clearance_regressed=0 left_exploration_boxes=1[0m
[33m[WARN] [1784395841.448422100]: [highspeed_exp adapter] optimized trajectory safety check failed; retry slower: attempt=4 guide_speed=1 t=6.2 state=out_of_map start_clearance=1.35094 segment_min_clearance=2.46243 blocked_clearance=2.46711 recovery=0 clearance_regressed=0 left_exploration_boxes=1[0m
[33m[WARN] [1784395841.448434890]: [highspeed_exp adapter] General exploration MINCO optimization failed.[0m
[0m[INFO] [1784395841.420909589]: [path condition] raw_pts=23 conditioned_pts=4 dense_pts=7 len=10.9387 known_free=10.9387 min_clearance=0.483591 turn=0.743066 max_local_turn=0.49576 initial_heading=2.81967 backup_feasible=1 sched_v=2 reason=curvature[0m
[0m[INFO] [1784395841.448456550]: [31m call planner [0m: 28.220[0m
[31m[PLAN_TRAJ: plan failed, keep safe terminal-stop trajectory][0m: from PLAN_TRAJ to EXEC_TRAJ
 -- [TIMER] updateMap time consuming [32m 5.108203 ms[0m
 -- [TIMER] updateMap time consuming [32m 4.061862 ms[0m
 -- [TIMER] updateMap time consuming [32m 4.294609 ms[0m


[1;33m------------- <84> Plan Global Path start---------------[0m
[0m[INFO] [1784395841.724573426]: update topo skeleton cost: 2.285598ms, update odom vertex cost:101.979203ms [0m
[0m[INFO] [1784395841.756274998]: vp cluster cost: 1.925412ms  ,remove unreachable cost: 3.252300ms, select vp cost: 26.389302ms[0m
insert viewpoint to graph time: 25.7237 ms
calculate tsp cost matrix cost 25.8353ms

tour solver cost: 0.965411ms
[1;33m-------------Plan Global Path end-----------------[0m

total time cost: 189.301ms
[32m[planGlobalPath: succeed][0m: from EXEC_TRAJ to PLAN_TRAJ
viz&&print cost:0.01846ms
[33m[WARN] [1784395841.829968706]: [highspeed_exp adapter] optimized trajectory safety check failed; retry slower: attempt=1 guide_speed=4 t=1.9 state=out_of_map start_clearance=1.44158 segment_min_clearance=3.48263 blocked_clearance=3.48263 recovery=0 clearance_regressed=0 left_exploration_boxes=1[0m
[33m[WARN] [1784395841.835165757]: [highspeed_exp adapter] optimized trajectory safety check failed; retry slower: attempt=2 guide_speed=3 t=2.2 state=out_of_map start_clearance=1.44158 segment_min_clearance=3.60308 blocked_clearance=3.61326 recovery=0 clearance_regressed=0 left_exploration_boxes=1[0m
[33m[WARN] [1784395841.839932833]: [highspeed_exp adapter] optimized trajectory safety check failed; retry slower: attempt=3 guide_speed=2.2 t=3.1 state=out_of_map start_clearance=1.44158 segment_min_clearance=3.5809 blocked_clearance=3.58387 recovery=0 clearance_regressed=0 left_exploration_boxes=1[0m
[0m[INFO] [1784395841.810302111]: [path condition] raw_pts=23 conditioned_pts=4 dense_pts=7 len=10.9298 known_free=10.9298 min_clearance=0.483591 turn=0.745232 max_local_turn=0.497927 initial_heading=2.40537 backup_feasible=1 sched_v=2 reason=curvature[0m
[0m[INFO] [1784395841.845370702]: [highspeed_exp adapter] backup not required for verified known-free terminal-stop primary. duration=16.0849 known_len=14.432[0m
[0m[INFO] [1784395841.845476231]: [highspeed_exp adapter] planned General MINCO exploration traj: pieces=3, duration=16.0849, max_v=1.58819, max_a=0.695216, sfc(raw/simplified/final)=4/2/2, corridor=general, prefix=yes, prefix_dur=0.417582, switch_delay=0.45, head_path_dist=0.0814913, shifted_start=0, sched_v=4, opt_v=1, opt_bound=1, suffix_max_v=1.58819, suffix_max_a=0.695216, terminal_v=0, backup=no, backup_start=inf, backup_known_len=14.432, sched_reason=curvature[0m
[0m[INFO] [1784395841.845509440]: [31m call planner [0m: 35.886[0m
[32m[plan success: new traj pub][0m: from PLAN_TRAJ to EXEC_TRAJ
[0m[INFO] [1784395841.845592340]: [cloud input] mode=approximate_sync points=9501 age=0.0816235s stamp_valid=1[0m
 -- [TIMER] updateMap time consuming [32m 11.802629 ms[0m
[0m[INFO] [1784395841.869839112]: cloud odom callback cost: map update:20.8991ms  update frontier clusters: 3.31229ms  total: 24.2114ms
[0m
 -- [TIMER] updateMap time consuming [32m 11.106715 ms[0m
 -- [TIMER] updateMap time consuming [32m 11.076526 ms[0m
[0m[INFO] [1784395842.009677508]: [global update] actual callback interval=389.38ms configured=200ms[0m


[1;33m------------- <85> Plan Global Path start---------------[0m
[0m[INFO] [1784395842.203518840]: update topo skeleton cost: 89.929896ms, update odom vertex cost:103.840846ms [0m
[0m[INFO] [1784395842.213061320]: [view score] cluster=617 best_score=10.5424 visible_gain=5 speed=0.202523 corridor_cruise=0 hard_gate=0 rejected=0 top_k=2 known_free=11.133 clearance=1.69532 turn=0 selected_yaw=-1.1781 current_yaw=1.00636 yaw_delta=2.18445 heading_known_free=4.6 vp=(16.9252, -2.15704, 2.62)[0m
[0m[INFO] [1784395842.236938696]: vp cluster cost: 1.843643ms  ,remove unreachable cost: 3.506457ms, select vp cost: 27.913718ms[0m
insert viewpoint to graph time: 33.3413 ms
[0m[INFO] [1784395842.270901967]: [edge cost] len=8.94642 total=6.36909 time=4.58343 turn_pen=1.71596 known_pen=0 backup_pen=0 yaw_pen=0.0697015 known_free=8.94642 min_clearance=1.37232 vel_limit=2.04296 reason=curvature backup_feasible=1[0m
[0m[INFO] [1784395842.348620318]: [frontier lifecycle] selected cluster=616 selected_count=2 match_distance=0[0m
[0m[INFO] [1784395842.348652597]: [candidate cost] chosen_cluster=616 chosen_coverage=0 raw_best_cluster=616 raw_best_coverage=0 | #0 c=616/cp=0 J=20.3486 T=4.58343 TB=1.78566 R=12 G=0.354839 W=0.045543 D=0 C=8.15746 | #1 c=617/cp=0 J=20.3497 T=3.40318 TB=0.208916 R=12 G=0.142857 W=0.00175833 D=0 C=10.426 | #2 c=612/cp=0 J=21.7644 T=4.14203 TB=0.146082 R=12 G=0.337443 W=0.146781 D=0 C=11.7714[0m
calculate tsp cost matrix cost 78.3318ms

tour solver cost: 1.18581ms
[1;33m-------------Plan Global Path end-----------------[0m

total time cost: 343.481ms
[32m[planGlobalPath: succeed][0m: from EXEC_TRAJ to PLAN_TRAJ
viz&&print cost:0.02215ms
[0m[INFO] [1784395842.354028357]: [path condition] raw_pts=9 conditioned_pts=3 dense_pts=7 len=10.9942 known_free=10.9942 min_clearance=0.843525 turn=1.27504 max_local_turn=1.27504 initial_heading=1.49752 backup_feasible=1 sched_v=2 reason=curvature[0m
[0m[INFO] [1784395842.374838732]: [highspeed_exp adapter] backup not required for verified known-free terminal-stop primary. duration=5.85328 known_len=10.2754[0m
[0m[INFO] [1784395842.374911961]: [highspeed_exp adapter] planned General MINCO exploration traj: pieces=3, duration=5.85328, max_v=4.00314, max_a=3.59749, sfc(raw/simplified/final)=3/2/2, corridor=general, prefix=yes, prefix_dur=0.430624, switch_delay=0.45, head_path_dist=0.326212, shifted_start=0, sched_v=2, opt_v=2, opt_bound=4, suffix_max_v=4.00314, suffix_max_a=3.59749, terminal_v=0, backup=no, backup_start=inf, backup_known_len=10.2754, sched_reason=curvature[0m
[0m[INFO] [1784395842.374938141]: [31m call planner [0m: 21.698[0m
[32m[plan success: new traj pub][0m: from PLAN_TRAJ to EXEC_TRAJ
[0m[INFO] [1784395840.368960308]: Publish local map size: 9444[0m
[0m[INFO] [1784395841.468942978]: Publish local map size: 9059[0m
[0m[INFO] [1784395842.468990008]: Publish local map size: 9374[0m
 -- [MARSIM] Running FPS: 222.008
 -- [TIMER] updateMap time consuming [32m 15.191857 ms[0m
 -- [TIMER] updateMap time consuming [32m 12.811410 ms[0m


[1;33m------------- <86> Plan Global Path start---------------[0m
[0m[INFO] [1784395842.807349184]: update topo skeleton cost: 76.374503ms, update odom vertex cost:177.668763ms [0m
[0m[INFO] [1784395842.812990031]: [view score] cluster=466 best_score=4.05503 visible_gain=3 speed=0.515833 corridor_cruise=0 hard_gate=0 rejected=0 top_k=2 known_free=6 clearance=1.15768 turn=1.42743 selected_yaw=2.74889 current_yaw=1.50731 yaw_delta=1.24159 heading_known_free=9.8 vp=(-11.3148, -1.51228, 1.3)[0m
[0m[INFO] [1784395842.843098608]: vp cluster cost: 1.839953ms  ,remove unreachable cost: 2.986742ms, select vp cost: 30.702512ms[0m
insert viewpoint to graph time: 36.8314 ms
[0m[INFO] [1784395842.880649296]: [edge cost] len=12.4812 total=8.50731 time=6.44059 turn_pen=2.01706 known_pen=0 backup_pen=0 yaw_pen=0.0496634 known_free=12.4812 min_clearance=0.843525 vel_limit=2 reason=curvature backup_feasible=1[0m
[0m[INFO] [1784395842.955182227]: [frontier lifecycle] selected cluster=631 selected_count=1 match_distance=0[0m
[0m[INFO] [1784395842.955213517]: [candidate cost] chosen_cluster=631 chosen_coverage=0 raw_best_cluster=631 raw_best_coverage=0 | #0 c=631/cp=0 J=20.915 T=3.39308 TB=0.73753 R=12 G=0.125364 W=0.0354337 D=0 C=10.4883 | #1 c=626/cp=0 J=22.4947 T=4.24136 TB=0.701035 R=12 G=0.27416 W=0.180457 D=0 C=11.7714 | #2 c=630/cp=0 J=22.9422 T=6.44059 TB=2.06672 R=12 G=0.299475 W=0.0274707 D=0 C=8.47503[0m
calculate tsp cost matrix cost 75.2279ms

tour solver cost: 2.80114ms
[1;33m-------------Plan Global Path end-----------------[0m

total time cost: 406.962ms
[32m[planGlobalPath: succeed][0m: from EXEC_TRAJ to PLAN_TRAJ
viz&&print cost:0.03731ms
[33m[WARN] [1784395842.986848899]: [highspeed_exp adapter] optimized trajectory safety check failed; retry slower: attempt=1 guide_speed=4 t=1.25 state=out_of_map start_clearance=2.18139 segment_min_clearance=2.44831 blocked_clearance=2.45931 recovery=0 clearance_regressed=0 left_exploration_boxes=1[0m
[33m[WARN] [1784395842.989628494]: [highspeed_exp adapter] optimized trajectory safety check failed; retry slower: attempt=2 guide_speed=3 t=1.55 state=out_of_map start_clearance=2.18139 segment_min_clearance=2.26803 blocked_clearance=2.27162 recovery=0 clearance_regressed=0 left_exploration_boxes=1[0m
[33m[WARN] [1784395842.990720953]: [highspeed_exp adapter] optimized trajectory safety check failed; retry slower: attempt=3 guide_speed=2.2 t=1.8 state=out_of_map start_clearance=2.18139 segment_min_clearance=2.52796 blocked_clearance=2.56025 recovery=0 clearance_regressed=0 left_exploration_boxes=1[0m
[0m[INFO] [1784395842.960612876]: [corridor cruise path] straighten direct known-free path: len=11.0394 align=0.989865 known_free=11.0394 pts=3[0m
[0m[INFO] [1784395842.960918003]: [path condition] raw_pts=25 conditioned_pts=3 dense_pts=7 len=11.0394 known_free=11.0394 min_clearance=0.638402 turn=1.27063e-06 max_local_turn=6.01055e-07 initial_heading=0.142495 backup_feasible=1 sched_v=4 reason=known_free[0m
[0m[INFO] [1784395842.994648536]: [highspeed_exp adapter] backup not required for verified known-free terminal-stop primary. duration=7.83277 known_len=12.5808[0m
[0m[INFO] [1784395842.994761075]: [highspeed_exp adapter] planned General MINCO exploration traj: pieces=3, duration=7.83277, max_v=3.89775, max_a=2.81745, sfc(raw/simplified/final)=4/2/2, corridor=general, prefix=yes, prefix_dur=0.418091, switch_delay=0.45, head_path_dist=0.0457554, shifted_start=0, sched_v=4, opt_v=1, opt_bound=1, suffix_max_v=3.89775, suffix_max_a=2.81745, terminal_v=0, backup=no, backup_start=inf, backup_known_len=12.5808, sched_reason=known_free[0m
[0m[INFO] [1784395842.994788025]: [31m call planner [0m: 34.465[0m
[32m[plan success: new traj pub][0m: from PLAN_TRAJ to EXEC_TRAJ
[0m[INFO] [1784395842.994993153]: [cloud input] mode=approximate_sync points=9466 age=0.0310235s stamp_valid=1[0m
 -- [TIMER] updateMap time consuming [32m 14.434825 ms[0m
[0m[INFO] [1784395843.023039440]: cloud odom callback cost: map update:23.7986ms  update frontier clusters: 4.21185ms  total: 28.0104ms
[0m
[0m[INFO] [1784395843.029323122]: [coverage guidance] plan valid=1 map_v=29 frontier_v=29 zones(f/u)=177/266 observed=12562/35519 coverage=0.3537 voxels(f/o/u)=5907/5866/789 active=5 reachable_unknown=154 route_nodes=160 preferred=8 cost=6.3ms[0m
 -- [TIMER] updateMap time consuming [32m 16.844502 ms[0m
[0m[INFO] [1784395843.160364553]: [global update] actual callback interval=607.056ms configured=200ms[0m


[1;33m------------- <87> Plan Global Path start---------------[0m
[0m[INFO] [1784395843.430417013]: update topo skeleton cost: 111.339947ms, update odom vertex cost:158.646663ms [0m
[0m[INFO] [1784395843.430452242]: [highspeed_exp adapter] safety map ready=1 rog_ready=1 cloud_size=9468[0m
[0m[INFO] [1784395843.435479495]: [view score] cluster=642 best_score=8.11398 visible_gain=3 speed=0.818731 corridor_cruise=0 hard_gate=0 rejected=0 top_k=2 known_free=7.2 clearance=1.94141 turn=0.103598 selected_yaw=-2.74889 current_yaw=1.83971 yaw_delta=1.69458 heading_known_free=13.8 vp=(16.6632, -1.14432, 3.3)[0m
[0m[INFO] [1784395843.456820735]: vp cluster cost: 1.757754ms  ,remove unreachable cost: 2.614105ms, select vp cost: 21.763696ms[0m
insert viewpoint to graph time: 33.817 ms
[0m[INFO] [1784395843.491173693]: [edge cost] len=12.5241 total=4.47786 time=3.53102 turn_pen=0.879057 known_pen=0 backup_pen=0 yaw_pen=0.0677833 known_free=12.5241 min_clearance=0.634604 vel_limit=4 reason=known_free backup_feasible=1[0m
[0m[INFO] [1784395843.545990769]: [candidate cost] chosen_cluster=642 chosen_coverage=0 raw_best_cluster=642 raw_best_coverage=0 | #0 c=642/cp=0 J=21.2627 T=3.53102 TB=0.94684 R=12 G=0.113606 W=0.0278687 D=0 C=10.4539 | #1 c=643/cp=0 J=24.6064 T=5.32666 TB=0.905539 R=12 G=0.247532 W=0.214553 D=0 C=12.5911 | #2 c=640/cp=0 J=26.4394 T=9.44005 TB=2.09125 R=12 G=0.142857 W=0.236174 D=0 C=8.94809[0m
calculate tsp cost matrix cost 55.3302ms

tour solver cost: 0.850552ms
[1;33m-------------Plan Global Path end-----------------[0m

total time cost: 388.677ms
[32m[planGlobalPath: succeed][0m: from EXEC_TRAJ to PLAN_TRAJ
viz&&print cost:0.02187ms
[33m[WARN] [1784395843.569056133]: [highspeed_exp adapter] optimized trajectory safety check failed; retry slower: attempt=1 guide_speed=2 t=1.4 state=out_of_map start_clearance=2.35414 segment_min_clearance=2.63131 blocked_clearance=2.66038 recovery=0 clearance_regressed=0 left_exploration_boxes=1[0m
[33m[WARN] [1784395843.572893367]: [highspeed_exp adapter] optimized trajectory safety check failed; retry slower: attempt=2 guide_speed=1.5 t=1.35 state=out_of_map start_clearance=2.35414 segment_min_clearance=2.59382 blocked_clearance=2.62035 recovery=0 clearance_regressed=0 left_exploration_boxes=1[0m
[33m[WARN] [1784395843.575631162]: [highspeed_exp adapter] optimized trajectory safety check failed; retry slower: attempt=3 guide_speed=1.1 t=1.35 state=out_of_map start_clearance=2.35414 segment_min_clearance=2.59139 blocked_clearance=2.61754 recovery=0 clearance_regressed=0 left_exploration_boxes=1[0m
[33m[WARN] [1784395843.578435225]: [highspeed_exp adapter] optimized trajectory safety check failed; retry slower: attempt=4 guide_speed=1 t=1.35 state=out_of_map start_clearance=2.35414 segment_min_clearance=2.59138 blocked_clearance=2.61753 recovery=0 clearance_regressed=0 left_exploration_boxes=1[0m
[33m[WARN] [1784395843.578445445]: [highspeed_exp adapter] General exploration MINCO optimization failed.[0m
[0m[INFO] [1784395843.549615335]: [path condition] raw_pts=24 conditioned_pts=4 dense_pts=8 len=12.5241 known_free=12.5241 min_clearance=0.633672 turn=1.01552 max_local_turn=0.729612 initial_heading=0.538231 backup_feasible=1 sched_v=3.37309 reason=curvature[0m
[0m[INFO] [1784395843.578464815]: [31m call planner [0m: 29.338[0m
[31m[PLAN_TRAJ: plan failed, keep safe terminal-stop trajectory][0m: from PLAN_TRAJ to EXEC_TRAJ
 -- [TIMER] updateMap time consuming [32m 13.406994 ms[0m
 -- [TIMER] updateMap time consuming [32m 10.840269 ms[0m


[1;33m------------- <88> Plan Global Path start---------------[0m
[0m[INFO] [1784395843.988068156]: update topo skeleton cost: 73.082545ms, update odom vertex cost:165.804456ms [0m
[0m[INFO] [1784395843.992312576]: [view score] cluster=642 best_score=5.30691 visible_gain=3 speed=0.601584 corridor_cruise=0 hard_gate=0 rejected=0 top_k=2 known_free=6.8 clearance=1.91552 turn=1.20537 selected_yaw=-2.74889 current_yaw=3.04438 yaw_delta=0.489908 heading_known_free=1.4 vp=(16.6632, -1.14432, 3.3)[0m
[0m[INFO] [1784395844.013024112]: vp cluster cost: 1.496896ms  ,remove unreachable cost: 2.229299ms, select vp cost: 21.071293ms[0m
insert viewpoint to graph time: 28.1841 ms
[0m[INFO] [1784395844.041702364]: [edge cost] len=12.3374 total=9.53472 time=6.36871 turn_pen=3.14641 known_pen=0 backup_pen=0 yaw_pen=0.0195963 known_free=12.3374 min_clearance=0.634604 vel_limit=2 reason=curvature backup_feasible=1[0m
[0m[INFO] [1784395844.064133034]: [frontier lifecycle] selected cluster=640 selected_count=1 match_distance=0[0m
[0m[INFO] [1784395844.064166684]: [candidate cost] chosen_cluster=640 chosen_coverage=0 raw_best_cluster=640 raw_best_coverage=0 | #0 c=640/cp=0 J=19.0957 T=4.14769 TB=0.0862237 R=12 G=0.142857 W=0.267074 D=0 C=8.94809 | #1 c=641/cp=0 J=19.2037 T=4.13821 TB=0.086222 R=12 G=0.0909091 W=0.267063 D=0 C=8.96171 | #2 c=466/cp=0 J=43.0496 T=20.6783 TB=7.18142 R=12 G=0.0909091 W=0.801756 D=0 C=9.97429[0m
calculate tsp cost matrix cost 22.9161ms

tour solver cost: 0.605304ms
[1;33m-------------Plan Global Path end-----------------[0m

total time cost: 318.964ms
[32m[planGlobalPath: succeed][0m: from EXEC_TRAJ to PLAN_TRAJ
viz&&print cost:0.02264ms
[0m[INFO] [1784395844.069173767]: [path condition] raw_pts=26 conditioned_pts=5 dense_pts=11 len=18.2308 known_free=18.2308 min_clearance=0.831521 turn=1.1953 max_local_turn=1.0868 initial_heading=0.0505355 backup_feasible=1 sched_v=2 reason=curvature[0m
[0m[INFO] [1784395844.096698269]: [highspeed_exp adapter] backup not required for verified known-free terminal-stop primary. duration=12.0092 known_len=17.6429[0m
[0m[INFO] [1784395844.096797258]: [highspeed_exp adapter] planned General MINCO exploration traj: pieces=3, duration=12.0092, max_v=2.11422, max_a=1.71094, sfc(raw/simplified/final)=3/2/2, corridor=general, prefix=yes, prefix_dur=0.425485, switch_delay=0.45, head_path_dist=0.407738, shifted_start=0, sched_v=2, opt_v=2, opt_bound=4, suffix_max_v=2.11422, suffix_max_a=1.71094, terminal_v=0, backup=no, backup_start=inf, backup_known_len=17.6429, sched_reason=curvature[0m
[0m[INFO] [1784395844.096827768]: [31m call planner [0m: 28.656[0m
[32m[plan success: new traj pub][0m: from PLAN_TRAJ to EXEC_TRAJ
[0m[INFO] [1784395844.096958427]: [cloud input] mode=approximate_sync points=9882 age=0.0329833s stamp_valid=1[0m
 -- [TIMER] updateMap time consuming [32m 11.814350 ms[0m
[0m[INFO] [1784395844.123095392]: cloud odom callback cost: map update:21.6484ms  update frontier clusters: 4.44736ms  total: 26.0958ms
[0m
 -- [TIMER] updateMap time consuming [32m 11.256195 ms[0m
[0m[INFO] [1784395844.268226834]: [global update] actual callback interval=519.042ms configured=200ms[0m


[1;33m------------- <89> Plan Global Path start---------------[0m
[0m[INFO] [1784395844.477724522]: update topo skeleton cost: 39.385972ms, update odom vertex cost:170.054498ms [0m
[0m[INFO] [1784395844.494159989]: [view score] cluster=641 best_score=5.72172 visible_gain=3 speed=1.0917 corridor_cruise=0 hard_gate=0 rejected=0 top_k=2 known_free=15.3197 clearance=2.33261 turn=1.56698 selected_yaw=-1.9635 current_yaw=-3.11276 yaw_delta=1.14926 heading_known_free=1.2 vp=(12.584, 2.81246, 2.5)[0m
[0m[INFO] [1784395844.504063086]: vp cluster cost: 1.693935ms  ,remove unreachable cost: 2.219469ms, select vp cost: 22.269741ms[0m
insert viewpoint to graph time: 33.678 ms
[0m[INFO] [1784395844.541841903]: [edge cost] len=55.3799 total=37.4133 time=27.89 turn_pen=9.50642 known_pen=0 backup_pen=0 yaw_pen=0.0168613 known_free=55.3799 min_clearance=0.462356 vel_limit=2 reason=curvature backup_feasible=1[0m
calculate tsp cost matrix cost 22.6227ms

tour solver cost: 0.751673ms
[1;33m-------------Plan Global Path end-----------------[0m

total time cost: 297.33ms
[32m[planGlobalPath: succeed][0m: from EXEC_TRAJ to PLAN_TRAJ
viz&&print cost:0.04756ms
[33m[WARN] [1784395844.590637396]: [highspeed_exp adapter] optimized trajectory safety check failed; retry slower: attempt=1 guide_speed=2.0151 t=0.9 state=out_of_map start_clearance=2.54319 segment_min_clearance=3.35079 blocked_clearance=3.41442 recovery=0 clearance_regressed=0 left_exploration_boxes=1[0m
[33m[WARN] [1784395844.592715566]: [highspeed_exp adapter] optimized trajectory safety check failed; retry slower: attempt=2 guide_speed=1.51133 t=1 state=out_of_map start_clearance=2.54319 segment_min_clearance=3.47831 blocked_clearance=3.54491 recovery=0 clearance_regressed=0 left_exploration_boxes=1[0m
[33m[WARN] [1784395844.597543661]: [highspeed_exp adapter] optimized trajectory safety check failed; retry slower: attempt=3 guide_speed=1.10831 t=4.4 state=out_of_map start_clearance=2.54319 segment_min_clearance=1.79883 blocked_clearance=1.81231 recovery=0 clearance_regressed=0 left_exploration_boxes=1[0m
[0m[INFO] [1784395844.566814809]: [path condition] raw_pts=26 conditioned_pts=5 dense_pts=10 len=17.8534 known_free=17.8534 min_clearance=0.831521 turn=1.15498 max_local_turn=1.04648 initial_heading=0.686999 backup_feasible=1 sched_v=2.0151 reason=curvature[0m
[0m[INFO] [1784395844.604263528]: [highspeed_exp adapter] backup not required for verified known-free terminal-stop primary. duration=13.3148 known_len=17.9876[0m
[0m[INFO] [1784395844.604354017]: [highspeed_exp adapter] planned General MINCO exploration traj: pieces=3, duration=13.3148, max_v=2.13075, max_a=1.72281, sfc(raw/simplified/final)=3/2/2, corridor=general, prefix=yes, prefix_dur=0.415268, switch_delay=0.45, head_path_dist=0.431787, shifted_start=0, sched_v=2.0151, opt_v=1, opt_bound=1.98501, suffix_max_v=2.13075, suffix_max_a=1.72281, terminal_v=0, backup=no, backup_start=inf, backup_known_len=17.9876, sched_reason=curvature[0m
[0m[INFO] [1784395844.604377697]: [31m call planner [0m: 38.620[0m
[32m[plan success: new traj pub][0m: from PLAN_TRAJ to EXEC_TRAJ
[0m[INFO] [1784395843.469289848]: Publish local map size: 10003[0m
[0m[INFO] [1784395844.568905859]: Publish local map size: 10045[0m
 -- [MARSIM] Running FPS: 215.57
 -- [TIMER] updateMap time consuming [32m 16.835643 ms[0m
 -- [TIMER] updateMap time consuming [32m 13.660232 ms[0m
 -- [TIMER] updateMap time consuming [32m 13.213996 ms[0m


[1;33m------------- <90> Plan Global Path start---------------[0m
[0m[INFO] [1784395844.979220088]: update topo skeleton cost: 46.675963ms, update odom vertex cost:166.811099ms [0m
[0m[INFO] [1784395844.994902962]: [view score] cluster=641 best_score=6.22662 visible_gain=3 speed=0.994752 corridor_cruise=0 hard_gate=0 rejected=0 top_k=2 known_free=15.3022 clearance=2.33261 turn=1.41077 selected_yaw=-1.9635 current_yaw=2.59614 yaw_delta=1.72355 heading_known_free=0.6 vp=(12.584, 2.81246, 2.5)[0m
[0m[INFO] [1784395845.004863598]: vp cluster cost: 1.728114ms  ,remove unreachable cost: 2.167360ms, select vp cost: 21.607698ms[0m
insert viewpoint to graph time: 28.644 ms
[0m[INFO] [1784395845.042015091]: [edge cost] len=47.5825 total=36.608 time=23.9912 turn_pen=12.5478 known_pen=0 backup_pen=0 yaw_pen=0.0689419 known_free=47.5825 min_clearance=0.48257 vel_limit=2 reason=curvature backup_feasible=1[0m
[0m[INFO] [1784395845.071061359]: [candidate cost] chosen_cluster=640 chosen_coverage=0 raw_best_cluster=640 raw_best_coverage=0 | #0 c=640/cp=0 J=15.3765 T=4.76205 TB=0.993245 R=12 G=0.142857 W=0.0522629 D=0 C=3.38535 | #1 c=641/cp=0 J=20.2862 T=8.08372 TB=3.39801 R=12 G=0.0909091 W=0.322165 D=0 C=2.86949 | #2 c=639/cp=0 J=32.5621 T=14.605 TB=3.3858 R=12 G=0.142857 W=0.0874454 D=0 C=8.38821[0m
calculate tsp cost matrix cost 37.5252ms

tour solver cost: 1.89401ms
[1;33m-------------Plan Global Path end-----------------[0m

total time cost: 311.628ms
[32m[planGlobalPath: succeed][0m: from EXEC_TRAJ to PLAN_TRAJ
viz&&print cost:0.03863ms
[33m[WARN] [1784395845.102773333]: [highspeed_exp adapter] optimized trajectory safety check failed; retry slower: attempt=1 guide_speed=2.31357 t=0.7 state=out_of_map start_clearance=2.96609 segment_min_clearance=3.61813 blocked_clearance=3.62561 recovery=0 clearance_regressed=0 left_exploration_boxes=1[0m
[33m[WARN] [1784395845.105996673]: [highspeed_exp adapter] optimized trajectory safety check failed; retry slower: attempt=2 guide_speed=1.73518 t=1.45 state=out_of_map start_clearance=2.96609 segment_min_clearance=3.60703 blocked_clearance=3.61427 recovery=0 clearance_regressed=0 left_exploration_boxes=1[0m
[33m[WARN] [1784395845.111071215]: [highspeed_exp adapter] optimized trajectory safety check failed; retry slower: attempt=3 guide_speed=1.27247 t=4.55 state=out_of_map start_clearance=2.96609 segment_min_clearance=1.83363 blocked_clearance=1.87529 recovery=0 clearance_regressed=0 left_exploration_boxes=1[0m
[0m[INFO] [1784395845.078433800]: [path condition] raw_pts=26 conditioned_pts=5 dense_pts=10 len=17.4405 known_free=17.4405 min_clearance=0.831521 turn=1.08534 max_local_turn=0.976833 initial_heading=0.560182 backup_feasible=1 sched_v=2.31357 reason=curvature[0m
[0m[INFO] [1784395845.119235919]: [highspeed_exp adapter] backup not required for verified known-free terminal-stop primary. duration=13.6975 known_len=17.6527[0m
[0m[INFO] [1784395845.119322148]: [highspeed_exp adapter] planned General MINCO exploration traj: pieces=3, duration=13.6975, max_v=2.11127, max_a=1.72281, sfc(raw/simplified/final)=3/2/2, corridor=general, prefix=yes, prefix_dur=0.411578, switch_delay=0.45, head_path_dist=0.160725, shifted_start=0, sched_v=2.31357, opt_v=1, opt_bound=1.72893, suffix_max_v=2.11127, suffix_max_a=1.64202, terminal_v=0, backup=no, backup_start=inf, backup_known_len=17.6527, sched_reason=curvature[0m
[0m[INFO] [1784395845.119347458]: [31m call planner [0m: 41.955[0m
[32m[plan success: new traj pub][0m: from PLAN_TRAJ to EXEC_TRAJ
[0m[INFO] [1784395845.119452087]: [cloud input] mode=approximate_sync points=8740 age=0.0554843s stamp_valid=1[0m
 -- [TIMER] updateMap time consuming [32m 14.101788 ms[0m
[0m[INFO] [1784395845.148559135]: cloud odom callback cost: map update:24.6362ms  update frontier clusters: 4.43814ms  total: 29.0744ms
[0m
[0m[INFO] [1784395845.154703387]: [coverage guidance] plan valid=1 map_v=31 frontier_v=31 zones(f/u)=178/265 observed=12702/35519 coverage=0.3576 voxels(f/o/u)=6017/5880/805 active=7 reachable_unknown=152 route_nodes=160 preferred=9 cost=6.1ms[0m
 -- [TIMER] updateMap time consuming [32m 11.199165 ms[0m
 -- [TIMER] updateMap time consuming [32m 10.597581 ms[0m
[0m[INFO] [1784395845.292997094]: [global update] actual callback interval=527.261ms configured=200ms[0m


[1;33m------------- <91> Plan Global Path start---------------[0m
[0m[INFO] [1784395845.537498098]: update topo skeleton cost: 79.987452ms, update odom vertex cost:164.448863ms [0m
[0m[INFO] [1784395845.537539368]: [highspeed_exp adapter] safety map ready=1 rog_ready=1 cloud_size=10013[0m
[0m[INFO] [1784395845.542152905]: [view score] cluster=466 best_score=7.7154 visible_gain=3 speed=0.846595 corridor_cruise=0 hard_gate=0 rejected=0 top_k=2 known_free=4.2 clearance=1.15768 turn=0.576844 selected_yaw=2.74889 current_yaw=1.87064 yaw_delta=0.878255 heading_known_free=0.2 vp=(-11.3148, -1.51228, 1.3)[0m
[0m[INFO] [1784395845.561938480]: vp cluster cost: 1.667734ms  ,remove unreachable cost: 2.549696ms, select vp cost: 20.105102ms[0m
insert viewpoint to graph time: 28.6485 ms
[0m[INFO] [1784395845.591261366]: [edge cost] len=13.3877 total=9.74693 time=6.89387 turn_pen=2.78651 known_pen=0 backup_pen=0 yaw_pen=0.0665461 known_free=13.3877 min_clearance=0.634887 vel_limit=2 reason=curvature backup_feasible=1[0m
[0m[INFO] [1784395845.635986768]: [candidate cost] chosen_cluster=640 chosen_coverage=0 raw_best_cluster=640 raw_best_coverage=0 | #0 c=640/cp=0 J=14.8413 T=4.66075 TB=0.60577 R=12 G=0.142857 W=0.0832109 D=0 C=3.38535 | #1 c=642/cp=0 J=17.5804 T=6.89387 TB=2.85306 R=12 G=0.0950455 W=0.144819 D=0 C=1.64083 | #2 c=641/cp=0 J=18.8969 T=7.97797 TB=2.16088 R=12 G=0.0909091 W=0.353113 D=0 C=2.86949[0m
calculate tsp cost matrix cost 45.3244ms

tour solver cost: 0.727914ms
[1;33m-------------Plan Global Path end-----------------[0m

total time cost: 348.041ms
[32m[planGlobalPath: succeed][0m: from EXEC_TRAJ to PLAN_TRAJ
viz&&print cost:0.03715ms
[33m[WARN] [1784395845.666439533]: [highspeed_exp adapter] optimized trajectory safety check failed; retry slower: attempt=1 guide_speed=4 t=0.9 state=out_of_map start_clearance=3.6071 segment_min_clearance=3.60647 blocked_clearance=3.61701 recovery=0 clearance_regressed=0 left_exploration_boxes=1[0m
[33m[WARN] [1784395845.671919042]: [highspeed_exp adapter] optimized trajectory safety check failed; retry slower: attempt=2 guide_speed=3 t=1.3 state=out_of_map start_clearance=3.6071 segment_min_clearance=3.22979 blocked_clearance=3.22979 recovery=0 clearance_regressed=0 left_exploration_boxes=1[0m
[33m[WARN] [1784395845.676175582]: [highspeed_exp adapter] optimized trajectory safety check failed; retry slower: attempt=3 guide_speed=2.2 t=2.25 state=out_of_map start_clearance=3.6071 segment_min_clearance=1.69298 blocked_clearance=1.69298 recovery=0 clearance_regressed=0 left_exploration_boxes=1[0m
[33m[WARN] [1784395845.679062575]: [highspeed_exp adapter] optimized trajectory safety check failed; retry slower: attempt=4 guide_speed=1 t=3.3 state=out_of_map start_clearance=3.6071 segment_min_clearance=0.577819 blocked_clearance=0.577819 recovery=0 clearance_regressed=0 left_exploration_boxes=1[0m
[33m[WARN] [1784395845.679081754]: [highspeed_exp adapter] General exploration MINCO optimization failed.[0m
[0m[INFO] [1784395845.641560755]: [corridor cruise path] straighten direct known-free path: len=15.5497 align=0.906835 known_free=15.5497 pts=4[0m
[0m[INFO] [1784395845.642228179]: [path condition] raw_pts=26 conditioned_pts=4 dense_pts=10 len=15.5497 known_free=15.5497 min_clearance=1.31682 turn=1.33352e-05 max_local_turn=3.74313e-07 initial_heading=0.435084 backup_feasible=1 sched_v=4 reason=known_free[0m
[0m[INFO] [1784395845.679115594]: [31m call planner [0m: 37.974[0m
[31m[PLAN_TRAJ: plan failed, keep safe terminal-stop trajectory][0m: from PLAN_TRAJ to EXEC_TRAJ
 -- [TIMER] updateMap time consuming [32m 14.447715 ms[0m
 -- [TIMER] updateMap time consuming [32m 8.401051 ms[0m


[1;33m------------- <92> Plan Global Path start---------------[0m
[0m[INFO] [1784395845.975932519]: update topo skeleton cost: 68.746247ms, update odom vertex cost:66.031312ms [0m
[0m[INFO] [1784395846.000567999]: vp cluster cost: 1.509126ms  ,remove unreachable cost: 2.366508ms, select vp cost: 20.654917ms[0m
insert viewpoint to graph time: 26.6542 ms
[0m[INFO] [1784395846.075038483]: [frontier lifecycle] selected cluster=642 selected_count=2 match_distance=0[0m
calculate tsp cost matrix cost 47.7888ms

tour solver cost: 2.10255ms
[1;33m-------------Plan Global Path end-----------------[0m

total time cost: 237.277ms
[32m[planGlobalPath: succeed][0m: from EXEC_TRAJ to PLAN_TRAJ
viz&&print cost:0.02442ms
[0m[INFO] [1784395846.079297164]: [path condition] raw_pts=13 conditioned_pts=4 dense_pts=8 len=11.8351 known_free=11.8351 min_clearance=0.642539 turn=0.898796 max_local_turn=0.898779 initial_heading=0.565319 backup_feasible=1 sched_v=2.64809 reason=curvature[0m
[0m[INFO] [1784395846.101804373]: [highspeed_exp adapter] backup not required for verified known-free terminal-stop primary. duration=5.75733 known_len=10.868[0m
[0m[INFO] [1784395846.101894352]: [highspeed_exp adapter] planned General MINCO exploration traj: pieces=3, duration=5.75733, max_v=2.649, max_a=1.91723, sfc(raw/simplified/final)=4/2/2, corridor=general, prefix=yes, prefix_dur=0.428488, switch_delay=0.45, head_path_dist=0.536044, shifted_start=0, sched_v=2.64809, opt_v=2.64809, opt_bound=2.64809, suffix_max_v=2.649, suffix_max_a=1.91723, terminal_v=0, backup=no, backup_start=inf, backup_known_len=10.868, sched_reason=curvature[0m
[0m[INFO] [1784395846.101920242]: [31m call planner [0m: 23.461[0m
[32m[plan success: new traj pub][0m: from PLAN_TRAJ to EXEC_TRAJ
 -- [TIMER] updateMap time consuming [32m 10.980477 ms[0m
[0m[INFO] [1784395846.169078965]: [cloud input] mode=approximate_sync points=9791 age=0.00508086s stamp_valid=1[0m
 -- [TIMER] updateMap time consuming [32m 10.988537 ms[0m
[0m[INFO] [1784395846.194851994]: cloud odom callback cost: map update:21.326ms  update frontier clusters: 4.38624ms  total: 25.7122ms
[0m
 -- [TIMER] updateMap time consuming [32m 10.337544 ms[0m
 -- [TIMER] updateMap time consuming [32m 10.204744 ms[0m
 -- [TIMER] updateMap time consuming [32m 9.607980 ms[0m
 -- [TIMER] updateMap time consuming [32m 8.938846 ms[0m
[0m[INFO] [1784395846.590226712]: [global update] actual callback interval=298.041ms configured=200ms[0m


[1;33m------------- <94> Plan Global Path start---------------[0m
[0m[INFO] [1784395846.672076298]: update topo skeleton cost: 42.043267ms, update odom vertex cost:39.751849ms [0m
[0m[INFO] [1784395846.678261900]: [view score] cluster=440 best_score=16.1363 visible_gain=14 speed=2.00783 corridor_cruise=0 hard_gate=0 rejected=0 top_k=2 known_free=4.8 clearance=1.47218 turn=1.11442 selected_yaw=-1.9635 current_yaw=1.34176 yaw_delta=2.97793 heading_known_free=4.4 vp=(-12.216, 11.4553, 1.55714)[0m
[0m[INFO] [1784395846.684783039]: vp cluster cost: 1.150989ms  ,remove unreachable cost: 2.367358ms, select vp cost: 9.059195ms[0m
insert viewpoint to graph time: 18.5033 ms
[0m[INFO] [1784395846.704746513]: [edge cost] len=42.1355 total=31.2131 time=21.2677 turn_pen=9.85761 known_pen=0 backup_pen=0 yaw_pen=0.0877015 known_free=42.1355 min_clearance=0.462356 vel_limit=2 reason=curvature backup_feasible=1[0m
[0m[INFO] [1784395846.708110361]: [frontier lifecycle] selected cluster=639 selected_count=1 match_distance=0[0m
[0m[INFO] [1784395846.708120911]: [candidate cost] chosen_cluster=639 coverage_id=0 total=22.0439 travel=6.82614 turn_brake=0.774672 future_return=0 gain=0.142857 wait=0.180775 debt=0 coverage=15 failed_goal=0[0m
[1;33m-------------Plan Global Path end-----------------[0m

total time cost: 117.937ms
[32m[planGlobalPath: succeed][0m: from EXEC_TRAJ to PLAN_TRAJ
[0m[INFO] [1784395846.708203021]: [frontier storage] labels=5274/3739 normals=116/823 clusters=10 terminal=0 cluster_cells(cap)=68 candidates(cap)=16 derived_viewpoints(cap)=0 estimated_kb=86.4941 revision=170 audit_ready=0[0m
viz&&print cost:0.022359ms
[33m[WARN] [1784395846.739760796]: [highspeed_exp adapter] invalid safe flight corridor after simplify/shortcut: tail_outside_last_poly[0m
[0m[INFO] [1784395846.708882484]: [path condition] raw_pts=121 conditioned_pts=8 dense_pts=17 len=26 known_free=26 min_clearance=0.469007 turn=1.41894 max_local_turn=0.71212 initial_heading=0.464637 backup_feasible=1 sched_v=2.72755 reason=curvature[0m
[0m[INFO] [1784395846.739807745]: [31m call planner [0m: 31.568[0m
[31m[PLAN_TRAJ: plan failed, keep safe terminal-stop trajectory][0m: from PLAN_TRAJ to EXEC_TRAJ
 -- [TIMER] updateMap time consuming [32m 9.498981 ms[0m
 -- [TIMER] updateMap time consuming [32m 9.363003 ms[0m
 -- [TIMER] updateMap time consuming [32m 8.150994 ms[0m


[1;33m------------- <95> Plan Global Path start---------------[0m
[0m[INFO] [1784395846.967369790]: update topo skeleton cost: 18.465407ms, update odom vertex cost:40.590801ms [0m
[0m[INFO] [1784395846.979127480]: vp cluster cost: 1.242798ms  ,remove unreachable cost: 2.656196ms, select vp cost: 7.682948ms[0m
insert viewpoint to graph time: 9.59712 ms
[1;33m-------------Plan Global Path end-----------------[0m

total time cost: 84.6915ms
[32m[planGlobalPath: succeed][0m: from EXEC_TRAJ to PLAN_TRAJ
viz&&print cost:0.03504ms
[33m[WARN] [1784395847.032630411]: [highspeed_exp adapter] optimized candidate violates commit dynamics; retry slower: attempt=1 guide_speed=2 vel_bound=5 max_v=5.35831 max_a=3.95563[0m
[33m[WARN] [1784395847.036031519]: [highspeed_exp adapter] optimized candidate violates commit dynamics; retry slower: attempt=2 guide_speed=1.5 vel_bound=3.75 max_v=5.2129 max_a=3.86564[0m
[33m[WARN] [1784395847.039335908]: [highspeed_exp adapter] optimized candidate violates commit dynamics; retry slower: attempt=3 guide_speed=1.1 vel_bound=2.75 max_v=5.23518 max_a=3.90713[0m
[33m[WARN] [1784395847.042843546]: [highspeed_exp adapter] optimized candidate violates commit dynamics; retry slower: attempt=4 guide_speed=1 vel_bound=2.51259 max_v=5.24811 max_a=3.92761[0m
[33m[WARN] [1784395847.042850856]: [highspeed_exp adapter] General exploration MINCO optimization failed.[0m
[0m[INFO] [1784395846.993805633]: [path condition] raw_pts=177 conditioned_pts=13 dense_pts=19 len=26 known_free=26 min_clearance=0.469578 turn=2.50399 max_local_turn=0.514025 initial_heading=0.8783 backup_feasible=1 sched_v=2.73586 reason=curvature[0m
[0m[INFO] [1784395847.042866906]: [31m call planner [0m: 49.832[0m
[31m[PLAN_TRAJ: plan failed, keep safe terminal-stop trajectory][0m: from PLAN_TRAJ to EXEC_TRAJ
[0m[INFO] [1784395845.569142492]: Publish local map size: 9257[0m
[0m[INFO] [1784395846.570114040]: Publish local map size: 9612[0m
 -- [MARSIM] Running FPS: 216.927
 -- [TIMER] updateMap time consuming [32m 10.378034 ms[0m
 -- [TIMER] updateMap time consuming [32m 11.405483 ms[0m
 -- [TIMER] updateMap time consuming [32m 7.392761 ms[0m


[1;33m------------- <96> Plan Global Path start---------------[0m
[0m[INFO] [1784395847.284718630]: update topo skeleton cost: 33.275399ms, update odom vertex cost:58.362226ms [0m
[0m[INFO] [1784395847.291406597]: [view score] cluster=639 best_score=3.11111 visible_gain=5 speed=2.15457 corridor_cruise=0 hard_gate=0 rejected=0 top_k=2 known_free=3.2 clearance=2.42572 turn=0.31438 selected_yaw=1.09491 current_yaw=1.09491 yaw_delta=0 heading_known_free=3.6 vp=(16.037, 16.3252, 2.5)[0m
[0m[INFO] [1784395847.299380193]: vp cluster cost: 1.334417ms  ,remove unreachable cost: 2.503447ms, select vp cost: 10.679880ms[0m
insert viewpoint to graph time: 10.5663 ms
[0m[INFO] [1784395847.311445140]: [edge cost] len=40.4734 total=30.8669 time=20.4367 turn_pen=10.364 known_pen=0 backup_pen=0 yaw_pen=0.0661592 known_free=40.4734 min_clearance=0.462356 vel_limit=2 reason=curvature backup_feasible=1[0m
[0m[INFO] [1784395847.313723619]: [candidate cost] chosen_cluster=639 coverage_id=0 total=21.8942 travel=6.48734 turn_brake=0.741823 future_return=0 gain=0.142857 wait=0.0328469 debt=0 coverage=15 failed_goal=0[0m
[1;33m-------------Plan Global Path end-----------------[0m

total time cost: 120.756ms
[32m[planGlobalPath: succeed][0m: from EXEC_TRAJ to PLAN_TRAJ
viz&&print cost:0.01768ms
[33m[WARN] [1784395847.447313033]: [highspeed_exp adapter] reject frontend path: failed to align optimization head. head_path_dist=1.53133 max_allowed=1.125 switch_delay=0.45 speed=2.21029[0m
[0m[INFO] [1784395847.313901338]: [cloud input] mode=approximate_sync points=9788 age=0.0499718s stamp_valid=1[0m
 -- [TIMER] updateMap time consuming [32m 9.599141 ms[0m
[0m[INFO] [1784395847.335161509]: cloud odom callback cost: map update:18.3388ms  update frontier clusters: 2.88889ms  total: 21.2277ms
[0m
[0m[INFO] [1784395847.341325072]: [coverage guidance] plan valid=1 map_v=33 frontier_v=33 zones(f/u)=188/264 observed=13029/35519 coverage=0.3668 voxels(f/o/u)=6252/5924/853 active=5 reachable_unknown=154 route_nodes=160 preferred=8 cost=6.2ms[0m
 -- [TIMER] updateMap time consuming [32m 7.753568 ms[0m
[0m[INFO] [1784395847.447279233]: [path horizon] shorten high-curvature local path: horizon=17.0632m pts=14 turn=1.54534 max_local_turn=0.493068[0m
[0m[INFO] [1784395847.447300433]: [path condition] raw_pts=204 conditioned_pts=16 dense_pts=14 len=17.0632 known_free=17.0632 min_clearance=0.47117 turn=1.54534 max_local_turn=0.493068 initial_heading=1.16976 backup_feasible=1 sched_v=2 reason=curvature[0m
[0m[INFO] [1784395847.447328173]: [31m call planner [0m: 2.047[0m
[31m[PLAN_TRAJ: plan failed, keep safe terminal-stop trajectory][0m: from PLAN_TRAJ to EXEC_TRAJ
 -- [TIMER] updateMap time consuming [32m 7.988446 ms[0m


[1;33m------------- <97> Plan Global Path start---------------[0m
[0m[INFO] [1784395847.606748366]: update topo skeleton cost: 35.296701ms, update odom vertex cost:57.528743ms [0m
[0m[INFO] [1784395847.606776286]: [highspeed_exp adapter] safety map ready=1 rog_ready=1 cloud_size=9456[0m
[0m[INFO] [1784395847.621237411]: vp cluster cost: 1.376237ms  ,remove unreachable cost: 2.734174ms, select vp cost: 10.236505ms[0m
insert viewpoint to graph time: 12.1814 ms
[1;33m-------------Plan Global Path end-----------------[0m

total time cost: 125.495ms
[32m[planGlobalPath: succeed][0m: from EXEC_TRAJ to PLAN_TRAJ
viz&&print cost:0.02191ms
 -- [TIMER] updateMap time consuming [32m 7.721878 ms[0m
 -- [TIMER] updateMap time consuming [32m 8.399572 ms[0m
 -- [TIMER] updateMap time consuming [32m 8.033005 ms[0m
[0m[INFO] [1784395847.839520404]: [global update] actual callback interval=325.586ms configured=200ms[0m


[1;33m------------- <98> Plan Global Path start---------------[0m
[0m[INFO] [1784395847.968142795]: update topo skeleton cost: 47.131111ms, update odom vertex cost:81.429890ms [0m
[0m[INFO] [1784395847.974234178]: [view score] cluster=639 best_score=1.83476 visible_gain=5 speed=2.37144 corridor_cruise=0 hard_gate=0 rejected=0 top_k=2 known_free=1.8 clearance=2.42572 turn=0.606141 selected_yaw=0.947385 current_yaw=0.947385 yaw_delta=0 heading_known_free=4.4 vp=(16.037, 16.3252, 2.5)[0m
[0m[INFO] [1784395847.983578811]: vp cluster cost: 1.526935ms  ,remove unreachable cost: 2.686066ms, select vp cost: 11.088776ms[0m
insert viewpoint to graph time: 14.9645 ms
[0m[INFO] [1784395848.000010968]: [edge cost] len=39.592 total=33.1059 time=19.996 turn_pen=13.0378 known_pen=0 backup_pen=0 yaw_pen=0.0720603 known_free=39.592 min_clearance=0.48257 vel_limit=2 reason=curvature backup_feasible=1[0m
[0m[INFO] [1784395848.002194657]: [candidate cost] chosen_cluster=639 coverage_id=0 total=20.4712 travel=5.58159 turn_brake=0.362059 future_return=0 gain=0.142857 wait=0.0708588 debt=0 coverage=14.9195 failed_goal=0[0m
[1;33m-------------Plan Global Path end-----------------[0m

total time cost: 162.724ms
[32m[planGlobalPath: succeed][0m: from PLAN_TRAJ to PLAN_TRAJ
viz&&print cost:0.014739ms
[33m[WARN] [1784395848.053239292]: [highspeed_exp adapter] reject frontend path: failed to align optimization head. head_path_dist=1.58232 max_allowed=1.125 switch_delay=0.45 speed=2.46985[0m
 -- [TIMER] updateMap time consuming [32m 8.587560 ms[0m
[0m[INFO] [1784395848.053201582]: [path horizon] shorten high-curvature local path: horizon=14.8422m pts=9 turn=0.830515 max_local_turn=0.637156[0m
[0m[INFO] [1784395848.053224352]: [path condition] raw_pts=184 conditioned_pts=14 dense_pts=9 len=14.8422 known_free=14.8422 min_clearance=0.463632 turn=0.830515 max_local_turn=0.637156 initial_heading=1.20775 backup_feasible=1 sched_v=2 reason=curvature[0m
[0m[INFO] [1784395848.053254341]: [31m call planner [0m: 0.877[0m
[31m[PLAN_TRAJ: plan failed, keep safe terminal-stop trajectory][0m: from PLAN_TRAJ to EXEC_TRAJ
 -- [TIMER] updateMap time consuming [32m 7.467750 ms[0m
 -- [TIMER] updateMap time consuming [32m 8.243873 ms[0m


[1;33m------------- <99> Plan Global Path start---------------[0m
[0m[INFO] [1784395848.316736697]: update topo skeleton cost: 36.429561ms, update odom vertex cost:77.928364ms [0m
[0m[INFO] [1784395848.328205000]: vp cluster cost: 1.375447ms  ,remove unreachable cost: 2.048231ms, select vp cost: 7.907386ms[0m
insert viewpoint to graph time: 16.6653 ms
[33m[WARN] [1784395848.348650609]: [candidate gate] all reachable frontiers require reversal; keep current command and brake before reorientation. speed=2.52945 rejected=7[0m
[1;33m-------------Plan Global Path end-----------------[0m

total time cost: 146.353ms
[31m[planGlobalPath: brake before goal reversal][0m: from EXEC_TRAJ to REORIENT
viz&&print cost:0.02687ms
[33m[WARN] [1784395848.348857107]: [controlled stop] committed braking trajectory: id=38 speed=2.5953 prefix=0.08 duration=0.73 distance=1.05746 terminal_v=5.05411e-15 terminal_a=4.85263e-14[0m
[33m[WARN] [1784395848.348881757]: [controlled stop] published braking trajectory id=38 duration=0.73[0m
[33m[WARN] [1784395848.348892657]: [reorient] request controlled stop: speed=2.52945 elapsed=2.0139e-05 backup_braking=0 odom_age=0.154682[0m
[33m[WARN] [1784395848.348903617]: [reorient] braking before goal reversal: speed=2.52945 elapsed=2.0139e-05 backup_braking=0 odom_age=0.154682 odom_fresh=1[0m
[0m[INFO] [1784395848.348969906]: [cloud input] mode=approximate_sync points=9961 age=0.085003s stamp_valid=1[0m
 -- [TIMER] updateMap time consuming [32m 9.572731 ms[0m
[0m[INFO] [1784395848.368731322]: cloud odom callback cost: map update:16.9412ms  update frontier clusters: 2.78781ms  total: 19.729ms
[0m
 -- [TIMER] updateMap time consuming [32m 9.474962 ms[0m
 -- [TIMER] updateMap time consuming [32m 12.181626 ms[0m


[1;33m------------- <100> Plan Global Path start---------------[0m
[0m[INFO] [1784395848.653380710]: update topo skeleton cost: 38.240033ms, update odom vertex cost:66.325273ms [0m
[0m[INFO] [1784395848.657493252]: [view score] cluster=466 best_score=2.23513 visible_gain=3 speed=2.52189 corridor_cruise=0 hard_gate=0 rejected=0 top_k=2 known_free=6 clearance=1.15768 turn=1.98068 selected_yaw=2.74889 current_yaw=1.09525 yaw_delta=1.65364 heading_known_free=2.8 vp=(-11.3148, -1.51228, 1.3)[0m
[0m[INFO] [1784395848.660902060]: vp cluster cost: 1.579465ms  ,remove unreachable cost: 2.094870ms, select vp cost: 3.745236ms[0m
insert viewpoint to graph time: 18.073 ms
[0m[INFO] [1784395848.680900794]: [edge cost] len=59.6367 total=53.7617 time=30.0184 turn_pen=23.7433 known_pen=0 backup_pen=0 yaw_pen=0 known_free=59.6367 min_clearance=0.56082 vel_limit=2 reason=curvature backup_feasible=1[0m
[1;33m-------------Plan Global Path end-----------------[0m

total time cost: 134.607ms
viz&&print cost:0.024989ms
[33m[WARN] [1784395848.856400969]: [reorient] braking before goal reversal: speed=0.651747 elapsed=0.507646 backup_braking=1 odom_age=0.00235234 odom_fresh=1[0m
 -- [TIMER] updateMap time consuming [32m 12.311675 ms[0m
 -- [TIMER] updateMap time consuming [32m 9.841128 ms[0m
 -- [TIMER] updateMap time consuming [32m 10.772220 ms[0m
[0m[INFO] [1784395848.891869018]: [global update] actual callback interval=343.059ms configured=200ms[0m


[1;33m------------- <101> Plan Global Path start---------------[0m
[0m[INFO] [1784395849.009375044]: update topo skeleton cost: 55.056727ms, update odom vertex cost:62.402419ms [0m
[0m[INFO] [1784395849.015097720]: vp cluster cost: 1.290668ms  ,remove unreachable cost: 2.038051ms, select vp cost: 2.311418ms[0m
insert viewpoint to graph time: 18.0896 ms
[33m[WARN] [1784395849.036934077]: [candidate gate] all reachable frontiers require reversal; keep current command and brake before reorientation. speed=0.528636 rejected=7[0m
[1;33m-------------Plan Global Path end-----------------[0m

total time cost: 145.098ms
viz&&print cost:0.02332ms
 -- [TIMER] updateMap time consuming [32m 6.827866 ms[0m
[32m[REORIENT: vehicle stopped][0m: from REORIENT to PLAN_TRAJ
[33m[WARN] [1784395849.086191969]: [highspeed_traj_server] trajectory 38 exhausted at 0.737/0.730 s; entering endpoint HOLD (terminal |v|=0.000 m/s, |a|=0.000 m/s^2).[0m
[33m[WARN] [1784395849.105681767]: [highspeed_exp adapter] optimized trajectory safety check failed; retry slower: attempt=1 guide_speed=3.47082 t=2.1 state=out_of_map start_clearance=1.18887 segment_min_clearance=0.995199 blocked_clearance=1.03656 recovery=0 clearance_regressed=0 left_exploration_boxes=1[0m
[33m[WARN] [1784395849.123833338]: [highspeed_exp adapter] optimized trajectory safety check failed; retry slower: attempt=2 guide_speed=2.60312 t=2.8 state=out_of_map start_clearance=1.18887 segment_min_clearance=1.01064 blocked_clearance=1.04042 recovery=0 clearance_regressed=0 left_exploration_boxes=1[0m
[33m[WARN] [1784395849.136280943]: [highspeed_exp adapter] optimized trajectory safety check failed; retry slower: attempt=3 guide_speed=1.90895 t=3.8 state=out_of_map start_clearance=1.18887 segment_min_clearance=1.02749 blocked_clearance=1.04703 recovery=0 clearance_regressed=0 left_exploration_boxes=1[0m
[33m[WARN] [1784395849.142921331]: [highspeed_exp adapter] optimized trajectory safety check failed; retry slower: attempt=4 guide_speed=1 t=7.1 state=out_of_map start_clearance=1.18887 segment_min_clearance=1.0269 blocked_clearance=1.03932 recovery=0 clearance_regressed=0 left_exploration_boxes=1[0m
[33m[WARN] [1784395849.142941091]: [highspeed_exp adapter] General exploration MINCO optimization failed.[0m
[33m[WARN] [1784395849.142974580]: [plan recovery] temporarily defer failed goal cluster=639 goal=( 16.037 16.3252     2.5) cooldown=30s penalty=2000 active_deferred=1[0m
[33m[WARN] [1784395849.143000930]: [plan recovery] refresh goal after repeated failures; retry_delay=0.6 safe_committed=0[0m
[0m[INFO] [1784395849.053816380]: [path condition] raw_pts=109 conditioned_pts=7 dense_pts=15 len=23.1838 known_free=23.1838 min_clearance=0.469348 turn=1.04572 max_local_turn=0.706808 initial_heading=0.205381 backup_feasible=1 sched_v=3.47082 reason=curvature[0m
[0m[INFO] [1784395849.142954291]: [31m call planner [0m: 89.895[0m
[31m[PLAN_TRAJ: plan failed][0m: from PLAN_TRAJ to PLAN_TRAJ
 -- [TIMER] updateMap time consuming [32m 8.314152 ms[0m
 -- [TIMER] updateMap time consuming [32m 7.192943 ms[0m


[1;33m------------- <102> Plan Global Path start---------------[0m
[0m[INFO] [1784395849.306130262]: update topo skeleton cost: 48.156442ms, update odom vertex cost:20.880375ms [0m
[0m[INFO] [1784395849.309918597]: [view score] cluster=466 best_score=-4.06702 visible_gain=3 speed=0 corridor_cruise=0 hard_gate=0 rejected=0 top_k=2 known_free=0.8 clearance=1.15768 turn=0 selected_yaw=2.74889 current_yaw=1.07953 yaw_delta=1.66937 heading_known_free=2.8 vp=(-11.3148, -1.51228, 1.3)[0m
[0m[INFO] [1784395849.311933868]: vp cluster cost: 1.294708ms  ,remove unreachable cost: 2.199590ms, select vp cost: 2.222319ms[0m
insert viewpoint to graph time: 14.9872 ms
[0m[INFO] [1784395849.329088218]: [edge cost] len=42.8091 total=35.3835 time=21.6046 turn_pen=13.7122 known_pen=0 backup_pen=0 yaw_pen=0.0667746 known_free=42.8091 min_clearance=0.48257 vel_limit=2 reason=curvature backup_feasible=1[0m
[0m[INFO] [1784395849.339915548]: [frontier lifecycle] selected cluster=466 selected_count=1 match_distance=0[0m
[0m[INFO] [1784395849.339940688]: [candidate cost] chosen_cluster=466 chosen_coverage=0 raw_best_cluster=466 raw_best_coverage=0 | #0 c=466/cp=0 J=36.3156 T=21.6046 TB=13.779 R=0 G=0.0909091 W=1 D=0 C=2.61392 | #1 c=429/cp=0 J=48.8789 T=28.8577 TB=16.1506 R=0 G=0.166667 W=0.577196 D=0 C=5.0698 | #2 c=440/cp=0 J=52.0043 T=29.401 TB=16.2134 R=0 G=0.318182 W=1 D=0.333333 C=9.3596[0m
calculate tsp cost matrix cost 12.9967ms

tour solver cost: 0.497156ms
[1;33m-------------Plan Global Path end-----------------[0m

total time cost: 109.689ms
[32m[planGlobalPath: succeed][0m: from PLAN_TRAJ to PLAN_TRAJ
viz&&print cost:0.01817ms
[0m[INFO] [1784395847.669135234]: Publish local map size: 9870[0m
[0m[INFO] [1784395848.669876076]: Publish local map size: 9651[0m
 -- [MARSIM] Running FPS: 224.824
 -- [TIMER] updateMap time consuming [32m 6.895905 ms[0m
[0m[INFO] [1784395849.369032187]: [cloud input] mode=approximate_sync points=9684 age=0.0050416s stamp_valid=1[0m
 -- [TIMER] updateMap time consuming [32m 6.633078 ms[0m
[0m[INFO] [1784395849.385751231]: cloud odom callback cost: map update:14.0063ms  update frontier clusters: 2.67286ms  total: 16.6792ms
[0m
[0m[INFO] [1784395849.392524738]: [coverage guidance] plan valid=1 map_v=35 frontier_v=35 zones(f/u)=191/264 observed=13299/35519 coverage=0.3744 voxels(f/o/u)=6446/5975/878 active=5 reachable_unknown=154 route_nodes=160 preferred=8 cost=6.8ms[0m
 -- [TIMER] updateMap time consuming [32m 5.996114 ms[0m


[1;33m------------- <103> Plan Global Path start---------------[0m
[0m[INFO] [1784395849.598144755]: update topo skeleton cost: 30.463507ms, update odom vertex cost:20.817486ms [0m
[0m[INFO] [1784395849.603478285]: vp cluster cost: 1.489876ms  ,remove unreachable cost: 2.341308ms, select vp cost: 1.401247ms[0m
insert viewpoint to graph time: 21.6585 ms
[0m[INFO] [1784395849.635419058]: [goal lock] keep goal idx=0 candidate_idx=2 locked_cost=44.9539 candidate_cost=41.6689 since=0.29549 high_speed=0[0m
calculate tsp cost matrix cost 10.2713ms

tour solver cost: 0.521025ms
[1;33m-------------Plan Global Path end-----------------[0m

total time cost: 95.4635ms
[32m[planGlobalPath: succeed][0m: from PLAN_TRAJ to PLAN_TRAJ
viz&&print cost:0.02198ms
 -- [TIMER] updateMap time consuming [32m 5.203422 ms[0m
 -- [TIMER] updateMap time consuming [32m 5.651597 ms[0m
[0m[INFO] [1784395849.753624418]: [path horizon] shorten high-curvature local path: horizon=6.72443m pts=5 turn=1.08631 max_local_turn=9.42432e-08[0m
[0m[INFO] [1784395849.753645578]: [path condition] raw_pts=77 conditioned_pts=23 dense_pts=5 len=6.72443 known_free=6.72443 min_clearance=1.17741 turn=1.08631 max_local_turn=9.42432e-08 initial_heading=3.02536 backup_feasible=1 sched_v=2 reason=curvature[0m
[33m -- [ExplorationTrajOpt] Optimization failed: Line search reaches the maximum try number, assumptions not satisfied or precision not achievable., guide_excess=0, guide_cost_sample=0, guide_max_abs_gt=0, guide_oob_samples=0[0m
[33m[WARN] [1784395849.763036720]: [highspeed_exp adapter] MINCO optimization attempt 1 failed: guide_speed=2 vel_bound=2 boundary_speed=0[0m
[33m -- [ExplorationTrajOpt] Optimization failed: Line search reaches the maximum try number, assumptions not satisfied or precision not achievable., guide_excess=0, guide_cost_sample=0, guide_max_abs_gt=0, guide_oob_samples=0[0m
[33m[WARN] [1784395849.764318278]: [highspeed_exp adapter] MINCO optimization attempt 2 failed: guide_speed=1.5 vel_bound=1.5 boundary_speed=0[0m
[0m[INFO] [1784395849.767372640]: [highspeed_exp adapter] backup not required for verified known-free terminal-stop primary. duration=11.8828 known_len=6.02823[0m
[0m[INFO] [1784395849.767449729]: [highspeed_exp adapter] planned General MINCO exploration traj: pieces=1, duration=11.8828, max_v=1.10973, max_a=0.320756, sfc(raw/simplified/final)=3/1/1, corridor=general, prefix=no, prefix_dur=0, switch_delay=0, head_path_dist=inf, shifted_start=0, sched_v=2, opt_v=1.1, opt_bound=1.1, suffix_max_v=1.10973, suffix_max_a=0.320756, terminal_v=0, backup=no, backup_start=inf, backup_known_len=6.02823, sched_reason=curvature[0m
[0m[INFO] [1784395849.767489759]: [31m call planner [0m: 15.086[0m
[32m[plan success: new traj pub][0m: from PLAN_TRAJ to EXEC_TRAJ
 -- [TIMER] updateMap time consuming [32m 6.217372 ms[0m
 -- [TIMER] updateMap time consuming [32m 6.377261 ms[0m
 -- [TIMER] updateMap time consuming [32m 6.986515 ms[0m
 -- [TIMER] updateMap time consuming [32m 6.889936 ms[0m
[0m[INFO] [1784395850.088235105]: [global update] actual callback interval=245.837ms configured=200ms[0m


[1;33m------------- <105> Plan Global Path start---------------[0m
[0m[INFO] [1784395850.141412391]: update topo skeleton cost: 32.424728ms, update odom vertex cost:20.704898ms [0m
[0m[INFO] [1784395850.141443500]: [highspeed_exp adapter] safety map ready=1 rog_ready=1 cloud_size=9903[0m
[0m[INFO] [1784395850.145825959]: [view score] cluster=466 best_score=-4.08339 visible_gain=3 speed=0.00116858 corridor_cruise=0 hard_gate=0 rejected=0 top_k=2 known_free=0.8 clearance=1.15768 turn=0 selected_yaw=2.74889 current_yaw=1.06575 yaw_delta=1.68314 heading_known_free=2.6 vp=(-11.3148, -1.51228, 1.3)[0m
[0m[INFO] [1784395850.147444524]: vp cluster cost: 1.620885ms  ,remove unreachable cost: 2.544446ms, select vp cost: 1.768214ms[0m
insert viewpoint to graph time: 21.7271 ms
[0m[INFO] [1784395850.170591069]: [edge cost] len=41.6051 total=34.8048 time=21.0026 turn_pen=13.7349 known_pen=0 backup_pen=0 yaw_pen=0.0673257 known_free=41.6051 min_clearance=0.608236 vel_limit=2 reason=curvature backup_feasible=1[0m
[0m[INFO] [1784395850.178773663]: [goal lock] keep goal idx=0 candidate_idx=2 locked_cost=44.9318 candidate_cost=41.6911 since=0.838855 high_speed=0[0m
[0m[INFO] [1784395850.178801723]: [candidate cost] chosen_cluster=466 chosen_coverage=0 raw_best_cluster=440 raw_best_coverage=0 | #0 c=440/cp=0 J=41.6911 T=28.6451 TB=13.8561 R=0 G=0.318182 W=1 D=0.333333 C=2.1596 | #1 c=466/cp=0 J=44.9318 T=21.0026 TB=13.8022 R=0 G=0.0909091 W=0.0448631 D=0 C=10.3762 | #2 c=429/cp=0 J=48.0655 T=28.1017 TB=13.7933 R=0 G=0.166667 W=0.623613 D=0 C=7.43929[0m
calculate tsp cost matrix cost 9.6054ms

tour solver cost: 0.488235ms
[1;33m-------------Plan Global Path end-----------------[0m

total time cost: 97.391ms
[32m[planGlobalPath: succeed][0m: from EXEC_TRAJ to PLAN_TRAJ
viz&&print cost:0.02187ms
[0m[INFO] [1784395850.186621180]: [path condition] raw_pts=77 conditioned_pts=23 dense_pts=5 len=6.72442 known_free=6.72442 min_clearance=1.17739 turn=1.08632 max_local_turn=9.42432e-08 initial_heading=3.03914 backup_feasible=1 sched_v=2 reason=curvature[0m
[0m[INFO] [1784395850.197150132]: [highspeed_exp adapter] planned General MINCO exploration traj: pieces=2, duration=6.84486, max_v=2.00335, max_a=1.05569, sfc(raw/simplified/final)=3/1/1, corridor=general, prefix=yes, prefix_dur=0.44082, switch_delay=0.45, head_path_dist=0.00119409, shifted_start=0, sched_v=2, opt_v=2, opt_bound=2, suffix_max_v=2.00335, suffix_max_a=1.05569, terminal_v=0, backup=no, backup_start=inf, backup_known_len=6.02795, sched_reason=curvature[0m
[0m[INFO] [1784395850.197188612]: [31m call planner [0m: 11.501[0m
[32m[plan success: new traj pub][0m: from PLAN_TRAJ to EXEC_TRAJ
 -- [TIMER] updateMap time consuming [32m 6.555879 ms[0m
 -- [TIMER] updateMap time consuming [32m 7.054725 ms[0m
[0m[INFO] [1784395850.369442441]: [cloud input] mode=approximate_sync points=9857 age=0.005445s stamp_valid=1[0m
 -- [TIMER] updateMap time consuming [32m 6.930425 ms[0m
 -- [TIMER] updateMap time consuming [32m 7.227283 ms[0m
[0m[INFO] [1784395850.495700687]: cloud odom callback cost: map update:23.3526ms  update frontier clusters: 3.35305ms  total: 26.7057ms
[0m
 -- [TIMER] updateMap time consuming [32m 6.468770 ms[0m


[1;33m------------- <107> Plan Global Path start---------------[0m
[0m[INFO] [1784395850.672120188]: update topo skeleton cost: 15.796703ms, update odom vertex cost:30.703035ms [0m
[0m[INFO] [1784395850.676083611]: [view score] cluster=466 best_score=-4.00404 visible_gain=3 speed=0.0208292 corridor_cruise=0 hard_gate=0 rejected=0 top_k=2 known_free=0.8 clearance=1.15768 turn=0 selected_yaw=2.74889 current_yaw=1.13197 yaw_delta=1.61692 heading_known_free=3 vp=(-11.3148, -1.51228, 1.3)[0m
[0m[INFO] [1784395850.677775005]: vp cluster cost: 1.404047ms  ,remove unreachable cost: 2.333598ms, select vp cost: 1.818733ms[0m
insert viewpoint to graph time: 21.754 ms
[0m[INFO] [1784395850.701223877]: [edge cost] len=41.6007 total=34.691 time=21.0004 turn_pen=13.626 known_pen=0 backup_pen=0 yaw_pen=0.0646769 known_free=41.6007 min_clearance=0.608236 vel_limit=2 reason=curvature backup_feasible=1[0m
[0m[INFO] [1784395850.710410082]: [goal lock] keep goal idx=0 candidate_idx=1 locked_cost=44.7406 candidate_cost=43.0796 since=1.37049 high_speed=0[0m
[0m[INFO] [1784395850.710436061]: [candidate cost] chosen_cluster=466 chosen_coverage=0 raw_best_cluster=429 raw_best_coverage=0 | #0 c=429/cp=0 J=43.0796 T=28.0995 TB=13.687 R=0 G=0.166667 W=0.653075 D=0 C=2.60599 | #1 c=466/cp=0 J=44.7406 T=21.0004 TB=13.6907 R=0 G=0.0909091 W=0.0743256 D=0 C=10.3429 | #2 c=440/cp=0 J=46.3826 T=28.6429 TB=13.7498 R=0 G=0.318182 W=1 D=0.333333 C=6.9596[0m
calculate tsp cost matrix cost 10.8812ms

tour solver cost: 0.492886ms
[1;33m-------------Plan Global Path end-----------------[0m

total time cost: 91.6908ms
[32m[planGlobalPath: succeed][0m: from EXEC_TRAJ to PLAN_TRAJ
viz&&print cost:0.02065ms
[0m[INFO] [1784395850.718405427]: [path horizon] shorten high-curvature local path: horizon=6.7243m pts=5 turn=1.08653 max_local_turn=9.5414e-08[0m
[0m[INFO] [1784395850.718428447]: [path condition] raw_pts=77 conditioned_pts=23 dense_pts=5 len=6.7243 known_free=6.7243 min_clearance=1.17655 turn=1.08653 max_local_turn=9.5414e-08 initial_heading=2.97313 backup_feasible=1 sched_v=2 reason=curvature[0m
[0m[INFO] [1784395850.728678542]: [highspeed_exp adapter] backup not required for verified known-free terminal-stop primary. duration=4.54542 known_len=6.0237[0m
[0m[INFO] [1784395850.728832771]: [highspeed_exp adapter] planned General MINCO exploration traj: pieces=2, duration=4.54542, max_v=3.00118, max_a=2.41254, sfc(raw/simplified/final)=3/1/1, corridor=general, prefix=yes, prefix_dur=0.440469, switch_delay=0.45, head_path_dist=0.00769924, shifted_start=0, sched_v=3, opt_v=3, opt_bound=3, suffix_max_v=3.00118, suffix_max_a=2.41254, terminal_v=0, backup=no, backup_start=inf, backup_known_len=6.0237, sched_reason=curvature[0m
[0m[INFO] [1784395850.728869350]: [31m call planner [0m: 11.548[0m
[32m[plan success: new traj pub][0m: from PLAN_TRAJ to EXEC_TRAJ
 -- [TIMER] updateMap time consuming [32m 6.388051 ms[0m
 -- [TIMER] updateMap time consuming [32m 6.269702 ms[0m
 -- [TIMER] updateMap time consuming [32m 7.049445 ms[0m
 -- [TIMER] updateMap time consuming [32m 8.435732 ms[0m
 -- [TIMER] updateMap time consuming [32m 9.734190 ms[0m
 -- [TIMER] updateMap time consuming [32m 9.534411 ms[0m
[0m[INFO] [1784395851.189631080]: [global update] actual callback interval=272.288ms configured=200ms[0m


[1;33m------------- <109> Plan Global Path start---------------[0m
[0m[INFO] [1784395851.313870116]: update topo skeleton cost: 52.351454ms, update odom vertex cost:71.834843ms [0m
[0m[INFO] [1784395851.317694961]: [view score] cluster=466 best_score=0.252095 visible_gain=3 speed=0.127764 corridor_cruise=0 hard_gate=0 rejected=0 top_k=2 known_free=0.8 clearance=1.15768 turn=0 selected_yaw=-2.83472 current_yaw=-2.83472 yaw_delta=0 heading_known_free=6.4 vp=(-11.3148, -1.51228, 1.3)[0m
[0m[INFO] [1784395851.319395795]: vp cluster cost: 1.256698ms  ,remove unreachable cost: 2.199810ms, select vp cost: 1.932542ms[0m
insert viewpoint to graph time: 22.4785 ms
[0m[INFO] [1784395851.343533631]: [edge cost] len=41.5686 total=30.7906 time=20.9843 turn_pen=9.80629 known_pen=0 backup_pen=0 yaw_pen=0 known_free=41.5686 min_clearance=0.608236 vel_limit=2 reason=curvature backup_feasible=1[0m
[0m[INFO] [1784395851.353958974]: [goal lock] keep goal idx=0 candidate_idx=1 locked_cost=40.7867 candidate_cost=35.6039 since=2.01404 high_speed=0[0m
[0m[INFO] [1784395851.353984614]: [candidate cost] chosen_cluster=466 chosen_coverage=0 raw_best_cluster=429 raw_best_coverage=0 | #0 c=429/cp=0 J=35.6039 T=24.53 TB=9.8343 R=0 G=0.166667 W=0.688721 D=0 C=2.60599 | #1 c=466/cp=0 J=40.7867 T=20.9843 TB=9.80629 R=0 G=0.0909091 W=0.109971 D=0 C=10.3429 | #2 c=428/cp=0 J=42.139 T=28.2276 TB=9.8343 R=0 G=0.142857 W=1 D=0 C=5.86286[0m
calculate tsp cost matrix cost 12.0854ms

tour solver cost: 0.454245ms
[1;33m-------------Plan Global Path end-----------------[0m

total time cost: 171.15ms
[32m[planGlobalPath: succeed][0m: from EXEC_TRAJ to PLAN_TRAJ
viz&&print cost:0.04447ms
[0m[INFO] [1784395851.362222917]: [path horizon] shorten high-curvature local path: horizon=6.72334m pts=5 turn=1.0881 max_local_turn=2.2302e-07[0m
[0m[INFO] [1784395851.362247757]: [path condition] raw_pts=77 conditioned_pts=23 dense_pts=5 len=6.72334 known_free=6.72334 min_clearance=1.171 turn=1.0881 max_local_turn=2.2302e-07 initial_heading=0.658165 backup_feasible=1 sched_v=3 reason=known_free[0m
[0m[INFO] [1784395851.372056206]: [highspeed_exp adapter] backup not required for verified known-free terminal-stop primary. duration=3.91445 known_len=5.98023[0m
[0m[INFO] [1784395851.372118626]: [highspeed_exp adapter] planned General MINCO exploration traj: pieces=2, duration=3.91445, max_v=3.00175, max_a=2.40228, sfc(raw/simplified/final)=3/1/1, corridor=general, prefix=yes, prefix_dur=0.440838, switch_delay=0.45, head_path_dist=0.0586794, shifted_start=0, sched_v=3, opt_v=3, opt_bound=3, suffix_max_v=3.00175, suffix_max_a=2.40228, terminal_v=0, backup=no, backup_start=inf, backup_known_len=5.98023, sched_reason=known_free[0m
[0m[INFO] [1784395851.372139115]: [31m call planner [0m: 11.258[0m
[32m[plan success: new traj pub][0m: from PLAN_TRAJ to EXEC_TRAJ
[0m[INFO] [1784395849.770719159]: Publish local map size: 9986[0m
[0m[INFO] [1784395850.870173907]: Publish local map size: 9569[0m
 -- [MARSIM] Running FPS: 209.675
[0m[INFO] [1784395851.372226645]: [cloud input] mode=approximate_sync points=9596 age=0.00824323s stamp_valid=1[0m
 -- [TIMER] updateMap time consuming [32m 7.071655 ms[0m
 -- [TIMER] updateMap time consuming [32m 6.570479 ms[0m
 -- [TIMER] updateMap time consuming [32m 6.169183 ms[0m
[0m[INFO] [1784395851.689228891]: cloud odom callback cost: map update:13.3217ms  update frontier clusters: 3.1252ms  total: 16.4469ms
[0m
[0m[INFO] [1784395851.695962899]: [coverage guidance] plan valid=1 map_v=37 frontier_v=37 zones(f/u)=202/265 observed=13518/35519 coverage=0.3806 voxels(f/o/u)=6625/5999/894 active=6 reachable_unknown=153 route_nodes=160 preferred=8 cost=6.7ms[0m
 -- [TIMER] updateMap time consuming [32m 6.445190 ms[0m
 -- [TIMER] updateMap time consuming [32m 7.101064 ms[0m


[1;33m------------- <111> Plan Global Path start---------------[0m
[0m[INFO] [1784395852.008154670]: update topo skeleton cost: 54.642952ms, update odom vertex cost:67.275866ms [0m
[0m[INFO] [1784395852.012518400]: [view score] cluster=466 best_score=-1.95403 visible_gain=3 speed=0.885918 corridor_cruise=0 hard_gate=0 rejected=0 top_k=2 known_free=1 clearance=1.15768 turn=0.888011 selected_yaw=-2.44648 current_yaw=-2.44648 yaw_delta=0 heading_known_free=18 vp=(-11.3148, -1.51228, 1.3)[0m
[0m[INFO] [1784395852.014246214]: vp cluster cost: 1.307848ms  ,remove unreachable cost: 2.353449ms, select vp cost: 2.085350ms[0m
insert viewpoint to graph time: 23.9676 ms
[0m[INFO] [1784395852.039866916]: [edge cost] len=41.2972 total=29.9808 time=20.8486 turn_pen=9.13215 known_pen=0 backup_pen=0 yaw_pen=0 known_free=41.2972 min_clearance=0.608236 vel_limit=2 reason=curvature backup_feasible=1[0m
[0m[INFO] [1784395852.049887693]: [candidate cost] chosen_cluster=466 chosen_coverage=0 raw_best_cluster=466 raw_best_coverage=0 | #0 c=466/cp=0 J=32.2832 T=20.8486 TB=9.13215 R=0 G=0.0909091 W=0.148574 D=0 C=2.70706 | #1 c=429/cp=0 J=36.6068 T=24.3944 TB=9.17569 R=0 G=0.166667 W=0.727324 D=0 C=4.46104 | #2 c=440/cp=0 J=40.4325 T=28.4911 TB=9.1515 R=0 G=0.318182 W=1 D=0.333333 C=5.7596[0m
calculate tsp cost matrix cost 11.6536ms

tour solver cost: 0.556935ms
[1;33m-------------Plan Global Path end-----------------[0m

total time cost: 170.596ms
[32m[planGlobalPath: succeed][0m: from EXEC_TRAJ to PLAN_TRAJ
[0m[INFO] [1784395852.056842389]: [frontier storage] labels=5512/3739 normals=116/823 clusters=9 terminal=0 cluster_cells(cap)=63 candidates(cap)=14 derived_viewpoints(cap)=0 estimated_kb=88.4023 revision=173 audit_ready=0[0m
viz&&print cost:0.0561ms
[0m[INFO] [1784395852.058070288]: [path horizon] shorten high-curvature local path: horizon=6.71475m pts=4 turn=1.10224 max_local_turn=1.10223[0m
[0m[INFO] [1784395852.058086268]: [path condition] raw_pts=76 conditioned_pts=23 dense_pts=4 len=6.71475 known_free=6.71475 min_clearance=1.11844 turn=1.10224 max_local_turn=1.10223 initial_heading=0.249596 backup_feasible=1 sched_v=2 reason=curvature[0m
[0m[INFO] [1784395852.069376943]: [highspeed_exp adapter] backup not required for verified known-free terminal-stop primary. duration=3.90308 known_len=5.68765[0m
[0m[INFO] [1784395852.069482452]: [highspeed_exp adapter] planned General MINCO exploration traj: pieces=2, duration=3.90308, max_v=2.94841, max_a=2.29043, sfc(raw/simplified/final)=3/1/1, corridor=general, prefix=yes, prefix_dur=0.439749, switch_delay=0.45, head_path_dist=0.266085, shifted_start=0, sched_v=2, opt_v=2, opt_bound=2.60742, suffix_max_v=2.94841, suffix_max_a=1.99065, terminal_v=0, backup=no, backup_start=inf, backup_known_len=5.68765, sched_reason=curvature[0m
[0m[INFO] [1784395852.069518831]: [31m call planner [0m: 12.636[0m
[32m[plan success: new traj pub][0m: from PLAN_TRAJ to EXEC_TRAJ
 -- [TIMER] updateMap time consuming [32m 6.101513 ms[0m
 -- [TIMER] updateMap time consuming [32m 7.114004 ms[0m
 -- [TIMER] updateMap time consuming [32m 6.062714 ms[0m
[0m[INFO] [1784395852.256942884]: [global update] actual callback interval=370.71ms configured=200ms[0m
 -- [TIMER] updateMap time consuming [32m 6.003064 ms[0m
[0m[INFO] [1784395852.377980211]: [cloud input] mode=approximate_sync points=9921 age=0.0139972s stamp_valid=1[0m
 -- [TIMER] updateMap time consuming [32m 7.721299 ms[0m
 -- [TIMER] updateMap time consuming [32m 6.911316 ms[0m


[1;33m------------- <113> Plan Global Path start---------------[0m
[0m[INFO] [1784395852.705695432]: update topo skeleton cost: 41.627654ms, update odom vertex cost:102.231671ms [0m
[0m[INFO] [1784395852.705729502]: [highspeed_exp adapter] safety map ready=1 rog_ready=1 cloud_size=9848[0m
[0m[INFO] [1784395852.710116001]: [view score] cluster=466 best_score=6.75272 visible_gain=3 speed=2.38167 corridor_cruise=0 hard_gate=0 rejected=0 top_k=2 known_free=5.2 clearance=1.15768 turn=0.917686 selected_yaw=-2.40351 current_yaw=-2.40351 yaw_delta=0 heading_known_free=17 vp=(-11.3148, -1.51228, 1.3)[0m
[0m[INFO] [1784395852.717351064]: vp cluster cost: 1.246578ms  ,remove unreachable cost: 2.353509ms, select vp cost: 7.726048ms[0m
insert viewpoint to graph time: 22.6663 ms
[0m[INFO] [1784395852.741778708]: [edge cost] len=39.0869 total=28.7591 time=19.7435 turn_pen=9.01558 known_pen=0 backup_pen=0 yaw_pen=0 known_free=39.0869 min_clearance=0.608236 vel_limit=2 reason=curvature backup_feasible=1[0m
[0m[INFO] [1784395852.751154160]: [candidate cost] chosen_cluster=466 chosen_coverage=0 raw_best_cluster=466 raw_best_coverage=0 | #0 c=466/cp=0 J=31.0028 T=19.7435 TB=9.01558 R=0 G=0.0909091 W=0.187635 D=0 C=2.70706 | #1 c=429/cp=0 J=35.3282 T=23.2892 TB=9.06084 R=0 G=0.166667 W=0.766385 D=0 C=4.46104 | #2 c=440/cp=0 J=39.2091 T=27.386 TB=9.03321 R=0 G=0.318182 W=1 D=0.333333 C=5.7596[0m
calculate tsp cost matrix cost 11.1108ms

tour solver cost: 0.583205ms
[1;33m-------------Plan Global Path end-----------------[0m

total time cost: 196.339ms
[32m[planGlobalPath: succeed][0m: from EXEC_TRAJ to PLAN_TRAJ
viz&&print cost:0.026929ms
[0m[INFO] [1784395852.759604512]: [path horizon] shorten high-curvature local path: horizon=7.46323m pts=8 turn=2.20826 max_local_turn=0.785398[0m
[0m[INFO] [1784395852.759626542]: [path condition] raw_pts=74 conditioned_pts=22 dense_pts=8 len=7.46323 known_free=7.46323 min_clearance=0.647866 turn=2.20826 max_local_turn=0.785398 initial_heading=0.178906 backup_feasible=1 sched_v=2 reason=curvature[0m
[0m[INFO] [1784395852.774703752]: [highspeed_exp adapter] backup not required for verified known-free terminal-stop primary. duration=3.27874 known_len=6.67439[0m
[0m[INFO] [1784395852.774780341]: [highspeed_exp adapter] planned General MINCO exploration traj: pieces=3, duration=3.27874, max_v=2.94841, max_a=2.79217, sfc(raw/simplified/final)=3/2/2, corridor=general, prefix=yes, prefix_dur=0.435543, switch_delay=0.45, head_path_dist=0.33499, shifted_start=0, sched_v=2, opt_v=2, opt_bound=3.22598, suffix_max_v=2.92598, suffix_max_a=2.79217, terminal_v=0, backup=no, backup_start=inf, backup_known_len=6.67439, sched_reason=curvature[0m
[0m[INFO] [1784395852.774806451]: [31m call planner [0m: 16.595[0m
[32m[plan success: new traj pub][0m: from PLAN_TRAJ to EXEC_TRAJ
 -- [TIMER] updateMap time consuming [32m 14.230387 ms[0m
[0m[INFO] [1784395852.802176458]: cloud odom callback cost: map update:23.804ms  update frontier clusters: 3.44459ms  total: 27.2486ms
[0m
 -- [TIMER] updateMap time consuming [32m 6.987326 ms[0m
 -- [TIMER] updateMap time consuming [32m 8.126945 ms[0m
 -- [TIMER] updateMap time consuming [32m 6.712868 ms[0m
 -- [TIMER] updateMap time consuming [32m 11.670662 ms[0m
[0m[INFO] [1784395853.291923799]: [global update] actual callback interval=333.665ms configured=200ms[0m


[1;33m------------- <115> Plan Global Path start---------------[0m
[0m[INFO] [1784395853.451722059]: update topo skeleton cost: 33.398031ms, update odom vertex cost:126.344039ms [0m
[0m[INFO] [1784395853.456278857]: [view score] cluster=466 best_score=-1.73431 visible_gain=3 speed=2.89283 corridor_cruise=0 hard_gate=0 rejected=0 top_k=2 known_free=3.8 clearance=1.15768 turn=0.962883 selected_yaw=-2.45042 current_yaw=-2.45042 yaw_delta=0 heading_known_free=15.2 vp=(-11.3148, -1.51228, 1.3)[0m
[0m[INFO] [1784395853.469123348]: vp cluster cost: 1.229099ms  ,remove unreachable cost: 2.204439ms, select vp cost: 13.629494ms[0m
insert viewpoint to graph time: 22.6522 ms
[0m[INFO] [1784395853.493905078]: [edge cost] len=40.6263 total=23.3826 time=20.5132 turn_pen=2.86947 known_pen=0 backup_pen=0 yaw_pen=0 known_free=40.6263 min_clearance=0.472534 vel_limit=2 reason=curvature backup_feasible=1[0m
[0m[INFO] [1784395853.505923157]: [goal lock] keep goal idx=0 candidate_idx=3 locked_cost=31.5304 candidate_cost=30.7664 since=4.16599 high_speed=0[0m
[0m[INFO] [1784395853.505955057]: [candidate cost] chosen_cluster=466 chosen_coverage=0 raw_best_cluster=428 raw_best_coverage=0 | #0 c=428/cp=0 J=30.7664 T=27.7564 TB=2.91285 R=0 G=0.142857 W=1 D=0 C=1.88286 | #1 c=466/cp=0 J=31.5304 T=20.5132 TB=2.86947 R=0 G=0.0909091 W=0.229399 D=0 C=8.67367 | #2 c=440/cp=0 J=31.8345 T=28.1557 TB=2.88897 R=0 G=0.318182 W=1 D=0.333333 C=3.7596[0m
calculate tsp cost matrix cost 14.1103ms

tour solver cost: 0.627604ms
[1;33m-------------Plan Global Path end-----------------[0m

total time cost: 221.021ms
[32m[planGlobalPath: succeed][0m: from EXEC_TRAJ to PLAN_TRAJ
viz&&print cost:0.02427ms
[0m[INFO] [1784395853.514240740]: [path horizon] shorten high-curvature local path: horizon=7.40845m pts=7 turn=2.28186 max_local_turn=0.836213[0m
[0m[INFO] [1784395853.514258330]: [path condition] raw_pts=73 conditioned_pts=22 dense_pts=7 len=7.40845 known_free=7.40845 min_clearance=0.608326 turn=2.28186 max_local_turn=0.836213 initial_heading=0.259644 backup_feasible=1 sched_v=2.20408 reason=curvature[0m
[0m[INFO] [1784395853.526500406]: [highspeed_exp adapter] backup not required for verified known-free terminal-stop primary. duration=3.27664 known_len=6.42781[0m
[0m[INFO] [1784395853.526613635]: [highspeed_exp adapter] planned General MINCO exploration traj: pieces=3, duration=3.27664, max_v=2.81444, max_a=2.59172, sfc(raw/simplified/final)=3/2/2, corridor=general, prefix=yes, prefix_dur=0.438335, switch_delay=0.45, head_path_dist=0.424179, shifted_start=0, sched_v=2.20408, opt_v=2.20408, opt_bound=3.05477, suffix_max_v=2.81444, suffix_max_a=2.59172, terminal_v=0, backup=no, backup_start=inf, backup_known_len=6.42781, sched_reason=curvature[0m
[0m[INFO] [1784395853.526648125]: [31m call planner [0m: 13.637[0m
[32m[plan success: new traj pub][0m: from PLAN_TRAJ to EXEC_TRAJ
[0m[INFO] [1784395851.969165872]: Publish local map size: 9603[0m
[0m[INFO] [1784395852.970607155]: Publish local map size: 9945[0m
 -- [MARSIM] Running FPS: 207.973
[0m[INFO] [1784395853.526770904]: [cloud input] mode=approximate_sync points=9626 age=0.0628015s stamp_valid=1[0m
 -- [TIMER] updateMap time consuming [32m 8.736879 ms[0m
 -- [TIMER] updateMap time consuming [32m 7.798808 ms[0m
 -- [TIMER] updateMap time consuming [32m 8.003866 ms[0m
 -- [TIMER] updateMap time consuming [32m 7.789568 ms[0m
[0m[INFO] [1784395853.891459746]: cloud odom callback cost: map update:15.6959ms  update frontier clusters: 3.34071ms  total: 19.0366ms
[0m
[0m[INFO] [1784395853.897723818]: [coverage guidance] plan valid=1 map_v=39 frontier_v=39 zones(f/u)=202/268 observed=13636/35519 coverage=0.3839 voxels(f/o/u)=6724/5993/919 active=6 reachable_unknown=153 route_nodes=160 preferred=8 cost=6.3ms[0m
 -- [TIMER] updateMap time consuming [32m 8.047066 ms[0m
 -- [TIMER] updateMap time consuming [32m 7.937227 ms[0m


[1;33m------------- <117> Plan Global Path start---------------[0m
[0m[INFO] [1784395854.241328918]: update topo skeleton cost: 30.393779ms, update odom vertex cost:124.034912ms [0m
[0m[INFO] [1784395854.245532309]: [view score] cluster=466 best_score=-1.86221 visible_gain=3 speed=2.78246 corridor_cruise=0 hard_gate=0 rejected=0 top_k=2 known_free=2 clearance=1.15768 turn=0.91214 selected_yaw=-2.60301 current_yaw=-2.60301 yaw_delta=0 heading_known_free=15.6 vp=(-11.3148, -1.51228, 1.3)[0m
[0m[INFO] [1784395854.248669070]: vp cluster cost: 1.232459ms  ,remove unreachable cost: 2.319209ms, select vp cost: 3.490167ms[0m
insert viewpoint to graph time: 22.1943 ms
[0m[INFO] [1784395854.272534009]: [edge cost] len=38.592 total=22.7588 time=19.496 turn_pen=3.26284 known_pen=0 backup_pen=0 yaw_pen=0 known_free=38.592 min_clearance=0.472534 vel_limit=2 reason=curvature backup_feasible=1[0m
[0m[INFO] [1784395854.282365928]: [candidate cost] chosen_cluster=466 chosen_coverage=0 raw_best_cluster=466 raw_best_coverage=0 | #0 c=466/cp=0 J=24.8089 T=19.496 TB=3.26284 R=0 G=0.0909091 W=0.272709 D=0 C=2.641 | #1 c=428/cp=0 J=32.1365 T=26.7393 TB=3.30012 R=0 G=0.142857 W=1 D=0 C=3.88286 | #2 c=429/cp=0 J=35.1263 T=23.0417 TB=3.30012 R=0 G=0.166667 W=0.851459 D=0 C=10.395[0m
calculate tsp cost matrix cost 11.4871ms

tour solver cost: 0.562165ms
[1;33m-------------Plan Global Path end-----------------[0m

total time cost: 202.437ms
[32m[planGlobalPath: succeed][0m: from EXEC_TRAJ to PLAN_TRAJ
viz&&print cost:0.02519ms
[0m[INFO] [1784395854.290591672]: [path horizon] shorten high-curvature local path: horizon=5.85433m pts=7 turn=2.52579 max_local_turn=1.08015[0m
[0m[INFO] [1784395854.290609822]: [path condition] raw_pts=72 conditioned_pts=22 dense_pts=7 len=5.85433 known_free=5.85433 min_clearance=0.608881 turn=2.52579 max_local_turn=1.08015 initial_heading=0.418719 backup_feasible=1 sched_v=2 reason=curvature[0m
[0m[INFO] [1784395854.310651767]: [highspeed_exp adapter] backup not required for verified known-free terminal-stop primary. duration=3.15954 known_len=4.77468[0m
[0m[INFO] [1784395854.310745156]: [highspeed_exp adapter] planned General MINCO exploration traj: pieces=3, duration=3.15954, max_v=2.81342, max_a=2.14028, sfc(raw/simplified/final)=3/2/2, corridor=general, prefix=yes, prefix_dur=0.430601, switch_delay=0.45, head_path_dist=0.221625, shifted_start=0, sched_v=2, opt_v=2, opt_bound=3.01724, suffix_max_v=2.71724, suffix_max_a=2.14028, terminal_v=0, backup=no, backup_start=inf, backup_known_len=4.77468, sched_reason=known_free[0m
[0m[INFO] [1784395854.310775346]: [31m call planner [0m: 21.416[0m
[32m[plan success: new traj pub][0m: from PLAN_TRAJ to EXEC_TRAJ
 -- [TIMER] updateMap time consuming [32m 9.413083 ms[0m
 -- [TIMER] updateMap time consuming [32m 7.485991 ms[0m
 -- [TIMER] updateMap time consuming [32m 8.457552 ms[0m
[0m[INFO] [1784395854.489416233]: [global update] actual callback interval=402.522ms configured=200ms[0m


[1;33m------------- <118> Plan Global Path start---------------[0m
[0m[INFO] [1784395854.746859901]: update topo skeleton cost: 64.203566ms, update odom vertex cost:193.189033ms [0m
[0m[INFO] [1784395854.746897521]: [highspeed_exp adapter] safety map ready=1 rog_ready=1 cloud_size=9898[0m
[0m[INFO] [1784395854.750993773]: [view score] cluster=466 best_score=-1.92179 visible_gain=3 speed=2.78924 corridor_cruise=0 hard_gate=0 rejected=0 top_k=2 known_free=1 clearance=1.15768 turn=0.872392 selected_yaw=-2.73314 current_yaw=-2.73314 yaw_delta=0 heading_known_free=9 vp=(-11.3148, -1.51228, 1.3)[0m
[0m[INFO] [1784395854.753000714]: vp cluster cost: 1.284508ms  ,remove unreachable cost: 2.351988ms, select vp cost: 2.259719ms[0m
insert viewpoint to graph time: 23.8551 ms
[0m[INFO] [1784395854.778321210]: [edge cost] len=33.5821 total=25.463 time=16.9911 turn_pen=8.47195 known_pen=0 backup_pen=0 yaw_pen=0 known_free=33.5821 min_clearance=0.598042 vel_limit=2 reason=curvature backup_feasible=1[0m
[0m[INFO] [1784395854.787759883]: [candidate cost] chosen_cluster=466 chosen_coverage=0 raw_best_cluster=466 raw_best_coverage=0 | #0 c=466/cp=0 J=27.4711 T=16.9911 TB=8.47195 R=0 G=0.0909091 W=0.300727 D=0 C=2.641 | #1 c=428/cp=0 J=34.8355 T=24.2343 TB=8.50402 R=0 G=0.142857 W=1 D=0 C=3.88286 | #2 c=429/cp=0 J=37.7832 T=20.5368 TB=8.50402 R=0 G=0.166667 W=0.879477 D=0 C=10.395[0m
calculate tsp cost matrix cost 10.8909ms

tour solver cost: 0.555724ms
[1;33m-------------Plan Global Path end-----------------[0m

total time cost: 305.292ms
[32m[planGlobalPath: succeed][0m: from EXEC_TRAJ to PLAN_TRAJ
viz&&print cost:0.0447ms
[0m[INFO] [1784395854.796430972]: [path horizon] shorten high-curvature local path: horizon=6.71282m pts=7 turn=1.79851 max_local_turn=0.785398[0m
[0m[INFO] [1784395854.796464252]: [path condition] raw_pts=67 conditioned_pts=20 dense_pts=7 len=6.71282 known_free=6.71282 min_clearance=0.598698 turn=1.79851 max_local_turn=0.785398 initial_heading=0.125658 backup_feasible=1 sched_v=2.96599 reason=curvature[0m
[33m -- [ExplorationTrajOpt] Optimization failed: Line search reaches the maximum try number, assumptions not satisfied or precision not achievable., guide_excess=0, guide_cost_sample=0, guide_max_abs_gt=0, guide_oob_samples=0[0m
[33m[WARN] [1784395854.805021313]: [highspeed_exp adapter] MINCO optimization attempt 1 failed: guide_speed=3 vel_bound=3 boundary_speed=1.96575[0m
[0m[INFO] [1784395854.806381980]: [highspeed_exp adapter] planned General MINCO exploration traj: pieces=3, duration=3.66003, max_v=2.69325, max_a=2.20401, sfc(raw/simplified/final)=3/1/1, corridor=general, prefix=yes, prefix_dur=0.440644, switch_delay=0.45, head_path_dist=0.193144, shifted_start=0, sched_v=3, opt_v=2.25, opt_bound=2.26575, suffix_max_v=2.26679, suffix_max_a=2.20401, terminal_v=0, backup=no, backup_start=inf, backup_known_len=5.59295, sched_reason=known_free[0m
[0m[INFO] [1784395854.806406060]: [31m call planner [0m: 11.597[0m
[32m[plan success: new traj pub][0m: from PLAN_TRAJ to EXEC_TRAJ
[0m[INFO] [1784395854.806512789]: [cloud input] mode=approximate_sync points=10033 age=0.0425451s stamp_valid=1[0m
 -- [TIMER] updateMap time consuming [32m 10.082896 ms[0m
 -- [TIMER] updateMap time consuming [32m 7.230183 ms[0m
 -- [TIMER] updateMap time consuming [32m 10.913539 ms[0m
[0m[INFO] [1784395854.991269230]: cloud odom callback cost: map update:18.3874ms  update frontier clusters: 3.87734ms  total: 22.2647ms
[0m


[1;33m------------- <119> Plan Global Path start---------------[0m
[0m[INFO] [1784395855.262193306]: update topo skeleton cost: 100.581251ms, update odom vertex cost:166.713049ms [0m
[0m[INFO] [1784395855.266714474]: [view score] cluster=466 best_score=-1.71245 visible_gain=3 speed=2.48824 corridor_cruise=0 hard_gate=0 rejected=0 top_k=2 known_free=0 clearance=1.15768 turn=0.75577 selected_yaw=-2.91941 current_yaw=-2.91941 yaw_delta=0 heading_known_free=7.4 vp=(-11.3148, -1.51228, 1.3)[0m
[0m[INFO] [1784395855.267899484]: vp cluster cost: 1.555236ms  ,remove unreachable cost: 2.552696ms, select vp cost: 1.385538ms[0m
insert viewpoint to graph time: 23.0239 ms
[0m[INFO] [1784395855.292401817]: [edge cost] len=33.627 total=19.7802 time=17.0135 turn_pen=2.76669 known_pen=0 backup_pen=0 yaw_pen=0 known_free=33.627 min_clearance=0.466191 vel_limit=2 reason=curvature backup_feasible=1[0m
[0m[INFO] [1784395855.303115668]: [candidate cost] chosen_cluster=466 chosen_coverage=0 raw_best_cluster=466 raw_best_coverage=0 | #0 c=466/cp=0 J=21.7124 T=17.0135 TB=2.76669 R=0 G=0.0909091 W=0.329332 D=0 C=2.608 | #1 c=429/cp=0 J=26.0171 T=20.5592 TB=2.79131 R=0 G=0.166667 W=0.908082 D=0 C=4.36198 | #2 c=440/cp=0 J=30.2509 T=24.656 TB=2.80495 R=0 G=0.318182 W=1 D=0.333333 C=5.7596[0m
calculate tsp cost matrix cost 12.1916ms

tour solver cost: 0.509275ms
[1;33m-------------Plan Global Path end-----------------[0m

total time cost: 315.176ms
[32m[planGlobalPath: succeed][0m: from EXEC_TRAJ to PLAN_TRAJ
viz&&print cost:0.02401ms
[0m[INFO] [1784395855.311106544]: [path horizon] shorten high-curvature local path: horizon=6.20909m pts=7 turn=3.20776 max_local_turn=1.8008[0m
[0m[INFO] [1784395855.311124184]: [path condition] raw_pts=68 conditioned_pts=19 dense_pts=7 len=6.20909 known_free=6.20909 min_clearance=0.583577 turn=3.20776 max_local_turn=1.8008 initial_heading=1.47949 backup_feasible=1 sched_v=2 reason=curvature[0m
[33m -- [ExplorationTrajOpt] Optimization failed: Line search reaches the maximum try number, assumptions not satisfied or precision not achievable., guide_excess=0, guide_cost_sample=0, guide_max_abs_gt=0, guide_oob_samples=0[0m
[33m[WARN] [1784395855.321326850]: [highspeed_exp adapter] MINCO optimization attempt 1 failed: guide_speed=3 vel_bound=3 boundary_speed=1.55567[0m
[0m[INFO] [1784395855.322617058]: [highspeed_exp adapter] backup not required for verified known-free terminal-stop primary. duration=3.78445 known_len=5.08278[0m
[0m[INFO] [1784395855.322669898]: [highspeed_exp adapter] planned General MINCO exploration traj: pieces=2, duration=3.78445, max_v=2.25192, max_a=1.7353, sfc(raw/simplified/final)=3/1/1, corridor=general, prefix=yes, prefix_dur=0.439017, switch_delay=0.45, head_path_dist=0.149861, shifted_start=0, sched_v=3, opt_v=2.25, opt_bound=2.25, suffix_max_v=2.25192, suffix_max_a=1.67365, terminal_v=0, backup=no, backup_start=inf, backup_known_len=5.08278, sched_reason=known_free[0m
[0m[INFO] [1784395855.322689387]: [31m call planner [0m: 12.632[0m
[32m[plan success: new traj pub][0m: from PLAN_TRAJ to EXEC_TRAJ
[0m[INFO] [1784395853.972689094]: Publish local map size: 9554[0m
[0m[INFO] [1784395855.070023712]: Publish local map size: 9126[0m
 -- [MARSIM] Running FPS: 199.061
 -- [TIMER] updateMap time consuming [32m 8.026026 ms[0m
 -- [TIMER] updateMap time consuming [32m 5.977415 ms[0m
 -- [TIMER] updateMap time consuming [32m 7.517480 ms[0m
[0m[INFO] [1784395855.510120255]: [global update] actual callback interval=515.259ms configured=200ms[0m


[1;33m------------- <120> Plan Global Path start---------------[0m
[0m[INFO] [1784395855.798795908]: update topo skeleton cost: 52.807152ms, update odom vertex cost:235.812971ms [0m
[0m[INFO] [1784395855.803807211]: [view score] cluster=466 best_score=-1.26107 visible_gain=3 speed=1.61293 corridor_cruise=0 hard_gate=0 rejected=0 top_k=2 known_free=0.6 clearance=1.15768 turn=0.649915 selected_yaw=-3.01873 current_yaw=-3.01873 yaw_delta=0 heading_known_free=11.6 vp=(-11.3148, -1.51228, 1.3)[0m
[0m[INFO] [1784395855.804890531]: vp cluster cost: 1.584755ms  ,remove unreachable cost: 2.840154ms, select vp cost: 1.338297ms[0m
insert viewpoint to graph time: 21.7799 ms
[0m[INFO] [1784395855.828342585]: [edge cost] len=32.7363 total=19.1536 time=16.5682 turn_pen=2.58541 known_pen=0 backup_pen=0 yaw_pen=0 known_free=32.7363 min_clearance=0.466191 vel_limit=2 reason=curvature backup_feasible=1[0m
[0m[INFO] [1784395855.838141944]: [candidate cost] chosen_cluster=466 chosen_coverage=0 raw_best_cluster=466 raw_best_coverage=0 | #0 c=466/cp=0 J=21.041 T=16.5682 TB=2.58541 R=0 G=0.0909091 W=0.359165 D=0 C=2.608 | #1 c=429/cp=0 J=25.3417 T=20.1139 TB=2.60606 R=0 G=0.166667 W=0.937915 D=0 C=4.36198 | #2 c=440/cp=0 J=29.6282 T=24.2107 TB=2.62765 R=0 G=0.318182 W=1 D=0.333333 C=5.7596[0m
calculate tsp cost matrix cost 11.4628ms

tour solver cost: 0.520635ms
[1;33m-------------Plan Global Path end-----------------[0m

total time cost: 334.88ms
[32m[planGlobalPath: succeed][0m: from EXEC_TRAJ to PLAN_TRAJ
viz&&print cost:0.02349ms
[0m[INFO] [1784395855.845990911]: [path horizon] shorten high-curvature local path: horizon=7.39559m pts=6 turn=1.47876 max_local_turn=0.511479[0m
[0m[INFO] [1784395855.846013681]: [path condition] raw_pts=59 conditioned_pts=17 dense_pts=6 len=7.39559 known_free=7.39559 min_clearance=0.671122 turn=1.47876 max_local_turn=0.511479 initial_heading=0.194931 backup_feasible=1 sched_v=3 reason=known_free[0m
[0m[INFO] [1784395855.864174464]: [highspeed_exp adapter] backup not required for verified known-free terminal-stop primary. duration=3.47252 known_len=6.63795[0m
[0m[INFO] [1784395855.864242073]: [highspeed_exp adapter] planned General MINCO exploration traj: pieces=3, duration=3.47252, max_v=3.00071, max_a=2.90537, sfc(raw/simplified/final)=3/2/2, corridor=general, prefix=yes, prefix_dur=0.432249, switch_delay=0.45, head_path_dist=0.141347, shifted_start=0, sched_v=3, opt_v=3, opt_bound=3, suffix_max_v=3.00071, suffix_max_a=2.90537, terminal_v=0, backup=no, backup_start=inf, backup_known_len=6.63795, sched_reason=known_free[0m
[0m[INFO] [1784395855.864266213]: [31m call planner [0m: 19.200[0m
[32m[plan success: new traj pub][0m: from PLAN_TRAJ to EXEC_TRAJ
[0m[INFO] [1784395855.864374102]: [cloud input] mode=approximate_sync points=9181 age=0.100404s stamp_valid=1[0m
 -- [TIMER] updateMap time consuming [32m 7.034245 ms[0m
 -- [TIMER] updateMap time consuming [32m 5.783886 ms[0m
 -- [TIMER] updateMap time consuming [32m 6.357421 ms[0m


[1;33m------------- <121> Plan Global Path start---------------[0m
[33m[WARN] [1784395856.314803173]: [view gate] reject cluster=466 visible_rejected=3 speed=1.75326 obs=1 reasons{known_free=3,clearance=0,turn=0,yaw=0} fov_edge_ratio=0 gap_ratio=1[0m
[33m[WARN] [1784395856.316448248]: [frontier gate] viewpoint generation empty but frontier clusters remain: active=2 reachable=0[0m
[0m[INFO] [1784395856.310410203]: update topo skeleton cost: 50.461464ms, update odom vertex cost:214.814578ms [0m
[0m[INFO] [1784395856.316407538]: vp cluster cost: 1.269548ms  ,remove unreachable cost: 2.120910ms, select vp cost: 2.073971ms[0m
[1;33m-------------Plan Global Path end-----------------[0m

total time cost: 271.354ms
[33m[WARN] [1784395856.319040194]: [finish gate] force frontier refresh by planGlobalPath: no frontier new=9 removed=9 active=2 reachable=2[0m
[33m[WARN] [1784395856.319058273]: [finish gate] hold exploration after planGlobalPath: no frontier no_frontier_count=1 no_reachable_count=1[0m
[31m[planGlobalPath: no frontier: no frontier gated][0m: from EXEC_TRAJ to PLAN_TRAJ
viz&&print cost:2.61224ms


[1;33m------------- <122> Plan Global Path start---------------[0m
[0m[INFO] [1784395856.590591057]: update topo skeleton cost: 55.935394ms, update odom vertex cost:215.531501ms [0m
[0m[INFO] [1784395856.597790131]: [frontier audit] complete revision=174 active=2 reachable=0[0m
[0m[INFO] [1784395856.597819271]: vp cluster cost: 1.441157ms  ,remove unreachable cost: 2.730465ms, select vp cost: 2.488697ms[0m
[1;33m-------------Plan Global Path end-----------------[0m

total time cost: 278.76ms
viz&&print cost:0.02094ms
 -- [TIMER] updateMap time consuming [32m 8.033376 ms[0m
[0m[INFO] [1784395856.615667256]: cloud odom callback cost: map update:14.8763ms  update frontier clusters: 2.76542ms  total: 17.6417ms
[0m
[0m[INFO] [1784395856.623667942]: [coverage guidance] plan valid=1 map_v=41 frontier_v=41 zones(f/u)=199/268 observed=13843/35519 coverage=0.3897 voxels(f/o/u)=6851/6064/928 active=7 reachable_unknown=152 route_nodes=160 preferred=8 cost=8.0ms[0m


[1;33m------------- <123> Plan Global Path start---------------[0m
[33m[WARN] [1784395856.840073324]: [view gate] reject cluster=658 visible_rejected=3 speed=2.25923 obs=2 reasons{known_free=3,clearance=0,turn=0,yaw=0} fov_edge_ratio=0 gap_ratio=0[0m
[33m[WARN] [1784395856.841800008]: [frontier gate] viewpoint generation empty but frontier clusters remain: active=2 reachable=0[0m
[0m[INFO] [1784395856.834889892]: update topo skeleton cost: 25.014989ms, update odom vertex cost:194.124939ms [0m
[0m[INFO] [1784395856.834928412]: [highspeed_exp adapter] safety map ready=1 rog_ready=1 cloud_size=9951[0m
[0m[INFO] [1784395856.841744559]: vp cluster cost: 1.478546ms  ,remove unreachable cost: 2.316909ms, select vp cost: 2.362938ms[0m
[1;33m-------------Plan Global Path end-----------------[0m

total time cost: 226.094ms
viz&&print cost:0.02381ms
 -- [TIMER] updateMap time consuming [32m 6.263662 ms[0m


[1;33m------------- <124> Plan Global Path start---------------[0m
[0m[INFO] [1784395857.059432041]: update topo skeleton cost: 14.809543ms, update odom vertex cost:186.977415ms [0m
[0m[INFO] [1784395857.064718622]: [view score] cluster=658 best_score=-1.27255 visible_gain=3 speed=2.50657 corridor_cruise=0 hard_gate=0 rejected=0 top_k=2 known_free=1.2 clearance=1.15768 turn=0.628429 selected_yaw=-3.02894 current_yaw=-3.02894 yaw_delta=0 heading_known_free=15.8 vp=(-11.3148, -1.51228, 1.3)[0m
[0m[INFO] [1784395857.067216989]: vp cluster cost: 1.692315ms  ,remove unreachable cost: 2.634415ms, select vp cost: 2.987913ms[0m
insert viewpoint to graph time: 15.8342 ms
[0m[INFO] [1784395857.084613639]: [edge cost] len=46.0878 total=42.3852 time=23.2439 turn_pen=19.0896 known_pen=0 backup_pen=0 yaw_pen=0.0516302 known_free=46.0878 min_clearance=0.56082 vel_limit=2 reason=curvature backup_feasible=1[0m
[0m[INFO] [1784395857.097799297]: [frontier lifecycle] selected cluster=654 selected_count=3 match_distance=0[0m
[0m[INFO] [1784395857.097843986]: [candidate cost] chosen_cluster=654 chosen_coverage=0 raw_best_cluster=654 raw_best_coverage=0 | #0 c=654/cp=0 J=30.3218 T=18.8216 TB=10.2216 R=0 G=0.166667 W=1 D=0 C=3.11194 | #1 c=658/cp=0 J=34.2229 T=15.1219 TB=7.82189 R=1.64282 G=0.0909091 W=0.429294 D=0 C=11.2013 | #2 c=653/cp=0 J=34.7258 T=22.2537 TB=12.0598 R=0 G=0.142857 W=1 D=0 C=2.19796[0m
calculate tsp cost matrix cost 14.7688ms

tour solver cost: 0.543036ms
[1;33m-------------Plan Global Path end-----------------[0m

total time cost: 245.749ms
[0m[INFO] [1784395857.103376156]: [finish gate] reset by planGlobalPath succeed[0m
[32m[planGlobalPath: succeed][0m: from PLAN_TRAJ to PLAN_TRAJ
[0m[INFO] [1784395857.103393225]: [frontier storage] labels=5542/3739 normals=116/823 clusters=9 terminal=0 cluster_cells(cap)=63 candidates(cap)=14 derived_viewpoints(cap)=0 estimated_kb=88.666 revision=175 audit_ready=0[0m
viz&&print cost:0.066509ms
[0m[INFO] [1784395857.104561165]: [path horizon] shorten high-curvature local path: horizon=7.05909m pts=8 turn=3.99279 max_local_turn=1.44716[0m
[0m[INFO] [1784395857.104569214]: [path condition] raw_pts=65 conditioned_pts=20 dense_pts=8 len=7.05909 known_free=7.05909 min_clearance=0.656311 turn=3.99279 max_local_turn=1.44716 initial_heading=0.296728 backup_feasible=1 sched_v=2 reason=curvature[0m
[0m[INFO] [1784395857.124618989]: [highspeed_exp adapter] backup not required for verified known-free terminal-stop primary. duration=5.774 known_len=8.52124[0m
[0m[INFO] [1784395857.124688339]: [highspeed_exp adapter] planned General MINCO exploration traj: pieces=2, duration=5.774, max_v=3.00046, max_a=2.68724, sfc(raw/simplified/final)=3/2/2, corridor=general, prefix=no, prefix_dur=0, switch_delay=0, head_path_dist=inf, shifted_start=0, sched_v=2, opt_v=2, opt_bound=3, suffix_max_v=3.00046, suffix_max_a=2.68724, terminal_v=0, backup=no, backup_start=inf, backup_known_len=8.52124, sched_reason=curvature[0m
[0m[INFO] [1784395857.124706179]: [31m call planner [0m: 21.289[0m
[32m[plan success: new traj pub][0m: from PLAN_TRAJ to EXEC_TRAJ
[0m[INFO] [1784395857.124801838]: [cloud input] mode=approximate_sync points=9651 age=0.0608329s stamp_valid=1[0m
 -- [TIMER] updateMap time consuming [32m 7.811707 ms[0m
 -- [TIMER] updateMap time consuming [32m 8.325403 ms[0m
 -- [TIMER] updateMap time consuming [32m 7.094025 ms[0m
[0m[INFO] [1784395857.303489721]: [global update] actual callback interval=1258.36ms configured=200ms[0m


[1;33m------------- <125> Plan Global Path start---------------[0m
[0m[INFO] [1784395857.530391149]: update topo skeleton cost: 17.735587ms, update odom vertex cost:209.102832ms [0m
[0m[INFO] [1784395857.536354174]: vp cluster cost: 1.198549ms  ,remove unreachable cost: 2.191769ms, select vp cost: 2.205250ms[0m
insert viewpoint to graph time: 21.0691 ms
calculate tsp cost matrix cost 12.4464ms

tour solver cost: 0.611615ms
[1;33m-------------Plan Global Path end-----------------[0m

total time cost: 271.87ms
[32m[planGlobalPath: succeed][0m: from EXEC_TRAJ to PLAN_TRAJ
viz&&print cost:0.01936ms
[0m[INFO] [1784395857.576612963]: [path condition] raw_pts=65 conditioned_pts=20 dense_pts=8 len=7.05881 known_free=7.05881 min_clearance=0.656311 turn=3.9932 max_local_turn=1.44716 initial_heading=0.364124 backup_feasible=1 sched_v=2 reason=curvature[0m
[0m[INFO] [1784395857.594070092]: [highspeed_exp adapter] planned General MINCO exploration traj: pieces=3, duration=5.41258, max_v=2.00192, max_a=2.09972, sfc(raw/simplified/final)=3/2/2, corridor=general, prefix=yes, prefix_dur=0.433446, switch_delay=0.45, head_path_dist=0.167053, shifted_start=0, sched_v=2, opt_v=2, opt_bound=2, suffix_max_v=2.00192, suffix_max_a=2.09972, terminal_v=0, backup=no, backup_start=inf, backup_known_len=7.10834, sched_reason=curvature[0m
[0m[INFO] [1784395857.594121211]: [31m call planner [0m: 18.672[0m
[32m[plan success: new traj pub][0m: from PLAN_TRAJ to EXEC_TRAJ
[0m[INFO] [1784395856.070083132]: Publish local map size: 9919[0m
[0m[INFO] [1784395857.070697037]: Publish local map size: 9651[0m
 -- [MARSIM] Running FPS: 213.4
 -- [TIMER] updateMap time consuming [32m 6.951416 ms[0m
 -- [TIMER] updateMap time consuming [32m 6.302851 ms[0m
[0m[INFO] [1784395857.685370760]: cloud odom callback cost: map update:13.2157ms  update frontier clusters: 3.02789ms  total: 16.2436ms
[0m
 -- [TIMER] updateMap time consuming [32m 6.631099 ms[0m


[1;33m------------- <126> Plan Global Path start---------------[0m
[0m[INFO] [1784395858.024117457]: update topo skeleton cost: 27.107261ms, update odom vertex cost:211.228313ms [0m
[0m[INFO] [1784395858.028670015]: [view score] cluster=658 best_score=-1.92085 visible_gain=3 speed=0.366006 corridor_cruise=0 hard_gate=0 rejected=0 top_k=2 known_free=1.2 clearance=1.15768 turn=0 selected_yaw=-2.45766 current_yaw=-2.45766 yaw_delta=0 heading_known_free=7 vp=(-11.3148, -1.51228, 1.3)[0m
[0m[INFO] [1784395858.030532668]: vp cluster cost: 1.284268ms  ,remove unreachable cost: 2.673876ms, select vp cost: 2.201079ms[0m
insert viewpoint to graph time: 20.2358 ms
[0m[INFO] [1784395858.051991540]: [edge cost] len=29.7296 total=22.9897 time=15.0648 turn_pen=7.92489 known_pen=0 backup_pen=0 yaw_pen=0 known_free=29.7296 min_clearance=0.48257 vel_limit=2 reason=curvature backup_feasible=1[0m
[0m[INFO] [1784395858.062771961]: [goal lock] keep goal idx=1 candidate_idx=0 locked_cost=43.886 candidate_cost=30.9769 since=0.964972 high_speed=0[0m
[0m[INFO] [1784395858.062805971]: [candidate cost] chosen_cluster=654 chosen_coverage=0 raw_best_cluster=658 raw_best_coverage=0 | #0 c=658/cp=0 J=30.9769 T=15.0648 TB=7.92489 R=0.665611 G=0.0909091 W=0.482812 D=0 C=8.52718 | #1 c=653/cp=0 J=33.2196 T=22.2895 TB=10.833 R=0 G=0.142857 W=1 D=0 C=1.88286 | #2 c=657/cp=0 J=34.0167 T=22.7938 TB=8.43297 R=0 G=0.318182 W=1 D=0.333333 C=5.7596[0m
calculate tsp cost matrix cost 12.0133ms

tour solver cost: 0.503185ms
[1;33m-------------Plan Global Path end-----------------[0m

total time cost: 279.828ms
[32m[planGlobalPath: succeed][0m: from EXEC_TRAJ to PLAN_TRAJ
viz&&print cost:0.04052ms
[0m[INFO] [1784395858.066845314]: [path horizon] shorten high-curvature local path: horizon=7.4046m pts=7 turn=3.50174 max_local_turn=1.44716[0m
[0m[INFO] [1784395858.066866124]: [path condition] raw_pts=78 conditioned_pts=24 dense_pts=7 len=7.4046 known_free=7.4046 min_clearance=0.656311 turn=3.50174 max_local_turn=1.44716 initial_heading=0.65435 backup_feasible=1 sched_v=2 reason=curvature[0m
[0m[INFO] [1784395858.082982125]: [highspeed_exp adapter] backup not required for verified known-free terminal-stop primary. duration=5.04998 known_len=7.4196[0m
[0m[INFO] [1784395858.083052575]: [highspeed_exp adapter] planned General MINCO exploration traj: pieces=3, duration=5.04998, max_v=2.02977, max_a=2.09972, sfc(raw/simplified/final)=3/2/2, corridor=general, prefix=yes, prefix_dur=0.434892, switch_delay=0.45, head_path_dist=0.468056, shifted_start=0, sched_v=2, opt_v=2, opt_bound=2.02795, suffix_max_v=2.02977, suffix_max_a=1.61677, terminal_v=0, backup=no, backup_start=inf, backup_known_len=7.4196, sched_reason=curvature[0m
[0m[INFO] [1784395858.083074744]: [31m call planner [0m: 17.417[0m
[32m[plan success: new traj pub][0m: from PLAN_TRAJ to EXEC_TRAJ
 -- [TIMER] updateMap time consuming [32m 7.362513 ms[0m
[0m[INFO] [1784395858.169191711]: [cloud input] mode=approximate_sync points=9685 age=0.0052053s stamp_valid=1[0m
 -- [TIMER] updateMap time consuming [32m 6.771528 ms[0m


[1;33m------------- <127> Plan Global Path start---------------[0m
[0m[INFO] [1784395858.496193620]: update topo skeleton cost: 20.833288ms, update odom vertex cost:209.654610ms [0m
[0m[INFO] [1784395858.502499132]: vp cluster cost: 1.190989ms  ,remove unreachable cost: 2.486557ms, select vp cost: 2.440607ms[0m
insert viewpoint to graph time: 17.8193 ms
calculate tsp cost matrix cost 11.7831ms

tour solver cost: 0.528065ms
[1;33m-------------Plan Global Path end-----------------[0m

total time cost: 271.862ms
[32m[planGlobalPath: succeed][0m: from EXEC_TRAJ to PLAN_TRAJ
viz&&print cost:0.020809ms
[0m[INFO] [1784395858.538710089]: [path condition] raw_pts=62 conditioned_pts=16 dense_pts=6 len=7.86684 known_free=7.86684 min_clearance=0.649498 turn=2.91226 max_local_turn=1.4651 initial_heading=0.646858 backup_feasible=1 sched_v=2 reason=curvature[0m
[0m[INFO] [1784395858.556071649]: [highspeed_exp adapter] planned General MINCO exploration traj: pieces=3, duration=4.51925, max_v=2.32965, max_a=2.12344, sfc(raw/simplified/final)=3/2/2, corridor=general, prefix=yes, prefix_dur=0.433406, switch_delay=0.45, head_path_dist=0.694657, shifted_start=0, sched_v=2, opt_v=2, opt_bound=2.32787, suffix_max_v=2.32965, suffix_max_a=2.12344, terminal_v=0, backup=no, backup_start=inf, backup_known_len=7.56227, sched_reason=curvature[0m
[0m[INFO] [1784395858.556100768]: [31m call planner [0m: 18.483[0m
[32m[plan success: new traj pub][0m: from PLAN_TRAJ to EXEC_TRAJ
 -- [TIMER] updateMap time consuming [32m 7.857547 ms[0m
 -- [TIMER] updateMap time consuming [32m 6.175743 ms[0m
 -- [TIMER] updateMap time consuming [32m 6.422280 ms[0m
[0m[INFO] [1784395858.686086592]: cloud odom callback cost: map update:13.905ms  update frontier clusters: 3.04765ms  total: 16.9527ms
[0m
[0m[INFO] [1784395858.692752620]: [coverage guidance] plan valid=1 map_v=43 frontier_v=43 zones(f/u)=197/268 observed=13916/35519 coverage=0.3918 voxels(f/o/u)=6919/6061/936 active=6 reachable_unknown=153 route_nodes=160 preferred=8 cost=6.6ms[0m
[0m[INFO] [1784395858.737633207]: [global update] actual callback interval=471.939ms configured=200ms[0m


[1;33m------------- <128> Plan Global Path start---------------[0m
[0m[INFO] [1784395859.002429279]: update topo skeleton cost: 42.641347ms, update odom vertex cost:222.096295ms [0m
[0m[INFO] [1784395859.002466768]: [highspeed_exp adapter] safety map ready=1 rog_ready=1 cloud_size=9084[0m
[0m[INFO] [1784395859.005938536]: [view score] cluster=658 best_score=-3.04404 visible_gain=3 speed=1.93408 corridor_cruise=0 hard_gate=0 rejected=0 top_k=2 known_free=2.2 clearance=1.15768 turn=1.11631 selected_yaw=-2.68821 current_yaw=-2.68821 yaw_delta=0 heading_known_free=5.6 vp=(-11.3148, -1.51228, 1.3)[0m
[0m[INFO] [1784395859.008885429]: vp cluster cost: 1.200329ms  ,remove unreachable cost: 1.911112ms, select vp cost: 3.170171ms[0m
insert viewpoint to graph time: 20.4859 ms
[0m[INFO] [1784395859.030781108]: [edge cost] len=29.0118 total=22.131 time=14.7059 turn_pen=7.42514 known_pen=0 backup_pen=0 yaw_pen=0 known_free=29.0118 min_clearance=0.48257 vel_limit=2 reason=curvature backup_feasible=1[0m
[0m[INFO] [1784395859.040749786]: [goal lock] keep goal idx=1 candidate_idx=0 locked_cost=34.8435 candidate_cost=30.7027 since=1.94297 high_speed=0[0m
[0m[INFO] [1784395859.040769246]: [candidate cost] chosen_cluster=654 chosen_coverage=0 raw_best_cluster=658 raw_best_coverage=0 | #0 c=658/cp=0 J=30.7027 T=14.7059 TB=7.42514 R=1.93102 G=0.0909091 W=0.537165 D=0 C=8.49716 | #1 c=653/cp=0 J=32.1352 T=21.3941 TB=10.6439 R=0 G=0.142857 W=1 D=0 C=1.88286 | #2 c=657/cp=0 J=32.9507 T=21.8984 TB=8.26236 R=0 G=0.318182 W=1 D=0.333333 C=5.7596[0m
calculate tsp cost matrix cost 11.375ms

tour solver cost: 0.533685ms
[1;33m-------------Plan Global Path end-----------------[0m

total time cost: 308.492ms
[32m[planGlobalPath: succeed][0m: from EXEC_TRAJ to PLAN_TRAJ
viz&&print cost:0.01499ms
[0m[INFO] [1784395859.047209997]: [path horizon] shorten high-curvature local path: horizon=7.7m pts=6 turn=2.92963 max_local_turn=1.47938[0m
[0m[INFO] [1784395859.047235746]: [path condition] raw_pts=61 conditioned_pts=16 dense_pts=6 len=7.7 known_free=7.7 min_clearance=0.656311 turn=2.92963 max_local_turn=1.47938 initial_heading=0.594465 backup_feasible=1 sched_v=2 reason=curvature[0m
[0m[INFO] [1784395859.066114203]: [highspeed_exp adapter] backup not required for verified known-free terminal-stop primary. duration=4.13862 known_len=6.77607[0m
[0m[INFO] [1784395859.066205192]: [highspeed_exp adapter] planned General MINCO exploration traj: pieces=3, duration=4.13862, max_v=2.24525, max_a=2.1611, sfc(raw/simplified/final)=3/2/2, corridor=general, prefix=yes, prefix_dur=0.43178, switch_delay=0.45, head_path_dist=0.676678, shifted_start=0, sched_v=2, opt_v=2, opt_bound=2.24383, suffix_max_v=2.24525, suffix_max_a=2.1611, terminal_v=0, backup=no, backup_start=inf, backup_known_len=6.77607, sched_reason=curvature[0m
[0m[INFO] [1784395859.066244012]: [31m call planner [0m: 20.055[0m
[32m[plan success: new traj pub][0m: from PLAN_TRAJ to EXEC_TRAJ
 -- [TIMER] updateMap time consuming [32m 8.288024 ms[0m
 -- [TIMER] updateMap time consuming [32m 7.337383 ms[0m
 -- [TIMER] updateMap time consuming [32m 7.859238 ms[0m


[1;33m------------- <129> Plan Global Path start---------------[0m
[0m[INFO] [1784395859.441481480]: update topo skeleton cost: 35.214847ms, update odom vertex cost:160.015747ms [0m
[0m[INFO] [1784395859.449984932]: vp cluster cost: 1.475476ms  ,remove unreachable cost: 2.781985ms, select vp cost: 3.952203ms[0m
insert viewpoint to graph time: 21.125 ms
calculate tsp cost matrix cost 14.1937ms

tour solver cost: 0.483566ms
[1;33m-------------Plan Global Path end-----------------[0m

total time cost: 244.433ms
[32m[planGlobalPath: succeed][0m: from EXEC_TRAJ to PLAN_TRAJ
viz&&print cost:0.03165ms
[0m[INFO] [1784395859.491852837]: [path condition] raw_pts=72 conditioned_pts=15 dense_pts=9 len=10.3453 known_free=10.3453 min_clearance=0.473855 turn=3.34032 max_local_turn=0.975479 initial_heading=0.838799 backup_feasible=1 sched_v=2 reason=curvature[0m
[33m -- [CIRI] WARNING! The problem is not feasible, the min dis to obstacle is only: 0.412346[0m
[33m	 box_min = -4.94859 -18.3538      0.6[0m
[33m	 box_max = 9.66309 -4.05141      5.4[0m
[33m	 seed line = 2.66309 -11.3538  3.50904 -->  2.05141 -11.0514     3.55[0m
[33m -- [GeneralPlanner] GeneratePolytopeFromLine failed.[0m
[33m[WARN] [1784395859.496660823]: [highspeed_exp adapter] General corridor generation failed; keep the committed trajectory.[0m
[0m[INFO] [1784395859.496693013]: [31m call planner [0m: 5.972[0m
[31m[PLAN_TRAJ: plan failed, keep safe terminal-stop trajectory][0m: from PLAN_TRAJ to EXEC_TRAJ
[0m[INFO] [1784395859.496838351]: [cloud input] mode=approximate_sync points=8748 age=0.0328718s stamp_valid=1[0m
 -- [TIMER] updateMap time consuming [32m 7.151234 ms[0m
 -- [TIMER] updateMap time consuming [32m 7.509581 ms[0m
 -- [TIMER] updateMap time consuming [32m 6.703458 ms[0m


[1;33m------------- <130> Plan Global Path start---------------[0m
[0m[INFO] [1784395859.878423942]: update topo skeleton cost: 28.209160ms, update odom vertex cost:159.442134ms [0m
[0m[INFO] [1784395859.882531454]: [view score] cluster=658 best_score=-1.5267 visible_gain=3 speed=1.91388 corridor_cruise=0 hard_gate=0 rejected=0 top_k=2 known_free=3.6 clearance=1.15768 turn=0.795655 selected_yaw=-3.10818 current_yaw=-3.10818 yaw_delta=0 heading_known_free=12.2 vp=(-11.3148, -1.51228, 1.3)[0m
[0m[INFO] [1784395859.885949612]: vp cluster cost: 1.182019ms  ,remove unreachable cost: 2.164730ms, select vp cost: 3.915804ms[0m
insert viewpoint to graph time: 23.166 ms
[0m[INFO] [1784395859.910297578]: [edge cost] len=27.0989 total=19.7281 time=13.7494 turn_pen=5.9787 known_pen=0 backup_pen=0 yaw_pen=0 known_free=27.0989 min_clearance=0.48257 vel_limit=2 reason=curvature backup_feasible=1[0m
[0m[INFO] [1784395859.912633777]: [goal lock] keep goal idx=1 candidate_idx=0 locked_cost=34.066 candidate_cost=27.1646 since=2.81486 high_speed=0[0m
[0m[INFO] [1784395859.912652937]: [candidate cost] chosen_cluster=654 chosen_coverage=0 raw_best_cluster=658 raw_best_coverage=0 | #0 c=658/cp=0 J=27.1646 T=13.7494 TB=5.9787 R=0 G=0.0909091 W=0.585891 D=0 C=8.49716 | #1 c=654/cp=0 J=34.066 T=17.8082 TB=6.02711 R=0 G=0.166667 W=0.154898 D=0 C=10.7964[0m
calculate tsp cost matrix cost 3.51616ms

tour solver cost: 0.254607ms
[1;33m-------------Plan Global Path end-----------------[0m

total time cost: 223.582ms
[32m[planGlobalPath: succeed][0m: from EXEC_TRAJ to PLAN_TRAJ
viz&&print cost:0.01474ms
[0m[INFO] [1784395859.915371752]: [path horizon] shorten high-curvature local path: horizon=10.0385m pts=9 turn=3.55984 max_local_turn=0.975479[0m
[0m[INFO] [1784395859.915384372]: [path condition] raw_pts=66 conditioned_pts=16 dense_pts=9 len=10.0385 known_free=10.0385 min_clearance=0.561266 turn=3.55984 max_local_turn=0.975479 initial_heading=0.838402 backup_feasible=1 sched_v=2 reason=curvature[0m
[0m[INFO] [1784395859.936009892]: [highspeed_exp adapter] backup not required for verified known-free terminal-stop primary. duration=5.32913 known_len=8.74718[0m
[0m[INFO] [1784395859.936074001]: [highspeed_exp adapter] planned General MINCO exploration traj: pieces=3, duration=5.32913, max_v=2.26487, max_a=1.68778, sfc(raw/simplified/final)=3/2/2, corridor=general, prefix=yes, prefix_dur=0.430165, switch_delay=0.45, head_path_dist=0.824307, shifted_start=0, sched_v=2, opt_v=2, opt_bound=3, suffix_max_v=2.26487, suffix_max_a=1.68778, terminal_v=0, backup=no, backup_start=inf, backup_known_len=8.74718, sched_reason=curvature[0m
[0m[INFO] [1784395859.936094721]: [31m call planner [0m: 21.724[0m
[32m[plan success: new traj pub][0m: from PLAN_TRAJ to EXEC_TRAJ
[0m[INFO] [1784395858.169039243]: Publish local map size: 9685[0m
[0m[INFO] [1784395859.268991577]: Publish local map size: 9936[0m
 -- [MARSIM] Running FPS: 224.267
 -- [TIMER] updateMap time consuming [32m 7.665250 ms[0m
[0m[INFO] [1784395859.954385603]: cloud odom callback cost: map update:15.1086ms  update frontier clusters: 3.08778ms  total: 18.1964ms
[0m
 -- [TIMER] updateMap time consuming [32m 6.619029 ms[0m
 -- [TIMER] updateMap time consuming [32m 5.862256 ms[0m
[0m[INFO] [1784395860.114418012]: [global update] actual callback interval=423.656ms configured=200ms[0m


[1;33m------------- <131> Plan Global Path start---------------[0m
[0m[INFO] [1784395860.326864600]: update topo skeleton cost: 28.563087ms, update odom vertex cost:183.813262ms [0m
[0m[INFO] [1784395860.335352212]: vp cluster cost: 1.535016ms  ,remove unreachable cost: 2.512137ms, select vp cost: 3.972234ms[0m
insert viewpoint to graph time: 19.4156 ms
[0m[INFO] [1784395860.367300689]: [frontier lifecycle] selected cluster=658 selected_count=2 match_distance=0[0m
calculate tsp cost matrix cost 12.5279ms

tour solver cost: 0.631244ms
[1;33m-------------Plan Global Path end-----------------[0m

total time cost: 259.915ms
[32m[planGlobalPath: succeed][0m: from EXEC_TRAJ to PLAN_TRAJ
viz&&print cost:0.03042ms
[0m[INFO] [1784395860.375648412]: [path condition] raw_pts=47 conditioned_pts=13 dense_pts=8 len=8.87439 known_free=8.87439 min_clearance=0.691183 turn=3.08 max_local_turn=1.17788 initial_heading=0.28423 backup_feasible=1 sched_v=2 reason=curvature[0m
[0m[INFO] [1784395860.394993664]: [highspeed_exp adapter] planned General MINCO exploration traj: pieces=3, duration=4.62431, max_v=2.36952, max_a=2.02337, sfc(raw/simplified/final)=3/2/2, corridor=general, prefix=yes, prefix_dur=0.431534, switch_delay=0.45, head_path_dist=0.210441, shifted_start=0, sched_v=2, opt_v=2, opt_bound=3, suffix_max_v=2.36952, suffix_max_a=2.02337, terminal_v=0, backup=no, backup_start=inf, backup_known_len=7.8058, sched_reason=curvature[0m
[0m[INFO] [1784395860.395043364]: [31m call planner [0m: 20.630[0m
[32m[plan success: new traj pub][0m: from PLAN_TRAJ to EXEC_TRAJ
 -- [TIMER] updateMap time consuming [32m 7.775098 ms[0m
 -- [TIMER] updateMap time consuming [32m 6.638369 ms[0m
[0m[INFO] [1784395860.569154644]: [cloud input] mode=approximate_sync points=9293 age=0.00516837s stamp_valid=1[0m
 -- [TIMER] updateMap time consuming [32m 6.591300 ms[0m


[1;33m------------- <132> Plan Global Path start---------------[0m
[0m[INFO] [1784395860.789642959]: update topo skeleton cost: 31.771198ms, update odom vertex cost:171.756272ms [0m
[0m[INFO] [1784395860.793697262]: [view score] cluster=658 best_score=-0.674242 visible_gain=3 speed=2.01942 corridor_cruise=0 hard_gate=0 rejected=0 top_k=2 known_free=3.2 clearance=1.15768 turn=0.466215 selected_yaw=2.86733 current_yaw=2.86733 yaw_delta=0 heading_known_free=5.2 vp=(-11.3148, -1.51228, 1.3)[0m
[0m[INFO] [1784395860.797555216]: vp cluster cost: 1.259399ms  ,remove unreachable cost: 2.309019ms, select vp cost: 4.173931ms[0m
insert viewpoint to graph time: 23.5569 ms
[0m[INFO] [1784395860.822179940]: [edge cost] len=25.362 total=15.5231 time=12.881 turn_pen=2.64209 known_pen=0 backup_pen=0 yaw_pen=0 known_free=25.362 min_clearance=0.466878 vel_limit=2 reason=curvature backup_feasible=1[0m
[0m[INFO] [1784395860.832911981]: [goal lock] keep goal idx=0 candidate_idx=3 locked_cost=23.7835 candidate_cost=22.8683 since=0.465621 high_speed=0[0m
[0m[INFO] [1784395860.832950171]: [candidate cost] chosen_cluster=658 chosen_coverage=0 raw_best_cluster=653 raw_best_coverage=0 | #0 c=653/cp=0 J=22.8683 T=20.1243 TB=2.64686 R=0 G=0.142857 W=1 D=0 C=1.88286 | #1 c=658/cp=0 J=23.7835 T=12.881 TB=2.64209 R=0.0345929 G=0.0909091 W=0.0239039 D=0 C=8.45911 | #2 c=657/cp=0 J=26.0136 T=20.5235 TB=2.70021 R=0 G=0.318182 W=1 D=0.333333 C=5.7596[0m
calculate tsp cost matrix cost 11.8045ms

tour solver cost: 3.64349ms
[1;33m-------------Plan Global Path end-----------------[0m

total time cost: 256.939ms
[32m[planGlobalPath: succeed][0m: from EXEC_TRAJ to PLAN_TRAJ
viz&&print cost:0.018309ms
[0m[INFO] [1784395860.844234107]: [path horizon] shorten high-curvature local path: horizon=10.1144m pts=9 turn=1.50173 max_local_turn=0.914178[0m
[0m[INFO] [1784395860.844262737]: [path condition] raw_pts=63 conditioned_pts=13 dense_pts=9 len=10.1144 known_free=10.1144 min_clearance=0.468509 turn=1.50173 max_local_turn=0.914178 initial_heading=0.0895144 backup_feasible=1 sched_v=2 reason=curvature[0m
[0m[INFO] [1784395860.870513866]: [highspeed_exp adapter] backup not required for verified known-free terminal-stop primary. duration=4.08823 known_len=7.66152[0m
[0m[INFO] [1784395860.870580865]: [highspeed_exp adapter] planned General MINCO exploration traj: pieces=3, duration=4.08823, max_v=2.96656, max_a=2.99516, sfc(raw/simplified/final)=3/2/2, corridor=general, prefix=yes, prefix_dur=0.424378, switch_delay=0.45, head_path_dist=0.615523, shifted_start=0, sched_v=2, opt_v=2, opt_bound=3, suffix_max_v=2.96656, suffix_max_a=2.99516, terminal_v=0, backup=no, backup_start=inf, backup_known_len=7.66152, sched_reason=curvature[0m
[0m[INFO] [1784395860.870600635]: [31m call planner [0m: 27.547[0m
[32m[plan success: new traj pub][0m: from PLAN_TRAJ to EXEC_TRAJ
 -- [TIMER] updateMap time consuming [32m 6.635009 ms[0m
 -- [TIMER] updateMap time consuming [32m 6.078924 ms[0m
[0m[INFO] [1784395860.985681618]: cloud odom callback cost: map update:13.8453ms  update frontier clusters: 2.76343ms  total: 16.6087ms
[0m
[0m[INFO] [1784395860.991774262]: [coverage guidance] plan valid=1 map_v=45 frontier_v=45 zones(f/u)=197/270 observed=13981/35519 coverage=0.3936 voxels(f/o/u)=6978/6061/942 active=6 reachable_unknown=153 route_nodes=160 preferred=8 cost=6.1ms[0m


[1;33m------------- <133> Plan Global Path start---------------[0m
[0m[INFO] [1784395861.253414271]: update topo skeleton cost: 26.043571ms, update odom vertex cost:184.246379ms [0m
[0m[INFO] [1784395861.253449891]: [highspeed_exp adapter] safety map ready=1 rog_ready=1 cloud_size=9542[0m
[0m[INFO] [1784395861.261368668]: vp cluster cost: 1.462236ms  ,remove unreachable cost: 2.536237ms, select vp cost: 3.781715ms[0m
insert viewpoint to graph time: 25.151 ms
calculate tsp cost matrix cost 11.9757ms

tour solver cost: 31.7554ms
[1;33m-------------Plan Global Path end-----------------[0m

total time cost: 293.651ms
[32m[planGlobalPath: succeed][0m: from EXEC_TRAJ to PLAN_TRAJ
viz&&print cost:0.02015ms
[0m[INFO] [1784395861.337947775]: [path condition] raw_pts=63 conditioned_pts=13 dense_pts=10 len=10.0398 known_free=10.0398 min_clearance=0.468509 turn=2.62705 max_local_turn=1.07079 initial_heading=0.155062 backup_feasible=1 sched_v=2 reason=curvature[0m
[0m[INFO] [1784395861.363977666]: [highspeed_exp adapter] planned General MINCO exploration traj: pieces=3, duration=4.94153, max_v=2.20775, max_a=1.82794, sfc(raw/simplified/final)=3/2/2, corridor=general, prefix=yes, prefix_dur=0.424797, switch_delay=0.45, head_path_dist=0.69281, shifted_start=0, sched_v=2, opt_v=2, opt_bound=2.20724, suffix_max_v=2.20775, suffix_max_a=1.82794, terminal_v=0, backup=no, backup_start=inf, backup_known_len=7.96304, sched_reason=curvature[0m
[0m[INFO] [1784395861.364015576]: [31m call planner [0m: 27.218[0m
[32m[plan success: new traj pub][0m: from PLAN_TRAJ to EXEC_TRAJ
 -- [TIMER] updateMap time consuming [32m 7.804648 ms[0m
 -- [TIMER] updateMap time consuming [32m 7.211904 ms[0m
 -- [TIMER] updateMap time consuming [32m 6.934037 ms[0m
[0m[INFO] [1784395861.536843460]: [global update] actual callback interval=493.728ms configured=200ms[0m


[1;33m------------- <134> Plan Global Path start---------------[0m
[0m[INFO] [1784395861.757742813]: update topo skeleton cost: 26.269559ms, update odom vertex cost:194.568544ms [0m
[0m[INFO] [1784395861.762288061]: [view score] cluster=658 best_score=-1.38847 visible_gain=3 speed=1.98525 corridor_cruise=0 hard_gate=0 rejected=0 top_k=2 known_free=2.2 clearance=1.15768 turn=0.582575 selected_yaw=3.05636 current_yaw=3.05636 yaw_delta=0 heading_known_free=9.2 vp=(-11.3148, -1.51228, 1.3)[0m
[0m[INFO] [1784395861.764762379]: vp cluster cost: 1.257669ms  ,remove unreachable cost: 2.735405ms, select vp cost: 2.805574ms[0m
insert viewpoint to graph time: 25.948 ms
[0m[INFO] [1784395861.791787111]: [edge cost] len=23.6335 total=14.6324 time=12.0168 turn_pen=2.61566 known_pen=0 backup_pen=0 yaw_pen=0 known_free=23.6335 min_clearance=0.466878 vel_limit=2 reason=curvature backup_feasible=1[0m
[0m[INFO] [1784395861.800087904]: [goal lock] keep goal idx=0 candidate_idx=2 locked_cost=25.6472 candidate_cost=21.1154 since=1.4328 high_speed=0[0m
[0m[INFO] [1784395861.800117244]: [candidate cost] chosen_cluster=658 chosen_coverage=0 raw_best_cluster=657 raw_best_coverage=0 | #0 c=657/cp=0 J=21.1154 T=19.6593 TB=2.66622 R=0 G=0.318182 W=1 D=0.333333 C=1.7596 | #1 c=658/cp=0 J=25.6472 T=12.0168 TB=2.61566 R=1.00743 G=0.0909091 W=0.0776379 D=0 C=10.759 | #2 c=653/cp=0 J=26.2092 T=19.26 TB=2.62798 R=0.407293 G=0.142857 W=1 D=0 C=5.88286[0m
calculate tsp cost matrix cost 9.38251ms

tour solver cost: 0.479226ms
[1;33m-------------Plan Global Path end-----------------[0m

total time cost: 270.092ms
[32m[planGlobalPath: succeed][0m: from EXEC_TRAJ to PLAN_TRAJ
viz&&print cost:0.02214ms
[0m[INFO] [1784395861.808168610]: [path horizon] shorten high-curvature local path: horizon=9.93301m pts=8 turn=2.70662 max_local_turn=1.07079[0m
[0m[INFO] [1784395861.808198170]: [path condition] raw_pts=61 conditioned_pts=11 dense_pts=8 len=9.93301 known_free=9.93301 min_clearance=0.468595 turn=2.70662 max_local_turn=1.07079 initial_heading=0.0744608 backup_feasible=1 sched_v=2 reason=curvature[0m
[0m[INFO] [1784395861.829990590]: [highspeed_exp adapter] backup not required for verified known-free terminal-stop primary. duration=4.52286 known_len=7.62179[0m
[0m[INFO] [1784395861.830065679]: [highspeed_exp adapter] planned General MINCO exploration traj: pieces=3, duration=4.52286, max_v=2.23409, max_a=2.06786, sfc(raw/simplified/final)=3/2/2, corridor=general, prefix=yes, prefix_dur=0.428803, switch_delay=0.45, head_path_dist=0.706637, shifted_start=0, sched_v=2, opt_v=2, opt_bound=2.23276, suffix_max_v=2.23409, suffix_max_a=2.06786, terminal_v=0, backup=no, backup_start=inf, backup_known_len=7.62179, sched_reason=curvature[0m
[0m[INFO] [1784395861.830091209]: [31m call planner [0m: 23.090[0m
[32m[plan success: new traj pub][0m: from PLAN_TRAJ to EXEC_TRAJ
[0m[INFO] [1784395861.830196488]: [cloud input] mode=approximate_sync points=9955 age=0.0662282s stamp_valid=1[0m
 -- [TIMER] updateMap time consuming [32m 7.537051 ms[0m
 -- [TIMER] updateMap time consuming [32m 6.526470 ms[0m
 -- [TIMER] updateMap time consuming [32m 6.878487 ms[0m
[0m[INFO] [1784395861.987255067]: cloud odom callback cost: map update:14.8431ms  update frontier clusters: 3.07653ms  total: 17.9197ms
[0m


[1;33m------------- <135> Plan Global Path start---------------[0m
[0m[INFO] [1784395860.270728516]: Publish local map size: 9843[0m
[0m[INFO] [1784395861.271009029]: Publish local map size: 9527[0m
 -- [MARSIM] Running FPS: 201.823
[0m[INFO] [1784395862.240331167]: update topo skeleton cost: 26.241629ms, update odom vertex cost:207.033993ms [0m
[0m[INFO] [1784395862.246527700]: vp cluster cost: 1.323918ms  ,remove unreachable cost: 1.806463ms, select vp cost: 2.689426ms[0m
insert viewpoint to graph time: 26.1137 ms
calculate tsp cost matrix cost 10.3179ms

tour solver cost: 3.88711ms
[1;33m-------------Plan Global Path end-----------------[0m

total time cost: 286.272ms
[32m[planGlobalPath: succeed][0m: from EXEC_TRAJ to PLAN_TRAJ
[0m[INFO] [1784395862.293389131]: [frontier storage] labels=5555/3739 normals=117/823 clusters=9 terminal=0 cluster_cells(cap)=63 candidates(cap)=14 derived_viewpoints(cap)=0 estimated_kb=88.7998 revision=175 audit_ready=0[0m
viz&&print cost:0.132149ms
[33m[WARN] [1784395862.316277581]: [highspeed_exp adapter] invalid safe flight corridor after simplify/shortcut: disconnected_poly_0_1[0m
[0m[INFO] [1784395862.295015486]: [path condition] raw_pts=46 conditioned_pts=9 dense_pts=10 len=14.9382 known_free=14.9382 min_clearance=0.574547 turn=2.61877 max_local_turn=1.5708 initial_heading=0.267141 backup_feasible=1 sched_v=2 reason=curvature[0m
[0m[INFO] [1784395862.316313971]: [31m call planner [0m: 22.833[0m
[31m[PLAN_TRAJ: plan failed, keep safe terminal-stop trajectory][0m: from PLAN_TRAJ to EXEC_TRAJ
 -- [TIMER] updateMap time consuming [32m 11.979461 ms[0m
 -- [TIMER] updateMap time consuming [32m 6.296942 ms[0m
 -- [TIMER] updateMap time consuming [32m 6.040785 ms[0m


[1;33m------------- <136> Plan Global Path start---------------[0m
[0m[INFO] [1784395862.718512845]: update topo skeleton cost: 33.791890ms, update odom vertex cost:191.187958ms [0m
[0m[INFO] [1784395862.722722046]: [view score] cluster=658 best_score=-3.09512 visible_gain=3 speed=1.99985 corridor_cruise=0 hard_gate=0 rejected=0 top_k=2 known_free=1.4 clearance=1.15768 turn=1.01166 selected_yaw=-2.97412 current_yaw=-2.97412 yaw_delta=0 heading_known_free=6.8 vp=(-11.3148, -1.51228, 1.3)[0m
[0m[INFO] [1784395862.726019696]: vp cluster cost: 1.386867ms  ,remove unreachable cost: 2.397118ms, select vp cost: 3.563668ms[0m
insert viewpoint to graph time: 22.2512 ms
[0m[INFO] [1784395862.749151744]: [edge cost] len=19.5783 total=13.2654 time=9.98914 turn_pen=3.27624 known_pen=0 backup_pen=0 yaw_pen=0 known_free=19.5783 min_clearance=0.669837 vel_limit=2 reason=curvature backup_feasible=1[0m
[0m[INFO] [1784395862.756717444]: [goal lock] keep goal idx=0 candidate_idx=2 locked_cost=25.6298 candidate_cost=19.9697 since=2.38943 high_speed=0[0m
[0m[INFO] [1784395862.756741634]: [candidate cost] chosen_cluster=658 chosen_coverage=0 raw_best_cluster=657 raw_best_coverage=0 | #0 c=657/cp=0 J=19.9697 T=17.6316 TB=3.31669 R=0.420878 G=0.318182 W=1 D=0.333333 C=1.7596 | #1 c=658/cp=0 J=25.6298 T=9.98914 TB=3.27624 R=3.66157 G=0.0909091 W=0.131041 D=0 C=10.7289 | #2 c=653/cp=0 J=25.6722 T=17.2324 TB=3.29868 R=1.89817 G=0.142857 W=1 D=0 C=5.88286[0m
calculate tsp cost matrix cost 8.43981ms

tour solver cost: 0.625804ms
[1;33m-------------Plan Global Path end-----------------[0m

total time cost: 270.317ms
[32m[planGlobalPath: succeed][0m: from EXEC_TRAJ to PLAN_TRAJ
viz&&print cost:0.04352ms
[0m[INFO] [1784395862.765209656]: [path horizon] shorten high-curvature local path: horizon=14.7313m pts=10 turn=2.96183 max_local_turn=1.5708[0m
[0m[INFO] [1784395862.765242366]: [path condition] raw_pts=42 conditioned_pts=9 dense_pts=10 len=14.7313 known_free=14.7313 min_clearance=0.672419 turn=2.96183 max_local_turn=1.5708 initial_heading=0.474787 backup_feasible=1 sched_v=2 reason=curvature[0m
[0m[INFO] [1784395862.823774450]: [highspeed_exp adapter] backup not required for verified known-free terminal-stop primary. duration=8.32533 known_len=14.1688[0m
[0m[INFO] [1784395862.823867229]: [highspeed_exp adapter] planned General MINCO exploration traj: pieces=4, duration=8.32533, max_v=2.70269, max_a=1.70735, sfc(raw/simplified/final)=4/3/3, corridor=general, prefix=yes, prefix_dur=0.392546, switch_delay=0.45, head_path_dist=0.793748, shifted_start=0, sched_v=2, opt_v=2, opt_bound=2.76249, suffix_max_v=2.70269, suffix_max_a=1.70735, terminal_v=0, backup=no, backup_start=inf, backup_known_len=14.1688, sched_reason=curvature[0m
[0m[INFO] [1784395862.823897348]: [31m call planner [0m: 59.850[0m
[32m[plan success: new traj pub][0m: from PLAN_TRAJ to EXEC_TRAJ
 -- [TIMER] updateMap time consuming [32m 10.851090 ms[0m
[0m[INFO] [1784395862.868911926]: [cloud input] mode=approximate_sync points=9078 age=0.00492401s stamp_valid=1[0m
 -- [TIMER] updateMap time consuming [32m 6.094234 ms[0m
[0m[INFO] [1784395862.963961095]: [global update] actual callback interval=470.428ms configured=200ms[0m


[1;33m------------- <137> Plan Global Path start---------------[0m
[0m[INFO] [1784395863.218592053]: update topo skeleton cost: 57.117136ms, update odom vertex cost:197.454723ms [0m
[0m[INFO] [1784395863.222994953]: [view score] cluster=652 best_score=-1.23241 visible_gain=6 speed=2.1427 corridor_cruise=0 hard_gate=0 rejected=0 top_k=2 known_free=1.2 clearance=2.3905 turn=1.4414 selected_yaw=2.74889 current_yaw=-3.06074 yaw_delta=0.473548 heading_known_free=6 vp=(-11.184, 15.7875, 2.8)[0m
[0m[INFO] [1784395863.225227122]: vp cluster cost: 1.396817ms  ,remove unreachable cost: 2.359589ms, select vp cost: 2.736365ms[0m
insert viewpoint to graph time: 24.2563 ms
[0m[INFO] [1784395863.250295163]: [edge cost] len=18.777 total=13.0001 time=9.58851 turn_pen=3.41161 known_pen=0 backup_pen=0 yaw_pen=0 known_free=18.777 min_clearance=0.669837 vel_limit=2 reason=curvature backup_feasible=1[0m
[0m[INFO] [1784395863.260386221]: [goal lock] keep goal idx=0 candidate_idx=2 locked_cost=25.5126 candidate_cost=19.8301 since=2.89306 high_speed=0[0m
[0m[INFO] [1784395863.260439640]: [candidate cost] chosen_cluster=658 chosen_coverage=0 raw_best_cluster=657 raw_best_coverage=0 | #0 c=657/cp=0 J=19.8301 T=17.231 TB=3.45552 R=0.642971 G=0.318182 W=1 D=0.333333 C=1.7596 | #1 c=658/cp=0 J=25.5126 T=9.58851 TB=3.41161 R=4.00646 G=0.0909091 W=0.158774 D=0 C=10.7289 | #2 c=653/cp=0 J=25.6187 T=16.8318 TB=3.43058 R=2.28941 G=0.142857 W=1 D=0 C=5.88286[0m
calculate tsp cost matrix cost 10.9253ms

tour solver cost: 1.86574ms
[1;33m-------------Plan Global Path end-----------------[0m

total time cost: 304.725ms
[32m[planGlobalPath: succeed][0m: from EXEC_TRAJ to PLAN_TRAJ
viz&&print cost:0.03062ms
[0m[INFO] [1784395863.270002522]: [path horizon] shorten high-curvature local path: horizon=14.3824m pts=11 turn=3.35739 max_local_turn=1.5708[0m
[0m[INFO] [1784395863.270039742]: [path condition] raw_pts=40 conditioned_pts=9 dense_pts=11 len=14.3824 known_free=14.3824 min_clearance=0.672419 turn=3.35739 max_local_turn=1.5708 initial_heading=0.555909 backup_feasible=1 sched_v=2 reason=curvature[0m
[0m[INFO] [1784395863.304387218]: [highspeed_exp adapter] planned General MINCO exploration traj: pieces=4, duration=7.82071, max_v=2.74632, max_a=1.50288, sfc(raw/simplified/final)=4/3/3, corridor=general, prefix=yes, prefix_dur=0.416708, switch_delay=0.45, head_path_dist=0.901981, shifted_start=0, sched_v=2, opt_v=2, opt_bound=2.74588, suffix_max_v=2.74632, suffix_max_a=1.50288, terminal_v=0, backup=no, backup_start=inf, backup_known_len=13.2085, sched_reason=curvature[0m
[0m[INFO] [1784395863.304428347]: [31m call planner [0m: 35.661[0m
[32m[plan success: new traj pub][0m: from PLAN_TRAJ to EXEC_TRAJ
 -- [TIMER] updateMap time consuming [32m 15.329610 ms[0m
[0m[INFO] [1784395863.332116064]: cloud odom callback cost: map update:24.2985ms  update frontier clusters: 3.20806ms  total: 27.5066ms
[0m
[0m[INFO] [1784395863.338426436]: [coverage guidance] plan valid=1 map_v=47 frontier_v=47 zones(f/u)=193/268 observed=14032/35519 coverage=0.3951 voxels(f/o/u)=7027/6058/947 active=6 reachable_unknown=153 route_nodes=160 preferred=8 cost=6.3ms[0m
 -- [TIMER] updateMap time consuming [32m 5.743157 ms[0m


[1;33m------------- <138> Plan Global Path start---------------[0m
[0m[INFO] [1784395863.704879941]: update topo skeleton cost: 40.995264ms, update odom vertex cost:195.049064ms [0m
[0m[INFO] [1784395863.704910671]: [highspeed_exp adapter] safety map ready=1 rog_ready=1 cloud_size=8695[0m
[0m[INFO] [1784395863.710822027]: vp cluster cost: 1.176619ms  ,remove unreachable cost: 2.453418ms, select vp cost: 2.173830ms[0m
insert viewpoint to graph time: 25.4686 ms
calculate tsp cost matrix cost 10.0042ms

tour solver cost: 1.5417ms
[1;33m-------------Plan Global Path end-----------------[0m

total time cost: 285.436ms
[32m[planGlobalPath: succeed][0m: from EXEC_TRAJ to PLAN_TRAJ
viz&&print cost:0.02508ms
[0m[INFO] [1784395863.755212800]: [path condition] raw_pts=39 conditioned_pts=9 dense_pts=11 len=13.8409 known_free=13.8409 min_clearance=0.672419 turn=3.55944 max_local_turn=1.5708 initial_heading=0.551018 backup_feasible=1 sched_v=2 reason=curvature[0m
[0m[INFO] [1784395863.799836882]: [highspeed_exp adapter] backup not required for verified known-free terminal-stop primary. duration=7.51114 known_len=12.442[0m
[0m[INFO] [1784395863.799908731]: [highspeed_exp adapter] planned General MINCO exploration traj: pieces=4, duration=7.51114, max_v=2.75296, max_a=1.44085, sfc(raw/simplified/final)=4/3/3, corridor=general, prefix=yes, prefix_dur=0.40639, switch_delay=0.45, head_path_dist=0.91267, shifted_start=0, sched_v=2, opt_v=2, opt_bound=2.75256, suffix_max_v=2.75296, suffix_max_a=1.44085, terminal_v=0, backup=no, backup_start=inf, backup_known_len=12.442, sched_reason=curvature[0m
[0m[INFO] [1784395863.799935431]: [31m call planner [0m: 45.607[0m
[32m[plan success: new traj pub][0m: from PLAN_TRAJ to EXEC_TRAJ
 -- [TIMER] updateMap time consuming [32m 12.306377 ms[0m
 -- [TIMER] updateMap time consuming [32m 5.967175 ms[0m
[0m[INFO] [1784395863.868936259]: [cloud input] mode=approximate_sync points=9196 age=0.00494188s stamp_valid=1[0m
 -- [TIMER] updateMap time consuming [32m 6.374742 ms[0m


[1;33m------------- <139> Plan Global Path start---------------[0m
[0m[INFO] [1784395864.186004168]: update topo skeleton cost: 79.174116ms, update odom vertex cost:152.472326ms [0m
[0m[INFO] [1784395864.190400648]: [view score] cluster=658 best_score=-2.59178 visible_gain=3 speed=2.31052 corridor_cruise=0 hard_gate=0 rejected=0 top_k=2 known_free=2 clearance=1.15768 turn=0.866013 selected_yaw=2.99681 current_yaw=2.99681 yaw_delta=0 heading_known_free=7.4 vp=(-11.3148, -1.51228, 1.3)[0m
[0m[INFO] [1784395864.192904045]: vp cluster cost: 1.273558ms  ,remove unreachable cost: 2.510347ms, select vp cost: 2.894424ms[0m
insert viewpoint to graph time: 22.2784 ms
[0m[INFO] [1784395864.216157393]: [edge cost] len=16.6272 total=11.2115 time=8.51362 turn_pen=2.69783 known_pen=0 backup_pen=0 yaw_pen=0 known_free=16.6272 min_clearance=0.669837 vel_limit=2 reason=curvature backup_feasible=1[0m
[0m[INFO] [1784395864.224081280]: [candidate cost] chosen_cluster=658 chosen_coverage=0 raw_best_cluster=658 raw_best_coverage=0 | #0 c=658/cp=0 J=13.5909 T=8.51362 TB=2.69783 R=3.98454 G=0.0909091 W=0.212534 D=0 C=0.688598 | #1 c=654/cp=0 J=23.7845 T=15.6128 TB=2.75077 R=3.03271 G=0.166667 W=0.394172 D=0 C=4.67751 | #2 c=653/cp=0 J=23.9866 T=15.7569 TB=2.70778 R=2.59052 G=0.142857 W=1 D=0 C=5.88286[0m
calculate tsp cost matrix cost 8.86389ms

tour solver cost: 0.631094ms
[1;33m-------------Plan Global Path end-----------------[0m

total time cost: 276.838ms
[32m[planGlobalPath: succeed][0m: from EXEC_TRAJ to PLAN_TRAJ
viz&&print cost:0.03835ms
[0m[INFO] [1784395864.231884529]: [path condition] raw_pts=32 conditioned_pts=8 dense_pts=12 len=17.9625 known_free=17.9625 min_clearance=0.672419 turn=4.13929 max_local_turn=1.5708 initial_heading=0.12332 backup_feasible=1 sched_v=2 reason=curvature[0m
[0m[INFO] [1784395864.262070623]: [highspeed_exp adapter] planned General MINCO exploration traj: pieces=3, duration=10.523, max_v=2.75691, max_a=1.15932, sfc(raw/simplified/final)=4/2/2, corridor=general, prefix=yes, prefix_dur=0.421666, switch_delay=0.45, head_path_dist=0.238598, shifted_start=0, sched_v=2, opt_v=2, opt_bound=2.99972, suffix_max_v=2.75691, suffix_max_a=1.15932, terminal_v=0, backup=no, backup_start=inf, backup_known_len=16.0879, sched_reason=curvature[0m
[0m[INFO] [1784395864.262126232]: [31m call planner [0m: 30.894[0m
[32m[plan success: new traj pub][0m: from PLAN_TRAJ to EXEC_TRAJ
[0m[INFO] [1784395862.368869379]: Publish local map size: 9431[0m
[0m[INFO] [1784395863.468958391]: Publish local map size: 9099[0m
 -- [MARSIM] Running FPS: 211.96
 -- [TIMER] updateMap time consuming [32m 7.137115 ms[0m
 -- [TIMER] updateMap time consuming [32m 6.931236 ms[0m
 -- [TIMER] updateMap time consuming [32m 6.814318 ms[0m
[0m[INFO] [1784395864.387312648]: cloud odom callback cost: map update:15.5182ms  update frontier clusters: 2.89347ms  total: 18.4117ms
[0m
[0m[INFO] [1784395864.431291355]: [global update] actual callback interval=476.939ms configured=200ms[0m


[1;33m------------- <140> Plan Global Path start---------------[0m
[0m[INFO] [1784395864.631242737]: update topo skeleton cost: 45.904480ms, update odom vertex cost:153.982752ms [0m
[0m[INFO] [1784395864.637317281]: vp cluster cost: 1.335867ms  ,remove unreachable cost: 1.902843ms, select vp cost: 2.655575ms[0m
insert viewpoint to graph time: 18.5873 ms
calculate tsp cost matrix cost 9.90216ms

tour solver cost: 0.535566ms
[1;33m-------------Plan Global Path end-----------------[0m

total time cost: 240.453ms
[32m[planGlobalPath: succeed][0m: from EXEC_TRAJ to PLAN_TRAJ
viz&&print cost:0.05732ms
[33m[WARN] [1784395864.696861247]: [highspeed_exp adapter] optimized trajectory safety check failed; retry slower: attempt=1 guide_speed=2 t=4.65 state=occupied start_clearance=1.66359 segment_min_clearance=0.529058 blocked_clearance=0.529058 recovery=0 clearance_regressed=0 left_exploration_boxes=0[0m
[33m[WARN] [1784395864.700979139]: [highspeed_exp adapter] optimized trajectory safety check failed; retry slower: attempt=2 guide_speed=1.5 t=6.1 state=occupied start_clearance=1.66359 segment_min_clearance=0.54275 blocked_clearance=0.543137 recovery=0 clearance_regressed=0 left_exploration_boxes=0[0m
[33m[WARN] [1784395864.712991639]: [highspeed_exp adapter] optimized trajectory safety check failed; retry slower: attempt=3 guide_speed=1.1 t=8.8 state=known_free start_clearance=1.66359 segment_min_clearance=0.42635 blocked_clearance=0.42635 recovery=0 clearance_regressed=0 left_exploration_boxes=0[0m
[33m[WARN] [1784395864.730447690]: [highspeed_exp adapter] optimized trajectory safety check failed; retry slower: attempt=4 guide_speed=1 t=8.75 state=known_free start_clearance=1.66359 segment_min_clearance=0.429249 blocked_clearance=0.429249 recovery=0 clearance_regressed=0 left_exploration_boxes=0[0m
[33m[WARN] [1784395864.730477589]: [highspeed_exp adapter] General exploration MINCO optimization failed.[0m
[0m[INFO] [1784395864.672591589]: [path condition] raw_pts=32 conditioned_pts=7 dense_pts=10 len=16.8339 known_free=16.8339 min_clearance=0.672419 turn=3.91439 max_local_turn=1.5708 initial_heading=0.107444 backup_feasible=1 sched_v=2 reason=curvature[0m
[0m[INFO] [1784395864.730501579]: [31m call planner [0m: 58.632[0m
[31m[PLAN_TRAJ: plan failed, keep safe terminal-stop trajectory][0m: from PLAN_TRAJ to EXEC_TRAJ
 -- [TIMER] updateMap time consuming [32m 7.347193 ms[0m
 -- [TIMER] updateMap time consuming [32m 9.181386 ms[0m
 -- [TIMER] updateMap time consuming [32m 5.453910 ms[0m


[1;33m------------- <141> Plan Global Path start---------------[0m
[0m[INFO] [1784395865.087812913]: update topo skeleton cost: 43.245095ms, update odom vertex cost:160.489083ms [0m
[0m[INFO] [1784395865.092485280]: [view score] cluster=652 best_score=0.107922 visible_gain=6 speed=2.74469 corridor_cruise=0 hard_gate=0 rejected=0 top_k=2 known_free=1.4 clearance=2.3905 turn=1.21518 selected_yaw=2.92282 current_yaw=2.92282 yaw_delta=0 heading_known_free=5.4 vp=(-11.184, 15.7875, 2.8)[0m
[0m[INFO] [1784395865.094896778]: vp cluster cost: 1.562516ms  ,remove unreachable cost: 2.344918ms, select vp cost: 3.023072ms[0m
insert viewpoint to graph time: 28.9648 ms
[0m[INFO] [1784395865.124634377]: [edge cost] len=14.3339 total=10.0618 time=7.36696 turn_pen=2.69481 known_pen=0 backup_pen=0 yaw_pen=0 known_free=14.3339 min_clearance=0.669837 vel_limit=2 reason=curvature backup_feasible=1[0m
[0m[INFO] [1784395865.138322091]: [goal lock] keep goal idx=0 candidate_idx=1 locked_cost=14.2226 candidate_cost=13.264 since=4.77103 high_speed=0[0m
[0m[INFO] [1784395865.138360031]: [candidate cost] chosen_cluster=658 chosen_coverage=0 raw_best_cluster=659 raw_best_coverage=0 | #0 c=659/cp=0 J=13.264 T=5.30584 TB=2.29612 R=7.63158 G=0.117647 W=1 D=0 C=3.2 | #1 c=658/cp=0 J=14.2226 T=7.36696 TB=2.69481 R=7.41755 G=0.0909091 W=0.262645 D=0 C=0.656941 | #2 c=653/cp=0 J=23.0008 T=14.6102 TB=2.70179 R=6.53016 G=0.142857 W=1 D=0 C=3.88286[0m
calculate tsp cost matrix cost 14.4641ms

tour solver cost: 1.75023ms
[1;33m-------------Plan Global Path end-----------------[0m

total time cost: 261.429ms
[32m[planGlobalPath: succeed][0m: from EXEC_TRAJ to PLAN_TRAJ
viz&&print cost:0.0226ms
[0m[INFO] [1784395865.146268469]: [path condition] raw_pts=30 conditioned_pts=7 dense_pts=10 len=15.6678 known_free=15.6678 min_clearance=0.672419 turn=3.95138 max_local_turn=1.5708 initial_heading=0.119242 backup_feasible=1 sched_v=2 reason=curvature[0m
[0m[INFO] [1784395865.172602818]: [highspeed_exp adapter] backup not required for verified known-free terminal-stop primary. duration=9.52893 known_len=13.8034[0m
[0m[INFO] [1784395865.172694498]: [highspeed_exp adapter] planned General MINCO exploration traj: pieces=3, duration=9.52893, max_v=2.74234, max_a=1.07639, sfc(raw/simplified/final)=4/2/2, corridor=general, prefix=yes, prefix_dur=0.425232, switch_delay=0.45, head_path_dist=0.226296, shifted_start=0, sched_v=2, opt_v=2, opt_bound=2.8881, suffix_max_v=2.5881, suffix_max_a=1.07639, terminal_v=0, backup=no, backup_start=inf, backup_known_len=13.8034, sched_reason=curvature[0m
[0m[INFO] [1784395865.172722737]: [31m call planner [0m: 27.190[0m
[32m[plan success: new traj pub][0m: from PLAN_TRAJ to EXEC_TRAJ
[0m[INFO] [1784395865.172841806]: [cloud input] mode=approximate_sync points=9038 age=0.00887272s stamp_valid=1[0m
 -- [TIMER] updateMap time consuming [32m 8.839679 ms[0m
 -- [TIMER] updateMap time consuming [32m 4.590978 ms[0m


[1;33m------------- <142> Plan Global Path start---------------[0m
[0m[INFO] [1784395865.531771418]: update topo skeleton cost: 34.013749ms, update odom vertex cost:152.166720ms [0m
[0m[INFO] [1784395865.539311689]: vp cluster cost: 1.432197ms  ,remove unreachable cost: 2.536067ms, select vp cost: 3.426848ms[0m
insert viewpoint to graph time: 22.903 ms
calculate tsp cost matrix cost 8.92827ms

tour solver cost: 1.4818ms
[1;33m-------------Plan Global Path end-----------------[0m

total time cost: 232.407ms
[32m[planGlobalPath: succeed][0m: from EXEC_TRAJ to PLAN_TRAJ
viz&&print cost:0.02272ms
[0m[INFO] [1784395865.578493731]: [path condition] raw_pts=28 conditioned_pts=9 dense_pts=11 len=14.2283 known_free=14.2283 min_clearance=0.667814 turn=5.3747 max_local_turn=1.45052 initial_heading=0.509006 backup_feasible=1 sched_v=2 reason=curvature[0m
[0m[INFO] [1784395865.619782354]: [highspeed_exp adapter] planned General MINCO exploration traj: pieces=3, duration=9.03568, max_v=2.57651, max_a=1.03951, sfc(raw/simplified/final)=4/2/2, corridor=general, prefix=yes, prefix_dur=0.410295, switch_delay=0.45, head_path_dist=0.393892, shifted_start=0, sched_v=2, opt_v=2, opt_bound=2.62594, suffix_max_v=2.32594, suffix_max_a=1.03951, terminal_v=0, backup=no, backup_start=inf, backup_known_len=12.5612, sched_reason=curvature[0m
[0m[INFO] [1784395865.619819704]: [31m call planner [0m: 41.812[0m
[32m[plan success: new traj pub][0m: from PLAN_TRAJ to EXEC_TRAJ
 -- [TIMER] updateMap time consuming [32m 10.040339 ms[0m
[0m[INFO] [1784395865.640761232]: cloud odom callback cost: map update:18.2691ms  update frontier clusters: 2.55196ms  total: 20.821ms
[0m
[0m[INFO] [1784395865.646823217]: [coverage guidance] plan valid=1 map_v=49 frontier_v=49 zones(f/u)=191/263 observed=14106/35519 coverage=0.3971 voxels(f/o/u)=7089/6057/960 active=6 reachable_unknown=153 route_nodes=160 preferred=9 cost=6.1ms[0m
 -- [TIMER] updateMap time consuming [32m 5.839737 ms[0m
 -- [TIMER] updateMap time consuming [32m 6.108934 ms[0m
[0m[INFO] [1784395865.784864706]: [global update] actual callback interval=439.289ms configured=200ms[0m
 -- [TIMER] updateMap time consuming [32m 6.362931 ms[0m
 -- [TIMER] updateMap time consuming [32m 6.134774 ms[0m
 -- [TIMER] updateMap time consuming [32m 9.893840 ms[0m


[1;33m------------- <144> Plan Global Path start---------------[0m
[0m[INFO] [1784395866.307615965]: update topo skeleton cost: 16.167523ms, update odom vertex cost:148.275627ms [0m
[0m[INFO] [1784395866.307649724]: [highspeed_exp adapter] safety map ready=1 rog_ready=1 cloud_size=8763[0m
[0m[INFO] [1784395866.312109793]: [view score] cluster=658 best_score=-3.77137 visible_gain=3 speed=2.26227 corridor_cruise=0 hard_gate=0 rejected=0 top_k=2 known_free=0.4 clearance=1.15768 turn=1.06399 selected_yaw=2.70397 current_yaw=2.70397 yaw_delta=0 heading_known_free=2.6 vp=(-11.3148, -1.51228, 1.3)[0m
[0m[INFO] [1784395866.313346182]: vp cluster cost: 1.596255ms  ,remove unreachable cost: 2.621196ms, select vp cost: 1.414217ms[0m
insert viewpoint to graph time: 28.9993 ms
[0m[INFO] [1784395866.342818713]: [edge cost] len=10.8041 total=8.80336 time=5.60204 turn_pen=3.20132 known_pen=0 backup_pen=0 yaw_pen=0 known_free=10.8041 min_clearance=0.686178 vel_limit=2 reason=curvature backup_feasible=1[0m
[0m[INFO] [1784395866.350244116]: [candidate cost] chosen_cluster=658 chosen_coverage=0 raw_best_cluster=658 raw_best_coverage=0 | #0 c=658/cp=0 J=13.5842 T=5.60204 TB=3.20132 R=8.79779 G=0.0909091 W=0.330338 D=0 C=0.619338 | #1 c=657/cp=0 J=14.4006 T=6.38565 TB=0.934674 R=11.437 G=0.318182 W=1 D=0.333333 C=3.7596 | #2 c=652/cp=0 J=18.1115 T=7.49847 TB=0.870045 R=8.2479 G=0.166667 W=1 D=0 C=7.04[0m
calculate tsp cost matrix cost 7.88931ms

tour solver cost: 0.526755ms
[1;33m-------------Plan Global Path end-----------------[0m

total time cost: 213.964ms
[32m[planGlobalPath: succeed][0m: from EXEC_TRAJ to PLAN_TRAJ
viz&&print cost:0.0295ms
[0m[INFO] [1784395866.357627128]: [path condition] raw_pts=25 conditioned_pts=8 dense_pts=10 len=12.1394 known_free=12.1394 min_clearance=0.686178 turn=4.53972 max_local_turn=1.45052 initial_heading=0.41675 backup_feasible=1 sched_v=2 reason=curvature[0m
[0m[INFO] [1784395866.382078405]: [highspeed_exp adapter] backup not required for verified known-free terminal-stop primary. duration=4.9805 known_len=10.4841[0m
[0m[INFO] [1784395866.382152295]: [highspeed_exp adapter] planned General MINCO exploration traj: pieces=3, duration=4.9805, max_v=4.00169, max_a=3.26566, sfc(raw/simplified/final)=3/2/2, corridor=general, prefix=yes, prefix_dur=0.426593, switch_delay=0.45, head_path_dist=0.367669, shifted_start=0, sched_v=2, opt_v=2, opt_bound=4, suffix_max_v=4.00169, suffix_max_a=3.26566, terminal_v=0, backup=no, backup_start=inf, backup_known_len=10.4841, sched_reason=curvature[0m
[0m[INFO] [1784395866.382175884]: [31m call planner [0m: 25.012[0m
[32m[plan success: new traj pub][0m: from PLAN_TRAJ to EXEC_TRAJ
[0m[INFO] [1784395864.469517166]: Publish local map size: 9954[0m
[0m[INFO] [1784395865.569409344]: Publish local map size: 9457[0m
[0m[INFO] [1784395866.569649324]: Publish local map size: 10068[0m
 -- [MARSIM] Running FPS: 218.308
[0m[INFO] [1784395866.382291583]: [cloud input] mode=approximate_sync points=8744 age=0.0183234s stamp_valid=1[0m
 -- [TIMER] updateMap time consuming [32m 11.549975 ms[0m
 -- [TIMER] updateMap time consuming [32m 9.580302 ms[0m


[1;33m------------- <145> Plan Global Path start---------------[0m
[0m[INFO] [1784395866.746874507]: update topo skeleton cost: 45.404536ms, update odom vertex cost:144.241355ms [0m
[0m[INFO] [1784395866.761457104]: vp cluster cost: 0.916711ms  ,remove unreachable cost: 2.318119ms, select vp cost: 11.104179ms[0m
insert viewpoint to graph time: 25.4355 ms
calculate tsp cost matrix cost 7.07356ms

tour solver cost: 0.711453ms
[1;33m-------------Plan Global Path end-----------------[0m

total time cost: 241.95ms
[32m[planGlobalPath: succeed][0m: from EXEC_TRAJ to PLAN_TRAJ
viz&&print cost:0.03876ms
[0m[INFO] [1784395866.799945573]: [path condition] raw_pts=29 conditioned_pts=4 dense_pts=8 len=11.8681 known_free=11.8681 min_clearance=0.537606 turn=0.944614 max_local_turn=0.848197 initial_heading=1.01878 backup_feasible=1 sched_v=2.13381 reason=curvature[0m
[0m[INFO] [1784395866.827499601]: [highspeed_exp adapter] planned General MINCO exploration traj: pieces=3, duration=8.33057, max_v=2.00181, max_a=1.79235, sfc(raw/simplified/final)=3/2/2, corridor=general, prefix=yes, prefix_dur=0.423941, switch_delay=0.45, head_path_dist=1.00234, shifted_start=0, sched_v=2, opt_v=2, opt_bound=4, suffix_max_v=2.00181, suffix_max_a=1.79235, terminal_v=0, backup=no, backup_start=inf, backup_known_len=12.0497, sched_reason=curvature[0m
[0m[INFO] [1784395866.827639410]: [31m call planner [0m: 28.429[0m
[32m[plan success: new traj pub][0m: from PLAN_TRAJ to EXEC_TRAJ
 -- [TIMER] updateMap time consuming [32m 13.453208 ms[0m
[31m[safetyCallback: not safe, time:3.600000][0m: from EXEC_TRAJ to PLAN_TRAJ
[0m[INFO] [1784395866.853318946]: cloud odom callback cost: map update:22.5732ms  update frontier clusters: 2.90606ms  total: 25.4793ms
[0m
[0m[INFO] [1784395866.854024900]: [path condition] raw_pts=29 conditioned_pts=4 dense_pts=8 len=11.8681 known_free=11.8681 min_clearance=0.537606 turn=0.944614 max_local_turn=0.848197 initial_heading=0.919701 backup_feasible=1 sched_v=2.55842 reason=curvature[0m
[0m[INFO] [1784395866.881740167]: [highspeed_exp adapter] planned General MINCO exploration traj: pieces=4, duration=8.27533, max_v=2.00176, max_a=1.79306, sfc(raw/simplified/final)=3/2/2, corridor=general, prefix=yes, prefix_dur=0.423696, switch_delay=0.45, head_path_dist=1.05745, shifted_start=0, sched_v=2, opt_v=2, opt_bound=4, suffix_max_v=2.00176, suffix_max_a=1.79306, terminal_v=0, backup=no, backup_start=inf, backup_known_len=11.9791, sched_reason=curvature[0m
[0m[INFO] [1784395866.881778207]: [31m call planner [0m: 28.401[0m
[32m[plan success: new traj pub][0m: from PLAN_TRAJ to EXEC_TRAJ
 -- [TIMER] updateMap time consuming [32m 9.640932 ms[0m
[31m[safetyCallback: not safe, time:3.400000][0m: from EXEC_TRAJ to PLAN_TRAJ
[0m[INFO] [1784395866.902474068]: [path condition] raw_pts=29 conditioned_pts=4 dense_pts=8 len=11.8681 known_free=11.8681 min_clearance=0.537606 turn=0.944614 max_local_turn=0.848197 initial_heading=0.899668 backup_feasible=1 sched_v=2.64428 reason=curvature[0m
[0m[INFO] [1784395866.929553980]: [highspeed_exp adapter] backup not required for verified known-free terminal-stop primary. duration=8.2053 known_len=11.9222[0m
[0m[INFO] [1784395866.929640900]: [highspeed_exp adapter] planned General MINCO exploration traj: pieces=5, duration=8.2053, max_v=2.00234, max_a=1.79372, sfc(raw/simplified/final)=3/2/2, corridor=general, prefix=yes, prefix_dur=0.424282, switch_delay=0.45, head_path_dist=1.10309, shifted_start=0, sched_v=2, opt_v=2, opt_bound=4, suffix_max_v=2.00234, suffix_max_a=1.79372, terminal_v=0, backup=no, backup_start=inf, backup_known_len=11.9222, sched_reason=curvature[0m
[0m[INFO] [1784395866.929676009]: [31m call planner [0m: 27.838[0m
[32m[plan success: new traj pub][0m: from PLAN_TRAJ to EXEC_TRAJ
[31m[safetyCallback: not safe, time:3.350000][0m: from EXEC_TRAJ to PLAN_TRAJ
[33m[WARN] [1784395866.950506929]: [highspeed_exp adapter] reject frontend path: failed to align optimization head. head_path_dist=1.14463 max_allowed=1.125 switch_delay=0.45 speed=1.79292[0m
[33m[WARN] [1784395866.950672558]: [controlled stop] committed braking trajectory: id=70 speed=1.73563 prefix=0.08 duration=0.73 distance=0.681964 terminal_v=1.60503e-15 terminal_a=2.02061e-14[0m
[33m[WARN] [1784395866.950694778]: [controlled stop] published braking trajectory id=70 duration=0.73[0m
[0m[INFO] [1784395866.950466130]: [path condition] raw_pts=29 conditioned_pts=4 dense_pts=8 len=11.8681 known_free=11.8681 min_clearance=0.537606 turn=0.944614 max_local_turn=0.848197 initial_heading=0.874412 backup_feasible=1 sched_v=2.75252 reason=curvature[0m
[0m[INFO] [1784395866.950525439]: [31m call planner [0m: 0.763[0m
[31m[PLAN_TRAJ: plan failed][0m: from PLAN_TRAJ to PLAN_TRAJ
 -- [TIMER] updateMap time consuming [32m 8.101866 ms[0m
[0m[INFO] [1784395866.999270535]: [global update] actual callback interval=442.049ms configured=200ms[0m


[1;33m------------- <146> Plan Global Path start---------------[0m
[0m[INFO] [1784395867.188899366]: update topo skeleton cost: 45.112929ms, update odom vertex cost:144.461894ms [0m
[0m[INFO] [1784395867.200969606]: [view score] cluster=652 best_score=14.1327 visible_gain=6 speed=1.76399 corridor_cruise=0 hard_gate=0 rejected=0 top_k=2 known_free=25 clearance=2.3905 turn=0.947227 selected_yaw=2.32897 current_yaw=2.32897 yaw_delta=0 heading_known_free=8.6 vp=(-11.184, 15.7875, 2.8)[0m
[0m[INFO] [1784395867.210385441]: vp cluster cost: 1.110250ms  ,remove unreachable cost: 3.421229ms, select vp cost: 16.785027ms[0m
insert viewpoint to graph time: 13.474 ms
[0m[INFO] [1784395867.224796829]: [edge cost] len=28.4779 total=6.94224 time=6.31987 turn_pen=0.622373 known_pen=0 backup_pen=0 yaw_pen=0 known_free=28.4779 min_clearance=0.89397 vel_limit=4.88345 reason=curvature backup_feasible=1[0m
[0m[INFO] [1784395867.226057618]: [frontier lifecycle] selected cluster=652 selected_count=1 match_distance=0[0m
[0m[INFO] [1784395867.226091568]: [candidate cost] chosen_cluster=652 chosen_coverage=0 raw_best_cluster=652 raw_best_coverage=0 | #0 c=652/cp=0 J=12.1962 T=6.31987 TB=0.622373 R=5.54057 G=0.166667 W=1 D=0 C=4.04 | #1 c=657/cp=0 J=12.8254 T=5.35352 TB=0.702003 R=1.78186 G=0.318182 W=1 D=0.333333 C=8.7596 | #2 c=655/cp=0 J=14.1997 T=6.32585 TB=0.668408 R=4.44884 G=0.315771 W=1 D=0 C=6.89011[0m
calculate tsp cost matrix cost 2.19763ms

tour solver cost: 0.529715ms
[1;33m-------------Plan Global Path end-----------------[0m

total time cost: 228.022ms
[32m[planGlobalPath: succeed][0m: from PLAN_TRAJ to PLAN_TRAJ
viz&&print cost:0.02409ms
[33m[WARN] [1784395867.236492183]: [highspeed_exp adapter] invalid safe flight corridor after simplify/shortcut: head_outside_first_poly[0m
[0m[INFO] [1784395867.229096080]: [path horizon] shorten high-curvature local path: horizon=6.9328m pts=5 turn=0.104596 max_local_turn=0.104596[0m
[0m[INFO] [1784395867.229136900]: [path condition] raw_pts=55 conditioned_pts=19 dense_pts=5 len=6.9328 known_free=6.9328 min_clearance=0.841696 turn=0.104596 max_local_turn=0.104596 initial_heading=0.985372 backup_feasible=1 sched_v=2.27698 reason=curvature[0m
[0m[INFO] [1784395867.236521522]: [31m call planner [0m: 9.151[0m
[31m[PLAN_TRAJ: plan failed, keep safe terminal-stop trajectory][0m: from PLAN_TRAJ to EXEC_TRAJ
 -- [TIMER] updateMap time consuming [32m 13.051161 ms[0m
[32m[EXEC_TRAJ: plan before committed trajectory end][0m: from EXEC_TRAJ to PLAN_TRAJ
 -- [TIMER] updateMap time consuming [32m 7.748729 ms[0m
 -- [TIMER] updateMap time consuming [32m 9.042467 ms[0m


[1;33m------------- <147> Plan Global Path start---------------[0m
[0m[INFO] [1784395867.622468806]: update topo skeleton cost: 41.262214ms, update odom vertex cost:153.775589ms [0m
[0m[INFO] [1784395867.648363160]: vp cluster cost: 1.343638ms  ,remove unreachable cost: 3.656866ms, select vp cost: 20.710012ms[0m
insert viewpoint to graph time: 7.19209 ms
[0m[INFO] [1784395867.658088741]: [goal lock] keep goal idx=1 candidate_idx=2 locked_cost=15.6423 candidate_cost=11.3624 since=0.432016 high_speed=0[0m
calculate tsp cost matrix cost 2.53107ms

tour solver cost: 0.353976ms
[1;33m-------------Plan Global Path end-----------------[0m

total time cost: 231.631ms
[32m[planGlobalPath: succeed][0m: from PLAN_TRAJ to PLAN_TRAJ
[0m[INFO] [1784395867.659072762]: [frontier storage] labels=5636/7517 normals=105/823 clusters=6 terminal=0 cluster_cells(cap)=46 candidates(cap)=10 derived_viewpoints(cap)=0 estimated_kb=118.234 revision=183 audit_ready=0[0m
viz&&print cost:0.134589ms
[33m[WARN] [1784395867.686194125]: [highspeed_traj_server] trajectory 70 exhausted at 0.736/0.730 s; entering endpoint HOLD (terminal |v|=0.000 m/s, |a|=0.000 m/s^2).[0m
[0m[INFO] [1784395867.659906424]: [corridor cruise path] straighten direct known-free path: len=25.8183 align=0.746485 known_free=25.8183 pts=7[0m
[0m[INFO] [1784395867.660988685]: [path condition] raw_pts=53 conditioned_pts=7 dense_pts=13 len=25.8183 known_free=25.8183 min_clearance=0.5085 turn=2.98616e-06 max_local_turn=3.18202e-07 initial_heading=0.728032 backup_feasible=1 sched_v=3.37986 reason=curvature[0m
[0m[INFO] [1784395867.708996997]: [highspeed_exp adapter] backup not required for verified known-free terminal-stop primary. duration=9.42955 known_len=26.0735[0m
[0m[INFO] [1784395867.709089456]: [highspeed_exp adapter] planned General MINCO exploration traj: pieces=4, duration=9.42955, max_v=5.00058, max_a=3.29554, sfc(raw/simplified/final)=5/4/4, corridor=general, prefix=no, prefix_dur=0, switch_delay=0.45, head_path_dist=inf, shifted_start=0, sched_v=3.37338, opt_v=3.37338, opt_bound=5, suffix_max_v=5.00058, suffix_max_a=3.29554, terminal_v=0, backup=no, backup_start=inf, backup_known_len=26.0735, sched_reason=curvature[0m
[0m[INFO] [1784395867.709113106]: [31m call planner [0m: 49.903[0m
[32m[plan success: new traj pub][0m: from PLAN_TRAJ to EXEC_TRAJ
[0m[INFO] [1784395867.709212365]: [cloud input] mode=approximate_sync points=9826 age=0.0452458s stamp_valid=1[0m
 -- [TIMER] updateMap time consuming [32m 8.034467 ms[0m
 -- [TIMER] updateMap time consuming [32m 7.928707 ms[0m
 -- [TIMER] updateMap time consuming [32m 8.152596 ms[0m
[0m[INFO] [1784395868.067621390]: cloud odom callback cost: map update:14.8ms  update frontier clusters: 3.00437ms  total: 17.8044ms
[0m
[0m[INFO] [1784395868.073827473]: [coverage guidance] plan valid=1 map_v=51 frontier_v=51 zones(f/u)=199/263 observed=14199/35519 coverage=0.3998 voxels(f/o/u)=7158/6075/966 active=3 reachable_unknown=156 route_nodes=160 preferred=5 cost=6.2ms[0m
 -- [TIMER] updateMap time consuming [32m 6.996736 ms[0m
 -- [TIMER] updateMap time consuming [32m 10.257836 ms[0m
[0m[INFO] [1784395868.249714162]: [global update] actual callback interval=390.415ms configured=200ms[0m


[1;33m------------- <149> Plan Global Path start---------------[0m
[0m[INFO] [1784395868.428758573]: update topo skeleton cost: 32.226177ms, update odom vertex cost:146.759724ms [0m
[0m[INFO] [1784395868.428794942]: [highspeed_exp adapter] safety map ready=1 rog_ready=1 cloud_size=8793[0m
[0m[INFO] [1784395868.438605113]: [view score] cluster=652 best_score=15.0973 visible_gain=6 speed=0.539354 corridor_cruise=0 hard_gate=0 rejected=0 top_k=2 known_free=25 clearance=2.3905 turn=0.723406 selected_yaw=1.96733 current_yaw=1.96733 yaw_delta=0 heading_known_free=9.6 vp=(-11.184, 15.7875, 2.8)[0m
[0m[INFO] [1784395868.442979643]: vp cluster cost: 0.466136ms  ,remove unreachable cost: 2.557976ms, select vp cost: 11.014950ms[0m
insert viewpoint to graph time: 0.925711 ms
[0m[INFO] [1784395868.444965895]: [edge cost] len=27.4162 total=6.29788 time=5.98323 turn_pen=0.283085 known_pen=0 backup_pen=0 yaw_pen=0.0315693 known_free=27.4162 min_clearance=0.89397 vel_limit=5 reason=known_free backup_feasible=1[0m
[0m[INFO] [1784395868.445064284]: [goal lock] keep goal idx=0 candidate_idx=1 locked_cost=21.9223 candidate_cost=18.6401 since=1.21901 high_speed=0[0m
[0m[INFO] [1784395868.445086504]: [candidate cost] chosen_cluster=652 chosen_coverage=0 raw_best_cluster=655 raw_best_coverage=0 | #0 c=655/cp=0 J=18.6401 T=5.98323 TB=0.314655 R=10.1036 G=0.30807 W=1 D=0 C=8.90132 | #1 c=652/cp=0 J=21.9223 T=5.85921 TB=0.283085 R=12 G=0.166667 W=0.0676069 D=0 C=9.61475[0m
calculate tsp cost matrix cost 1.15943ms

tour solver cost: 0.241538ms
[1;33m-------------Plan Global Path end-----------------[0m

total time cost: 196.023ms
[32m[planGlobalPath: succeed][0m: from EXEC_TRAJ to PLAN_TRAJ
viz&&print cost:0.01885ms
[0m[INFO] [1784395868.446203584]: [corridor cruise path] straighten direct known-free path: len=25.6346 align=0.768062 known_free=25.6346 pts=7[0m
[0m[INFO] [1784395868.447024386]: [path condition] raw_pts=53 conditioned_pts=7 dense_pts=13 len=25.6346 known_free=25.6346 min_clearance=0.525927 turn=3.05459e-06 max_local_turn=3.29515e-07 initial_heading=0.694987 backup_feasible=1 sched_v=3.52149 reason=curvature[0m
[0m[INFO] [1784395868.491816949]: [highspeed_exp adapter] backup not required for verified known-free terminal-stop primary. duration=7.46017 known_len=25.7559[0m
[0m[INFO] [1784395868.491917238]: [highspeed_exp adapter] planned General MINCO exploration traj: pieces=5, duration=7.46017, max_v=5.00037, max_a=3.88156, sfc(raw/simplified/final)=6/4/4, corridor=general, prefix=yes, prefix_dur=0.406714, switch_delay=0.45, head_path_dist=0.181905, shifted_start=0, sched_v=5, opt_v=5, opt_bound=5, suffix_max_v=5.00037, suffix_max_a=3.88156, terminal_v=0, backup=no, backup_start=inf, backup_known_len=25.7559, sched_reason=curvature[0m
[0m[INFO] [1784395868.491979587]: [31m call planner [0m: 46.175[0m
[32m[plan success: new traj pub][0m: from PLAN_TRAJ to EXEC_TRAJ
 -- [TIMER] updateMap time consuming [32m 7.227794 ms[0m
 -- [TIMER] updateMap time consuming [32m 7.602971 ms[0m


[1;33m------------- <150> Plan Global Path start---------------[0m
[0m[INFO] [1784395868.854640936]: update topo skeleton cost: 37.044182ms, update odom vertex cost:171.730297ms [0m
[0m[INFO] [1784395868.869120444]: vp cluster cost: 0.491325ms  ,remove unreachable cost: 2.682596ms, select vp cost: 11.093229ms[0m
insert viewpoint to graph time: 1.27472 ms
calculate tsp cost matrix cost 1.21847ms

tour solver cost: 0.274328ms
[1;33m-------------Plan Global Path end-----------------[0m

total time cost: 226.736ms
[32m[planGlobalPath: succeed][0m: from EXEC_TRAJ to PLAN_TRAJ
viz&&print cost:0.02726ms
[0m[INFO] [1784395868.873080888]: [corridor cruise path] straighten direct known-free path: len=25.4224 align=0.939037 known_free=25.4224 pts=7[0m
[0m[INFO] [1784395868.873856221]: [path condition] raw_pts=53 conditioned_pts=7 dense_pts=13 len=25.4224 known_free=25.4224 min_clearance=0.537926 turn=2.17874e-06 max_local_turn=3.91705e-07 initial_heading=0.350979 backup_feasible=1 sched_v=4.99581 reason=curvature[0m
[0m[INFO] [1784395868.919015780]: [highspeed_exp adapter] planned General MINCO exploration traj: pieces=5, duration=7.0009, max_v=5.00036, max_a=3.9647, sfc(raw/simplified/final)=5/4/4, corridor=general, prefix=yes, prefix_dur=0.406187, switch_delay=0.45, head_path_dist=0.0891409, shifted_start=0, sched_v=5, opt_v=5, opt_bound=5, suffix_max_v=5.00036, suffix_max_a=3.9647, terminal_v=0, backup=no, backup_start=inf, backup_known_len=25.2859, sched_reason=curvature[0m
[0m[INFO] [1784395868.919049840]: [31m call planner [0m: 46.432[0m
[32m[plan success: new traj pub][0m: from PLAN_TRAJ to EXEC_TRAJ
[0m[INFO] [1784395867.669111421]: Publish local map size: 9826[0m
[0m[INFO] [1784395868.669118585]: Publish local map size: 9904[0m
 -- [MARSIM] Running FPS: 221.467
[0m[INFO] [1784395868.919149729]: [cloud input] mode=approximate_sync points=9289 age=0.0551803s stamp_valid=1[0m
 -- [TIMER] updateMap time consuming [32m 7.465302 ms[0m
 -- [TIMER] updateMap time consuming [32m 6.802808 ms[0m
 -- [TIMER] updateMap time consuming [32m 7.034096 ms[0m
[0m[INFO] [1784395869.086547246]: cloud odom callback cost: map update:14.6541ms  update frontier clusters: 2.83247ms  total: 17.4866ms
[0m


[1;33m------------- <151> Plan Global Path start---------------[0m
[0m[INFO] [1784395869.303730172]: update topo skeleton cost: 31.212876ms, update odom vertex cost:185.777501ms [0m
[0m[INFO] [1784395869.313031477]: [view score] cluster=652 best_score=16.9389 visible_gain=6 speed=1.21847 corridor_cruise=0 hard_gate=0 rejected=0 top_k=2 known_free=25 clearance=2.3905 turn=0.0895187 selected_yaw=1.54243 current_yaw=1.54243 yaw_delta=0 heading_known_free=17.2 vp=(-11.184, 15.7875, 2.8)[0m
[0m[INFO] [1784395869.316639284]: vp cluster cost: 0.482526ms  ,remove unreachable cost: 2.284239ms, select vp cost: 9.859250ms[0m
insert viewpoint to graph time: 0.823752 ms
[0m[INFO] [1784395869.318324859]: [edge cost] len=26.1783 total=7.11226 time=6.32415 turn_pen=0.788114 known_pen=0 backup_pen=0 yaw_pen=0 known_free=26.1783 min_clearance=0.89397 vel_limit=4.45295 reason=curvature backup_feasible=1[0m
[0m[INFO] [1784395869.318452918]: [goal lock] keep goal idx=0 candidate_idx=1 locked_cost=20.1763 candidate_cost=16.3591 since=2.09241 high_speed=0[0m
[0m[INFO] [1784395869.318463587]: [candidate cost] chosen_cluster=652 chosen_coverage=0 raw_best_cluster=655 raw_best_coverage=0 | #0 c=655/cp=0 J=16.3591 T=6.4634 TB=0.788114 R=9.00599 G=0.304764 W=1 D=0 C=6.26378 | #1 c=652/cp=0 J=20.1763 T=6.32415 TB=0.788114 R=12 G=0.166667 W=0.116144 D=0 C=6.97159[0m
calculate tsp cost matrix cost 0.976171ms

tour solver cost: 0.237928ms
[1;33m-------------Plan Global Path end-----------------[0m

total time cost: 232.622ms
[32m[planGlobalPath: succeed][0m: from EXEC_TRAJ to PLAN_TRAJ
viz&&print cost:0.01356ms
[33m[WARN] [1784395869.422361453]: [highspeed_exp adapter] optimized trajectory safety check failed; retry slower: attempt=1 guide_speed=5 t=1.45 state=out_of_map start_clearance=1.88605 segment_min_clearance=1.04848 blocked_clearance=1.04848 recovery=0 clearance_regressed=0 left_exploration_boxes=1[0m
[33m[WARN] [1784395869.471007291]: [highspeed_exp adapter] optimized trajectory safety check failed; retry slower: attempt=2 guide_speed=3.75 t=1.9 state=out_of_map start_clearance=1.88605 segment_min_clearance=1.2972 blocked_clearance=1.30388 recovery=0 clearance_regressed=0 left_exploration_boxes=1[0m
[33m[WARN] [1784395869.494617296]: [highspeed_exp adapter] optimized trajectory safety check failed; retry slower: attempt=3 guide_speed=2.75 t=2.1 state=out_of_map start_clearance=1.88605 segment_min_clearance=1.06613 blocked_clearance=1.06613 recovery=0 clearance_regressed=0 left_exploration_boxes=1[0m
[33m[WARN] [1784395869.510290644]: [highspeed_exp adapter] optimized trajectory safety check failed; retry slower: attempt=4 guide_speed=1 t=2.05 state=out_of_map start_clearance=1.88605 segment_min_clearance=0.885727 blocked_clearance=0.885727 recovery=0 clearance_regressed=0 left_exploration_boxes=1[0m
[33m[WARN] [1784395869.510303044]: [highspeed_exp adapter] General exploration MINCO optimization failed.[0m
[0m[INFO] [1784395869.319725756]: [corridor cruise path] straighten direct known-free path: len=25.0289 align=0.996758 known_free=25.0289 pts=7[0m
[0m[INFO] [1784395869.320415540]: [path condition] raw_pts=52 conditioned_pts=7 dense_pts=13 len=25.0289 known_free=25.0289 min_clearance=0.548504 turn=3.77574e-06 max_local_turn=3.9057e-07 initial_heading=0.0805403 backup_feasible=1 sched_v=5 reason=known_free[0m
[0m[INFO] [1784395869.510318723]: [31m call planner [0m: 190.944[0m
[31m[PLAN_TRAJ: plan failed, keep safe terminal-stop trajectory][0m: from PLAN_TRAJ to EXEC_TRAJ
 -- [TIMER] updateMap time consuming [32m 7.053446 ms[0m
[0m[INFO] [1784395869.527967123]: [global update] actual callback interval=441.235ms configured=200ms[0m


[1;33m------------- <152> Plan Global Path start---------------[0m
[0m[INFO] [1784395869.741838998]: update topo skeleton cost: 23.473856ms, update odom vertex cost:190.347180ms [0m
[0m[INFO] [1784395869.754660922]: vp cluster cost: 0.463795ms  ,remove unreachable cost: 2.305089ms, select vp cost: 9.722602ms[0m
insert viewpoint to graph time: 0.745003 ms
calculate tsp cost matrix cost 1.18605ms

tour solver cost: 0.331207ms
[1;33m-------------Plan Global Path end-----------------[0m

total time cost: 229.724ms
[32m[planGlobalPath: succeed][0m: from EXEC_TRAJ to PLAN_TRAJ
viz&&print cost:0.02148ms
[33m[WARN] [1784395869.838363331]: [highspeed_exp adapter] optimized trajectory safety check failed; retry slower: attempt=1 guide_speed=3.43015 t=1.45 state=out_of_map start_clearance=1.68561 segment_min_clearance=1.35097 blocked_clearance=1.35857 recovery=0 clearance_regressed=0 left_exploration_boxes=1[0m
[33m[WARN] [1784395869.884074595]: [highspeed_exp adapter] optimized trajectory safety check failed; retry slower: attempt=2 guide_speed=2.57261 t=1.4 state=out_of_map start_clearance=1.68561 segment_min_clearance=1.24547 blocked_clearance=1.24547 recovery=0 clearance_regressed=0 left_exploration_boxes=1[0m
[33m[WARN] [1784395869.901383518]: [highspeed_exp adapter] optimized trajectory safety check failed; retry slower: attempt=3 guide_speed=1.88658 t=1.7 state=out_of_map start_clearance=1.68561 segment_min_clearance=1.18557 blocked_clearance=1.18557 recovery=0 clearance_regressed=0 left_exploration_boxes=1[0m
[0m[INFO] [1784395869.758270239]: [corridor cruise path] straighten direct known-free path: len=24.3049 align=0.998176 known_free=24.3049 pts=7[0m
[0m[INFO] [1784395869.759325539]: [path condition] raw_pts=51 conditioned_pts=7 dense_pts=13 len=24.3049 known_free=24.3049 min_clearance=0.545443 turn=3.23755e-06 max_local_turn=5.02238e-07 initial_heading=0.0604074 backup_feasible=1 sched_v=5 reason=known_free[0m
[0m[INFO] [1784395869.930788501]: [highspeed_exp adapter] backup not required for verified known-free terminal-stop primary. duration=16.2139 known_len=24.7038[0m
[0m[INFO] [1784395869.930907749]: [highspeed_exp adapter] planned General MINCO exploration traj: pieces=5, duration=16.2139, max_v=4.44261, max_a=2.36746, sfc(raw/simplified/final)=5/4/4, corridor=general, prefix=yes, prefix_dur=0.28117, switch_delay=0.45, head_path_dist=0.230763, shifted_start=0, sched_v=3.43015, opt_v=1, opt_bound=3.99842, suffix_max_v=4.44261, suffix_max_a=2.24579, terminal_v=0, backup=no, backup_start=inf, backup_known_len=24.7038, sched_reason=curvature[0m
[0m[INFO] [1784395869.930934399]: [31m call planner [0m: 173.172[0m
[32m[plan success: new traj pub][0m: from PLAN_TRAJ to EXEC_TRAJ
[0m[INFO] [1784395869.931053318]: [cloud input] mode=approximate_sync points=9155 age=0.0670856s stamp_valid=1[0m
 -- [TIMER] updateMap time consuming [32m 7.153805 ms[0m
 -- [TIMER] updateMap time consuming [32m 11.104329 ms[0m
[0m[INFO] [1784395870.163524236]: cloud odom callback cost: map update:18.3613ms  update frontier clusters: 2.74963ms  total: 21.1109ms
[0m
[0m[INFO] [1784395870.169968678]: [coverage guidance] plan valid=1 map_v=53 frontier_v=53 zones(f/u)=208/263 observed=14279/35519 coverage=0.4020 voxels(f/o/u)=7216/6094/969 active=2 reachable_unknown=157 route_nodes=160 preferred=3 cost=6.4ms[0m
 -- [TIMER] updateMap time consuming [32m 6.991647 ms[0m
 -- [TIMER] updateMap time consuming [32m 7.402833 ms[0m


[1;33m------------- <154> Plan Global Path start---------------[0m
[0m[INFO] [1784395870.513149001]: update topo skeleton cost: 35.232270ms, update odom vertex cost:135.614779ms [0m
[0m[INFO] [1784395870.513183971]: [highspeed_exp adapter] safety map ready=1 rog_ready=1 cloud_size=9466[0m
[0m[INFO] [1784395870.521607315]: [view score] cluster=652 best_score=15.8661 visible_gain=6 speed=3.93077 corridor_cruise=0 hard_gate=0 rejected=0 top_k=2 known_free=21.8428 clearance=2.3905 turn=0.126259 selected_yaw=1.46845 current_yaw=1.46845 yaw_delta=0 heading_known_free=9 vp=(-11.184, 15.7875, 2.8)[0m
[0m[INFO] [1784395870.523918864]: vp cluster cost: 0.572815ms  ,remove unreachable cost: 2.372029ms, select vp cost: 7.578961ms[0m
insert viewpoint to graph time: 0.943612 ms
[0m[INFO] [1784395870.525585718]: [edge cost] len=23.0649 total=7.52524 time=6.4784 turn_pen=1.04684 known_pen=0 backup_pen=0 yaw_pen=0 known_free=23.0649 min_clearance=0.89397 vel_limit=3.78093 reason=curvature backup_feasible=1[0m
[0m[INFO] [1784395870.525786396]: [goal lock] keep goal idx=0 candidate_idx=1 locked_cost=20.4564 candidate_cost=16.9953 since=3.29974 high_speed=1[0m
[0m[INFO] [1784395870.525798366]: [candidate cost] chosen_cluster=652 chosen_coverage=0 raw_best_cluster=655 raw_best_coverage=0 | #0 c=655/cp=0 J=16.9953 T=6.64241 TB=1.04684 R=8.97379 G=0.303358 W=1 D=0 C=6.47721 | #1 c=652/cp=0 J=20.4564 T=6.4784 TB=1.04684 R=12 G=0.166667 W=0.183214 D=0 C=6.93928[0m
calculate tsp cost matrix cost 0.904591ms

tour solver cost: 0.288088ms
[1;33m-------------Plan Global Path end-----------------[0m

total time cost: 184.578ms
[32m[planGlobalPath: succeed][0m: from EXEC_TRAJ to PLAN_TRAJ
viz&&print cost:0.055339ms
[0m[INFO] [1784395870.527424672]: [corridor cruise path] straighten direct known-free path: len=21.8428 align=0.994808 known_free=21.8428 pts=6[0m
[0m[INFO] [1784395870.528078406]: [path condition] raw_pts=46 conditioned_pts=6 dense_pts=11 len=21.8428 known_free=21.8428 min_clearance=0.523965 turn=1.87869e-06 max_local_turn=3.3153e-07 initial_heading=0.101943 backup_feasible=1 sched_v=5 reason=known_free[0m
[0m[INFO] [1784395870.574428955]: [highspeed_exp adapter] backup not required for verified known-free terminal-stop primary. duration=5.4696 known_len=20.8838[0m
[0m[INFO] [1784395870.574520234]: [highspeed_exp adapter] planned General MINCO exploration traj: pieces=5, duration=5.4696, max_v=5.00028, max_a=3.99492, sfc(raw/simplified/final)=5/4/4, corridor=general, prefix=yes, prefix_dur=0.404613, switch_delay=0.45, head_path_dist=0.30931, shifted_start=0, sched_v=5, opt_v=5, opt_bound=5, suffix_max_v=5.00028, suffix_max_a=3.99492, terminal_v=0, backup=no, backup_start=inf, backup_known_len=20.8838, sched_reason=known_free[0m
[0m[INFO] [1784395870.574548294]: [31m call planner [0m: 47.612[0m
[32m[plan success: new traj pub][0m: from PLAN_TRAJ to EXEC_TRAJ
[0m[INFO] [1784395869.669344108]: Publish local map size: 9713[0m
[0m[INFO] [1784395870.770786322]: Publish local map size: 9197[0m
 -- [MARSIM] Running FPS: 206.352
 -- [TIMER] updateMap time consuming [32m 14.768886 ms[0m
 -- [TIMER] updateMap time consuming [32m 9.800811 ms[0m
[0m[INFO] [1784395870.726985160]: [global update] actual callback interval=384.684ms configured=200ms[0m
 -- [TIMER] updateMap time consuming [32m 11.052810 ms[0m
[0m[INFO] [1784395870.969185090]: [cloud input] mode=approximate_sync points=9124 age=0.0051912s stamp_valid=1[0m
 -- [TIMER] updateMap time consuming [32m 9.304546 ms[0m
 -- [TIMER] updateMap time consuming [32m 14.170302 ms[0m


[1;33m------------- <156> Plan Global Path start---------------[0m
[0m[INFO] [1784395871.333787403]: update topo skeleton cost: 79.035683ms, update odom vertex cost:150.134208ms [0m
[0m[INFO] [1784395871.343375546]: [view score] cluster=668 best_score=19.414 visible_gain=13 speed=4.32805 corridor_cruise=0 hard_gate=0 rejected=0 top_k=2 known_free=5.4 clearance=2.63686 turn=0.0897038 selected_yaw=1.49319 current_yaw=1.49319 yaw_delta=0 heading_known_free=8.6 vp=(-8.56524, 16.037, 3.56154)[0m
[0m[INFO] [1784395871.343399085]: vp cluster cost: 0.599574ms  ,remove unreachable cost: 1.540116ms, select vp cost: 7.283715ms[0m
insert viewpoint to graph time: 0.983731 ms
[0m[INFO] [1784395871.345233919]: [edge cost] len=21.397 total=20.2959 time=10.8985 turn_pen=9.39737 known_pen=0 backup_pen=0 yaw_pen=0 known_free=21.397 min_clearance=0.56082 vel_limit=2 reason=curvature backup_feasible=1[0m
[0m[INFO] [1784395871.345250758]: [frontier lifecycle] selected cluster=668 selected_count=1 match_distance=0[0m
[0m[INFO] [1784395871.345260268]: [candidate cost] chosen_cluster=668 coverage_id=0 total=25.5091 travel=10.8985 turn_brake=9.39737 future_return=0 gain=0.302997 wait=1 debt=0 coverage=7.3192 failed_goal=0[0m
[1;33m-------------Plan Global Path end-----------------[0m

total time cost: 240.814ms
[32m[planGlobalPath: succeed][0m: from EXEC_TRAJ to PLAN_TRAJ
viz&&print cost:0.0127ms
[0m[INFO] [1784395871.346469468]: [path horizon] shorten high-curvature local path: horizon=5.90079m pts=5 turn=0.0968765 max_local_turn=3.91705e-07[0m
[0m[INFO] [1784395871.346482337]: [path condition] raw_pts=43 conditioned_pts=17 dense_pts=5 len=5.90079 known_free=5.90079 min_clearance=0.82392 turn=0.0968765 max_local_turn=3.91705e-07 initial_heading=0.000253886 backup_feasible=1 sched_v=3 reason=known_free[0m
[0m[INFO] [1784395871.353964040]: [highspeed_exp adapter] backup not required for verified known-free terminal-stop primary. duration=2.09751 known_len=4.84146[0m
[0m[INFO] [1784395871.354008069]: [highspeed_exp adapter] planned General MINCO exploration traj: pieces=3, duration=2.09751, max_v=4.44906, max_a=5.66106, sfc(raw/simplified/final)=2/2/2, corridor=general, prefix=yes, prefix_dur=0.442894, switch_delay=0.45, head_path_dist=0.117071, shifted_start=0, sched_v=2, opt_v=2, opt_bound=4.70956, suffix_max_v=4.44906, suffix_max_a=5.66106, terminal_v=0, backup=no, backup_start=inf, backup_known_len=4.84146, sched_reason=known_free[0m
[0m[INFO] [1784395871.354022799]: [31m call planner [0m: 8.597[0m
[32m[plan success: new traj pub][0m: from PLAN_TRAJ to EXEC_TRAJ
 -- [TIMER] updateMap time consuming [32m 12.183269 ms[0m
[0m[INFO] [1784395871.377342447]: cloud odom callback cost: map update:20.3483ms  update frontier clusters: 2.86175ms  total: 23.2101ms
[0m
 -- [TIMER] updateMap time consuming [32m 11.330658 ms[0m
 -- [TIMER] updateMap time consuming [32m 12.694026 ms[0m


[1;33m------------- <157> Plan Global Path start---------------[0m
[0m[INFO] [1784395871.743172149]: update topo skeleton cost: 49.656769ms, update odom vertex cost:148.018008ms [0m
[0m[INFO] [1784395871.750394563]: vp cluster cost: 0.524075ms  ,remove unreachable cost: 1.251329ms, select vp cost: 5.295482ms[0m
insert viewpoint to graph time: 0.169829 ms
[0m[INFO] [1784395871.752533514]: [candidate cost] chosen_cluster=668 chosen_coverage=0 raw_best_cluster=668 raw_best_coverage=0 | #0 c=668/cp=0 J=26.3224 T=9.91523 TB=9.46667 R=11.0394 G=0.302762 W=0.0225072 D=0 C=1.50816 | #1 c=659/cp=0 J=35.8864 T=19.3831 TB=4.55151 R=12 G=0.117647 W=1 D=0 C=7.08706[0m
calculate tsp cost matrix cost 1.94984ms

tour solver cost: 0.240518ms
[1;33m-------------Plan Global Path end-----------------[0m

total time cost: 207.407ms
[32m[planGlobalPath: succeed][0m: from EXEC_TRAJ to PLAN_TRAJ
viz&&print cost:0.01374ms
[0m[INFO] [1784395871.753603255]: [path condition] raw_pts=39 conditioned_pts=17 dense_pts=5 len=5.98413 known_free=5.98413 min_clearance=0.847013 turn=0.0589267 max_local_turn=3.86282e-07 initial_heading=2.45807e-05 backup_feasible=1 sched_v=3 reason=known_free[0m
[0m[INFO] [1784395871.760991237]: [highspeed_exp adapter] planned General MINCO exploration traj: pieces=5, duration=3.15607, max_v=4.44906, max_a=5.39099, sfc(raw/simplified/final)=2/2/2, corridor=general, prefix=yes, prefix_dur=0.443225, switch_delay=0.45, head_path_dist=0.130957, shifted_start=0, sched_v=2, opt_v=2, opt_bound=3.77721, suffix_max_v=3.47721, suffix_max_a=5.39099, terminal_v=0, backup=no, backup_start=inf, backup_known_len=5.051, sched_reason=known_free[0m
[0m[INFO] [1784395871.761038587]: [31m call planner [0m: 8.130[0m
[32m[plan success: new traj pub][0m: from PLAN_TRAJ to EXEC_TRAJ
 -- [TIMER] updateMap time consuming [32m 11.111499 ms[0m
 -- [TIMER] updateMap time consuming [32m 10.804402 ms[0m
 -- [TIMER] updateMap time consuming [32m 15.033013 ms[0m
[0m[INFO] [1784395871.952964016]: [global update] actual callback interval=407.477ms configured=200ms[0m
[0m[INFO] [1784395872.098690185]: [cloud input] mode=approximate_sync points=9574 age=0.0347072s stamp_valid=1[0m
 -- [TIMER] updateMap time consuming [32m 9.934670 ms[0m
 -- [TIMER] updateMap time consuming [32m 10.117238 ms[0m
 -- [TIMER] updateMap time consuming [32m 10.334846 ms[0m


[1;33m------------- <159> Plan Global Path start---------------[0m
[0m[INFO] [1784395872.474359802]: update topo skeleton cost: 73.711992ms, update odom vertex cost:101.998256ms [0m
[0m[INFO] [1784395872.479898081]: [view score] cluster=668 best_score=17.7028 visible_gain=11 speed=3.04894 corridor_cruise=0 hard_gate=0 rejected=0 top_k=2 known_free=10.2 clearance=2.11601 turn=0.0150222 selected_yaw=1.40383 current_yaw=1.40383 yaw_delta=0 heading_known_free=10 vp=(-10.6125, 16.584, 3.56154)[0m
[0m[INFO] [1784395872.479921981]: vp cluster cost: 1.008701ms  ,remove unreachable cost: 1.263608ms, select vp cost: 3.104022ms[0m
insert viewpoint to graph time: 0.218978 ms
[0m[INFO] [1784395872.480554475]: [edge cost] len=16.6107 total=17.9178 time=8.50537 turn_pen=9.4124 known_pen=0 backup_pen=0 yaw_pen=0 known_free=16.6107 min_clearance=0.56082 vel_limit=2 reason=curvature backup_feasible=1[0m
[0m[INFO] [1784395872.480570265]: [candidate cost] chosen_cluster=668 coverage_id=0 total=18.7492 travel=8.50537 turn_brake=9.4124 future_return=0 gain=0.291073 wait=0.0630372 debt=0 coverage=1.50816 failed_goal=0[0m
[1;33m-------------Plan Global Path end-----------------[0m

total time cost: 182.068ms
[32m[planGlobalPath: succeed][0m: from EXEC_TRAJ to PLAN_TRAJ
viz&&print cost:0.02234ms
[0m[INFO] [1784395872.481359628]: [path horizon] shorten high-curvature local path: horizon=6.23747m pts=5 turn=0.551456 max_local_turn=0.282475[0m
[0m[INFO] [1784395872.481376438]: [path condition] raw_pts=34 conditioned_pts=16 dense_pts=5 len=6.23747 known_free=6.23747 min_clearance=0.668561 turn=0.551456 max_local_turn=0.282475 initial_heading=0.00935796 backup_feasible=1 sched_v=3 reason=known_free[0m
[0m[INFO] [1784395872.489259547]: [highspeed_exp adapter] backup not required for verified known-free terminal-stop primary. duration=3.54078 known_len=5.72625[0m
[0m[INFO] [1784395872.489309596]: [highspeed_exp adapter] planned General MINCO exploration traj: pieces=2, duration=3.54078, max_v=3.00045, max_a=4.47211, sfc(raw/simplified/final)=3/1/1, corridor=general, prefix=yes, prefix_dur=0.442455, switch_delay=0.45, head_path_dist=0.122824, shifted_start=0, sched_v=3, opt_v=3, opt_bound=3, suffix_max_v=3.00045, suffix_max_a=2.9006, terminal_v=0, backup=no, backup_start=inf, backup_known_len=5.72625, sched_reason=known_free[0m
[0m[INFO] [1784395872.489326016]: [31m call planner [0m: 8.595[0m
[32m[plan success: new traj pub][0m: from PLAN_TRAJ to EXEC_TRAJ
 -- [TIMER] updateMap time consuming [32m 8.828180 ms[0m
[0m[INFO] [1784395872.509185006]: cloud odom callback cost: map update:16.9531ms  update frontier clusters: 2.78534ms  total: 19.7385ms
[0m
[0m[INFO] [1784395872.515727967]: [coverage guidance] plan valid=1 map_v=55 frontier_v=55 zones(f/u)=213/259 observed=14631/35519 coverage=0.4119 voxels(f/o/u)=7514/6137/980 active=2 reachable_unknown=157 route_nodes=160 preferred=2 cost=6.5ms[0m
 -- [TIMER] updateMap time consuming [32m 8.202015 ms[0m
 -- [TIMER] updateMap time consuming [32m 8.146577 ms[0m
 -- [TIMER] updateMap time consuming [32m 8.310355 ms[0m
 -- [TIMER] updateMap time consuming [32m 8.750441 ms[0m
 -- [TIMER] updateMap time consuming [32m 9.897490 ms[0m
[0m[INFO] [1784395873.021521504]: [global update] actual callback interval=335.628ms configured=200ms[0m


[1;33m------------- <161> Plan Global Path start---------------[0m
[0m[INFO] [1784395873.141170572]: update topo skeleton cost: 25.441590ms, update odom vertex cost:94.148418ms [0m
[0m[INFO] [1784395873.141202201]: [highspeed_exp adapter] safety map ready=1 rog_ready=1 cloud_size=9081[0m
[0m[INFO] [1784395873.146521973]: [view score] cluster=668 best_score=16.8826 visible_gain=11 speed=1.05135 corridor_cruise=0 hard_gate=0 rejected=0 top_k=2 known_free=9 clearance=2.32143 turn=0.258241 selected_yaw=1.46726 current_yaw=1.46726 yaw_delta=0 heading_known_free=1.6 vp=(-10.8113, 15.5887, 3.56154)[0m
[0m[INFO] [1784395873.146539523]: vp cluster cost: 0.617534ms  ,remove unreachable cost: 1.433748ms, select vp cost: 3.236190ms[0m
insert viewpoint to graph time: 0.655594 ms
[0m[INFO] [1784395873.147616913]: [edge cost] len=14.3848 total=15.4491 time=7.39242 turn_pen=8.0567 known_pen=0 backup_pen=0 yaw_pen=0 known_free=14.3848 min_clearance=0.628441 vel_limit=2 reason=curvature backup_feasible=1[0m
[0m[INFO] [1784395873.147631823]: [candidate cost] chosen_cluster=668 coverage_id=0 total=15.4272 travel=7.39242 turn_brake=8.0567 future_return=0 gain=0.283263 wait=0.100072 debt=0 coverage=0.694729 failed_goal=0[0m
[1;33m-------------Plan Global Path end-----------------[0m

total time cost: 126.805ms
[32m[planGlobalPath: succeed][0m: from EXEC_TRAJ to PLAN_TRAJ
[0m[INFO] [1784395873.148369927]: [frontier storage] labels=5757/7517 normals=59/823 clusters=2 terminal=0 cluster_cells(cap)=17 candidates(cap)=4 derived_viewpoints(cap)=0 estimated_kb=117.466 revision=191 audit_ready=0[0m
viz&&print cost:0.029709ms
[0m[INFO] [1784395873.149014811]: [path horizon] shorten high-curvature local path: horizon=6.21842m pts=6 turn=0.563528 max_local_turn=0.282475[0m
[0m[INFO] [1784395873.149024921]: [path condition] raw_pts=31 conditioned_pts=16 dense_pts=6 len=6.21842 known_free=6.21842 min_clearance=0.662763 turn=0.563528 max_local_turn=0.282475 initial_heading=0.220014 backup_feasible=1 sched_v=3 reason=known_free[0m
[33m -- [ExplorationTrajOpt] Optimization failed: Line search reaches the maximum try number, assumptions not satisfied or precision not achievable., guide_excess=0, guide_cost_sample=0, guide_max_abs_gt=0, guide_oob_samples=0[0m
[33m[WARN] [1784395873.161724836]: [highspeed_exp adapter] MINCO optimization attempt 1 failed: guide_speed=3 vel_bound=3 boundary_speed=2.04252[0m
[0m[INFO] [1784395873.162586108]: [highspeed_exp adapter] backup not required for verified known-free terminal-stop primary. duration=4.07067 known_len=6.03318[0m
[0m[INFO] [1784395873.162633577]: [highspeed_exp adapter] planned General MINCO exploration traj: pieces=2, duration=4.07067, max_v=3.07242, max_a=2.41624, sfc(raw/simplified/final)=3/1/1, corridor=general, prefix=yes, prefix_dur=0.436825, switch_delay=0.45, head_path_dist=0.08177, shifted_start=0, sched_v=3, opt_v=2.25, opt_bound=2.34252, suffix_max_v=3.07242, suffix_max_a=2.40467, terminal_v=0, backup=no, backup_start=inf, backup_known_len=6.03318, sched_reason=known_free[0m
[0m[INFO] [1784395873.162651747]: [31m call planner [0m: 14.243[0m
[32m[plan success: new traj pub][0m: from PLAN_TRAJ to EXEC_TRAJ
[0m[INFO] [1784395871.869124267]: Publish local map size: 10031[0m
[0m[INFO] [1784395872.968803142]: Publish local map size: 9081[0m
 -- [MARSIM] Running FPS: 208.718
[0m[INFO] [1784395873.162711787]: [cloud input] mode=approximate_sync points=9208 age=0.0987426s stamp_valid=1[0m
 -- [TIMER] updateMap time consuming [32m 7.492783 ms[0m
 -- [TIMER] updateMap time consuming [32m 14.774836 ms[0m
 -- [TIMER] updateMap time consuming [32m 11.390987 ms[0m


[1;33m------------- <162> Plan Global Path start---------------[0m
[0m[INFO] [1784395873.543283943]: update topo skeleton cost: 32.392387ms, update odom vertex cost:162.416120ms [0m
[0m[INFO] [1784395873.547514394]: vp cluster cost: 0.467685ms  ,remove unreachable cost: 1.360848ms, select vp cost: 2.297740ms[0m
insert viewpoint to graph time: 0.947831 ms
[1;33m-------------Plan Global Path end-----------------[0m

total time cost: 201.132ms
[32m[planGlobalPath: succeed][0m: from EXEC_TRAJ to PLAN_TRAJ
viz&&print cost:0.01328ms
[0m[INFO] [1784395873.550054801]: [path condition] raw_pts=30 conditioned_pts=16 dense_pts=6 len=6.21478 known_free=6.21478 min_clearance=0.662763 turn=0.570528 max_local_turn=0.282475 initial_heading=0.0948035 backup_feasible=1 sched_v=3 reason=known_free[0m
[0m[INFO] [1784395873.561536327]: [highspeed_exp adapter] planned General MINCO exploration traj: pieces=4, duration=3.52241, max_v=3.01699, max_a=2.64729, sfc(raw/simplified/final)=3/2/2, corridor=general, prefix=yes, prefix_dur=0.438999, switch_delay=0.45, head_path_dist=0.0525604, shifted_start=0, sched_v=3, opt_v=3, opt_bound=3.14112, suffix_max_v=3.01699, suffix_max_a=2.64729, terminal_v=0, backup=no, backup_start=inf, backup_known_len=6.18261, sched_reason=known_free[0m
[0m[INFO] [1784395873.561591307]: [31m call planner [0m: 11.981[0m
[32m[plan success: new traj pub][0m: from PLAN_TRAJ to EXEC_TRAJ
 -- [TIMER] updateMap time consuming [32m 13.525028 ms[0m
[0m[INFO] [1784395873.586378793]: cloud odom callback cost: map update:21.5255ms  update frontier clusters: 3.04113ms  total: 24.5667ms
[0m
 -- [TIMER] updateMap time consuming [32m 10.615914 ms[0m
 -- [TIMER] updateMap time consuming [32m 9.715022 ms[0m
 -- [TIMER] updateMap time consuming [32m 9.694032 ms[0m
 -- [TIMER] updateMap time consuming [32m 10.956111 ms[0m
 -- [TIMER] updateMap time consuming [32m 10.543065 ms[0m
[0m[INFO] [1784395874.103782231]: [global update] actual callback interval=354.155ms configured=200ms[0m


[1;33m------------- <164> Plan Global Path start---------------[0m
[0m[INFO] [1784395874.271536365]: update topo skeleton cost: 46.643829ms, update odom vertex cost:121.051345ms [0m
[0m[INFO] [1784395874.275660248]: [view score] cluster=669 best_score=16.5972 visible_gain=11 speed=2.9424 corridor_cruise=0 hard_gate=0 rejected=0 top_k=2 known_free=6.8 clearance=2.32143 turn=0.0185357 selected_yaw=1.56749 current_yaw=1.56749 yaw_delta=0 heading_known_free=7 vp=(-10.8113, 15.5887, 3.56154)[0m
[0m[INFO] [1784395874.275676597]: vp cluster cost: 0.540685ms  ,remove unreachable cost: 1.254119ms, select vp cost: 2.217119ms[0m
insert viewpoint to graph time: 0.932552 ms
[0m[INFO] [1784395874.276906946]: [edge cost] len=12.1093 total=14.6371 time=6.25467 turn_pen=8.38245 known_pen=0 backup_pen=0 yaw_pen=0 known_free=12.1093 min_clearance=0.601918 vel_limit=2 reason=curvature backup_feasible=1[0m
[0m[INFO] [1784395874.276921366]: [candidate cost] chosen_cluster=669 coverage_id=0 total=13.8435 travel=6.25467 turn_brake=8.38245 future_return=0 gain=0.274693 wait=0.162801 debt=0 coverage=0 failed_goal=0[0m
[1;33m-------------Plan Global Path end-----------------[0m

total time cost: 173.655ms
[32m[planGlobalPath: succeed][0m: from EXEC_TRAJ to PLAN_TRAJ
viz&&print cost:0.01193ms
[0m[INFO] [1784395874.277981807]: [path horizon] shorten high-curvature local path: horizon=6.35848m pts=8 turn=3.48192 max_local_turn=0.896164[0m
[0m[INFO] [1784395874.277997226]: [path condition] raw_pts=28 conditioned_pts=16 dense_pts=8 len=6.35848 known_free=6.35848 min_clearance=0.601918 turn=3.48192 max_local_turn=0.896164 initial_heading=0.115764 backup_feasible=1 sched_v=2 reason=curvature[0m
[0m[INFO] [1784395874.286775207]: [highspeed_exp adapter] backup not required for verified known-free terminal-stop primary. duration=3.40372 known_len=5.71398[0m
[0m[INFO] [1784395874.286811967]: [highspeed_exp adapter] planned General MINCO exploration traj: pieces=3, duration=3.40372, max_v=3.01152, max_a=2.35564, sfc(raw/simplified/final)=3/2/2, corridor=general, prefix=yes, prefix_dur=0.441507, switch_delay=0.45, head_path_dist=0.0282018, shifted_start=0, sched_v=2, opt_v=2, opt_bound=2.92166, suffix_max_v=2.62166, suffix_max_a=2.08296, terminal_v=0, backup=no, backup_start=inf, backup_known_len=5.71398, sched_reason=curvature[0m
[0m[INFO] [1784395874.286826477]: [31m call planner [0m: 9.312[0m
[32m[plan success: new traj pub][0m: from PLAN_TRAJ to EXEC_TRAJ
[0m[INFO] [1784395874.286927176]: [cloud input] mode=approximate_sync points=10014 age=0.0229541s stamp_valid=1[0m
 -- [TIMER] updateMap time consuming [32m 14.845516 ms[0m
 -- [TIMER] updateMap time consuming [32m 11.109750 ms[0m
 -- [TIMER] updateMap time consuming [32m 14.689077 ms[0m


[1;33m------------- <165> Plan Global Path start---------------[0m
[0m[INFO] [1784395874.648244980]: update topo skeleton cost: 40.033998ms, update odom vertex cost:113.154167ms [0m
[0m[INFO] [1784395874.652681630]: vp cluster cost: 0.496655ms  ,remove unreachable cost: 2.202570ms, select vp cost: 1.636306ms[0m
insert viewpoint to graph time: 1.05912 ms
[1;33m-------------Plan Global Path end-----------------[0m

total time cost: 159.627ms
[32m[planGlobalPath: succeed][0m: from EXEC_TRAJ to PLAN_TRAJ
viz&&print cost:0.01544ms
[33m[WARN] [1784395874.685326284]: [highspeed_exp adapter] optimized trajectory safety check failed; retry slower: attempt=1 guide_speed=2 t=2.1 state=out_of_map start_clearance=0.56003 segment_min_clearance=0.840592 blocked_clearance=0.840592 recovery=0 clearance_regressed=0 left_exploration_boxes=1[0m
[33m[WARN] [1784395874.700650246]: [highspeed_exp adapter] optimized trajectory safety check failed; retry slower: attempt=2 guide_speed=1.5 t=4.4 state=out_of_map start_clearance=0.56003 segment_min_clearance=2.05287 blocked_clearance=2.08283 recovery=0 clearance_regressed=0 left_exploration_boxes=1[0m
[33m[WARN] [1784395874.713800387]: [highspeed_exp adapter] optimized trajectory safety check failed; retry slower: attempt=3 guide_speed=1.1 t=6.05 state=out_of_map start_clearance=0.56003 segment_min_clearance=2.57632 blocked_clearance=2.5916 recovery=0 clearance_regressed=0 left_exploration_boxes=1[0m
[33m[WARN] [1784395874.719765253]: [highspeed_exp adapter] optimized trajectory safety check failed; retry slower: attempt=4 guide_speed=1 t=5.95 state=out_of_map start_clearance=0.56003 segment_min_clearance=2.42942 blocked_clearance=2.4452 recovery=0 clearance_regressed=0 left_exploration_boxes=1[0m
[33m[WARN] [1784395874.719781293]: [highspeed_exp adapter] General exploration MINCO optimization failed.[0m
[0m[INFO] [1784395874.655105788]: [path condition] raw_pts=23 conditioned_pts=13 dense_pts=13 len=8.78437 known_free=8.78437 min_clearance=0.601918 turn=7.2969 max_local_turn=1.10715 initial_heading=0.0666328 backup_feasible=1 sched_v=2 reason=curvature[0m
[0m[INFO] [1784395874.719801373]: [31m call planner [0m: 65.102[0m
[31m[PLAN_TRAJ: plan failed, keep safe terminal-stop trajectory][0m: from PLAN_TRAJ to EXEC_TRAJ
 -- [TIMER] updateMap time consuming [32m 11.142319 ms[0m
[0m[INFO] [1784395874.742796875]: cloud odom callback cost: map update:19.9954ms  update frontier clusters: 2.86497ms  total: 22.8604ms
[0m
[0m[INFO] [1784395874.749773862]: [coverage guidance] plan valid=1 map_v=57 frontier_v=57 zones(f/u)=243/260 observed=15305/35519 coverage=0.4309 voxels(f/o/u)=8065/6178/1062 active=1 reachable_unknown=158 route_nodes=160 preferred=1 cost=7.0ms[0m
 -- [TIMER] updateMap time consuming [32m 15.767157 ms[0m


[1;33m------------- <166> Plan Global Path start---------------[0m
[0m[INFO] [1784395875.065519058]: update topo skeleton cost: 54.341149ms, update odom vertex cost:156.420677ms [0m
[0m[INFO] [1784395875.068363833]: [view score] cluster=678 best_score=-0.153599 visible_gain=5 speed=2.4877 corridor_cruise=0 hard_gate=0 rejected=0 top_k=2 known_free=0.2 clearance=4.34888 turn=0.894127 selected_yaw=-0.392699 current_yaw=1.47637 yaw_delta=1.86907 heading_known_free=1.8 vp=(-0.86, 14.1, 2.26)[0m
[0m[INFO] [1784395875.069596122]: vp cluster cost: 0.653724ms  ,remove unreachable cost: 1.633375ms, select vp cost: 1.732305ms[0m
insert viewpoint to graph time: 1.2543 ms
[0m[INFO] [1784395875.071095948]: [edge cost] len=10.1684 total=12.786 time=5.2842 turn_pen=7.5018 known_pen=0 backup_pen=0 yaw_pen=0 known_free=10.1684 min_clearance=0.601918 vel_limit=2 reason=curvature backup_feasible=1[0m
[0m[INFO] [1784395875.071644853]: [candidate cost] chosen_cluster=677 chosen_coverage=0 raw_best_cluster=677 raw_best_coverage=0 | #0 c=677/cp=0 J=23.6058 T=5.2842 TB=7.5018 R=0 G=0.361702 W=0.206908 D=0 C=11.8536 | #1 c=678/cp=0 J=28.0109 T=8.52377 TB=6.67125 R=4.66068 G=0.142857 W=0.000202591 D=0 C=10.5385[0m
calculate tsp cost matrix cost 0.775663ms

tour solver cost: 0.242018ms
[1;33m-------------Plan Global Path end-----------------[0m

total time cost: 217.953ms
[32m[planGlobalPath: succeed][0m: from EXEC_TRAJ to PLAN_TRAJ
viz&&print cost:0.012649ms
[0m[INFO] [1784395875.072959771]: [path condition] raw_pts=21 conditioned_pts=13 dense_pts=13 len=10.1684 known_free=10.1684 min_clearance=0.601918 turn=8.10791 max_local_turn=1.10715 initial_heading=0.268524 backup_feasible=1 sched_v=2 reason=curvature[0m
[0m[INFO] [1784395875.100976308]: [highspeed_exp adapter] backup not required for verified known-free terminal-stop primary. duration=9.40412 known_len=13.7692[0m
[0m[INFO] [1784395875.101072617]: [highspeed_exp adapter] planned General MINCO exploration traj: pieces=4, duration=9.40412, max_v=2.23864, max_a=2.27195, sfc(raw/simplified/final)=4/3/3, corridor=general, prefix=yes, prefix_dur=0.423275, switch_delay=0.45, head_path_dist=0.603732, shifted_start=0, sched_v=2, opt_v=2, opt_bound=2.37005, suffix_max_v=2.07005, suffix_max_a=2.27195, terminal_v=0, backup=no, backup_start=inf, backup_known_len=13.7692, sched_reason=curvature[0m
[0m[INFO] [1784395875.101093597]: [31m call planner [0m: 28.380[0m
[32m[plan success: new traj pub][0m: from PLAN_TRAJ to EXEC_TRAJ
[0m[INFO] [1784395873.969136119]: Publish local map size: 10094[0m
[0m[INFO] [1784395875.069394833]: Publish local map size: 9644[0m
 -- [MARSIM] Running FPS: 210.857
 -- [TIMER] updateMap time consuming [32m 13.170181 ms[0m
 -- [TIMER] updateMap time consuming [32m 9.711362 ms[0m
 -- [TIMER] updateMap time consuming [32m 13.870324 ms[0m
[0m[INFO] [1784395875.293081104]: [global update] actual callback interval=438.319ms configured=200ms[0m
[0m[INFO] [1784395875.412523475]: [cloud input] mode=approximate_sync points=9677 age=0.0485356s stamp_valid=1[0m
 -- [TIMER] updateMap time consuming [32m 11.272168 ms[0m
 -- [TIMER] updateMap time consuming [32m 13.542508 ms[0m
 -- [TIMER] updateMap time consuming [32m 10.098929 ms[0m


[1;33m------------- <168> Plan Global Path start---------------[0m
[0m[INFO] [1784395875.747559340]: update topo skeleton cost: 53.921333ms, update odom vertex cost:81.175978ms [0m
[0m[INFO] [1784395875.747592500]: [highspeed_exp adapter] safety map ready=1 rog_ready=1 cloud_size=9328[0m
[0m[INFO] [1784395875.751188158]: [view score] cluster=678 best_score=-1.00655 visible_gain=5 speed=2.06914 corridor_cruise=0 hard_gate=0 rejected=0 top_k=2 known_free=0 clearance=4.34888 turn=1.11917 selected_yaw=-0.392699 current_yaw=1.47926 yaw_delta=1.87196 heading_known_free=3 vp=(-0.86, 14.1, 2.26)[0m
[0m[INFO] [1784395875.752131039]: vp cluster cost: 0.645664ms  ,remove unreachable cost: 2.367308ms, select vp cost: 1.455187ms[0m
insert viewpoint to graph time: 2.15385 ms
[0m[INFO] [1784395875.754749955]: [edge cost] len=15.4677 total=15.4729 time=7.93386 turn_pen=7.46415 known_pen=0 backup_pen=0 yaw_pen=0.0748783 known_free=15.4677 min_clearance=0.567315 vel_limit=2 reason=curvature backup_feasible=1[0m
[0m[INFO] [1784395875.755132902]: [frontier lifecycle] selected cluster=681 selected_count=2 match_distance=0[0m
[0m[INFO] [1784395875.755151792]: [candidate cost] chosen_cluster=681 chosen_coverage=0 raw_best_cluster=681 raw_best_coverage=0 | #0 c=681/cp=0 J=22.0524 T=4.66638 TB=7.46415 R=0 G=0.482759 W=0.244826 D=0 C=11.2546 | #1 c=678/cp=0 J=27.833 T=7.93386 TB=7.53903 R=3.93541 G=0.142857 W=0.0381208 D=0 C=10.5385[0m
calculate tsp cost matrix cost 0.837863ms

tour solver cost: 0.257867ms
[1;33m-------------Plan Global Path end-----------------[0m

total time cost: 144.17ms
[32m[planGlobalPath: succeed][0m: from EXEC_TRAJ to PLAN_TRAJ
viz&&print cost:0.041199ms
[33m[WARN] [1784395875.776424100]: [highspeed_exp adapter] optimized trajectory safety check failed; retry slower: attempt=1 guide_speed=2 t=1.35 state=out_of_map start_clearance=0.518352 segment_min_clearance=1.02306 blocked_clearance=1.02306 recovery=0 clearance_regressed=0 left_exploration_boxes=1[0m
[33m[WARN] [1784395875.777364461]: [highspeed_exp adapter] optimized trajectory safety check failed; retry slower: attempt=2 guide_speed=1.5 t=1.35 state=out_of_map start_clearance=0.518352 segment_min_clearance=1.02726 blocked_clearance=1.02726 recovery=0 clearance_regressed=0 left_exploration_boxes=1[0m
[33m[WARN] [1784395875.778456981]: [highspeed_exp adapter] optimized trajectory safety check failed; retry slower: attempt=3 guide_speed=1.1 t=1.3 state=out_of_map start_clearance=0.518352 segment_min_clearance=1.07783 blocked_clearance=1.07783 recovery=0 clearance_regressed=0 left_exploration_boxes=1[0m
[33m[WARN] [1784395875.779390213]: [highspeed_exp adapter] optimized trajectory safety check failed; retry slower: attempt=4 guide_speed=1 t=1.3 state=out_of_map start_clearance=0.518352 segment_min_clearance=1.07658 blocked_clearance=1.07658 recovery=0 clearance_regressed=0 left_exploration_boxes=1[0m
[33m[WARN] [1784395875.779402153]: [highspeed_exp adapter] General exploration MINCO optimization failed.[0m
[0m[INFO] [1784395875.757149784]: [path condition] raw_pts=18 conditioned_pts=9 dense_pts=10 len=8.77949 known_free=8.77949 min_clearance=0.567315 turn=3.40008 max_local_turn=0.785398 initial_heading=0.271612 backup_feasible=1 sched_v=2 reason=curvature[0m
[0m[INFO] [1784395875.779424242]: [31m call planner [0m: 22.749[0m
[31m[PLAN_TRAJ: plan failed, keep safe terminal-stop trajectory][0m: from PLAN_TRAJ to EXEC_TRAJ
 -- [TIMER] updateMap time consuming [32m 16.258434 ms[0m
[0m[INFO] [1784395875.808538970]: cloud odom callback cost: map update:25.7361ms  update frontier clusters: 3.1948ms  total: 28.9309ms
[0m
 -- [TIMER] updateMap time consuming [32m 18.970319 ms[0m


[1;33m------------- <169> Plan Global Path start---------------[0m
[0m[INFO] [1784395876.023671247]: update topo skeleton cost: 50.909040ms, update odom vertex cost:16.025156ms [0m
[0m[INFO] [1784395876.028890850]: vp cluster cost: 0.598504ms  ,remove unreachable cost: 2.776095ms, select vp cost: 1.698945ms[0m
insert viewpoint to graph time: 1.64392 ms
[0m[INFO] [1784395876.031370218]: [frontier lifecycle] selected cluster=684 selected_count=3 match_distance=0[0m
calculate tsp cost matrix cost 0.798553ms

tour solver cost: 0.463246ms
[1;33m-------------Plan Global Path end-----------------[0m

total time cost: 75.5261ms
[32m[planGlobalPath: succeed][0m: from EXEC_TRAJ to PLAN_TRAJ
viz&&print cost:0.02423ms
[0m[INFO] [1784395876.032849945]: [path condition] raw_pts=14 conditioned_pts=5 dense_pts=11 len=16.7349 known_free=16.7349 min_clearance=0.527206 turn=2.95637 max_local_turn=2.23778 initial_heading=0.738259 backup_feasible=1 sched_v=2 reason=curvature[0m
[0m[INFO] [1784395876.058254896]: [highspeed_exp adapter] backup not required for verified known-free terminal-stop primary. duration=7.40115 known_len=17.3333[0m
[0m[INFO] [1784395876.058346205]: [highspeed_exp adapter] planned General MINCO exploration traj: pieces=4, duration=7.40115, max_v=4.95084, max_a=5.10899, sfc(raw/simplified/final)=4/2/2, corridor=general, prefix=yes, prefix_dur=0.425634, switch_delay=0.45, head_path_dist=0.782104, shifted_start=0, sched_v=2, opt_v=2, opt_bound=2, suffix_max_v=4.95084, suffix_max_a=5.10899, terminal_v=0, backup=no, backup_start=inf, backup_known_len=17.3333, sched_reason=curvature[0m
[0m[INFO] [1784395876.058372984]: [31m call planner [0m: 26.099[0m
[32m[plan success: new traj pub][0m: from PLAN_TRAJ to EXEC_TRAJ
 -- [TIMER] updateMap time consuming [32m 16.043215 ms[0m
 -- [TIMER] updateMap time consuming [32m 16.149554 ms[0m
 -- [TIMER] updateMap time consuming [32m 21.473477 ms[0m
 -- [TIMER] updateMap time consuming [32m 16.874048 ms[0m
 -- [TIMER] updateMap time consuming [32m 20.201427 ms[0m
[0m[INFO] [1784395876.469693865]: [cloud input] mode=approximate_sync points=9982 age=0.0056948s stamp_valid=1[0m
 -- [TIMER] updateMap time consuming [32m 13.448969 ms[0m
[0m[INFO] [1784395876.516519163]: [global update] actual callback interval=284.192ms configured=200ms[0m


[1;33m------------- <171> Plan Global Path start---------------[0m
[0m[INFO] [1784395876.630808762]: update topo skeleton cost: 54.030133ms, update odom vertex cost:60.175987ms [0m
[0m[INFO] [1784395876.637822509]: [view score] cluster=705 best_score=8.94701 visible_gain=4 speed=1.61557 corridor_cruise=0 hard_gate=0 rejected=0 top_k=2 known_free=15.2557 clearance=1.24761 turn=0.805393 selected_yaw=2.74889 current_yaw=0.591106 yaw_delta=2.15779 heading_known_free=1.4 vp=(3.94482, 15.6212, 1.9)[0m
[0m[INFO] [1784395876.648782730]: vp cluster cost: 1.091930ms  ,remove unreachable cost: 3.117842ms, select vp cost: 13.657107ms[0m
insert viewpoint to graph time: 8.29828 ms
[0m[INFO] [1784395876.657597500]: [edge cost] len=8.6543 total=3.66284 time=3.18477 turn_pen=0.407301 known_pen=0 backup_pen=0 yaw_pen=0.0707681 known_free=8.6543 min_clearance=0.689081 vel_limit=3 reason=known_free backup_feasible=1[0m
[0m[INFO] [1784395876.663096671]: [frontier lifecycle] selected cluster=698 selected_count=4 match_distance=0[0m
[0m[INFO] [1784395876.663136940]: [candidate cost] chosen_cluster=698 chosen_coverage=0 raw_best_cluster=698 raw_best_coverage=0 | #0 c=698/cp=0 J=8.59271 T=2.84891 TB=0.462196 R=8.6482 G=0.435454 W=0.0342996 D=0 C=1.44745 | #1 c=709/cp=0 J=9.93124 T=3.13111 TB=0.478069 R=6.41193 G=0.302326 W=0.0879339 D=0 C=3.53205 | #2 c=710/cp=0 J=11.844 T=3.18477 TB=0.478069 R=11.2314 G=0.210526 W=0.000978954 D=0 C=2.42641[0m
calculate tsp cost matrix cost 6.00534ms

tour solver cost: 1.3511ms
[1;33m-------------Plan Global Path end-----------------[0m

total time cost: 149.41ms
[32m[planGlobalPath: succeed][0m: from EXEC_TRAJ to PLAN_TRAJ
viz&&print cost:0.02167ms
[0m[INFO] [1784395876.666368921]: [path condition] raw_pts=8 conditioned_pts=3 dense_pts=5 len=7.64674 known_free=7.64674 min_clearance=0.689081 turn=0.528582 max_local_turn=0.528582 initial_heading=0.246849 backup_feasible=1 sched_v=3 reason=known_free[0m
[0m[INFO] [1784395876.686082584]: [highspeed_exp adapter] backup not required for verified known-free terminal-stop primary. duration=4.77934 known_len=7.4196[0m
[0m[INFO] [1784395876.686209882]: [highspeed_exp adapter] planned General MINCO exploration traj: pieces=3, duration=4.77934, max_v=3.00342, max_a=2.25866, sfc(raw/simplified/final)=3/2/2, corridor=general, prefix=yes, prefix_dur=0.431541, switch_delay=0.45, head_path_dist=0.515194, shifted_start=0, sched_v=3, opt_v=3, opt_bound=3, suffix_max_v=3.00342, suffix_max_a=2.25866, terminal_v=0, backup=no, backup_start=inf, backup_known_len=7.4196, sched_reason=known_free[0m
[0m[INFO] [1784395876.686240302]: [31m call planner [0m: 20.221[0m
[32m[plan success: new traj pub][0m: from PLAN_TRAJ to EXEC_TRAJ
 -- [TIMER] updateMap time consuming [32m 14.530339 ms[0m
 -- [TIMER] updateMap time consuming [32m 10.884822 ms[0m
 -- [TIMER] updateMap time consuming [32m 23.488158 ms[0m
[0m[INFO] [1784395877.039704415]: cloud odom callback cost: map update:33.822ms  update frontier clusters: 3.39464ms  total: 37.2166ms
[0m
[0m[INFO] [1784395877.046516303]: [coverage guidance] plan valid=1 map_v=59 frontier_v=59 zones(f/u)=231/258 observed=16004/35519 coverage=0.4506 voxels(f/o/u)=8532/6346/1126 active=1 reachable_unknown=158 route_nodes=160 preferred=1 cost=6.8ms[0m
 -- [TIMER] updateMap time consuming [32m 18.005757 ms[0m
 -- [TIMER] updateMap time consuming [32m 20.338026 ms[0m


[1;33m------------- <173> Plan Global Path start---------------[0m
[0m[INFO] [1784395877.332590886]: update topo skeleton cost: 76.385322ms, update odom vertex cost:53.405529ms [0m
[0m[INFO] [1784395877.338091447]: [view score] cluster=726 best_score=7.1548 visible_gain=3 speed=1.2384 corridor_cruise=0 hard_gate=0 rejected=0 top_k=2 known_free=8.00566 clearance=2.04076 turn=0.618391 selected_yaw=0.392699 current_yaw=0.902406 yaw_delta=0.509706 heading_known_free=0.4 vp=(-1.77117, 12.1948, 2.86)[0m
[0m[INFO] [1784395877.371293437]: vp cluster cost: 1.318628ms  ,remove unreachable cost: 3.581868ms, select vp cost: 33.717516ms[0m
insert viewpoint to graph time: 12.0151 ms
[0m[INFO] [1784395877.383635786]: [edge cost] len=6.4535 total=3.01801 time=2.45117 turn_pen=0.524398 known_pen=0 backup_pen=0 yaw_pen=0.0424436 known_free=6.4535 min_clearance=1.03399 vel_limit=3 reason=known_free backup_feasible=1[0m
[0m[INFO] [1784395877.390715403]: [goal lock] keep goal idx=0 candidate_idx=2 locked_cost=16.7762 candidate_cost=15.0918 since=0.727615 high_speed=0[0m
[0m[INFO] [1784395877.390749882]: [candidate cost] chosen_cluster=727 chosen_coverage=0 raw_best_cluster=726 raw_best_coverage=0 | #0 c=726/cp=0 J=15.0918 T=3.4062 TB=0.544787 R=3.83661 G=0.172822 W=0.128073 D=0 C=9.56844 | #1 c=728/cp=0 J=16.2563 T=3.69615 TB=0.629674 R=4.14231 G=0.361702 W=0.128073 D=0 C=10.5677 | #2 c=727/cp=0 J=16.7762 T=2.45117 TB=0.566842 R=5.92988 G=0.381966 W=0.0393439 D=0 C=11.3197[0m
calculate tsp cost matrix cost 7.39075ms

tour solver cost: 0.538435ms
[1;33m-------------Plan Global Path end-----------------[0m

total time cost: 191.015ms
[32m[planGlobalPath: succeed][0m: from EXEC_TRAJ to PLAN_TRAJ
viz&&print cost:0.04861ms
[0m[INFO] [1784395877.394431089]: [path condition] raw_pts=6 conditioned_pts=3 dense_pts=4 len=6.4535 known_free=6.4535 min_clearance=1.03399 turn=0.933901 max_local_turn=0.933901 initial_heading=0.317816 backup_feasible=1 sched_v=2.49757 reason=curvature[0m
[0m[INFO] [1784395877.416146964]: [highspeed_exp adapter] backup not required for verified known-free terminal-stop primary. duration=3.76764 known_len=5.76599[0m
[0m[INFO] [1784395877.416209603]: [highspeed_exp adapter] planned General MINCO exploration traj: pieces=3, duration=3.76764, max_v=2.49871, max_a=2.45995, sfc(raw/simplified/final)=3/2/2, corridor=general, prefix=yes, prefix_dur=0.428916, switch_delay=0.45, head_path_dist=0.282115, shifted_start=0, sched_v=2.49757, opt_v=2.49757, opt_bound=3, suffix_max_v=2.49871, suffix_max_a=2.45995, terminal_v=0, backup=no, backup_start=inf, backup_known_len=5.76599, sched_reason=curvature[0m
[0m[INFO] [1784395877.416234063]: [31m call planner [0m: 22.369[0m
[32m[plan success: new traj pub][0m: from PLAN_TRAJ to EXEC_TRAJ
[0m[INFO] [1784395876.168954267]: Publish local map size: 10119[0m
[0m[INFO] [1784395877.168969130]: Publish local map size: 9487[0m
 -- [MARSIM] Running FPS: 206.964
 -- [TIMER] updateMap time consuming [32m 14.544708 ms[0m
 -- [TIMER] updateMap time consuming [32m 18.369305 ms[0m
[0m[INFO] [1784395877.569158855]: [cloud input] mode=approximate_sync points=9887 age=0.00516595s stamp_valid=1[0m
 -- [TIMER] updateMap time consuming [32m 17.653870 ms[0m
[0m[INFO] [1784395877.600353944]: [global update] actual callback interval=397.571ms configured=200ms[0m
 -- [TIMER] updateMap time consuming [32m 13.514628 ms[0m
 -- [TIMER] updateMap time consuming [32m 12.334929 ms[0m
 -- [TIMER] updateMap time consuming [32m 11.419797 ms[0m


[1;33m------------- <175> Plan Global Path start---------------[0m
[0m[INFO] [1784395878.059874575]: update topo skeleton cost: 82.197519ms, update odom vertex cost:52.759796ms [0m
[0m[INFO] [1784395878.059918275]: [highspeed_exp adapter] safety map ready=1 rog_ready=1 cloud_size=9302[0m
[0m[INFO] [1784395878.071737209]: [view score] cluster=743 best_score=21.4194 visible_gain=17 speed=1.11484 corridor_cruise=0 hard_gate=0 rejected=0 top_k=2 known_free=13.0418 clearance=2.05649 turn=0.892634 selected_yaw=-1.1781 current_yaw=0.896069 yaw_delta=2.07417 heading_known_free=7.6 vp=(3.59951, 13.4113, 2.21765)[0m
[0m[INFO] [1784395878.082079585]: vp cluster cost: 1.177270ms  ,remove unreachable cost: 3.946554ms, select vp cost: 16.839889ms[0m
insert viewpoint to graph time: 14.6986 ms
[0m[INFO] [1784395878.097248919]: [edge cost] len=13.8211 total=4.56293 time=3.85526 turn_pen=0.624701 known_pen=0 backup_pen=0 yaw_pen=0.0829666 known_free=13.8211 min_clearance=1.23409 vel_limit=4 reason=known_free backup_feasible=1[0m
[0m[INFO] [1784395878.099033623]: [frontier lifecycle] selected cluster=743 selected_count=1 match_distance=0[0m
[0m[INFO] [1784395878.099058703]: [candidate cost] chosen_cluster=743 chosen_coverage=0 raw_best_cluster=743 raw_best_coverage=0 | #0 c=743/cp=0 J=15.5436 T=3.85526 TB=0.707668 R=2.28327 G=0.361702 W=0.167562 D=0 C=10.6997 | #1 c=742/cp=0 J=21.4208 T=4.85195 TB=0.698814 R=6.63807 G=0.0909091 W=0.00116666 D=0 C=12.4027 | #2 c=740/cp=0 J=22.2961 T=5.08059 TB=0.667398 R=6.84169 G=0.166667 W=0.0806027 D=0 C=13.2394[0m
calculate tsp cost matrix cost 2.24386ms

tour solver cost: 0.303837ms
[1;33m-------------Plan Global Path end-----------------[0m

total time cost: 176.077ms
[32m[planGlobalPath: succeed][0m: from EXEC_TRAJ to PLAN_TRAJ
viz&&print cost:0.023639ms
[33m[WARN] [1784395878.127650735]: [highspeed_exp adapter] optimized trajectory safety check failed; retry slower: attempt=1 guide_speed=2 t=2.5 state=out_of_map start_clearance=1.06315 segment_min_clearance=3.66623 blocked_clearance=3.67402 recovery=0 clearance_regressed=0 left_exploration_boxes=1[0m
[33m[WARN] [1784395878.136906182]: [highspeed_exp adapter] optimized trajectory safety check failed; retry slower: attempt=2 guide_speed=1.5 t=2.45 state=out_of_map start_clearance=1.06315 segment_min_clearance=3.66359 blocked_clearance=3.6749 recovery=0 clearance_regressed=0 left_exploration_boxes=1[0m
[0m[INFO] [1784395878.101622839]: [path condition] raw_pts=43 conditioned_pts=5 dense_pts=9 len=14.5 known_free=14.5 min_clearance=0.522227 turn=1.14806 max_local_turn=0.599956 initial_heading=1.09578 backup_feasible=1 sched_v=2 reason=curvature[0m
[0m[INFO] [1784395878.144932920]: [highspeed_exp adapter] backup not required for verified known-free terminal-stop primary. duration=8.11205 known_len=14.7067[0m
[0m[INFO] [1784395878.145006089]: [highspeed_exp adapter] planned General MINCO exploration traj: pieces=3, duration=8.11205, max_v=2.41701, max_a=1.80398, sfc(raw/simplified/final)=3/2/2, corridor=general, prefix=yes, prefix_dur=0.407821, switch_delay=0.45, head_path_dist=0.933903, shifted_start=0, sched_v=2, opt_v=1.1, opt_bound=2.41254, suffix_max_v=2.41701, suffix_max_a=1.63628, terminal_v=0, backup=no, backup_start=inf, backup_known_len=14.7067, sched_reason=curvature[0m
[0m[INFO] [1784395878.145026289]: [31m call planner [0m: 44.037[0m
[32m[plan success: new traj pub][0m: from PLAN_TRAJ to EXEC_TRAJ
 -- [TIMER] updateMap time consuming [32m 12.176501 ms[0m
[0m[INFO] [1784395878.169595408]: cloud odom callback cost: map update:20.778ms  update frontier clusters: 3.68846ms  total: 24.4665ms
[0m
 -- [TIMER] updateMap time consuming [32m 11.708895 ms[0m
 -- [TIMER] updateMap time consuming [32m 11.988762 ms[0m
 -- [TIMER] updateMap time consuming [32m 16.019656 ms[0m
 -- [TIMER] updateMap time consuming [32m 15.947256 ms[0m
 -- [TIMER] updateMap time consuming [32m 16.694830 ms[0m
[0m[INFO] [1784395878.640527731]: [global update] actual callback interval=339.478ms configured=200ms[0m


[1;33m------------- <177> Plan Global Path start---------------[0m
[0m[INFO] [1784395878.756843354]: update topo skeleton cost: 53.585948ms, update odom vertex cost:62.651986ms [0m
[0m[INFO] [1784395878.773754052]: [view score] cluster=725 best_score=14.5624 visible_gain=6 speed=2.18772 corridor_cruise=0 hard_gate=0 rejected=0 top_k=2 known_free=25 clearance=1.49198 turn=0.755689 selected_yaw=0.875934 current_yaw=0.875934 yaw_delta=5.96046e-08 heading_known_free=7.2 vp=(17.0712, 16.2052, 1.9)[0m
[0m[INFO] [1784395878.778454399]: vp cluster cost: 0.730593ms  ,remove unreachable cost: 2.349479ms, select vp cost: 18.309606ms[0m
insert viewpoint to graph time: 19.4073 ms
[0m[INFO] [1784395878.798659988]: [edge cost] len=23.2228 total=5.5786 time=5.14457 turn_pen=0.390531 known_pen=0 backup_pen=0 yaw_pen=0.0435024 known_free=23.2228 min_clearance=0.471691 vel_limit=5 reason=known_free backup_feasible=1[0m
[0m[INFO] [1784395878.799380761]: [frontier lifecycle] selected cluster=747 selected_count=1 match_distance=0[0m
[0m[INFO] [1784395878.799393421]: [candidate cost] chosen_cluster=747 chosen_coverage=0 raw_best_cluster=747 raw_best_coverage=0 | #0 c=747/cp=0 J=11.0553 T=5.14457 TB=0.434034 R=0 G=0.158485 W=0.11929 D=0 C=5.97257 | #1 c=725/cp=0 J=17.1374 T=6.46923 TB=0.39076 R=2.85619 G=0.166667 W=0.119271 D=0 C=9.21879[0m
calculate tsp cost matrix cost 1.49126ms

tour solver cost: 0.266758ms
[1;33m-------------Plan Global Path end-----------------[0m

total time cost: 160.302ms
[32m[planGlobalPath: succeed][0m: from EXEC_TRAJ to PLAN_TRAJ
[0m[INFO] [1784395878.800897547]: [frontier storage] labels=7018/7517 normals=91/823 clusters=3 terminal=0 cluster_cells(cap)=15 candidates(cap)=6 derived_viewpoints(cap)=0 estimated_kb=129.166 revision=232 audit_ready=0[0m
viz&&print cost:0.039579ms
[0m[INFO] [1784395878.801206815]: [corridor cruise path] straighten direct known-free path: len=18.6513 align=0.764764 known_free=18.6513 pts=5[0m
[0m[INFO] [1784395878.801627131]: [path condition] raw_pts=112 conditioned_pts=5 dense_pts=9 len=18.6513 known_free=18.6513 min_clearance=0.741073 turn=2.39931e-06 max_local_turn=3.4402e-07 initial_heading=0.700121 backup_feasible=1 sched_v=3.49948 reason=curvature[0m
[0m[INFO] [1784395878.830509991]: [highspeed_exp adapter] backup not required for verified known-free terminal-stop primary. duration=8.80369 known_len=20.1819[0m
[0m[INFO] [1784395878.830610180]: [highspeed_exp adapter] planned General MINCO exploration traj: pieces=3, duration=8.80369, max_v=4.00198, max_a=1.98148, sfc(raw/simplified/final)=4/2/2, corridor=general, prefix=yes, prefix_dur=0.422451, switch_delay=0.45, head_path_dist=0.866978, shifted_start=0, sched_v=2, opt_v=2, opt_bound=4, suffix_max_v=4.00198, suffix_max_a=1.98148, terminal_v=0, backup=no, backup_start=inf, backup_known_len=20.1819, sched_reason=curvature[0m
[0m[INFO] [1784395878.830637550]: [31m call planner [0m: 29.698[0m
[32m[plan success: new traj pub][0m: from PLAN_TRAJ to EXEC_TRAJ
[0m[INFO] [1784395878.830724769]: [cloud input] mode=approximate_sync points=9880 age=0.0667576s stamp_valid=1[0m
 -- [TIMER] updateMap time consuming [32m 14.513290 ms[0m
 -- [TIMER] updateMap time consuming [32m 18.983778 ms[0m
 -- [TIMER] updateMap time consuming [32m 15.336562 ms[0m
 -- [TIMER] updateMap time consuming [32m 16.881948 ms[0m
 -- [TIMER] updateMap time consuming [32m 14.524980 ms[0m
[0m[INFO] [1784395879.197269133]: cloud odom callback cost: map update:24.1112ms  update frontier clusters: 4.15629ms  total: 28.2675ms
[0m
[0m[INFO] [1784395879.204408019]: [coverage guidance] plan valid=1 map_v=61 frontier_v=61 zones(f/u)=244/254 observed=16778/35519 coverage=0.4724 voxels(f/o/u)=9170/6411/1197 active=1 reachable_unknown=158 route_nodes=160 preferred=1 cost=7.1ms[0m
 -- [TIMER] updateMap time consuming [32m 14.256592 ms[0m


[1;33m------------- <179> Plan Global Path start---------------[0m
[0m[INFO] [1784395879.414902867]: update topo skeleton cost: 48.563104ms, update odom vertex cost:56.717950ms [0m
[0m[INFO] [1784395879.429774183]: [view score] cluster=725 best_score=14.7761 visible_gain=6 speed=2.39122 corridor_cruise=0 hard_gate=0 rejected=0 top_k=2 known_free=24.766 clearance=1.0608 turn=0.633637 selected_yaw=0.619778 current_yaw=0.619778 yaw_delta=0 heading_known_free=6.8 vp=(17.0712, 16.2052, 1.3)[0m
[0m[INFO] [1784395879.429816873]: vp cluster cost: 0.576545ms  ,remove unreachable cost: 1.706804ms, select vp cost: 12.503248ms[0m
insert viewpoint to graph time: 6.74344 ms
[0m[INFO] [1784395879.437396395]: [edge cost] len=27.525 total=6.11491 time=6.00501 turn_pen=0.109902 known_pen=0 backup_pen=0 yaw_pen=0 known_free=27.525 min_clearance=0.471691 vel_limit=5 reason=known_free backup_feasible=1[0m
[0m[INFO] [1784395879.437419805]: [frontier lifecycle] selected cluster=725 selected_count=1 match_distance=0[0m
[0m[INFO] [1784395879.437431815]: [candidate cost] chosen_cluster=725 coverage_id=0 total=20.5484 travel=6.00501 turn_brake=0.109902 future_return=0 gain=0.166667 wait=0.155459 debt=0 coverage=15 failed_goal=0[0m
[1;33m-------------Plan Global Path end-----------------[0m

total time cost: 129.971ms
[32m[planGlobalPath: succeed][0m: from EXEC_TRAJ to PLAN_TRAJ
viz&&print cost:0.01498ms
[0m[INFO] [1784395879.439927982]: [corridor cruise path] straighten direct known-free path: len=24.766 align=0.808304 known_free=24.766 pts=7[0m
[0m[INFO] [1784395879.440540176]: [path condition] raw_pts=141 conditioned_pts=7 dense_pts=13 len=24.766 known_free=24.766 min_clearance=1.0608 turn=3.33498e-06 max_local_turn=3.40125e-07 initial_heading=0.62953 backup_feasible=1 sched_v=3.80202 reason=curvature[0m
[0m[INFO] [1784395879.491249441]: [highspeed_exp adapter] backup not required for verified known-free terminal-stop primary. duration=8.07768 known_len=24.6842[0m
[0m[INFO] [1784395879.491368270]: [highspeed_exp adapter] planned General MINCO exploration traj: pieces=4, duration=8.07768, max_v=5.00199, max_a=3.10834, sfc(raw/simplified/final)=4/3/3, corridor=general, prefix=yes, prefix_dur=0.400557, switch_delay=0.45, head_path_dist=0.653667, shifted_start=0, sched_v=3.07858, opt_v=3.07858, opt_bound=5, suffix_max_v=5.00199, suffix_max_a=3.10834, terminal_v=0, backup=no, backup_start=inf, backup_known_len=24.6842, sched_reason=curvature[0m
[0m[INFO] [1784395879.491402109]: [31m call planner [0m: 51.789[0m
[32m[plan success: new traj pub][0m: from PLAN_TRAJ to EXEC_TRAJ
[0m[INFO] [1784395878.268950614]: Publish local map size: 9486[0m
[0m[INFO] [1784395879.368988580]: Publish local map size: 9107[0m
 -- [MARSIM] Running FPS: 222.715
 -- [TIMER] updateMap time consuming [32m 13.252731 ms[0m
 -- [TIMER] updateMap time consuming [32m 13.959564 ms[0m
 -- [TIMER] updateMap time consuming [32m 12.905304 ms[0m
 -- [TIMER] updateMap time consuming [32m 13.699767 ms[0m
[0m[INFO] [1784395879.869090505]: [cloud input] mode=approximate_sync points=9038 age=0.00509178s stamp_valid=1[0m
 -- [TIMER] updateMap time consuming [32m 14.185393 ms[0m
[0m[INFO] [1784395879.965417709]: [global update] actual callback interval=325.756ms configured=200ms[0m


[1;33m------------- <181> Plan Global Path start---------------[0m
[0m[INFO] [1784395880.075061175]: update topo skeleton cost: 56.961358ms, update odom vertex cost:52.630538ms [0m
[0m[INFO] [1784395880.075092264]: [highspeed_exp adapter] safety map ready=1 rog_ready=1 cloud_size=9038[0m
[0m[INFO] [1784395880.087382994]: [view score] cluster=725 best_score=15.0585 visible_gain=6 speed=1.96565 corridor_cruise=0 hard_gate=0 rejected=0 top_k=2 known_free=23.4003 clearance=1.48567 turn=0.331269 selected_yaw=1.9635 current_yaw=0.187728 yaw_delta=1.77577 heading_known_free=9.2 vp=(17.0712, 16.2052, 3.7)[0m
[0m[INFO] [1784395880.087407514]: vp cluster cost: 0.532035ms  ,remove unreachable cost: 1.842054ms, select vp cost: 9.813392ms[0m
insert viewpoint to graph time: 7.72407 ms
[0m[INFO] [1784395880.096331274]: [edge cost] len=26.8214 total=7.63057 time=6.70259 turn_pen=0.85695 known_pen=0 backup_pen=0 yaw_pen=0.0710307 known_free=26.8214 min_clearance=0.527819 vel_limit=4.27421 reason=curvature backup_feasible=1[0m
[0m[INFO] [1784395880.096368623]: [candidate cost] chosen_cluster=725 coverage_id=0 total=22.2431 travel=6.70259 turn_brake=0.927981 future_return=0 gain=0.166667 wait=0.0361105 debt=0 coverage=15 failed_goal=0[0m
[1;33m-------------Plan Global Path end-----------------[0m

total time cost: 133.062ms
[32m[planGlobalPath: succeed][0m: from EXEC_TRAJ to PLAN_TRAJ
viz&&print cost:0.02003ms
[33m[WARN] [1784395880.142537849]: [highspeed_exp adapter] optimized trajectory safety check failed; retry slower: attempt=1 guide_speed=5 t=1.2 state=out_of_map start_clearance=3.45951 segment_min_clearance=3.65296 blocked_clearance=3.65532 recovery=0 clearance_regressed=0 left_exploration_boxes=1[0m
[33m[WARN] [1784395880.197056729]: [highspeed_exp adapter] optimized trajectory safety check failed; retry slower: attempt=2 guide_speed=3.75 t=1.15 state=out_of_map start_clearance=3.45951 segment_min_clearance=3.65347 blocked_clearance=3.66 recovery=0 clearance_regressed=0 left_exploration_boxes=1[0m
[33m[WARN] [1784395880.206930381]: [highspeed_exp adapter] optimized trajectory safety check failed; retry slower: attempt=3 guide_speed=2.75 t=1.2 state=out_of_map start_clearance=3.45951 segment_min_clearance=3.65278 blocked_clearance=3.6591 recovery=0 clearance_regressed=0 left_exploration_boxes=1[0m
[33m[WARN] [1784395880.212724849]: [highspeed_exp adapter] optimized trajectory safety check failed; retry slower: attempt=4 guide_speed=1 t=1.15 state=out_of_map start_clearance=3.45951 segment_min_clearance=3.65694 blocked_clearance=3.66106 recovery=0 clearance_regressed=0 left_exploration_boxes=1[0m
[33m[WARN] [1784395880.212739259]: [highspeed_exp adapter] General exploration MINCO optimization failed.[0m
[0m[INFO] [1784395880.098976410]: [corridor cruise path] straighten direct known-free path: len=23.4003 align=0.945867 known_free=23.4003 pts=6[0m
[0m[INFO] [1784395880.099728423]: [path condition] raw_pts=142 conditioned_pts=6 dense_pts=11 len=23.4003 known_free=23.4003 min_clearance=1.04935 turn=2.64784e-06 max_local_turn=4.22258e-07 initial_heading=0.330542 backup_feasible=1 sched_v=5 reason=known_free[0m
[0m[INFO] [1784395880.212761818]: [31m call planner [0m: 114.216[0m
[31m[PLAN_TRAJ: plan failed, keep safe terminal-stop trajectory][0m: from PLAN_TRAJ to EXEC_TRAJ
 -- [TIMER] updateMap time consuming [32m 15.230373 ms[0m
[0m[INFO] [1784395880.244143247]: cloud odom callback cost: map update:27.193ms  update frontier clusters: 3.98203ms  total: 31.1751ms
[0m
 -- [TIMER] updateMap time consuming [32m 16.612241 ms[0m


[1;33m------------- <182> Plan Global Path start---------------[0m
[0m[INFO] [1784395880.422091859]: update topo skeleton cost: 63.280922ms, update odom vertex cost:58.206307ms [0m
[0m[INFO] [1784395880.435299101]: vp cluster cost: 0.475346ms  ,remove unreachable cost: 1.988562ms, select vp cost: 10.610085ms[0m
insert viewpoint to graph time: 8.05013 ms
[1;33m-------------Plan Global Path end-----------------[0m

total time cost: 146.061ms
[32m[planGlobalPath: succeed][0m: from EXEC_TRAJ to PLAN_TRAJ
viz&&print cost:0.01807ms
[0m[INFO] [1784395880.447087415]: [corridor cruise path] straighten direct known-free path: len=22.7985 align=0.996892 known_free=22.7985 pts=6[0m
[0m[INFO] [1784395880.447917757]: [path condition] raw_pts=139 conditioned_pts=6 dense_pts=11 len=22.7985 known_free=22.7985 min_clearance=0.965007 turn=2.43978e-06 max_local_turn=3.34198e-07 initial_heading=0.0788579 backup_feasible=1 sched_v=5 reason=known_free[0m
[0m[INFO] [1784395880.478920639]: [highspeed_exp adapter] backup not required for verified known-free terminal-stop primary. duration=7.47106 known_len=22.6243[0m
[0m[INFO] [1784395880.479006388]: [highspeed_exp adapter] planned General MINCO exploration traj: pieces=3, duration=7.47106, max_v=5.00222, max_a=2.45415, sfc(raw/simplified/final)=4/2/2, corridor=general, prefix=yes, prefix_dur=0.420256, switch_delay=0.45, head_path_dist=0.134943, shifted_start=0, sched_v=5, opt_v=5, opt_bound=5, suffix_max_v=5.00222, suffix_max_a=2.45415, terminal_v=0, backup=no, backup_start=inf, backup_known_len=22.6243, sched_reason=known_free[0m
[0m[INFO] [1784395880.479032068]: [31m call planner [0m: 32.359[0m
[32m[plan success: new traj pub][0m: from PLAN_TRAJ to EXEC_TRAJ
 -- [TIMER] updateMap time consuming [32m 16.416813 ms[0m
 -- [TIMER] updateMap time consuming [32m 16.919898 ms[0m
 -- [TIMER] updateMap time consuming [32m 21.606896 ms[0m
[0m[INFO] [1784395880.869808040]: [cloud input] mode=approximate_sync points=9919 age=0.00581059s stamp_valid=1[0m
 -- [TIMER] updateMap time consuming [32m 16.939288 ms[0m
 -- [TIMER] updateMap time consuming [32m 13.616718 ms[0m
[0m[INFO] [1784395880.997276115]: [global update] actual callback interval=350.54ms configured=200ms[0m


[1;33m------------- <184> Plan Global Path start---------------[0m
[0m[INFO] [1784395881.113926639]: update topo skeleton cost: 57.013809ms, update odom vertex cost:59.582696ms [0m
[0m[INFO] [1784395881.129747028]: [view score] cluster=725 best_score=14.7381 visible_gain=6 speed=2.25682 corridor_cruise=0 hard_gate=0 rejected=0 top_k=2 known_free=21.4656 clearance=1.48567 turn=0.178267 selected_yaw=1.9635 current_yaw=-0.0449204 yaw_delta=2.00842 heading_known_free=1.6 vp=(17.0712, 16.2052, 3.7)[0m
[0m[INFO] [1784395881.129803797]: vp cluster cost: 0.617335ms  ,remove unreachable cost: 2.003132ms, select vp cost: 13.141952ms[0m
insert viewpoint to graph time: 8.13158 ms
[0m[INFO] [1784395881.138830156]: [edge cost] len=22.458 total=5.36792 time=4.99161 turn_pen=0.295976 known_pen=0 backup_pen=0 yaw_pen=0.0803366 known_free=22.458 min_clearance=0.567974 vel_limit=5 reason=known_free backup_feasible=1[0m
[0m[INFO] [1784395881.138859076]: [candidate cost] chosen_cluster=725 coverage_id=0 total=19.8936 travel=4.99161 turn_brake=0.376312 future_return=0 gain=0.166667 wait=0.0940212 debt=0 coverage=15 failed_goal=0[0m
[1;33m-------------Plan Global Path end-----------------[0m

total time cost: 143.72ms
[32m[planGlobalPath: succeed][0m: from EXEC_TRAJ to PLAN_TRAJ
viz&&print cost:0.01458ms
[33m[WARN] [1784395881.170332334]: [highspeed_exp adapter] optimized trajectory safety check failed; retry slower: attempt=1 guide_speed=5 t=1.1 state=out_of_map start_clearance=3.60751 segment_min_clearance=2.93109 blocked_clearance=2.94699 recovery=0 clearance_regressed=0 left_exploration_boxes=1[0m
[33m[WARN] [1784395881.174845543]: [highspeed_exp adapter] optimized trajectory safety check failed; retry slower: attempt=2 guide_speed=3.75 t=1.75 state=out_of_map start_clearance=3.60751 segment_min_clearance=3.1313 blocked_clearance=3.17545 recovery=0 clearance_regressed=0 left_exploration_boxes=1[0m
[33m[WARN] [1784395881.177915826]: [highspeed_exp adapter] optimized trajectory safety check failed; retry slower: attempt=3 guide_speed=2.75 t=2.8 state=out_of_map start_clearance=3.60751 segment_min_clearance=1.54626 blocked_clearance=1.54626 recovery=0 clearance_regressed=0 left_exploration_boxes=1[0m
[33m[WARN] [1784395881.181074947]: [highspeed_exp adapter] optimized trajectory safety check failed; retry slower: attempt=4 guide_speed=1 t=6.85 state=out_of_map start_clearance=3.60751 segment_min_clearance=3.54126 blocked_clearance=3.554 recovery=0 clearance_regressed=0 left_exploration_boxes=1[0m
[33m[WARN] [1784395881.181089647]: [highspeed_exp adapter] General exploration MINCO optimization failed.[0m
[0m[INFO] [1784395881.141490162]: [corridor cruise path] straighten direct known-free path: len=21.4656 align=0.98737 known_free=21.4656 pts=6[0m
[0m[INFO] [1784395881.142200016]: [path condition] raw_pts=139 conditioned_pts=6 dense_pts=11 len=21.4656 known_free=21.4656 min_clearance=1.0288 turn=3.29781e-06 max_local_turn=6.89813e-07 initial_heading=0.159104 backup_feasible=1 sched_v=5 reason=known_free[0m
[0m[INFO] [1784395881.181110327]: [31m call planner [0m: 40.052[0m
[31m[PLAN_TRAJ: plan failed, keep safe terminal-stop trajectory][0m: from PLAN_TRAJ to EXEC_TRAJ
 -- [TIMER] updateMap time consuming [32m 14.416451 ms[0m
 -- [TIMER] updateMap time consuming [32m 14.847826 ms[0m
[0m[INFO] [1784395881.298963650]: cloud odom callback cost: map update:25.6606ms  update frontier clusters: 4.17792ms  total: 29.8386ms
[0m
[0m[INFO] [1784395881.306224285]: [coverage guidance] plan valid=1 map_v=63 frontier_v=63 zones(f/u)=268/256 observed=17547/35519 coverage=0.4940 voxels(f/o/u)=9713/6446/1388 active=2 reachable_unknown=157 route_nodes=160 preferred=2 cost=7.3ms[0m


[1;33m------------- <185> Plan Global Path start---------------[0m
[0m[INFO] [1784395881.481233306]: update topo skeleton cost: 49.715484ms, update odom vertex cost:90.395689ms [0m
[0m[INFO] [1784395881.494442147]: vp cluster cost: 0.485215ms  ,remove unreachable cost: 1.952513ms, select vp cost: 10.611645ms[0m
insert viewpoint to graph time: 8.32966 ms
[1;33m-------------Plan Global Path end-----------------[0m

total time cost: 164.704ms
[32m[planGlobalPath: succeed][0m: from EXEC_TRAJ to PLAN_TRAJ
viz&&print cost:0.01641ms
[33m[WARN] [1784395881.536747238]: [highspeed_exp adapter] optimized trajectory safety check failed; retry slower: attempt=1 guide_speed=4.26635 t=2.6 state=out_of_map start_clearance=3.59732 segment_min_clearance=3.28008 blocked_clearance=3.4415 recovery=0 clearance_regressed=0 left_exploration_boxes=1[0m
[33m[WARN] [1784395881.540549244]: [highspeed_exp adapter] optimized trajectory safety check failed; retry slower: attempt=2 guide_speed=3.19976 t=1.65 state=out_of_map start_clearance=3.59732 segment_min_clearance=2.45393 blocked_clearance=2.45393 recovery=0 clearance_regressed=0 left_exploration_boxes=1[0m
[33m[WARN] [1784395881.544528308]: [highspeed_exp adapter] optimized trajectory safety check failed; retry slower: attempt=3 guide_speed=2.34649 t=2.25 state=out_of_map start_clearance=3.59732 segment_min_clearance=1.82117 blocked_clearance=1.82117 recovery=0 clearance_regressed=0 left_exploration_boxes=1[0m
[33m[WARN] [1784395881.548918519]: [highspeed_exp adapter] optimized trajectory safety check failed; retry slower: attempt=4 guide_speed=1 t=6.35 state=out_of_map start_clearance=3.59732 segment_min_clearance=3.44895 blocked_clearance=3.44895 recovery=0 clearance_regressed=0 left_exploration_boxes=1[0m
[33m[WARN] [1784395881.548943119]: [highspeed_exp adapter] General exploration MINCO optimization failed.[0m
[0m[INFO] [1784395881.506304841]: [corridor cruise path] straighten direct known-free path: len=20.5976 align=0.990491 known_free=20.5976 pts=6[0m
[0m[INFO] [1784395881.507309852]: [path condition] raw_pts=73 conditioned_pts=6 dense_pts=11 len=20.5976 known_free=20.5976 min_clearance=1.10027 turn=2.34318e-06 max_local_turn=4.14295e-07 initial_heading=0.138013 backup_feasible=1 sched_v=5 reason=known_free[0m
[0m[INFO] [1784395881.548964698]: [31m call planner [0m: 43.107[0m
[31m[PLAN_TRAJ: plan failed, keep safe terminal-stop trajectory][0m: from PLAN_TRAJ to EXEC_TRAJ
 -- [TIMER] updateMap time consuming [32m 13.556459 ms[0m
 -- [TIMER] updateMap time consuming [32m 12.251110 ms[0m
 -- [TIMER] updateMap time consuming [32m 10.931122 ms[0m


[1;33m------------- <186> Plan Global Path start---------------[0m
[0m[INFO] [1784395881.834569937]: update topo skeleton cost: 52.100623ms, update odom vertex cost:76.578074ms [0m
[0m[INFO] [1784395881.846136954]: [view score] cluster=725 best_score=14.2444 visible_gain=6 speed=2.99625 corridor_cruise=0 hard_gate=0 rejected=0 top_k=2 known_free=19.5641 clearance=1.48567 turn=0.119512 selected_yaw=1.9635 current_yaw=-0.0342223 yaw_delta=1.99772 heading_known_free=16.8 vp=(17.0712, 16.2052, 3.7)[0m
[0m[INFO] [1784395881.846175653]: vp cluster cost: 0.501705ms  ,remove unreachable cost: 1.964703ms, select vp cost: 8.846910ms[0m
insert viewpoint to graph time: 8.23163 ms
[0m[INFO] [1784395881.855131323]: [edge cost] len=22.2717 total=5.28266 time=4.95433 turn_pen=0.248419 known_pen=0 backup_pen=0 yaw_pen=0.0799087 known_free=22.2717 min_clearance=0.53607 vel_limit=5 reason=known_free backup_feasible=1[0m
[0m[INFO] [1784395881.855155493]: [candidate cost] chosen_cluster=725 coverage_id=0 total=12.3328 travel=4.95433 turn_brake=0.328328 future_return=0 gain=0.166667 wait=0.13382 debt=0 coverage=7.58415 failed_goal=0[0m
[1;33m-------------Plan Global Path end-----------------[0m

total time cost: 151.45ms
[32m[planGlobalPath: succeed][0m: from EXEC_TRAJ to PLAN_TRAJ
viz&&print cost:0.032429ms
[0m[INFO] [1784395880.369673630]: Publish local map size: 9771[0m
[0m[INFO] [1784395881.369722526]: Publish local map size: 9652[0m
 -- [MARSIM] Running FPS: 212.385
 -- [TIMER] updateMap time consuming [32m 10.699954 ms[0m
[0m[INFO] [1784395881.881389298]: [cloud input] mode=approximate_sync points=9858 age=0.0174038s stamp_valid=1[0m
 -- [TIMER] updateMap time consuming [32m 12.622897 ms[0m
[0m[INFO] [1784395881.958667605]: [corridor cruise path] straighten direct known-free path: len=19.5641 align=0.993659 known_free=19.5641 pts=5[0m
[0m[INFO] [1784395881.959246070]: [path condition] raw_pts=71 conditioned_pts=5 dense_pts=9 len=19.5641 known_free=19.5641 min_clearance=1.17602 turn=1.40458e-06 max_local_turn=2.61514e-07 initial_heading=0.112676 backup_feasible=1 sched_v=5 reason=known_free[0m
[0m[INFO] [1784395881.987720074]: [highspeed_exp adapter] backup not required for verified known-free terminal-stop primary. duration=6.59307 known_len=18.8677[0m
[0m[INFO] [1784395881.987810063]: [highspeed_exp adapter] planned General MINCO exploration traj: pieces=3, duration=6.59307, max_v=4.00229, max_a=2.14313, sfc(raw/simplified/final)=4/2/2, corridor=general, prefix=yes, prefix_dur=0.422644, switch_delay=0.45, head_path_dist=0.282712, shifted_start=0, sched_v=2, opt_v=2, opt_bound=4, suffix_max_v=4.00229, suffix_max_a=2.14313, terminal_v=0, backup=no, backup_start=inf, backup_known_len=18.8677, sched_reason=curvature[0m
[0m[INFO] [1784395881.987840203]: [31m call planner [0m: 29.620[0m
[32m[plan success: new traj pub][0m: from PLAN_TRAJ to EXEC_TRAJ
 -- [TIMER] updateMap time consuming [32m 11.371678 ms[0m
[0m[INFO] [1784395882.057441539]: [global update] actual callback interval=351.545ms configured=200ms[0m
 -- [TIMER] updateMap time consuming [32m 13.071074 ms[0m
 -- [TIMER] updateMap time consuming [32m 11.460678 ms[0m
 -- [TIMER] updateMap time consuming [32m 12.110032 ms[0m
[0m[INFO] [1784395882.395487001]: cloud odom callback cost: map update:22.7379ms  update frontier clusters: 3.69559ms  total: 26.4336ms
[0m


[1;33m------------- <188> Plan Global Path start---------------[0m
[0m[INFO] [1784395882.554266800]: update topo skeleton cost: 59.095221ms, update odom vertex cost:99.491009ms [0m
[0m[INFO] [1784395882.554294029]: [highspeed_exp adapter] safety map ready=1 rog_ready=1 cloud_size=9973[0m
[0m[INFO] [1784395882.556517729]: vp cluster cost: 0.518565ms  ,remove unreachable cost: 1.162650ms, select vp cost: 0.273448ms[0m
[1;33m-------------Plan Global Path end-----------------[0m

total time cost: 160.913ms
[33m[WARN] [1784395882.559502843]: [finish gate] force frontier refresh by planGlobalPath: no frontier new=0 removed=1 active=0 reachable=0[0m
[33m[WARN] [1784395882.559531552]: [finish gate] hold exploration after planGlobalPath: no frontier no_frontier_count=1 no_reachable_count=0[0m
[31m[planGlobalPath: no frontier: no frontier gated][0m: from EXEC_TRAJ to PLAN_TRAJ
viz&&print cost:2.97985ms


[1;33m------------- <189> Plan Global Path start---------------[0m
[0m[INFO] [1784395882.698360509]: update topo skeleton cost: 37.984639ms, update odom vertex cost:100.735358ms [0m
[0m[INFO] [1784395882.698690096]: [frontier audit] complete revision=235 active=0 reachable=0[0m
[0m[INFO] [1784395882.698700196]: vp cluster cost: 0.004380ms  ,remove unreachable cost: 0.001430ms, select vp cost: 0.081689ms[0m
[1;33m-------------Plan Global Path end-----------------[0m

total time cost: 139.121ms
viz&&print cost:0.021309ms
 -- [TIMER] updateMap time consuming [32m 17.538603 ms[0m


[1;33m------------- <190> Plan Global Path start---------------[0m
[0m[INFO] [1784395882.939567338]: update topo skeleton cost: 60.791726ms, update odom vertex cost:118.277930ms [0m
[0m[INFO] [1784395882.946426277]: [view score] cluster=751 best_score=13.2293 visible_gain=6 speed=3.85559 corridor_cruise=0 hard_gate=0 rejected=0 top_k=2 known_free=16.3024 clearance=1.34455 turn=0.17962 selected_yaw=1.1781 current_yaw=-0.0317687 yaw_delta=1.20987 heading_known_free=13.2 vp=(17.218, 16.7979, 1.7)[0m
[0m[INFO] [1784395882.946449307]: vp cluster cost: 0.768653ms  ,remove unreachable cost: 1.652535ms, select vp cost: 4.204233ms[0m
insert viewpoint to graph time: 5.21775 ms
[0m[INFO] [1784395882.952578132]: [edge cost] len=21.4049 total=14.7881 time=10.9025 turn_pen=3.83728 known_pen=0 backup_pen=0 yaw_pen=0.0483946 known_free=21.4049 min_clearance=0.609008 vel_limit=2 reason=curvature backup_feasible=1[0m
[0m[INFO] [1784395882.952594752]: [frontier lifecycle] selected cluster=751 selected_count=1 match_distance=0[0m
[0m[INFO] [1784395882.952605912]: [candidate cost] chosen_cluster=751 coverage_id=0 total=29.4543 travel=10.9025 turn_brake=3.88567 future_return=0 gain=0.166667 wait=0.000355434 debt=0 coverage=15 failed_goal=0[0m
[1;33m-------------Plan Global Path end-----------------[0m

total time cost: 194.269ms
[0m[INFO] [1784395882.954751072]: [finish gate] reset by planGlobalPath succeed[0m
[32m[planGlobalPath: succeed][0m: from PLAN_TRAJ to PLAN_TRAJ
viz&&print cost:0.024059ms
[0m[INFO] [1784395882.954976550]: [corridor cruise path] straighten direct known-free path: len=16.3024 align=0.98405 known_free=16.3024 pts=5[0m
[0m[INFO] [1784395882.955458976]: [path condition] raw_pts=52 conditioned_pts=5 dense_pts=9 len=16.3024 known_free=16.3024 min_clearance=1.13944 turn=3.15867e-06 max_local_turn=7.06824e-07 initial_heading=0.178841 backup_feasible=1 sched_v=4 reason=known_free[0m
[0m[INFO] [1784395882.979900797]: [highspeed_exp adapter] backup not required for verified known-free terminal-stop primary. duration=8.87944 known_len=16.3335[0m
[0m[INFO] [1784395882.979983246]: [highspeed_exp adapter] planned General MINCO exploration traj: pieces=2, duration=8.87944, max_v=4.00298, max_a=1.60846, sfc(raw/simplified/final)=4/2/2, corridor=general, prefix=no, prefix_dur=0, switch_delay=0, head_path_dist=inf, shifted_start=0, sched_v=4, opt_v=4, opt_bound=4, suffix_max_v=4.00298, suffix_max_a=1.60846, terminal_v=0, backup=no, backup_start=inf, backup_known_len=16.3335, sched_reason=known_free[0m
[0m[INFO] [1784395882.980009786]: [31m call planner [0m: 25.245[0m
[32m[plan success: new traj pub][0m: from PLAN_TRAJ to EXEC_TRAJ
[0m[INFO] [1784395882.980097625]: [cloud input] mode=approximate_sync points=9032 age=0.0161321s stamp_valid=1[0m
 -- [TIMER] updateMap time consuming [32m 17.268995 ms[0m
 -- [TIMER] updateMap time consuming [32m 13.389960 ms[0m
[0m[INFO] [1784395883.154839802]: [global update] actual callback interval=759.165ms configured=200ms[0m
 -- [TIMER] updateMap time consuming [32m 12.011103 ms[0m
 -- [TIMER] updateMap time consuming [32m 13.180352 ms[0m
[0m[INFO] [1784395883.417302424]: cloud odom callback cost: map update:45.0614ms  update frontier clusters: 3.27184ms  total: 48.3332ms
[0m
[0m[INFO] [1784395883.425178153]: [coverage guidance] plan valid=1 map_v=65 frontier_v=65 zones(f/u)=304/255 observed=18140/35519 coverage=0.5107 voxels(f/o/u)=10199/6485/1456 active=0 reachable_unknown=159 route_nodes=160 preferred=0 cost=7.9ms[0m
 -- [TIMER] updateMap time consuming [32m 11.438777 ms[0m


[1;33m------------- <192> Plan Global Path start---------------[0m
[0m[INFO] [1784395883.659818444]: update topo skeleton cost: 61.506940ms, update odom vertex cost:104.653563ms [0m
[0m[INFO] [1784395883.660279600]: vp cluster cost: 0.005530ms  ,remove unreachable cost: 0.002600ms, select vp cost: 0.053760ms[0m
[0m[INFO] [1784395883.660516868]: [coverage candidate] promoted=2 frontend_active=0 speed=0.0465847[0m
insert viewpoint to graph time: 27.671 ms
[0m[INFO] [1784395883.688360119]: [edge cost] len=2.65024 total=16.6316 time=1.52512 turn_pen=1.09761 known_pen=0 backup_pen=14 yaw_pen=0.00885726 known_free=2.65024 min_clearance=1.94391 vel_limit=2 reason=known_free backup_feasible=0[0m
[0m[INFO] [1784395883.688627586]: [candidate cost] chosen_cluster=-1 chosen_coverage=5402229852459630885 raw_best_cluster=-1 raw_best_coverage=5402229852459630885 | #0 c=-1/cp=5402229852459630885 J=9.82231 T=2.76541 TB=5.17258 R=12 G=0.607843 W=0 D=0 C=-3.5 | #1 c=-1/cp=4431545490079932023 J=18.5938 T=1.52512 TB=15.1065 R=12 G=0.693878 W=0 D=0 C=-3.25[0m
calculate tsp cost matrix cost 0.443346ms

tour solver cost: 0.274718ms
[1;33m-------------Plan Global Path end-----------------[0m

total time cost: 198.316ms
[32m[planGlobalPath: succeed][0m: from EXEC_TRAJ to PLAN_TRAJ
viz&&print cost:0.046949ms
[33m[WARN] [1784395883.692073515]: [path horizon] collapse local out-and-back loop: angle=2.79085 removed_pts=2 remaining_pts=3[0m
[0m[INFO] [1784395883.692238754]: [path condition] raw_pts=4 conditioned_pts=3 dense_pts=3 len=3.59023 known_free=3.59023 min_clearance=1.91008 turn=2.53166 max_local_turn=2.53166 initial_heading=3.09145 backup_feasible=1 sched_v=2 reason=known_free[0m
[0m[INFO] [1784395883.699830186]: [highspeed_exp adapter] backup not required for verified known-free terminal-stop primary. duration=3.26249 known_len=2.57912[0m
[0m[INFO] [1784395883.699913445]: [highspeed_exp adapter] planned General MINCO exploration traj: pieces=3, duration=3.26249, max_v=1.86417, max_a=3.05558, sfc(raw/simplified/final)=2/2/2, corridor=general, prefix=yes, prefix_dur=0.44295, switch_delay=0.45, head_path_dist=0.139006, shifted_start=0, sched_v=2, opt_v=2, opt_bound=2, suffix_max_v=1.86417, suffix_max_a=3.05558, terminal_v=0, backup=no, backup_start=inf, backup_known_len=2.57912, sched_reason=known_free[0m
[0m[INFO] [1784395883.699941375]: [31m call planner [0m: 7.930[0m
[32m[plan success: new traj pub][0m: from PLAN_TRAJ to EXEC_TRAJ
 -- [TIMER] updateMap time consuming [32m 10.917853 ms[0m
 -- [TIMER] updateMap time consuming [32m 10.303128 ms[0m
 -- [TIMER] updateMap time consuming [32m 10.345747 ms[0m


[1;33m------------- <193> Plan Global Path start---------------[0m
[0m[INFO] [1784395882.469389310]: Publish local map size: 9951[0m
[0m[INFO] [1784395883.569783549]: Publish local map size: 9979[0m
 -- [MARSIM] Running FPS: 209.716
[0m[INFO] [1784395884.061235073]: update topo skeleton cost: 65.471874ms, update odom vertex cost:103.723933ms [0m
[0m[INFO] [1784395884.062531052]: vp cluster cost: 0.937832ms  ,remove unreachable cost: 0.003270ms, select vp cost: 0.032850ms[0m
insert viewpoint to graph time: 28.2919 ms
calculate tsp cost matrix cost 0.403856ms

tour solver cost: 0.354297ms
[1;33m-------------Plan Global Path end-----------------[0m

total time cost: 202.85ms
[32m[planGlobalPath: succeed][0m: from EXEC_TRAJ to PLAN_TRAJ
[0m[INFO] [1784395884.094942902]: [frontier storage] labels=7475/7517 normals=79/823 clusters=0 terminal=0 cluster_cells(cap)=0 candidates(cap)=0 derived_viewpoints(cap)=0 estimated_kb=132.397 revision=240 audit_ready=0[0m
viz&&print cost:0.149719ms
[33m[WARN] [1784395884.095270949]: [path gate] reject target before optimization: len=3.54905 known_free=3.54905 min_clearance=1.91008 turn=2.51103 max_local_turn=2.51103 initial_heading=3.01554 yaw_delta=0.0655681 backup_feasible=0 sched_v=2 reason=known_free high_speed=0 reversal=1 geometry_rejected=1 safety_rejected=1 speed=0.238332[0m
[33m[WARN] [1784395884.095301989]: [coverage recovery] defer observation goal: id=5402229852459630885 approach=(-0.22093  14.2977  2.57674) reason=trajectory failure observed_gain=0 no_gain_attempts=0 failure_attempts=1 exhausted=0 cooldown=45s active_deferred=1[0m
[33m[WARN] [1784395884.095328089]: [coverage recovery] local trajectory failed; account target failure immediately and select another observation target[0m
[0m[INFO] [1784395884.095284719]: [31m call planner [0m: 0.236[0m
[31m[PLAN_TRAJ: plan failed, keep safe terminal-stop trajectory][0m: from PLAN_TRAJ to EXEC_TRAJ
[0m[INFO] [1784395884.095470597]: [cloud input] mode=approximate_sync points=9257 age=0.0315s stamp_valid=1[0m
 -- [TIMER] updateMap time consuming [32m 10.519286 ms[0m
 -- [TIMER] updateMap time consuming [32m 11.308319 ms[0m
 -- [TIMER] updateMap time consuming [32m 11.627796 ms[0m
[0m[INFO] [1784395884.295079704]: [global update] actual callback interval=403.063ms configured=200ms[0m


[1;33m------------- <194> Plan Global Path start---------------[0m
[0m[INFO] [1784395884.433079670]: update topo skeleton cost: 37.667663ms, update odom vertex cost:100.264155ms [0m
[0m[INFO] [1784395884.433424447]: vp cluster cost: 0.004570ms  ,remove unreachable cost: 0.001610ms, select vp cost: 0.035109ms[0m
[1;33m-------------Plan Global Path end-----------------[0m

total time cost: 138.344ms
[33m[WARN] [1784395884.436238092]: [finish gate] force frontier refresh by planGlobalPath: no frontier new=0 removed=0 active=0 reachable=0[0m
[33m[WARN] [1784395884.436250952]: [finish gate] hold exploration after planGlobalPath: no frontier no_frontier_count=1 no_reachable_count=0[0m
[31m[planGlobalPath: no frontier: no frontier gated][0m: from EXEC_TRAJ to PLAN_TRAJ
viz&&print cost:2.80472ms


[1;33m------------- <195> Plan Global Path start---------------[0m
[0m[INFO] [1784395884.573597395]: update topo skeleton cost: 35.924039ms, update odom vertex cost:101.365844ms [0m
[0m[INFO] [1784395884.573631124]: [highspeed_exp adapter] safety map ready=1 rog_ready=1 cloud_size=9930[0m
[0m[INFO] [1784395884.573984191]: [frontier audit] complete revision=240 active=0 reachable=0[0m
[0m[INFO] [1784395884.573997351]: vp cluster cost: 0.004320ms  ,remove unreachable cost: 0.001690ms, select vp cost: 0.065619ms[0m
[1;33m-------------Plan Global Path end-----------------[0m

total time cost: 137.75ms
viz&&print cost:0.019989ms
 -- [TIMER] updateMap time consuming [32m 10.859163 ms[0m
[0m[INFO] [1784395884.596715788]: cloud odom callback cost: map update:19.3762ms  update frontier clusters: 3.17116ms  total: 22.5473ms
[0m


[1;33m------------- <196> Plan Global Path start---------------[0m
[0m[INFO] [1784395884.784263692]: update topo skeleton cost: 51.220932ms, update odom vertex cost:96.158801ms [0m
[0m[INFO] [1784395884.784407271]: vp cluster cost: 0.004380ms  ,remove unreachable cost: 0.001490ms, select vp cost: 0.042000ms[0m
[0m[INFO] [1784395884.784533579]: [coverage candidate] promoted=2 frontend_active=0 speed=0.478629[0m
insert viewpoint to graph time: 29.0674 ms
[0m[INFO] [1784395884.813987706]: [edge cost] len=9.1783 total=6.68504 time=4.78915 turn_pen=1.77628 known_pen=0 backup_pen=0 yaw_pen=0.119614 known_free=9.1783 min_clearance=2.18825 vel_limit=2 reason=curvature backup_feasible=1[0m
[0m[INFO] [1784395884.814612231]: [candidate cost] chosen_cluster=-1 chosen_coverage=18067209469065432611 raw_best_cluster=-1 raw_best_coverage=18067209469065432611 | #0 c=-1/cp=18067209469065432611 J=3.44336 T=4.78915 TB=1.89589 R=2.17728 G=0.594595 W=0 D=0 C=-3.25 | #1 c=-1/cp=692789485908867943 J=6.83498 T=7.408 TB=2.98531 R=1.13587 G=0.508197 W=0 D=0 C=-3.16667[0m
calculate tsp cost matrix cost 1.02485ms

tour solver cost: 0.257307ms
[1;33m-------------Plan Global Path end-----------------[0m

total time cost: 181.388ms
[0m[INFO] [1784395884.818285288]: [finish gate] reset by planGlobalPath succeed[0m
[32m[planGlobalPath: succeed][0m: from PLAN_TRAJ to PLAN_TRAJ
viz&&print cost:0.05897ms
[0m[INFO] [1784395884.818742554]: [path condition] raw_pts=5 conditioned_pts=3 dense_pts=6 len=9.1783 known_free=9.1783 min_clearance=2.18825 turn=0.254017 max_local_turn=0.254017 initial_heading=1.07653 backup_feasible=1 sched_v=2 reason=curvature[0m
[0m[INFO] [1784395884.835151437]: [highspeed_exp adapter] backup not required for verified known-free terminal-stop primary. duration=9.95316 known_len=9.10712[0m
[0m[INFO] [1784395884.835261256]: [highspeed_exp adapter] planned General MINCO exploration traj: pieces=1, duration=9.95316, max_v=2.00156, max_a=0.69069, sfc(raw/simplified/final)=3/1/1, corridor=general, prefix=no, prefix_dur=0, switch_delay=0, head_path_dist=inf, shifted_start=0, sched_v=2, opt_v=2, opt_bound=2, suffix_max_v=2.00156, suffix_max_a=0.69069, terminal_v=0, backup=no, backup_start=inf, backup_known_len=9.10712, sched_reason=curvature[0m
[0m[INFO] [1784395884.835295166]: [31m call planner [0m: 16.987[0m
[32m[plan success: new traj pub][0m: from PLAN_TRAJ to EXEC_TRAJ
 -- [TIMER] updateMap time consuming [32m 7.962908 ms[0m
 -- [TIMER] updateMap time consuming [32m 8.806291 ms[0m
 -- [TIMER] updateMap time consuming [32m 9.460176 ms[0m


[1;33m------------- <197> Plan Global Path start---------------[0m
[0m[INFO] [1784395885.242134613]: update topo skeleton cost: 65.987451ms, update odom vertex cost:157.759492ms [0m
[0m[INFO] [1784395885.242306461]: vp cluster cost: 0.004520ms  ,remove unreachable cost: 0.001360ms, select vp cost: 0.048549ms[0m
insert viewpoint to graph time: 26.8397 ms
calculate tsp cost matrix cost 0.870292ms

tour solver cost: 0.378516ms
[1;33m-------------Plan Global Path end-----------------[0m

total time cost: 255.624ms
[32m[planGlobalPath: succeed][0m: from EXEC_TRAJ to PLAN_TRAJ
viz&&print cost:0.02318ms
[0m[INFO] [1784395885.274576313]: [path condition] raw_pts=5 conditioned_pts=3 dense_pts=6 len=9.17827 known_free=9.17827 min_clearance=2.18825 turn=0.254018 max_local_turn=0.254018 initial_heading=1.11084 backup_feasible=1 sched_v=2 reason=curvature[0m
[0m[INFO] [1784395885.289586719]: [highspeed_exp adapter] planned General MINCO exploration traj: pieces=2, duration=6.73947, max_v=3.00237, max_a=1.58042, sfc(raw/simplified/final)=3/1/1, corridor=general, prefix=yes, prefix_dur=0.436204, switch_delay=0.45, head_path_dist=0.00247137, shifted_start=0, sched_v=3, opt_v=3, opt_bound=3, suffix_max_v=3.00237, suffix_max_a=1.58042, terminal_v=0, backup=no, backup_start=inf, backup_known_len=9.10587, sched_reason=curvature[0m
[0m[INFO] [1784395885.289625289]: [31m call planner [0m: 15.585[0m
[32m[plan success: new traj pub][0m: from PLAN_TRAJ to EXEC_TRAJ
[0m[INFO] [1784395885.289752338]: [cloud input] mode=approximate_sync points=8777 age=0.0257843s stamp_valid=1[0m
 -- [TIMER] updateMap time consuming [32m 7.637532 ms[0m
 -- [TIMER] updateMap time consuming [32m 8.070188 ms[0m
 -- [TIMER] updateMap time consuming [32m 8.971690 ms[0m
[0m[INFO] [1784395885.489855661]: [global update] actual callback interval=471.474ms configured=200ms[0m


[1;33m------------- <198> Plan Global Path start---------------[0m
[0m[INFO] [1784395885.701038676]: update topo skeleton cost: 57.984773ms, update odom vertex cost:153.139143ms [0m
[0m[INFO] [1784395885.701197455]: vp cluster cost: 0.006870ms  ,remove unreachable cost: 0.001400ms, select vp cost: 0.038500ms[0m
[0m[INFO] [1784395885.701355944]: [coverage candidate] promoted=2 frontend_active=0 speed=0.027011[0m
insert viewpoint to graph time: 31.8337 ms
[0m[INFO] [1784395885.733570886]: [edge cost] len=9.1739 total=6.67648 time=4.78695 turn_pen=1.77007 known_pen=0 backup_pen=0 yaw_pen=0.119457 known_free=9.1739 min_clearance=2.18825 vel_limit=2 reason=curvature backup_feasible=1[0m
[0m[INFO] [1784395885.733973812]: [candidate cost] chosen_cluster=-1 chosen_coverage=18067209469065432611 raw_best_cluster=-1 raw_best_coverage=18067209469065432611 | #0 c=-1/cp=18067209469065432611 J=2.23729 T=4.78695 TB=1.88953 R=0 G=0.594595 W=0 D=0 C=-3.25 | #1 c=-1/cp=692789485908867943 J=6.20347 T=7.40643 TB=2.9801 R=0 G=0.508197 W=0 D=0 C=-3.16667[0m
calculate tsp cost matrix cost 0.784093ms

tour solver cost: 0.273788ms
[1;33m-------------Plan Global Path end-----------------[0m

total time cost: 247.808ms
[32m[planGlobalPath: succeed][0m: from EXEC_TRAJ to PLAN_TRAJ
viz&&print cost:0.02528ms
[0m[INFO] [1784395885.738225225]: [path condition] raw_pts=5 conditioned_pts=3 dense_pts=6 len=9.1739 known_free=9.1739 min_clearance=2.18825 turn=0.254199 max_local_turn=0.254198 initial_heading=1.06314 backup_feasible=1 sched_v=2 reason=curvature[0m
[0m[INFO] [1784395885.753330720]: [highspeed_exp adapter] backup not required for verified known-free terminal-stop primary. duration=6.27485 known_len=9.08872[0m
[0m[INFO] [1784395885.753408499]: [highspeed_exp adapter] planned General MINCO exploration traj: pieces=2, duration=6.27485, max_v=3.0028, max_a=1.58091, sfc(raw/simplified/final)=3/1/1, corridor=general, prefix=yes, prefix_dur=0.435968, switch_delay=0.45, head_path_dist=0.0117637, shifted_start=0, sched_v=3, opt_v=3, opt_bound=3, suffix_max_v=3.0028, suffix_max_a=1.58091, terminal_v=0, backup=no, backup_start=inf, backup_known_len=9.08872, sched_reason=curvature[0m
[0m[INFO] [1784395885.753443788]: [31m call planner [0m: 15.701[0m
[32m[plan success: new traj pub][0m: from PLAN_TRAJ to EXEC_TRAJ
 -- [TIMER] updateMap time consuming [32m 8.108998 ms[0m
[0m[INFO] [1784395885.774806148]: cloud odom callback cost: map update:18.2773ms  update frontier clusters: 2.96698ms  total: 21.2443ms
[0m
[0m[INFO] [1784395885.782529979]: [coverage guidance] plan valid=1 map_v=67 frontier_v=67 zones(f/u)=305/253 observed=18467/35519 coverage=0.5199 voxels(f/o/u)=10478/6496/1493 active=0 reachable_unknown=159 route_nodes=160 preferred=0 cost=7.7ms[0m
 -- [TIMER] updateMap time consuming [32m 7.709941 ms[0m
 -- [TIMER] updateMap time consuming [32m 7.215805 ms[0m


[1;33m------------- <199> Plan Global Path start---------------[0m
[0m[INFO] [1784395886.105035161]: update topo skeleton cost: 56.125099ms, update odom vertex cost:111.110360ms [0m
[0m[INFO] [1784395886.105407988]: vp cluster cost: 0.003800ms  ,remove unreachable cost: 0.001639ms, select vp cost: 0.041500ms[0m
insert viewpoint to graph time: 34.4071 ms
calculate tsp cost matrix cost 0.483456ms

tour solver cost: 0.276038ms
[1;33m-------------Plan Global Path end-----------------[0m

total time cost: 206.257ms
[32m[planGlobalPath: succeed][0m: from EXEC_TRAJ to PLAN_TRAJ
viz&&print cost:0.01571ms
[0m[INFO] [1784395886.144364361]: [path condition] raw_pts=4 conditioned_pts=3 dense_pts=4 len=5.48524 known_free=5.48524 min_clearance=2.42945 turn=0.287804 max_local_turn=0.287803 initial_heading=0.38594 backup_feasible=1 sched_v=3 reason=known_free[0m
[0m[INFO] [1784395886.153403820]: [highspeed_exp adapter] planned General MINCO exploration traj: pieces=3, duration=3.68756, max_v=3.00112, max_a=2.86638, sfc(raw/simplified/final)=3/1/1, corridor=general, prefix=yes, prefix_dur=0.441611, switch_delay=0.45, head_path_dist=0.0322197, shifted_start=0, sched_v=3, opt_v=3, opt_bound=3, suffix_max_v=3.00112, suffix_max_a=2.86638, terminal_v=0, backup=no, backup_start=inf, backup_known_len=5.3999, sched_reason=known_free[0m
[0m[INFO] [1784395886.153428980]: [31m call planner [0m: 9.349[0m
[32m[plan success: new traj pub][0m: from PLAN_TRAJ to EXEC_TRAJ
[0m[INFO] [1784395884.669652676]: Publish local map size: 8780[0m
[0m[INFO] [1784395885.769811643]: Publish local map size: 9858[0m
 -- [MARSIM] Running FPS: 218.555
 -- [TIMER] updateMap time consuming [32m 8.698953 ms[0m
 -- [TIMER] updateMap time consuming [32m 7.544432 ms[0m
 -- [TIMER] updateMap time consuming [32m 7.916919 ms[0m


[1;33m------------- <200> Plan Global Path start---------------[0m
[0m[INFO] [1784395886.529259379]: update topo skeleton cost: 48.724645ms, update odom vertex cost:136.401004ms [0m
[0m[INFO] [1784395886.529801564]: vp cluster cost: 0.004179ms  ,remove unreachable cost: 0.001700ms, select vp cost: 0.042090ms[0m
[0m[INFO] [1784395886.529998082]: [coverage candidate] promoted=2 frontend_active=0 speed=0.351171[0m
insert viewpoint to graph time: 32.9673 ms
[0m[INFO] [1784395886.563328095]: [edge cost] len=5.39551 total=2.31573 time=2.0985 turn_pen=0.215847 known_pen=0 backup_pen=0 yaw_pen=0.00138497 known_free=5.39551 min_clearance=2.43095 vel_limit=3 reason=known_free backup_feasible=1[0m
[0m[INFO] [1784395886.563684272]: [candidate cost] chosen_cluster=-1 chosen_coverage=18067209469065432611 raw_best_cluster=-1 raw_best_coverage=18067209469065432611 | #0 c=-1/cp=18067209469065432611 J=4.52288 T=2.0985 TB=0.217232 R=12 G=0.571429 W=0 D=0 C=-3.25 | #1 c=-1/cp=34081965223749592 J=5.79618 T=3.30916 TB=0.217461 R=12 G=0.565217 W=0 D=0 C=-3.2[0m
calculate tsp cost matrix cost 0.719074ms

tour solver cost: 0.305947ms
[1;33m-------------Plan Global Path end-----------------[0m

total time cost: 222.696ms
[32m[planGlobalPath: succeed][0m: from EXEC_TRAJ to PLAN_TRAJ
viz&&print cost:0.02601ms
[0m[INFO] [1784395886.567260990]: [path condition] raw_pts=4 conditioned_pts=3 dense_pts=4 len=5.39551 known_free=5.39551 min_clearance=2.43095 turn=0.291251 max_local_turn=0.291251 initial_heading=0.130816 backup_feasible=1 sched_v=3 reason=known_free[0m
[0m[INFO] [1784395886.576946204]: [highspeed_exp adapter] backup not required for verified known-free terminal-stop primary. duration=3.2614 known_len=5.23756[0m
[0m[INFO] [1784395886.577009453]: [highspeed_exp adapter] planned General MINCO exploration traj: pieces=3, duration=3.2614, max_v=3.00356, max_a=2.87288, sfc(raw/simplified/final)=3/1/1, corridor=general, prefix=yes, prefix_dur=0.440871, switch_delay=0.45, head_path_dist=0.0747031, shifted_start=0, sched_v=3, opt_v=3, opt_bound=3, suffix_max_v=3.00356, suffix_max_a=2.87288, terminal_v=0, backup=no, backup_start=inf, backup_known_len=5.23756, sched_reason=known_free[0m
[0m[INFO] [1784395886.577029983]: [31m call planner [0m: 10.177[0m
[32m[plan success: new traj pub][0m: from PLAN_TRAJ to EXEC_TRAJ
[0m[INFO] [1784395886.577128332]: [cloud input] mode=approximate_sync points=9978 age=0.0131578s stamp_valid=1[0m
 -- [TIMER] updateMap time consuming [32m 9.228918 ms[0m
 -- [TIMER] updateMap time consuming [32m 6.841090 ms[0m
[0m[INFO] [1784395886.766915120]: [global update] actual callback interval=422.782ms configured=200ms[0m
 -- [TIMER] updateMap time consuming [32m 7.835951 ms[0m
[0m[INFO] [1784395886.945433628]: cloud odom callback cost: map update:16.5897ms  update frontier clusters: 2.97577ms  total: 19.5655ms
[0m
 -- [TIMER] updateMap time consuming [32m 7.198956 ms[0m
 -- [TIMER] updateMap time consuming [32m 6.910928 ms[0m


[1;33m------------- <202> Plan Global Path start---------------[0m
[0m[INFO] [1784395887.261737311]: update topo skeleton cost: 28.241538ms, update odom vertex cost:107.666931ms [0m
[0m[INFO] [1784395887.261789470]: [highspeed_exp adapter] safety map ready=1 rog_ready=1 cloud_size=9472[0m
[0m[INFO] [1784395887.262129947]: vp cluster cost: 0.004890ms  ,remove unreachable cost: 0.001710ms, select vp cost: 0.058919ms[0m
[1;33m-------------Plan Global Path end-----------------[0m

total time cost: 136.393ms
[33m[WARN] [1784395887.262189867]: [finish gate] hold exploration after planGlobalPath: no frontier no_frontier_count=1 no_reachable_count=0[0m
[31m[planGlobalPath: no frontier: no frontier gated][0m: from EXEC_TRAJ to PLAN_TRAJ
viz&&print cost:0.037839ms


[1;33m------------- <203> Plan Global Path start---------------[0m
[0m[INFO] [1784395887.384668526]: update topo skeleton cost: 15.794820ms, update odom vertex cost:106.624820ms [0m
[0m[INFO] [1784395887.384944123]: vp cluster cost: 0.004290ms  ,remove unreachable cost: 0.001630ms, select vp cost: 0.045969ms[0m
[1;33m-------------Plan Global Path end-----------------[0m

total time cost: 122.75ms
viz&&print cost:0.01768ms
 -- [TIMER] updateMap time consuming [32m 11.646176 ms[0m


[1;33m------------- <204> Plan Global Path start---------------[0m
[0m[INFO] [1784395887.625396812]: update topo skeleton cost: 28.760644ms, update odom vertex cost:127.787152ms [0m
[0m[INFO] [1784395887.625628010]: vp cluster cost: 0.004510ms  ,remove unreachable cost: 0.001780ms, select vp cost: 0.033920ms[0m
[1;33m-------------Plan Global Path end-----------------[0m

total time cost: 156.852ms
viz&&print cost:0.022819ms
[0m[INFO] [1784395887.625772899]: [cloud input] mode=approximate_sync points=9049 age=0.0618047s stamp_valid=1[0m
 -- [TIMER] updateMap time consuming [32m 7.610663 ms[0m
 -- [TIMER] updateMap time consuming [32m 7.859000 ms[0m


[1;33m------------- <205> Plan Global Path start---------------[0m
[0m[INFO] [1784395887.827331113]: update topo skeleton cost: 23.027415ms, update odom vertex cost:116.067506ms [0m
[0m[INFO] [1784395887.827654420]: vp cluster cost: 0.005340ms  ,remove unreachable cost: 0.002250ms, select vp cost: 0.052820ms[0m
[1;33m-------------Plan Global Path end-----------------[0m

total time cost: 139.517ms
viz&&print cost:0.03118ms
 -- [TIMER] updateMap time consuming [32m 11.555377 ms[0m
 -- [TIMER] updateMap time consuming [32m 8.319975 ms[0m


[1;33m------------- <206> Plan Global Path start---------------[0m
[0m[INFO] [1784395888.042001112]: update topo skeleton cost: 37.738414ms, update odom vertex cost:114.866667ms [0m
[0m[INFO] [1784395888.042266090]: vp cluster cost: 0.005090ms  ,remove unreachable cost: 0.001540ms, select vp cost: 0.047960ms[0m
[1;33m-------------Plan Global Path end-----------------[0m

total time cost: 152.927ms
viz&&print cost:0.02106ms
 -- [TIMER] updateMap time consuming [32m 12.572668 ms[0m
[0m[INFO] [1784395888.066681343]: cloud odom callback cost: map update:20.7042ms  update frontier clusters: 3.55404ms  total: 24.2583ms
[0m
[0m[INFO] [1784395888.074290635]: [coverage guidance] plan valid=1 map_v=69 frontier_v=69 zones(f/u)=305/253 observed=18597/35519 coverage=0.5236 voxels(f/o/u)=10580/6497/1520 active=0 reachable_unknown=159 route_nodes=160 preferred=0 cost=7.6ms[0m
 -- [TIMER] updateMap time consuming [32m 8.484915 ms[0m


[1;33m------------- <207> Plan Global Path start---------------[0m
[0m[INFO] [1784395888.218346243]: update topo skeleton cost: 26.717772ms, update odom vertex cost:101.932624ms [0m
[0m[INFO] [1784395888.218544352]: vp cluster cost: 0.003050ms  ,remove unreachable cost: 0.001270ms, select vp cost: 0.035830ms[0m
[1;33m-------------Plan Global Path end-----------------[0m

total time cost: 128.908ms
viz&&print cost:0.01935ms
[0m[INFO] [1784395886.869269107]: Publish local map size: 9856[0m
[0m[INFO] [1784395887.969129301]: Publish local map size: 8752[0m
 -- [MARSIM] Running FPS: 208.63
 -- [TIMER] updateMap time consuming [32m 13.056574 ms[0m
 -- [TIMER] updateMap time consuming [32m 8.504035 ms[0m


[1;33m------------- <208> Plan Global Path start---------------[0m
[0m[INFO] [1784395888.429585344]: update topo skeleton cost: 25.797271ms, update odom vertex cost:113.080553ms [0m
[0m[INFO] [1784395888.429806212]: vp cluster cost: 0.005050ms  ,remove unreachable cost: 0.001570ms, select vp cost: 0.053859ms[0m
[1;33m-------------Plan Global Path end-----------------[0m

total time cost: 139.162ms
[33m[WARN] [1784395888.429856462]: [finish gate] hold exploration after planGlobalPath: no frontier no_frontier_count=7 no_reachable_count=0[0m
viz&&print cost:0.03277ms
 -- [TIMER] updateMap time consuming [32m 9.362307 ms[0m
 -- [TIMER] updateMap time consuming [32m 8.755392 ms[0m


[1;33m------------- <209> Plan Global Path start---------------[0m
[0m[INFO] [1784395888.644556802]: update topo skeleton cost: 25.174716ms, update odom vertex cost:128.229549ms [0m
[0m[INFO] [1784395888.644729030]: vp cluster cost: 0.002920ms  ,remove unreachable cost: 0.001750ms, select vp cost: 0.045039ms[0m
[1;33m-------------Plan Global Path end-----------------[0m

total time cost: 153.633ms
viz&&print cost:0.02087ms
[0m[INFO] [1784395888.644842559]: [cloud input] mode=approximate_sync points=9233 age=0.0808737s stamp_valid=1[0m
 -- [TIMER] updateMap time consuming [32m 13.261182 ms[0m
 -- [TIMER] updateMap time consuming [32m 7.847981 ms[0m


[1;33m------------- <210> Plan Global Path start---------------[0m
[0m[INFO] [1784395888.823946546]: update topo skeleton cost: 20.144031ms, update odom vertex cost:103.931595ms [0m
[0m[INFO] [1784395888.824145464]: vp cluster cost: 0.004450ms  ,remove unreachable cost: 0.001810ms, select vp cost: 0.059029ms[0m
[1;33m-------------Plan Global Path end-----------------[0m

total time cost: 124.345ms
viz&&print cost:0.02093ms
 -- [TIMER] updateMap time consuming [32m 11.775555 ms[0m
 -- [TIMER] updateMap time consuming [32m 8.736662 ms[0m


[1;33m------------- <211> Plan Global Path start---------------[0m
[0m[INFO] [1784395889.047063242]: update topo skeleton cost: 15.901879ms, update odom vertex cost:123.011126ms [0m
[0m[INFO] [1784395889.047238510]: vp cluster cost: 0.000740ms  ,remove unreachable cost: 0.001470ms, select vp cost: 0.034760ms[0m
[1;33m-------------Plan Global Path end-----------------[0m

total time cost: 139.144ms
viz&&print cost:0.01637ms
 -- [TIMER] updateMap time consuming [32m 8.677743 ms[0m
[0m[INFO] [1784395889.068796028]: cloud odom callback cost: map update:17.9857ms  update frontier clusters: 3.44527ms  total: 21.431ms
[0m
 -- [TIMER] updateMap time consuming [32m 8.822512 ms[0m


[1;33m------------- <212> Plan Global Path start---------------[0m
[0m[INFO] [1784395889.242435566]: update topo skeleton cost: 17.651953ms, update odom vertex cost:115.828831ms [0m
[0m[INFO] [1784395889.242583775]: vp cluster cost: 0.001160ms  ,remove unreachable cost: 0.001580ms, select vp cost: 0.032340ms[0m
[1;33m-------------Plan Global Path end-----------------[0m

total time cost: 133.691ms
[0m[INFO] [1784395889.242632754]: [frontier storage] labels=7675/7517 normals=78/823 clusters=0 terminal=0 cluster_cells(cap)=0 candidates(cap)=0 derived_viewpoints(cap)=0 estimated_kb=134.136 revision=240 audit_ready=1[0m
viz&&print cost:0.02822ms
 -- [TIMER] updateMap time consuming [32m 9.908232 ms[0m
 -- [TIMER] updateMap time consuming [32m 8.377025 ms[0m


[1;33m------------- <213> Plan Global Path start---------------[0m
[0m[INFO] [1784395889.454063365]: update topo skeleton cost: 14.059305ms, update odom vertex cost:125.462655ms [0m
[0m[INFO] [1784395889.454097395]: [highspeed_exp adapter] safety map ready=1 rog_ready=1 cloud_size=9582[0m
[0m[INFO] [1784395889.454215644]: vp cluster cost: 0.000960ms  ,remove unreachable cost: 0.001400ms, select vp cost: 0.029590ms[0m
[0m[INFO] [1784395889.454396432]: [coverage candidate] promoted=2 frontend_active=0 speed=0.396141[0m
insert viewpoint to graph time: 16.1195 ms
[0m[INFO] [1784395889.471026214]: [edge cost] len=3.79469 total=16.3432 time=2.09734 turn_pen=0.131798 known_pen=0 backup_pen=14 yaw_pen=0.114061 known_free=3.79469 min_clearance=2.1558 vel_limit=2 reason=known_free backup_feasible=0[0m
[0m[INFO] [1784395889.475212917]: [candidate cost] chosen_cluster=-1 chosen_coverage=18067209469065432611 raw_best_cluster=-1 raw_best_coverage=18067209469065432611 | #0 c=-1/cp=18067209469065432611 J=18.889 T=2.09734 TB=14.2459 R=12 G=0.52381 W=0 D=0 C=-3.00654 | #1 c=-1/cp=16211998874998863552 J=49.7402 T=23.3928 TB=24.4056 R=12 G=0.745763 W=0 D=0 C=-3.16667[0m
calculate tsp cost matrix cost 4.70226ms

tour solver cost: 0.260288ms
[1;33m-------------Plan Global Path end-----------------[0m

total time cost: 164.346ms
[0m[INFO] [1784395889.478881015]: [finish gate] reset by planGlobalPath succeed[0m
[32m[planGlobalPath: succeed][0m: from PLAN_TRAJ to PLAN_TRAJ
viz&&print cost:0.03582ms
[33m[WARN] [1784395889.479059083]: [path gate] reject target before optimization: len=3.79469 known_free=3.79469 min_clearance=2.1558 turn=0.425864 max_local_turn=0.425864 initial_heading=0.0798773 yaw_delta=0.163283 backup_feasible=0 sched_v=2 reason=known_free high_speed=0 reversal=0 geometry_rejected=0 safety_rejected=1 speed=0.396141[0m
[33m[WARN] [1784395889.479087403]: [coverage recovery] defer observation goal: id=18067209469065432611 approach=(-7.43158  14.1895  2.43158) reason=trajectory failure observed_gain=307 no_gain_attempts=0 failure_attempts=1 exhausted=0 cooldown=45s active_deferred=2[0m
[33m[WARN] [1784395889.479111293]: [coverage recovery] local trajectory failed; account target failure immediately and select another observation target[0m
[0m[INFO] [1784395889.479068413]: [31m call planner [0m: 0.169[0m
[31m[PLAN_TRAJ: plan failed, keep safe terminal-stop trajectory][0m: from PLAN_TRAJ to EXEC_TRAJ
 -- [TIMER] updateMap time consuming [32m 9.123809 ms[0m
[32m[EXEC_TRAJ: plan before committed trajectory end][0m: from EXEC_TRAJ to PLAN_TRAJ
 -- [TIMER] updateMap time consuming [32m 8.193058 ms[0m
[0m[INFO] [1784395889.669482231]: [cloud input] mode=approximate_sync points=9881 age=0.00549788s stamp_valid=1[0m
 -- [TIMER] updateMap time consuming [32m 8.041608 ms[0m
[0m[INFO] [1784395889.688760380]: [global update] actual callback interval=2562.97ms configured=200ms[0m


[1;33m------------- <214> Plan Global Path start---------------[0m
[33m[WARN] [1784395889.828336980]: [coverage recovery] defer observation goal: id=4751280485821655550 approach=(   -0.2 11.4455 2.28182) reason=observation ray occluded observed_gain=0 no_gain_attempts=0 failure_attempts=0 exhausted=1 cooldown=45s active_deferred=3[0m
[33m[WARN] [1784395889.828385899]: [coverage recovery] defer observation goal: id=4751281585333283761 approach=(-1.1  9.1  4.6) reason=observation ray occluded observed_gain=0 no_gain_attempts=0 failure_attempts=0 exhausted=1 cooldown=45s active_deferred=4[0m
[33m[WARN] [1784395889.828417489]: [coverage recovery] defer observation goal: id=17595841291460765400 approach=(-1.11714  7.02571  4.60857) reason=observation ray occluded observed_gain=0 no_gain_attempts=0 failure_attempts=0 exhausted=1 cooldown=45s active_deferred=5[0m
[0m[INFO] [1784395889.827858534]: update topo skeleton cost: 21.071203ms, update odom vertex cost:117.958981ms [0m
[0m[INFO] [1784395889.828224771]: vp cluster cost: 0.001570ms  ,remove unreachable cost: 0.002310ms, select vp cost: 0.058580ms[0m
insert viewpoint to graph time: 8.66298 ms
calculate tsp cost matrix cost 2.23106ms

tour solver cost: 0.276727ms
[1;33m-------------Plan Global Path end-----------------[0m

total time cost: 154.341ms
[32m[planGlobalPath: succeed][0m: from PLAN_TRAJ to PLAN_TRAJ
viz&&print cost:0.02427ms
[33m[WARN] [1784395889.846185961]: [highspeed_traj_server] trajectory 97 exhausted at 3.270/3.261 s; entering endpoint HOLD (terminal |v|=0.000 m/s, |a|=0.000 m/s^2).[0m
[33m[WARN] [1784395889.850820980]: [highspeed_exp adapter] optimized candidate violates commit dynamics; retry slower: attempt=1 guide_speed=2 vel_bound=3 max_v=5.413 max_a=11.3147[0m
[0m[INFO] [1784395889.843986981]: [path horizon] shorten high-curvature local path: horizon=4.06699m pts=3 turn=9.5414e-08 max_local_turn=9.42432e-08[0m
[0m[INFO] [1784395889.844004520]: [path condition] raw_pts=80 conditioned_pts=34 dense_pts=3 len=4.06699 known_free=4.06699 min_clearance=2.16614 turn=9.5414e-08 max_local_turn=9.42432e-08 initial_heading=2.75936 backup_feasible=1 sched_v=2 reason=curvature[0m
[0m[INFO] [1784395889.852444335]: [highspeed_exp adapter] backup not required for verified known-free terminal-stop primary. duration=2.17706 known_len=4.06699[0m
[0m[INFO] [1784395889.852480425]: [highspeed_exp adapter] planned General MINCO exploration traj: pieces=2, duration=2.17706, max_v=4.0664, max_a=6.38506, sfc(raw/simplified/final)=2/2/2, corridor=general, prefix=no, prefix_dur=0, switch_delay=0, head_path_dist=inf, shifted_start=0, sched_v=2, opt_v=1.5, opt_bound=2.25, suffix_max_v=4.0664, suffix_max_a=6.38506, terminal_v=0, backup=no, backup_start=inf, backup_known_len=4.06699, sched_reason=curvature[0m
[0m[INFO] [1784395889.852498365]: [31m call planner [0m: 9.342[0m
[32m[plan success: new traj pub][0m: from PLAN_TRAJ to EXEC_TRAJ
 -- [TIMER] updateMap time consuming [32m 8.161427 ms[0m
 -- [TIMER] updateMap time consuming [32m 7.887259 ms[0m
 -- [TIMER] updateMap time consuming [32m 8.463154 ms[0m
 -- [TIMER] updateMap time consuming [32m 11.089832 ms[0m
[0m[INFO] [1784395890.207208105]: cloud odom callback cost: map update:20.6691ms  update frontier clusters: 3.56529ms  total: 24.2344ms
[0m
[0m[INFO] [1784395890.215014646]: [coverage guidance] plan valid=1 map_v=71 frontier_v=71 zones(f/u)=309/256 observed=18800/35519 coverage=0.5293 voxels(f/o/u)=10720/6510/1570 active=0 reachable_unknown=159 route_nodes=160 preferred=0 cost=7.8ms[0m
 -- [TIMER] updateMap time consuming [32m 10.536227 ms[0m
 -- [TIMER] updateMap time consuming [32m 10.145320 ms[0m


[1;33m------------- <216> Plan Global Path start---------------[0m
[0m[INFO] [1784395890.541652537]: update topo skeleton cost: 25.748521ms, update odom vertex cost:125.847073ms [0m
[0m[INFO] [1784395890.541833575]: vp cluster cost: 0.001100ms  ,remove unreachable cost: 0.002120ms, select vp cost: 0.042790ms[0m
[1;33m-------------Plan Global Path end-----------------[0m

total time cost: 151.834ms
[33m[WARN] [1784395890.541877185]: [finish gate] hold exploration after planGlobalPath: no frontier no_frontier_count=1 no_reachable_count=0[0m
[31m[planGlobalPath: no frontier: no frontier gated][0m: from EXEC_TRAJ to PLAN_TRAJ
viz&&print cost:0.030479ms
[0m[INFO] [1784395888.969562371]: Publish local map size: 9422[0m
[0m[INFO] [1784395890.069172440]: Publish local map size: 9641[0m
 -- [MARSIM] Running FPS: 214.871


[1;33m------------- <217> Plan Global Path start---------------[0m
[0m[INFO] [1784395890.691378148]: update topo skeleton cost: 23.751959ms, update odom vertex cost:125.674735ms [0m
[0m[INFO] [1784395890.691580396]: vp cluster cost: 0.000980ms  ,remove unreachable cost: 0.002250ms, select vp cost: 0.039099ms[0m
[1;33m-------------Plan Global Path end-----------------[0m

total time cost: 149.695ms
viz&&print cost:0.01828ms
[0m[INFO] [1784395890.691749755]: [cloud input] mode=approximate_sync points=8906 age=0.0277808s stamp_valid=1[0m
 -- [TIMER] updateMap time consuming [32m 6.741560 ms[0m


[1;33m------------- <218> Plan Global Path start---------------[0m
[0m[INFO] [1784395890.881868337]: update topo skeleton cost: 24.159796ms, update odom vertex cost:105.966989ms [0m
[0m[INFO] [1784395890.882072285]: vp cluster cost: 0.004660ms  ,remove unreachable cost: 0.001770ms, select vp cost: 0.047189ms[0m
[1;33m-------------Plan Global Path end-----------------[0m

total time cost: 130.389ms
viz&&print cost:0.0181ms
 -- [TIMER] updateMap time consuming [32m 16.295696 ms[0m


[1;33m------------- <219> Plan Global Path start---------------[0m
[0m[INFO] [1784395891.099787264]: update topo skeleton cost: 23.828638ms, update odom vertex cost:116.693515ms [0m
[0m[INFO] [1784395891.099998802]: vp cluster cost: 0.005010ms  ,remove unreachable cost: 0.001600ms, select vp cost: 0.054029ms[0m
[1;33m-------------Plan Global Path end-----------------[0m

total time cost: 140.799ms
viz&&print cost:0.01885ms
 -- [TIMER] updateMap time consuming [32m 11.030833 ms[0m


[1;33m------------- <220> Plan Global Path start---------------[0m
[0m[INFO] [1784395891.283431916]: update topo skeleton cost: 24.078677ms, update odom vertex cost:97.085239ms [0m
[0m[INFO] [1784395891.283597234]: vp cluster cost: 0.004310ms  ,remove unreachable cost: 0.001630ms, select vp cost: 0.047999ms[0m
[1;33m-------------Plan Global Path end-----------------[0m

total time cost: 121.387ms
viz&&print cost:0.01776ms
 -- [TIMER] updateMap time consuming [32m 16.737561 ms[0m
[0m[INFO] [1784395891.311487167]: cloud odom callback cost: map update:24.7099ms  update frontier clusters: 3.03241ms  total: 27.7423ms
[0m
 -- [TIMER] updateMap time consuming [32m 12.371321 ms[0m


[1;33m------------- <221> Plan Global Path start---------------[0m
[0m[INFO] [1784395891.529416025]: update topo skeleton cost: 19.296359ms, update odom vertex cost:117.779135ms [0m
[0m[INFO] [1784395891.529444765]: [highspeed_exp adapter] safety map ready=1 rog_ready=1 cloud_size=10098[0m
[0m[INFO] [1784395891.529588793]: vp cluster cost: 0.005460ms  ,remove unreachable cost: 0.001640ms, select vp cost: 0.043849ms[0m
[1;33m-------------Plan Global Path end-----------------[0m

total time cost: 137.311ms
viz&&print cost:0.01756ms
 -- [TIMER] updateMap time consuming [32m 11.945444 ms[0m
 -- [TIMER] updateMap time consuming [32m 11.661186 ms[0m


[1;33m------------- <222> Plan Global Path start---------------[0m
[0m[INFO] [1784395891.711722169]: update topo skeleton cost: 18.869093ms, update odom vertex cost:99.711256ms [0m
[0m[INFO] [1784395891.711838038]: vp cluster cost: 0.003050ms  ,remove unreachable cost: 0.001320ms, select vp cost: 0.035320ms[0m
[1;33m-------------Plan Global Path end-----------------[0m

total time cost: 118.756ms
[33m[WARN] [1784395891.711883797]: [finish gate] hold exploration after planGlobalPath: no frontier no_frontier_count=7 no_reachable_count=0[0m
viz&&print cost:0.0273ms
[0m[INFO] [1784395891.711963557]: [cloud input] mode=approximate_sync points=9994 age=0.0479968s stamp_valid=1[0m
 -- [TIMER] updateMap time consuming [32m 11.759205 ms[0m
 -- [TIMER] updateMap time consuming [32m 10.208300 ms[0m


[1;33m------------- <223> Plan Global Path start---------------[0m
[0m[INFO] [1784395891.921458060]: update topo skeleton cost: 25.850531ms, update odom vertex cost:101.013025ms [0m
[0m[INFO] [1784395891.921596088]: vp cluster cost: 0.004000ms  ,remove unreachable cost: 0.001430ms, select vp cost: 0.034519ms[0m
[0m[INFO] [1784395891.921751507]: [coverage candidate] promoted=2 frontend_active=0 speed=0.250571[0m
insert viewpoint to graph time: 9.50799 ms
[0m[INFO] [1784395891.931943556]: [edge cost] len=15.5011 total=12.7748 time=7.95053 turn_pen=4.6988 known_pen=0 backup_pen=0 yaw_pen=0.125487 known_free=15.5011 min_clearance=0.504217 vel_limit=2 reason=curvature backup_feasible=1[0m
[0m[INFO] [1784395891.937128130]: [candidate cost] chosen_cluster=-1 chosen_coverage=120011314472556483 raw_best_cluster=-1 raw_best_coverage=120011314472556483 | #0 c=-1/cp=120011314472556483 J=15.0415 T=7.95053 TB=4.82428 R=12 G=0.583333 W=0 D=0 C=-3.16667 | #1 c=-1/cp=16211999974510491763 J=37.6616 T=20.9731 TB=14.017 R=12 G=0.459459 W=0 D=0 C=-3.00952[0m
calculate tsp cost matrix cost 5.86718ms

tour solver cost: 0.245598ms
[1;33m-------------Plan Global Path end-----------------[0m

total time cost: 143.186ms
[0m[INFO] [1784395891.937762335]: [finish gate] reset by planGlobalPath succeed[0m
[32m[planGlobalPath: succeed][0m: from PLAN_TRAJ to PLAN_TRAJ
viz&&print cost:0.02356ms
[0m[INFO] [1784395891.938409539]: [path condition] raw_pts=28 conditioned_pts=5 dense_pts=9 len=15.5011 known_free=15.5011 min_clearance=0.504217 turn=1.0871 max_local_turn=0.776029 initial_heading=2.84774 backup_feasible=1 sched_v=2 reason=curvature[0m
[0m[INFO] [1784395891.964033082]: [highspeed_exp adapter] backup not required for verified known-free terminal-stop primary. duration=15.0898 known_len=15.1614[0m
[0m[INFO] [1784395891.964188980]: [highspeed_exp adapter] planned General MINCO exploration traj: pieces=2, duration=15.0898, max_v=2.00252, max_a=0.523426, sfc(raw/simplified/final)=3/2/2, corridor=general, prefix=no, prefix_dur=0, switch_delay=0, head_path_dist=inf, shifted_start=0, sched_v=2, opt_v=2, opt_bound=4, suffix_max_v=2.00252, suffix_max_a=0.523426, terminal_v=0, backup=no, backup_start=inf, backup_known_len=15.1614, sched_reason=curvature[0m
[0m[INFO] [1784395891.964219830]: [31m call planner [0m: 26.441[0m
[32m[plan success: new traj pub][0m: from PLAN_TRAJ to EXEC_TRAJ
 -- [TIMER] updateMap time consuming [32m 9.490556 ms[0m
 -- [TIMER] updateMap time consuming [32m 10.244709 ms[0m
 -- [TIMER] updateMap time consuming [32m 9.925012 ms[0m
[0m[INFO] [1784395892.137849312]: [global update] actual callback interval=1747.8ms configured=200ms[0m
 -- [TIMER] updateMap time consuming [32m 9.071160 ms[0m
 -- [TIMER] updateMap time consuming [32m 11.172141 ms[0m
 -- [TIMER] updateMap time consuming [32m 9.053029 ms[0m
[0m[INFO] [1784395892.389037728]: cloud odom callback cost: map update:16.9979ms  update frontier clusters: 2.83477ms  total: 19.8327ms
[0m
[0m[INFO] [1784395892.397291735]: [coverage guidance] plan valid=1 map_v=73 frontier_v=73 zones(f/u)=319/259 observed=19166/35519 coverage=0.5396 voxels(f/o/u)=11051/6515/1600 active=0 reachable_unknown=159 route_nodes=160 preferred=0 cost=8.2ms[0m


[1;33m------------- <225> Plan Global Path start---------------[0m
[0m[INFO] [1784395892.575223929]: update topo skeleton cost: 19.869274ms, update odom vertex cost:97.911433ms [0m
[0m[INFO] [1784395892.575377018]: vp cluster cost: 0.004050ms  ,remove unreachable cost: 0.001530ms, select vp cost: 0.053530ms[0m
[0m[INFO] [1784395892.575543126]: [coverage candidate] promoted=2 frontend_active=0 speed=0.00416168[0m
insert viewpoint to graph time: 24.2375 ms
[0m[INFO] [1784395892.600249497]: [edge cost] len=11.2396 total=9.89496 time=5.81978 turn_pen=3.96877 known_pen=0 backup_pen=0 yaw_pen=0.106418 known_free=11.2396 min_clearance=0.71045 vel_limit=2 reason=curvature backup_feasible=1[0m
[0m[INFO] [1784395892.601240959]: [goal lock] keep goal idx=0 candidate_idx=1 locked_cost=10.4126 candidate_cost=7.02237 since=0.664109 high_speed=0[0m
[0m[INFO] [1784395892.601261508]: [candidate cost] chosen_cluster=-1 chosen_coverage=120011314472556483 raw_best_cluster=-1 raw_best_coverage=692789485908867943 | #0 c=-1/cp=692789485908867943 J=7.02237 T=5.81978 TB=4.07518 R=1.7995 G=0.347826 W=0 D=0 C=-3.16667 | #1 c=-1/cp=120011314472556483 J=10.4126 T=7.95029 TB=4.84983 R=3.26081 G=0.583333 W=0 D=0 C=-3.01429[0m
calculate tsp cost matrix cost 1.4839ms

tour solver cost: 0.330967ms
[1;33m-------------Plan Global Path end-----------------[0m

total time cost: 144.472ms
[32m[planGlobalPath: succeed][0m: from EXEC_TRAJ to PLAN_TRAJ
viz&&print cost:0.02232ms
[0m[INFO] [1784395892.602626966]: [path condition] raw_pts=28 conditioned_pts=5 dense_pts=9 len=15.5006 known_free=15.5006 min_clearance=0.504217 turn=1.08708 max_local_turn=0.776003 initial_heading=2.86339 backup_feasible=1 sched_v=2 reason=curvature[0m
[0m[INFO] [1784395892.630749797]: [highspeed_exp adapter] backup not required for verified known-free terminal-stop primary. duration=14.0105 known_len=14.3476[0m
[0m[INFO] [1784395892.630889186]: [highspeed_exp adapter] planned General MINCO exploration traj: pieces=3, duration=14.0105, max_v=2.1527, max_a=0.582191, sfc(raw/simplified/final)=3/2/2, corridor=general, prefix=yes, prefix_dur=0.424491, switch_delay=0.45, head_path_dist=0.00442909, shifted_start=0, sched_v=2, opt_v=2, opt_bound=4, suffix_max_v=2.1527, suffix_max_a=0.582191, terminal_v=0, backup=no, backup_start=inf, backup_known_len=14.3476, sched_reason=curvature[0m
[0m[INFO] [1784395892.630925236]: [31m call planner [0m: 28.989[0m
[32m[plan success: new traj pub][0m: from PLAN_TRAJ to EXEC_TRAJ
[0m[INFO] [1784395891.069292724]: Publish local map size: 9964[0m
[0m[INFO] [1784395892.169319234]: Publish local map size: 9573[0m
 -- [MARSIM] Running FPS: 206.655
 -- [TIMER] updateMap time consuming [32m 10.099711 ms[0m
 -- [TIMER] updateMap time consuming [32m 9.753603 ms[0m
[0m[INFO] [1784395892.769184272]: [cloud input] mode=approximate_sync points=9611 age=0.00518953s stamp_valid=1[0m
 -- [TIMER] updateMap time consuming [32m 9.420217 ms[0m
 -- [TIMER] updateMap time consuming [32m 8.752362 ms[0m
 -- [TIMER] updateMap time consuming [32m 8.707753 ms[0m
 -- [TIMER] updateMap time consuming [32m 8.429526 ms[0m


[1;33m------------- <227> Plan Global Path start---------------[0m
[0m[INFO] [1784395893.244407246]: update topo skeleton cost: 28.013612ms, update odom vertex cost:96.451997ms [0m
[0m[INFO] [1784395893.244541295]: vp cluster cost: 0.003780ms  ,remove unreachable cost: 0.001540ms, select vp cost: 0.041420ms[0m
[0m[INFO] [1784395893.244676043]: [coverage candidate] promoted=2 frontend_active=0 speed=0.0469363[0m
insert viewpoint to graph time: 23.4318 ms
[0m[INFO] [1784395893.268595012]: [edge cost] len=11.2374 total=9.98876 time=5.81869 turn_pen=4.06131 known_pen=0 backup_pen=0 yaw_pen=0.108756 known_free=11.2374 min_clearance=0.71045 vel_limit=2 reason=curvature backup_feasible=1[0m
[0m[INFO] [1784395893.269961220]: [goal lock] keep goal idx=0 candidate_idx=1 locked_cost=10.3101 candidate_cost=7.11963 since=1.33283 high_speed=0[0m
[0m[INFO] [1784395893.269979699]: [candidate cost] chosen_cluster=-1 chosen_coverage=120011314472556483 raw_best_cluster=-1 raw_best_coverage=692789485908867943 | #0 c=-1/cp=692789485908867943 J=7.11963 T=5.81869 TB=4.17007 R=1.8058 G=0.347826 W=0 D=0 C=-3.16667 | #1 c=-1/cp=120011314472556483 J=10.3101 T=7.94399 TB=4.753 R=3.26189 G=0.583333 W=0 D=0 C=-3.01429[0m
calculate tsp cost matrix cost 1.87189ms

tour solver cost: 0.248828ms
[1;33m-------------Plan Global Path end-----------------[0m

total time cost: 150.616ms
[32m[planGlobalPath: succeed][0m: from EXEC_TRAJ to PLAN_TRAJ
viz&&print cost:0.01254ms
[33m[WARN] [1784395893.294349924]: [highspeed_exp adapter] optimized trajectory safety check failed; retry slower: attempt=1 guide_speed=2 t=3.8 state=out_of_map start_clearance=2.22943 segment_min_clearance=3.30825 blocked_clearance=3.32821 recovery=0 clearance_regressed=0 left_exploration_boxes=1[0m
[0m[INFO] [1784395893.271180819]: [path condition] raw_pts=28 conditioned_pts=5 dense_pts=9 len=15.488 known_free=15.488 min_clearance=0.504217 turn=1.08644 max_local_turn=0.775364 initial_heading=2.80558 backup_feasible=1 sched_v=2 reason=curvature[0m
[0m[INFO] [1784395893.302650900]: [highspeed_exp adapter] backup not required for verified known-free terminal-stop primary. duration=16.7372 known_len=15.1708[0m
[0m[INFO] [1784395893.302779959]: [highspeed_exp adapter] planned General MINCO exploration traj: pieces=3, duration=16.7372, max_v=1.50248, max_a=0.388651, sfc(raw/simplified/final)=3/2/2, corridor=general, prefix=yes, prefix_dur=0.420674, switch_delay=0.45, head_path_dist=0.0180529, shifted_start=0, sched_v=2, opt_v=1.5, opt_bound=3, suffix_max_v=1.50248, suffix_max_a=0.388651, terminal_v=0, backup=no, backup_start=inf, backup_known_len=15.1708, sched_reason=curvature[0m
[0m[INFO] [1784395893.302817519]: [31m call planner [0m: 32.257[0m
[32m[plan success: new traj pub][0m: from PLAN_TRAJ to EXEC_TRAJ
 -- [TIMER] updateMap time consuming [32m 9.663855 ms[0m
 -- [TIMER] updateMap time consuming [32m 11.186921 ms[0m
[0m[INFO] [1784395893.393362668]: cloud odom callback cost: map update:20.6082ms  update frontier clusters: 3.49068ms  total: 24.0989ms
[0m
 -- [TIMER] updateMap time consuming [32m 9.047400 ms[0m
[0m[INFO] [1784395893.488575436]: [global update] actual callback interval=368.64ms configured=200ms[0m
 -- [TIMER] updateMap time consuming [32m 9.021460 ms[0m
 -- [TIMER] updateMap time consuming [32m 8.499034 ms[0m
 -- [TIMER] updateMap time consuming [32m 9.728584 ms[0m


[1;33m------------- <229> Plan Global Path start---------------[0m
[0m[INFO] [1784395893.947618765]: update topo skeleton cost: 26.032180ms, update odom vertex cost:100.894457ms [0m
[0m[INFO] [1784395893.947653255]: [highspeed_exp adapter] safety map ready=1 rog_ready=1 cloud_size=9912[0m
[0m[INFO] [1784395893.948088451]: vp cluster cost: 0.005920ms  ,remove unreachable cost: 0.001620ms, select vp cost: 0.048459ms[0m
[0m[INFO] [1784395893.948453828]: [coverage candidate] promoted=2 frontend_active=0 speed=0.150965[0m
insert viewpoint to graph time: 8.58694 ms
[0m[INFO] [1784395893.957775095]: [edge cost] len=15.425 total=11.937 time=7.91248 turn_pen=3.91809 known_pen=0 backup_pen=0 yaw_pen=0.10643 known_free=15.425 min_clearance=0.504217 vel_limit=2 reason=curvature backup_feasible=1[0m
[0m[INFO] [1784395893.962849251]: [candidate cost] chosen_cluster=-1 chosen_coverage=120011314472556483 raw_best_cluster=-1 raw_best_coverage=120011314472556483 | #0 c=-1/cp=120011314472556483 J=14.3628 T=7.91248 TB=4.02452 R=12 G=0.583333 W=0 D=0 C=-3.00752 | #1 c=-1/cp=14303085286946395450 J=38.2998 T=21.0064 TB=14.9351 R=12 G=0.495798 W=0 D=0 C=-3.25[0m
calculate tsp cost matrix cost 5.80803ms

tour solver cost: 0.277587ms
[1;33m-------------Plan Global Path end-----------------[0m

total time cost: 142.783ms
[32m[planGlobalPath: succeed][0m: from EXEC_TRAJ to PLAN_TRAJ
viz&&print cost:0.01526ms
[33m[WARN] [1784395893.988010138]: [highspeed_exp adapter] optimized trajectory safety check failed; retry slower: attempt=1 guide_speed=3.18822 t=2.3 state=out_of_map start_clearance=2.33853 segment_min_clearance=3.64094 blocked_clearance=3.69212 recovery=0 clearance_regressed=0 left_exploration_boxes=1[0m
[0m[INFO] [1784395893.964264738]: [path condition] raw_pts=28 conditioned_pts=5 dense_pts=9 len=15.425 known_free=15.425 min_clearance=0.504217 turn=1.08382 max_local_turn=0.772749 initial_heading=2.37459 backup_feasible=1 sched_v=2 reason=curvature[0m
[0m[INFO] [1784395893.992269841]: [highspeed_exp adapter] backup not required for verified known-free terminal-stop primary. duration=11.4011 known_len=14.9946[0m
[0m[INFO] [1784395893.992370150]: [highspeed_exp adapter] planned General MINCO exploration traj: pieces=3, duration=11.4011, max_v=2.39254, max_a=0.861562, sfc(raw/simplified/final)=3/2/2, corridor=general, prefix=yes, prefix_dur=0.423407, switch_delay=0.45, head_path_dist=0.0249245, shifted_start=0, sched_v=3.18822, opt_v=2.39116, opt_bound=3, suffix_max_v=2.39254, suffix_max_a=0.861562, terminal_v=0, backup=no, backup_start=inf, backup_known_len=14.9946, sched_reason=curvature[0m
[0m[INFO] [1784395893.992402839]: [31m call planner [0m: 28.920[0m
[32m[plan success: new traj pub][0m: from PLAN_TRAJ to EXEC_TRAJ
[0m[INFO] [1784395893.992502008]: [cloud input] mode=approximate_sync points=8743 age=0.0285337s stamp_valid=1[0m
 -- [TIMER] updateMap time consuming [32m 9.262728 ms[0m
 -- [TIMER] updateMap time consuming [32m 12.412791 ms[0m
 -- [TIMER] updateMap time consuming [32m 11.477699 ms[0m
 -- [TIMER] updateMap time consuming [32m 8.484656 ms[0m
 -- [TIMER] updateMap time consuming [32m 8.455625 ms[0m
[0m[INFO] [1784395894.490478838]: cloud odom callback cost: map update:17.949ms  update frontier clusters: 3.54378ms  total: 21.4928ms
[0m
[0m[INFO] [1784395894.499611728]: [coverage guidance] plan valid=1 map_v=75 frontier_v=75 zones(f/u)=326/258 observed=19396/35519 coverage=0.5461 voxels(f/o/u)=11272/6516/1608 active=0 reachable_unknown=159 route_nodes=160 preferred=0 cost=9.1ms[0m
[0m[INFO] [1784395894.511454543]: [global update] actual callback interval=347.944ms configured=200ms[0m


[1;33m------------- <231> Plan Global Path start---------------[0m
[0m[INFO] [1784395894.644596607]: update topo skeleton cost: 45.045262ms, update odom vertex cost:88.053932ms [0m
[0m[INFO] [1784395894.644843244]: vp cluster cost: 0.003890ms  ,remove unreachable cost: 0.001290ms, select vp cost: 0.052300ms[0m
[0m[INFO] [1784395894.645045003]: [coverage candidate] promoted=2 frontend_active=0 speed=0.292201[0m
insert viewpoint to graph time: 14.8825 ms
[0m[INFO] [1784395894.660232189]: [edge cost] len=4.36423 total=5.67846 time=2.38212 turn_pen=3.19323 known_pen=0 backup_pen=0 yaw_pen=0.103115 known_free=4.36423 min_clearance=1.92482 vel_limit=2 reason=curvature backup_feasible=1[0m
[0m[INFO] [1784395894.661132621]: [candidate cost] chosen_cluster=-1 chosen_coverage=4431545490079932023 raw_best_cluster=-1 raw_best_coverage=4431545490079932023 | #0 c=-1/cp=4431545490079932023 J=1.49041 T=2.38212 TB=3.29635 R=0 G=0.469027 W=0 D=0 C=-3.25 | #1 c=-1/cp=11399786211153078158 J=9.40691 T=7.0347 TB=3.25711 R=5.99665 G=0.491525 W=0 D=0 C=-3.2[0m
calculate tsp cost matrix cost 1.21967ms

tour solver cost: 0.475495ms
[1;33m-------------Plan Global Path end-----------------[0m

total time cost: 154.641ms
[32m[planGlobalPath: succeed][0m: from EXEC_TRAJ to PLAN_TRAJ
[0m[INFO] [1784395894.666164626]: [frontier storage] labels=7717/7517 normals=85/823 clusters=0 terminal=0 cluster_cells(cap)=0 candidates(cap)=0 derived_viewpoints(cap)=0 estimated_kb=134.642 revision=240 audit_ready=1[0m
viz&&print cost:0.08799ms
[0m[INFO] [1784395894.666466633]: [path condition] raw_pts=4 conditioned_pts=3 dense_pts=4 len=4.36423 known_free=4.36423 min_clearance=1.92482 turn=0.408399 max_local_turn=0.408397 initial_heading=1.94384 backup_feasible=1 sched_v=2 reason=curvature[0m
[0m[INFO] [1784395894.676537765]: [highspeed_exp adapter] backup not required for verified known-free terminal-stop primary. duration=5.52696 known_len=5.32315[0m
[0m[INFO] [1784395894.676603974]: [highspeed_exp adapter] planned General MINCO exploration traj: pieces=3, duration=5.52696, max_v=2.00381, max_a=1.48281, sfc(raw/simplified/final)=2/2/2, corridor=general, prefix=yes, prefix_dur=0.440737, switch_delay=0.45, head_path_dist=0.230112, shifted_start=0, sched_v=2, opt_v=2, opt_bound=3, suffix_max_v=2.00381, suffix_max_a=1.48281, terminal_v=0, backup=no, backup_start=inf, backup_known_len=5.32315, sched_reason=curvature[0m
[0m[INFO] [1784395894.676627224]: [31m call planner [0m: 10.399[0m
[32m[plan success: new traj pub][0m: from PLAN_TRAJ to EXEC_TRAJ
[0m[INFO] [1784395893.169647387]: Publish local map size: 9919[0m
[0m[INFO] [1784395894.170387987]: Publish local map size: 9961[0m
 -- [MARSIM] Running FPS: 217.8
 -- [TIMER] updateMap time consuming [32m 7.959900 ms[0m
 -- [TIMER] updateMap time consuming [32m 8.106948 ms[0m
 -- [TIMER] updateMap time consuming [32m 7.636473 ms[0m
[0m[INFO] [1784395895.070174127]: [cloud input] mode=approximate_sync points=9082 age=0.00618348s stamp_valid=1[0m
 -- [TIMER] updateMap time consuming [32m 7.116997 ms[0m
 -- [TIMER] updateMap time consuming [32m 10.815714 ms[0m


[1;33m------------- <233> Plan Global Path start---------------[0m
[0m[INFO] [1784395895.320008842]: update topo skeleton cost: 37.700008ms, update odom vertex cost:90.855338ms [0m
[0m[INFO] [1784395895.326523955]: vp cluster cost: 5.302063ms  ,remove unreachable cost: 0.002240ms, select vp cost: 0.991831ms[0m
[0m[INFO] [1784395895.326919242]: [coverage candidate] promoted=2 frontend_active=0 speed=0.4718[0m
insert viewpoint to graph time: 25.1067 ms
[0m[INFO] [1784395895.352285967]: [edge cost] len=4.4113 total=5.40338 time=2.40565 turn_pen=2.90509 known_pen=0 backup_pen=0 yaw_pen=0.0926423 known_free=4.4113 min_clearance=1.92482 vel_limit=2 reason=curvature backup_feasible=1[0m
[0m[INFO] [1784395895.353182690]: [candidate cost] chosen_cluster=-1 chosen_coverage=4431545490079932023 raw_best_cluster=-1 raw_best_coverage=4431545490079932023 | #0 c=-1/cp=4431545490079932023 J=1.21533 T=2.40565 TB=2.99773 R=0 G=0.469027 W=0 D=0 C=-3.25 | #1 c=-1/cp=11399786211153078158 J=9.053 T=7.05416 TB=2.89668 R=5.97311 G=0.491525 W=0 D=0 C=-3.2[0m
calculate tsp cost matrix cost 1.13564ms

tour solver cost: 0.273577ms
[1;33m-------------Plan Global Path end-----------------[0m

total time cost: 166.519ms
[32m[planGlobalPath: succeed][0m: from EXEC_TRAJ to PLAN_TRAJ
viz&&print cost:0.061119ms
[33m[WARN] [1784395895.358505823]: [path gate] reject target before optimization: len=4.4113 known_free=4.4113 min_clearance=1.92482 turn=0.332033 max_local_turn=0.332032 initial_heading=1.76066 yaw_delta=2.03896 backup_feasible=1 sched_v=2 reason=curvature high_speed=0 reversal=1 geometry_rejected=1 safety_rejected=0 speed=0.4718[0m
[33m[WARN] [1784395895.358581732]: [coverage recovery] defer observation goal: id=4431545490079932023 approach=(3.50513 14.2897 2.39231) reason=trajectory failure observed_gain=0 no_gain_attempts=0 failure_attempts=1 exhausted=0 cooldown=45s active_deferred=6[0m
[33m[WARN] [1784395895.358616462]: [coverage recovery] local trajectory failed; account target failure immediately and select another observation target[0m
[0m[INFO] [1784395895.358554142]: [31m call planner [0m: 0.490[0m
[31m[PLAN_TRAJ: brake before large turn][0m: from PLAN_TRAJ to REORIENT
[33m[WARN] [1784395895.379734455]: [controlled stop] committed braking trajectory: id=104 speed=0.552943 prefix=0.08 duration=0.73 distance=0.229375 terminal_v=1.65047e-15 terminal_a=4.0943e-15[0m
[33m[WARN] [1784395895.379763985]: [controlled stop] published braking trajectory id=104 duration=0.73[0m
[33m[WARN] [1784395895.379772865]: [reorient] request controlled stop: speed=0.531097 elapsed=0.0209905 backup_braking=0 odom_age=1.948e-05[0m
[33m[WARN] [1784395895.379779435]: [reorient] braking before goal reversal: speed=0.531097 elapsed=0.0209905 backup_braking=0 odom_age=1.948e-05 odom_fresh=1[0m
 -- [TIMER] updateMap time consuming [32m 7.355185 ms[0m
 -- [TIMER] updateMap time consuming [32m 8.955641 ms[0m
 -- [TIMER] updateMap time consuming [32m 8.091259 ms[0m
[0m[INFO] [1784395895.558080881]: [global update] actual callback interval=366.638ms configured=200ms[0m


[1;33m------------- <234> Plan Global Path start---------------[0m
[0m[INFO] [1784395895.683812982]: update topo skeleton cost: 33.948370ms, update odom vertex cost:91.723861ms [0m
[0m[INFO] [1784395895.683997950]: vp cluster cost: 0.004210ms  ,remove unreachable cost: 0.001560ms, select vp cost: 0.046519ms[0m
[1;33m-------------Plan Global Path end-----------------[0m

total time cost: 125.914ms
[33m[WARN] [1784395895.684041300]: [finish gate] hold exploration after planGlobalPath: no frontier no_frontier_count=1 no_reachable_count=0[0m
[31m[planGlobalPath: no frontier: no frontier gated][0m: from REORIENT to PLAN_TRAJ
viz&&print cost:0.02869ms


[1;33m------------- <235> Plan Global Path start---------------[0m
[0m[INFO] [1784395895.784550923]: update topo skeleton cost: 8.468535ms, update odom vertex cost:91.990088ms [0m
[0m[INFO] [1784395895.784743081]: vp cluster cost: 0.003440ms  ,remove unreachable cost: 0.001730ms, select vp cost: 0.042889ms[0m
[1;33m-------------Plan Global Path end-----------------[0m

total time cost: 100.708ms
viz&&print cost:0.01709ms
 -- [TIMER] updateMap time consuming [32m 11.579057 ms[0m
[0m[INFO] [1784395895.812925402]: cloud odom callback cost: map update:24.7586ms  update frontier clusters: 3.26571ms  total: 28.0243ms
[0m
 -- [TIMER] updateMap time consuming [32m 9.182299 ms[0m


[1;33m------------- <236> Plan Global Path start---------------[0m
[0m[INFO] [1784395896.019767267]: update topo skeleton cost: 25.956821ms, update odom vertex cost:103.111490ms [0m
[0m[INFO] [1784395896.019803897]: [highspeed_exp adapter] safety map ready=1 rog_ready=1 cloud_size=10050[0m
[0m[INFO] [1784395896.019967675]: vp cluster cost: 0.004850ms  ,remove unreachable cost: 0.001660ms, select vp cost: 0.039439ms[0m
[0m[INFO] [1784395896.020138544]: [coverage candidate] promoted=2 frontend_active=0 speed=0.175726[0m
insert viewpoint to graph time: 28.0081 ms
[0m[INFO] [1784395896.048485414]: [edge cost] len=7.50742 total=6.46036 time=3.95371 turn_pen=2.45553 known_pen=0 backup_pen=0 yaw_pen=0.0511185 known_free=7.50742 min_clearance=0.863877 vel_limit=2 reason=curvature backup_feasible=1[0m
[0m[INFO] [1784395896.048754011]: [candidate cost] chosen_cluster=-1 chosen_coverage=692789485908867943 raw_best_cluster=-1 raw_best_coverage=692789485908867943 | #0 c=-1/cp=692789485908867943 J=8.43576 T=3.95371 TB=2.50665 R=10.4486 G=0.302326 W=0 D=0 C=-3.16667 | #1 c=-1/cp=16976367227880391706 J=11.0846 T=5.71404 TB=2.50165 R=12 G=0.294118 W=0 D=0 C=-3.14286[0m
calculate tsp cost matrix cost 0.609135ms

tour solver cost: 0.280518ms
[1;33m-------------Plan Global Path end-----------------[0m

total time cost: 162.779ms
[0m[INFO] [1784395896.053484190]: [finish gate] reset by planGlobalPath succeed[0m
[32m[planGlobalPath: succeed][0m: from PLAN_TRAJ to PLAN_TRAJ
viz&&print cost:0.056729ms
[0m[INFO] [1784395896.053890906]: [path condition] raw_pts=8 conditioned_pts=3 dense_pts=5 len=7.50742 known_free=7.50742 min_clearance=0.863877 turn=0.905574 max_local_turn=0.905573 initial_heading=1.4882 backup_feasible=1 sched_v=2 reason=curvature[0m
[0m[INFO] [1784395896.067175729]: [highspeed_exp adapter] backup not required for verified known-free terminal-stop primary. duration=7.54742 known_len=6.90587[0m
[0m[INFO] [1784395896.067271058]: [highspeed_exp adapter] planned General MINCO exploration traj: pieces=1, duration=7.54742, max_v=2.00156, max_a=0.910847, sfc(raw/simplified/final)=3/1/1, corridor=general, prefix=no, prefix_dur=0, switch_delay=0, head_path_dist=inf, shifted_start=0, sched_v=2, opt_v=2, opt_bound=2, suffix_max_v=2.00156, suffix_max_a=0.910847, terminal_v=0, backup=no, backup_start=inf, backup_known_len=6.90587, sched_reason=curvature[0m
[0m[INFO] [1784395896.067300708]: [31m call planner [0m: 13.791[0m
[32m[plan success: new traj pub][0m: from PLAN_TRAJ to EXEC_TRAJ
 -- [TIMER] updateMap time consuming [32m 8.844752 ms[0m
[0m[INFO] [1784395896.088210844]: [cloud input] mode=approximate_sync points=9711 age=0.0242276s stamp_valid=1[0m
 -- [TIMER] updateMap time consuming [32m 8.451856 ms[0m
 -- [TIMER] updateMap time consuming [32m 8.288917 ms[0m
 -- [TIMER] updateMap time consuming [32m 9.570875 ms[0m
 -- [TIMER] updateMap time consuming [32m 9.618955 ms[0m
 -- [TIMER] updateMap time consuming [32m 9.094189 ms[0m
[0m[INFO] [1784395896.589663093]: [global update] actual callback interval=336.074ms configured=200ms[0m


[1;33m------------- <238> Plan Global Path start---------------[0m
[0m[INFO] [1784395896.708706894]: update topo skeleton cost: 16.920411ms, update odom vertex cost:102.073960ms [0m
[0m[INFO] [1784395896.708863862]: vp cluster cost: 0.003920ms  ,remove unreachable cost: 0.001600ms, select vp cost: 0.028589ms[0m
[0m[INFO] [1784395896.709080920]: [coverage candidate] promoted=2 frontend_active=0 speed=0.0286429[0m
insert viewpoint to graph time: 34.4629 ms
[0m[INFO] [1784395896.743877103]: [edge cost] len=7.50387 total=6.66454 time=3.95193 turn_pen=2.65661 known_pen=0 backup_pen=0 yaw_pen=0.0559891 known_free=7.50387 min_clearance=0.863877 vel_limit=2 reason=curvature backup_feasible=1[0m
[0m[INFO] [1784395896.744152381]: [candidate cost] chosen_cluster=-1 chosen_coverage=692789485908867943 raw_best_cluster=-1 raw_best_coverage=692789485908867943 | #0 c=-1/cp=692789485908867943 J=8.64091 T=3.95193 TB=2.7126 R=10.4503 G=0.302326 W=0 D=0 C=-3.16667 | #1 c=-1/cp=16976367227880391706 J=11.2888 T=5.71226 TB=2.70761 R=12 G=0.294118 W=0 D=0 C=-3.14286[0m
calculate tsp cost matrix cost 0.605785ms

tour solver cost: 0.322197ms
[1;33m-------------Plan Global Path end-----------------[0m

total time cost: 159.128ms
[32m[planGlobalPath: succeed][0m: from EXEC_TRAJ to PLAN_TRAJ
viz&&print cost:0.03023ms
[0m[INFO] [1784395896.749278386]: [path condition] raw_pts=8 conditioned_pts=3 dense_pts=5 len=7.50387 known_free=7.50387 min_clearance=0.863877 turn=0.905736 max_local_turn=0.905734 initial_heading=1.61007 backup_feasible=1 sched_v=2 reason=curvature[0m
[0m[INFO] [1784395896.761521368]: [highspeed_exp adapter] backup not required for verified known-free terminal-stop primary. duration=5.49516 known_len=6.89207[0m
[0m[INFO] [1784395896.761624037]: [highspeed_exp adapter] planned General MINCO exploration traj: pieces=2, duration=5.49516, max_v=2.61975, max_a=1.63445, sfc(raw/simplified/final)=3/1/1, corridor=general, prefix=yes, prefix_dur=0.438495, switch_delay=0.45, head_path_dist=0.0191128, shifted_start=0, sched_v=2.61828, opt_v=2.61828, opt_bound=2.61828, suffix_max_v=2.61975, suffix_max_a=1.63445, terminal_v=0, backup=no, backup_start=inf, backup_known_len=6.89207, sched_reason=curvature[0m
[0m[INFO] [1784395896.761663967]: [31m call planner [0m: 12.802[0m
[32m[plan success: new traj pub][0m: from PLAN_TRAJ to EXEC_TRAJ
[0m[INFO] [1784395895.269309610]: Publish local map size: 9380[0m
[0m[INFO] [1784395896.269423966]: Publish local map size: 9742[0m
 -- [MARSIM] Running FPS: 209.75
 -- [TIMER] updateMap time consuming [32m 8.431526 ms[0m
 -- [TIMER] updateMap time consuming [32m 10.345329 ms[0m
 -- [TIMER] updateMap time consuming [32m 10.479977 ms[0m
[0m[INFO] [1784395896.895994982]: cloud odom callback cost: map update:22.8706ms  update frontier clusters: 3.85449ms  total: 26.7251ms
[0m
[0m[INFO] [1784395896.903669745]: [coverage guidance] plan valid=1 map_v=77 frontier_v=77 zones(f/u)=314/256 observed=19564/35519 coverage=0.5508 voxels(f/o/u)=11435/6517/1612 active=0 reachable_unknown=159 route_nodes=160 preferred=0 cost=7.7ms[0m
 -- [TIMER] updateMap time consuming [32m 7.942740 ms[0m
 -- [TIMER] updateMap time consuming [32m 7.706182 ms[0m
[0m[INFO] [1784395897.168899718]: [cloud input] mode=approximate_sync points=8930 age=0.00491632s stamp_valid=1[0m
 -- [TIMER] updateMap time consuming [32m 6.612732 ms[0m


[1;33m------------- <240> Plan Global Path start---------------[0m
[0m[INFO] [1784395897.346331496]: update topo skeleton cost: 8.091679ms, update odom vertex cost:79.751127ms [0m
[0m[INFO] [1784395897.346657083]: vp cluster cost: 0.003380ms  ,remove unreachable cost: 0.002160ms, select vp cost: 0.038640ms[0m
[0m[INFO] [1784395897.346836631]: [coverage candidate] promoted=2 frontend_active=0 speed=0.293973[0m
insert viewpoint to graph time: 17.6559 ms
[0m[INFO] [1784395897.364929302]: [edge cost] len=10.0008 total=10.0031 time=5.20042 turn_pen=4.73228 known_pen=0 backup_pen=0 yaw_pen=0.0703672 known_free=10.0008 min_clearance=0.536769 vel_limit=2 reason=curvature backup_feasible=1[0m
[0m[INFO] [1784395897.365253359]: [candidate cost] chosen_cluster=-1 chosen_coverage=5182540197136154005 raw_best_cluster=-1 raw_best_coverage=5182540197136154005 | #0 c=-1/cp=5182540197136154005 J=11.9894 T=5.20042 TB=4.80265 R=11.6923 G=0.666667 W=0 D=0 C=-3.11111 | #1 c=-1/cp=11399786211153078158 J=14.3321 T=7.01271 TB=4.85744 R=12 G=0.469027 W=0 D=0 C=-3.2[0m
calculate tsp cost matrix cost 0.785413ms

tour solver cost: 0.294638ms
[1;33m-------------Plan Global Path end-----------------[0m

total time cost: 110.958ms
[32m[planGlobalPath: succeed][0m: from EXEC_TRAJ to PLAN_TRAJ
viz&&print cost:0.0266ms
[33m[WARN] [1784395897.389080829]: [highspeed_exp adapter] optimized trajectory safety check failed; retry slower: attempt=1 guide_speed=2 t=3 state=out_of_map start_clearance=2.72822 segment_min_clearance=2.42684 blocked_clearance=2.45074 recovery=0 clearance_regressed=0 left_exploration_boxes=1[0m
[33m[WARN] [1784395897.393858757]: [highspeed_exp adapter] optimized trajectory safety check failed; retry slower: attempt=2 guide_speed=1.5 t=3.45 state=out_of_map start_clearance=2.72822 segment_min_clearance=2.80918 blocked_clearance=2.84724 recovery=0 clearance_regressed=0 left_exploration_boxes=1[0m
[0m[INFO] [1784395897.369871519]: [path condition] raw_pts=15 conditioned_pts=4 dense_pts=7 len=9.33423 known_free=9.33423 min_clearance=0.536769 turn=1.15343 max_local_turn=1.15343 initial_heading=2.88348 backup_feasible=1 sched_v=2 reason=curvature[0m
[0m[INFO] [1784395897.401161083]: [highspeed_exp adapter] backup not required for verified known-free terminal-stop primary. duration=8.48674 known_len=12.0896[0m
[0m[INFO] [1784395897.401254562]: [highspeed_exp adapter] planned General MINCO exploration traj: pieces=3, duration=8.48674, max_v=3.39504, max_a=2.70013, sfc(raw/simplified/final)=3/2/2, corridor=general, prefix=yes, prefix_dur=0.420276, switch_delay=0.45, head_path_dist=0.300541, shifted_start=0, sched_v=2, opt_v=1.1, opt_bound=1.11356, suffix_max_v=3.39504, suffix_max_a=2.70013, terminal_v=0, backup=no, backup_start=inf, backup_known_len=12.0896, sched_reason=curvature[0m
[0m[INFO] [1784395897.401274892]: [31m call planner [0m: 31.796[0m
[32m[plan success: new traj pub][0m: from PLAN_TRAJ to EXEC_TRAJ
 -- [TIMER] updateMap time consuming [32m 6.996788 ms[0m
 -- [TIMER] updateMap time consuming [32m 6.623871 ms[0m
 -- [TIMER] updateMap time consuming [32m 6.389644 ms[0m
 -- [TIMER] updateMap time consuming [32m 7.095648 ms[0m
 -- [TIMER] updateMap time consuming [32m 10.364579 ms[0m
 -- [TIMER] updateMap time consuming [32m 7.654043 ms[0m
[0m[INFO] [1784395897.910044822]: [global update] actual callback interval=324.922ms configured=200ms[0m


[1;33m------------- <242> Plan Global Path start---------------[0m
[0m[INFO] [1784395898.037188873]: update topo skeleton cost: 21.265083ms, update odom vertex cost:105.822779ms [0m
[0m[INFO] [1784395898.037220953]: [highspeed_exp adapter] safety map ready=1 rog_ready=1 cloud_size=9575[0m
[0m[INFO] [1784395898.037498431]: vp cluster cost: 0.005480ms  ,remove unreachable cost: 0.001420ms, select vp cost: 0.050780ms[0m
[1;33m-------------Plan Global Path end-----------------[0m

total time cost: 127.452ms
[33m[WARN] [1784395898.037541180]: [finish gate] hold exploration after planGlobalPath: no frontier no_frontier_count=1 no_reachable_count=0[0m
[31m[planGlobalPath: no frontier: no frontier gated][0m: from EXEC_TRAJ to PLAN_TRAJ
viz&&print cost:0.02803ms


[1;33m------------- <243> Plan Global Path start---------------[0m
[0m[INFO] [1784395898.156653223]: update topo skeleton cost: 17.073670ms, update odom vertex cost:101.976193ms [0m
[0m[INFO] [1784395898.156996330]: vp cluster cost: 0.003810ms  ,remove unreachable cost: 0.001650ms, select vp cost: 0.049360ms[0m
[1;33m-------------Plan Global Path end-----------------[0m

total time cost: 119.465ms
viz&&print cost:0.021639ms
 -- [TIMER] updateMap time consuming [32m 6.576102 ms[0m
[0m[INFO] [1784395898.175009041]: cloud odom callback cost: map update:14.6822ms  update frontier clusters: 3.1475ms  total: 17.8298ms
[0m
[0m[INFO] [1784395898.175126120]: [cloud input] mode=approximate_sync points=9599 age=0.0111482s stamp_valid=1[0m
 -- [TIMER] updateMap time consuming [32m 5.770039 ms[0m


[1;33m------------- <244> Plan Global Path start---------------[0m
[0m[INFO] [1784395898.355139557]: update topo skeleton cost: 22.168905ms, update odom vertex cost:92.433447ms [0m
[0m[INFO] [1784395898.355469314]: vp cluster cost: 0.004450ms  ,remove unreachable cost: 0.001350ms, select vp cost: 0.048899ms[0m
[1;33m-------------Plan Global Path end-----------------[0m

total time cost: 114.989ms
viz&&print cost:0.02001ms
 -- [TIMER] updateMap time consuming [32m 7.589113 ms[0m
 -- [TIMER] updateMap time consuming [32m 6.403673 ms[0m


[1;33m------------- <245> Plan Global Path start---------------[0m
[0m[INFO] [1784395898.549971273]: update topo skeleton cost: 16.744193ms, update odom vertex cost:92.355567ms [0m
[0m[INFO] [1784395898.550303100]: vp cluster cost: 0.004490ms  ,remove unreachable cost: 0.001600ms, select vp cost: 0.042809ms[0m
[1;33m-------------Plan Global Path end-----------------[0m

total time cost: 109.487ms
viz&&print cost:0.01767ms
 -- [TIMER] updateMap time consuming [32m 6.989729 ms[0m
 -- [TIMER] updateMap time consuming [32m 7.575383 ms[0m


[1;33m------------- <246> Plan Global Path start---------------[0m
[0m[INFO] [1784395898.758625348]: update topo skeleton cost: 14.066616ms, update odom vertex cost:94.106912ms [0m
[0m[INFO] [1784395898.758986125]: vp cluster cost: 0.004270ms  ,remove unreachable cost: 0.002350ms, select vp cost: 0.069620ms[0m
[1;33m-------------Plan Global Path end-----------------[0m

total time cost: 108.609ms
viz&&print cost:0.0208ms
 -- [TIMER] updateMap time consuming [32m 6.919519 ms[0m
 -- [TIMER] updateMap time consuming [32m 6.017897 ms[0m


[1;33m------------- <247> Plan Global Path start---------------[0m
[0m[INFO] [1784395898.944235255]: update topo skeleton cost: 12.991196ms, update odom vertex cost:78.834237ms [0m
[0m[INFO] [1784395898.944582902]: vp cluster cost: 0.005020ms  ,remove unreachable cost: 0.001410ms, select vp cost: 0.078499ms[0m
[1;33m-------------Plan Global Path end-----------------[0m

total time cost: 92.2277ms
viz&&print cost:0.01836ms
 -- [TIMER] updateMap time consuming [32m 12.111743 ms[0m
 -- [TIMER] updateMap time consuming [32m 7.239877 ms[0m


[1;33m------------- <248> Plan Global Path start---------------[0m
[0m[INFO] [1784395899.145695955]: update topo skeleton cost: 8.275978ms, update odom vertex cost:80.074046ms [0m
[0m[INFO] [1784395899.146021962]: vp cluster cost: 0.004350ms  ,remove unreachable cost: 0.001500ms, select vp cost: 0.040700ms[0m
[1;33m-------------Plan Global Path end-----------------[0m

total time cost: 88.736ms
[33m[WARN] [1784395899.146066151]: [finish gate] hold exploration after planGlobalPath: no frontier no_frontier_count=7 no_reachable_count=0[0m
viz&&print cost:0.025219ms
[0m[INFO] [1784395897.369237654]: Publish local map size: 10087[0m
[0m[INFO] [1784395898.469247633]: Publish local map size: 9589[0m
 -- [MARSIM] Running FPS: 221.903
 -- [TIMER] updateMap time consuming [32m 7.745272 ms[0m
 -- [TIMER] updateMap time consuming [32m 6.779620 ms[0m
[0m[INFO] [1784395899.187178180]: cloud odom callback cost: map update:15.0275ms  update frontier clusters: 3.10591ms  total: 18.1335ms
[0m
[0m[INFO] [1784395899.195111921]: [coverage guidance] plan valid=1 map_v=79 frontier_v=79 zones(f/u)=315/257 observed=19645/35519 coverage=0.5531 voxels(f/o/u)=11507/6517/1621 active=0 reachable_unknown=159 route_nodes=160 preferred=0 cost=7.9ms[0m


[1;33m------------- <249> Plan Global Path start---------------[0m
[0m[INFO] [1784395899.385776636]: update topo skeleton cost: 17.953802ms, update odom vertex cost:101.658827ms [0m
[0m[INFO] [1784395899.385876425]: vp cluster cost: 0.003860ms  ,remove unreachable cost: 0.001600ms, select vp cost: 0.035060ms[0m
[0m[INFO] [1784395899.386071213]: [coverage candidate] promoted=2 frontend_active=0 speed=0.497714[0m
insert viewpoint to graph time: 18.4147 ms
[0m[INFO] [1784395899.404664600]: [edge cost] len=3.52397 total=20.9416 time=1.96198 turn_pen=4.88975 known_pen=0 backup_pen=14 yaw_pen=0.0898554 known_free=3.52397 min_clearance=2.32172 vel_limit=2 reason=known_free backup_feasible=0[0m
[0m[INFO] [1784395899.405437603]: [candidate cost] chosen_cluster=-1 chosen_coverage=5182540197136154005 raw_best_cluster=-1 raw_best_coverage=5182540197136154005 | #0 c=-1/cp=5182540197136154005 J=8.41162 T=5.1295 TB=4.19181 R=6.40663 G=0.666667 W=0 D=0 C=-3.1 | #1 c=-1/cp=7492851874377301754 J=16.3791 T=1.96198 TB=18.9796 R=0 G=0.53125 W=0 D=0 C=-3.5[0m
calculate tsp cost matrix cost 0.959362ms

tour solver cost: 0.286667ms
[1;33m-------------Plan Global Path end-----------------[0m

total time cost: 143.371ms
[0m[INFO] [1784395899.409533317]: [finish gate] reset by planGlobalPath succeed[0m
[32m[planGlobalPath: succeed][0m: from PLAN_TRAJ to PLAN_TRAJ
viz&&print cost:0.04079ms
[33m[WARN] [1784395899.410075992]: [path gate] reject target before optimization: len=9.859 known_free=9.859 min_clearance=1.88907 turn=0.264386 max_local_turn=0.264386 initial_heading=2.47904 yaw_delta=2.23057 backup_feasible=1 sched_v=2 reason=curvature high_speed=0 reversal=1 geometry_rejected=1 safety_rejected=0 speed=0.497714[0m
[33m[WARN] [1784395899.410108102]: [coverage recovery] defer observation goal: id=5182540197136154005 approach=(   6.94 14.2744  2.3224) reason=trajectory failure observed_gain=81 no_gain_attempts=0 failure_attempts=1 exhausted=0 cooldown=45s active_deferred=7[0m
[33m[WARN] [1784395899.410132211]: [coverage recovery] local trajectory failed; account target failure immediately and select another observation target[0m
[0m[INFO] [1784395899.410094852]: [31m call planner [0m: 0.541[0m
[31m[PLAN_TRAJ: brake before large turn][0m: from PLAN_TRAJ to REORIENT
[0m[INFO] [1784395899.410205031]: [cloud input] mode=approximate_sync points=8783 age=0.0462355s stamp_valid=1[0m
 -- [TIMER] updateMap time consuming [32m 8.416286 ms[0m
[32m[REORIENT: vehicle stopped][0m: from REORIENT to PLAN_TRAJ
 -- [TIMER] updateMap time consuming [32m 8.288468 ms[0m
 -- [TIMER] updateMap time consuming [32m 8.891462 ms[0m
[0m[INFO] [1784395899.609624479]: [global update] actual callback interval=1699.59ms configured=200ms[0m


[1;33m------------- <250> Plan Global Path start---------------[0m
[0m[INFO] [1784395899.743801080]: update topo skeleton cost: 17.801763ms, update odom vertex cost:116.319168ms [0m
[0m[INFO] [1784395899.743951929]: vp cluster cost: 0.004250ms  ,remove unreachable cost: 0.001850ms, select vp cost: 0.054940ms[0m
insert viewpoint to graph time: 18.5538 ms
calculate tsp cost matrix cost 1.57596ms

tour solver cost: 0.328617ms
[1;33m-------------Plan Global Path end-----------------[0m

total time cost: 158.211ms
[32m[planGlobalPath: succeed][0m: from PLAN_TRAJ to PLAN_TRAJ
[0m[INFO] [1784395899.767900428]: [frontier storage] labels=7727/7517 normals=83/823 clusters=0 terminal=0 cluster_cells(cap)=0 candidates(cap)=0 derived_viewpoints(cap)=0 estimated_kb=134.69 revision=240 audit_ready=1[0m
viz&&print cost:0.071189ms
[0m[INFO] [1784395899.768334745]: [corridor cruise path] straighten direct known-free path: len=13.372 align=0.735318 known_free=13.372 pts=4[0m
[0m[INFO] [1784395899.768817640]: [path condition] raw_pts=9 conditioned_pts=4 dense_pts=7 len=13.372 known_free=13.372 min_clearance=2.03572 turn=1.1708e-06 max_local_turn=3.60411e-07 initial_heading=0.744661 backup_feasible=1 sched_v=3.30859 reason=curvature[0m
[0m[INFO] [1784395899.788408308]: [highspeed_exp adapter] backup not required for verified known-free terminal-stop primary. duration=8.7705 known_len=13.3803[0m
[0m[INFO] [1784395899.788481377]: [highspeed_exp adapter] planned General MINCO exploration traj: pieces=2, duration=8.7705, max_v=3.31159, max_a=1.38186, sfc(raw/simplified/final)=3/2/2, corridor=general, prefix=no, prefix_dur=0, switch_delay=0, head_path_dist=inf, shifted_start=0, sched_v=3.30859, opt_v=3.30859, opt_bound=4, suffix_max_v=3.31159, suffix_max_a=1.38186, terminal_v=0, backup=no, backup_start=inf, backup_known_len=13.3803, sched_reason=curvature[0m
[0m[INFO] [1784395899.788507217]: [31m call planner [0m: 20.542[0m
[32m[plan success: new traj pub][0m: from PLAN_TRAJ to EXEC_TRAJ
 -- [TIMER] updateMap time consuming [32m 10.050612 ms[0m
 -- [TIMER] updateMap time consuming [32m 9.297358 ms[0m
 -- [TIMER] updateMap time consuming [32m 8.525615 ms[0m
 -- [TIMER] updateMap time consuming [32m 7.688043 ms[0m
 -- [TIMER] updateMap time consuming [32m 8.244018 ms[0m
[0m[INFO] [1784395900.287837033]: cloud odom callback cost: map update:15.631ms  update frontier clusters: 3.23516ms  total: 18.8661ms
[0m


[1;33m------------- <252> Plan Global Path start---------------[0m
[0m[INFO] [1784395900.429956296]: update topo skeleton cost: 13.170874ms, update odom vertex cost:117.482849ms [0m
[0m[INFO] [1784395900.429992436]: [highspeed_exp adapter] safety map ready=1 rog_ready=1 cloud_size=9658[0m
[0m[INFO] [1784395900.430096495]: vp cluster cost: 0.004960ms  ,remove unreachable cost: 0.001450ms, select vp cost: 0.047100ms[0m
[0m[INFO] [1784395900.430233434]: [coverage candidate] promoted=2 frontend_active=0 speed=0.0255899[0m
insert viewpoint to graph time: 17.7547 ms
[0m[INFO] [1784395900.448588353]: [edge cost] len=13.5051 total=7.75494 time=6.12194 turn_pen=1.62016 known_pen=0 backup_pen=0 yaw_pen=0.0128449 known_free=13.5051 min_clearance=1.97587 vel_limit=2.2918 reason=curvature backup_feasible=1[0m
[0m[INFO] [1784395900.448620392]: [candidate cost] chosen_cluster=-1 coverage_id=11399786211153078158 total=3.88113 travel=6.12194 turn_brake=1.633 future_return=0 gain=0.428571 wait=0 debt=0 coverage=-3.01667 failed_goal=0[0m
[1;33m-------------Plan Global Path end-----------------[0m

total time cost: 152.655ms
[32m[planGlobalPath: succeed][0m: from EXEC_TRAJ to PLAN_TRAJ
viz&&print cost:0.02012ms
[0m[INFO] [1784395900.452775846]: [path condition] raw_pts=9 conditioned_pts=4 dense_pts=7 len=13.5051 known_free=13.5051 min_clearance=1.9759 turn=0.436813 max_local_turn=0.304572 initial_heading=0.981912 backup_feasible=1 sched_v=2.29181 reason=curvature[0m
[0m[INFO] [1784395900.477848096]: [highspeed_exp adapter] backup not required for verified known-free terminal-stop primary. duration=6.76822 known_len=13.4986[0m
[0m[INFO] [1784395900.477917835]: [highspeed_exp adapter] planned General MINCO exploration traj: pieces=3, duration=6.76822, max_v=4.00309, max_a=2.36888, sfc(raw/simplified/final)=3/2/2, corridor=general, prefix=yes, prefix_dur=0.425821, switch_delay=0.45, head_path_dist=0.0124428, shifted_start=0, sched_v=4, opt_v=4, opt_bound=4, suffix_max_v=4.00309, suffix_max_a=2.36888, terminal_v=0, backup=no, backup_start=inf, backup_known_len=13.4986, sched_reason=curvature[0m
[0m[INFO] [1784395900.477942385]: [31m call planner [0m: 25.984[0m
[32m[plan success: new traj pub][0m: from PLAN_TRAJ to EXEC_TRAJ
[0m[INFO] [1784395900.478026264]: [cloud input] mode=approximate_sync points=10010 age=0.0140908s stamp_valid=1[0m
 -- [TIMER] updateMap time consuming [32m 10.173851 ms[0m
 -- [TIMER] updateMap time consuming [32m 8.859592 ms[0m
[0m[INFO] [1784395900.652027687]: [global update] actual callback interval=352.737ms configured=200ms[0m
 -- [TIMER] updateMap time consuming [32m 9.720615 ms[0m
 -- [TIMER] updateMap time consuming [32m 7.995810 ms[0m
 -- [TIMER] updateMap time consuming [32m 9.409867 ms[0m


[1;33m------------- <254> Plan Global Path start---------------[0m
[0m[INFO] [1784395901.109940350]: update topo skeleton cost: 10.812445ms, update odom vertex cost:109.347802ms [0m
[0m[INFO] [1784395901.110416005]: vp cluster cost: 0.004460ms  ,remove unreachable cost: 0.001510ms, select vp cost: 0.047450ms[0m
[0m[INFO] [1784395901.110538334]: [coverage candidate] promoted=2 frontend_active=0 speed=0.27514[0m
insert viewpoint to graph time: 17.3301 ms
[0m[INFO] [1784395901.128880354]: [edge cost] len=13.421 total=4.18561 time=3.75526 turn_pen=0.413826 known_pen=0 backup_pen=0 yaw_pen=0.0165258 known_free=13.421 min_clearance=1.97605 vel_limit=4 reason=known_free backup_feasible=1[0m
[0m[INFO] [1784395901.128943393]: [candidate cost] chosen_cluster=-1 coverage_id=11399786211153078158 total=0.3118 travel=3.75526 turn_brake=0.430352 future_return=0 gain=0.428571 wait=0 debt=0 coverage=-3.01667 failed_goal=0[0m
[1;33m-------------Plan Global Path end-----------------[0m

total time cost: 142.574ms
[32m[planGlobalPath: succeed][0m: from EXEC_TRAJ to PLAN_TRAJ
viz&&print cost:0.027559ms
[0m[INFO] [1784395901.132640511]: [corridor cruise path] straighten direct known-free path: len=13.277 align=0.997482 known_free=13.277 pts=4[0m
[0m[INFO] [1784395901.133078217]: [path condition] raw_pts=9 conditioned_pts=4 dense_pts=7 len=13.277 known_free=13.277 min_clearance=1.98147 turn=8.65006e-07 max_local_turn=3.58248e-07 initial_heading=0.0709842 backup_feasible=1 sched_v=4 reason=known_free[0m
[0m[INFO] [1784395901.156178914]: [highspeed_exp adapter] backup not required for verified known-free terminal-stop primary. duration=5.99988 known_len=13.2463[0m
[0m[INFO] [1784395901.156237324]: [highspeed_exp adapter] planned General MINCO exploration traj: pieces=3, duration=5.99988, max_v=4.00121, max_a=2.71402, sfc(raw/simplified/final)=3/2/2, corridor=general, prefix=yes, prefix_dur=0.427829, switch_delay=0.45, head_path_dist=0.0263683, shifted_start=0, sched_v=4, opt_v=4, opt_bound=4, suffix_max_v=4.00121, suffix_max_a=2.71402, terminal_v=0, backup=no, backup_start=inf, backup_known_len=13.2463, sched_reason=known_free[0m
[0m[INFO] [1784395901.156256443]: [31m call planner [0m: 23.888[0m
[32m[plan success: new traj pub][0m: from PLAN_TRAJ to EXEC_TRAJ
[0m[INFO] [1784395899.568978256]: Publish local map size: 8991[0m
[0m[INFO] [1784395900.569163965]: Publish local map size: 9130[0m
 -- [MARSIM] Running FPS: 223.039
 -- [TIMER] updateMap time consuming [32m 8.494725 ms[0m
 -- [TIMER] updateMap time consuming [32m 8.873852 ms[0m
 -- [TIMER] updateMap time consuming [32m 8.947301 ms[0m
 -- [TIMER] updateMap time consuming [32m 9.509946 ms[0m
[0m[INFO] [1784395901.470242071]: cloud odom callback cost: map update:16.4374ms  update frontier clusters: 3.0512ms  total: 19.4887ms
[0m
[0m[INFO] [1784395901.477939974]: [coverage guidance] plan valid=1 map_v=81 frontier_v=81 zones(f/u)=315/255 observed=19875/35519 coverage=0.5596 voxels(f/o/u)=11732/6518/1625 active=0 reachable_unknown=159 route_nodes=160 preferred=0 cost=7.7ms[0m
 -- [TIMER] updateMap time consuming [32m 8.619744 ms[0m
[0m[INFO] [1784395901.569114154]: [cloud input] mode=approximate_sync points=10001 age=0.00513011s stamp_valid=1[0m
 -- [TIMER] updateMap time consuming [32m 8.513785 ms[0m


[1;33m------------- <256> Plan Global Path start---------------[0m
[0m[INFO] [1784395901.777043762]: update topo skeleton cost: 10.389039ms, update odom vertex cost:115.957203ms [0m
[0m[INFO] [1784395901.777572077]: vp cluster cost: 0.004640ms  ,remove unreachable cost: 0.001550ms, select vp cost: 0.036239ms[0m
[1;33m-------------Plan Global Path end-----------------[0m

total time cost: 126.945ms
[33m[WARN] [1784395901.777620167]: [finish gate] hold exploration after planGlobalPath: no frontier no_frontier_count=1 no_reachable_count=0[0m
[31m[planGlobalPath: no frontier: no frontier gated][0m: from EXEC_TRAJ to PLAN_TRAJ
viz&&print cost:0.03394ms


[1;33m------------- <257> Plan Global Path start---------------[0m
[0m[INFO] [1784395901.902714770]: update topo skeleton cost: 7.998740ms, update odom vertex cost:117.016575ms [0m
[0m[INFO] [1784395901.903249076]: vp cluster cost: 0.004410ms  ,remove unreachable cost: 0.001710ms, select vp cost: 0.053010ms[0m
[1;33m-------------Plan Global Path end-----------------[0m

total time cost: 125.614ms
viz&&print cost:0.01745ms
 -- [TIMER] updateMap time consuming [32m 8.388677 ms[0m
 -- [TIMER] updateMap time consuming [32m 8.645205 ms[0m


[1;33m------------- <258> Plan Global Path start---------------[0m
[0m[INFO] [1784395902.096535372]: update topo skeleton cost: 10.631236ms, update odom vertex cost:98.302709ms [0m
[0m[INFO] [1784395902.096943489]: vp cluster cost: 0.004070ms  ,remove unreachable cost: 0.001970ms, select vp cost: 0.051090ms[0m
[1;33m-------------Plan Global Path end-----------------[0m

total time cost: 109.395ms
viz&&print cost:0.01829ms
 -- [TIMER] updateMap time consuming [32m 8.779583 ms[0m
 -- [TIMER] updateMap time consuming [32m 8.511135 ms[0m


[1;33m------------- <259> Plan Global Path start---------------[0m
[0m[INFO] [1784395902.300149579]: update topo skeleton cost: 11.201302ms, update odom vertex cost:101.334853ms [0m
[0m[INFO] [1784395902.300625565]: vp cluster cost: 0.004090ms  ,remove unreachable cost: 0.001610ms, select vp cost: 0.048619ms[0m
[1;33m-------------Plan Global Path end-----------------[0m

total time cost: 113.077ms
viz&&print cost:0.01923ms
 -- [TIMER] updateMap time consuming [32m 8.375527 ms[0m
 -- [TIMER] updateMap time consuming [32m 7.428335 ms[0m


[1;33m------------- <260> Plan Global Path start---------------[0m
[0m[INFO] [1784395902.502334819]: update topo skeleton cost: 8.742883ms, update odom vertex cost:102.803170ms [0m
[0m[INFO] [1784395902.502365459]: [highspeed_exp adapter] safety map ready=1 rog_ready=1 cloud_size=9597[0m
[0m[INFO] [1784395902.502844155]: vp cluster cost: 0.005520ms  ,remove unreachable cost: 0.001440ms, select vp cost: 0.050480ms[0m
[1;33m-------------Plan Global Path end-----------------[0m

total time cost: 112.117ms
viz&&print cost:0.01694ms
 -- [TIMER] updateMap time consuming [32m 8.110499 ms[0m
[0m[INFO] [1784395902.521143264]: cloud odom callback cost: map update:15.0643ms  update frontier clusters: 3.10274ms  total: 18.1671ms
[0m
[0m[INFO] [1784395902.569177784]: [cloud input] mode=approximate_sync points=10055 age=0.0051846s stamp_valid=1[0m
 -- [TIMER] updateMap time consuming [32m 8.345587 ms[0m


[1;33m------------- <261> Plan Global Path start---------------[0m
[0m[INFO] [1784395902.701313017]: update topo skeleton cost: 8.752864ms, update odom vertex cost:99.537118ms [0m
[0m[INFO] [1784395902.701842302]: vp cluster cost: 0.005410ms  ,remove unreachable cost: 0.001650ms, select vp cost: 0.051839ms[0m
[1;33m-------------Plan Global Path end-----------------[0m

total time cost: 108.888ms
viz&&print cost:0.01918ms
 -- [TIMER] updateMap time consuming [32m 8.239157 ms[0m
 -- [TIMER] updateMap time consuming [32m 8.115809 ms[0m


[1;33m------------- <262> Plan Global Path start---------------[0m
[0m[INFO] [1784395902.910325446]: update topo skeleton cost: 10.387449ms, update odom vertex cost:97.948833ms [0m
[0m[INFO] [1784395902.910668493]: vp cluster cost: 0.003660ms  ,remove unreachable cost: 0.001950ms, select vp cost: 0.046429ms[0m
[1;33m-------------Plan Global Path end-----------------[0m

total time cost: 108.743ms
[33m[WARN] [1784395902.910725213]: [finish gate] hold exploration after planGlobalPath: no frontier no_frontier_count=7 no_reachable_count=0[0m
viz&&print cost:0.04508ms
 -- [TIMER] updateMap time consuming [32m 8.657504 ms[0m
 -- [TIMER] updateMap time consuming [32m 7.571764 ms[0m


[1;33m------------- <263> Plan Global Path start---------------[0m
[0m[INFO] [1784395903.120304629]: update topo skeleton cost: 11.039223ms, update odom vertex cost:98.396909ms [0m
[0m[INFO] [1784395903.120693296]: vp cluster cost: 0.003200ms  ,remove unreachable cost: 0.001360ms, select vp cost: 0.048160ms[0m
[1;33m-------------Plan Global Path end-----------------[0m

total time cost: 109.887ms
viz&&print cost:0.01402ms
 -- [TIMER] updateMap time consuming [32m 9.919913 ms[0m
 -- [TIMER] updateMap time consuming [32m 8.625004 ms[0m


[1;33m------------- <264> Plan Global Path start---------------[0m
[0m[INFO] [1784395903.358087819]: update topo skeleton cost: 23.582133ms, update odom vertex cost:121.952434ms [0m
[0m[INFO] [1784395903.358457226]: vp cluster cost: 0.004460ms  ,remove unreachable cost: 0.001570ms, select vp cost: 0.042979ms[0m
[1;33m-------------Plan Global Path end-----------------[0m

total time cost: 145.988ms
viz&&print cost:0.02197ms
 -- [TIMER] updateMap time consuming [32m 8.471416 ms[0m
 -- [TIMER] updateMap time consuming [32m 13.262234 ms[0m


[1;33m------------- <265> Plan Global Path start---------------[0m
[0m[INFO] [1784395903.552830736]: update topo skeleton cost: 16.443226ms, update odom vertex cost:114.461789ms [0m
[0m[INFO] [1784395903.553111654]: vp cluster cost: 0.003310ms  ,remove unreachable cost: 0.001320ms, select vp cost: 0.028430ms[0m
[1;33m-------------Plan Global Path end-----------------[0m

total time cost: 131.24ms
viz&&print cost:0.01658ms
 -- [TIMER] updateMap time consuming [32m 9.101011 ms[0m
[0m[INFO] [1784395903.575460678]: cloud odom callback cost: map update:18.7163ms  update frontier clusters: 3.50803ms  total: 22.2244ms
[0m
[0m[INFO] [1784395903.575561457]: [cloud input] mode=approximate_sync points=9516 age=0.0115941s stamp_valid=1[0m
[0m[INFO] [1784395903.583252440]: [coverage guidance] plan valid=1 map_v=83 frontier_v=83 zones(f/u)=315/254 observed=20089/35519 coverage=0.5656 voxels(f/o/u)=11942/6518/1629 active=0 reachable_unknown=159 route_nodes=160 preferred=0 cost=7.8ms[0m
 -- [TIMER] updateMap time consuming [32m 9.042861 ms[0m


[1;33m------------- <266> Plan Global Path start---------------[0m
[0m[INFO] [1784395903.758339139]: update topo skeleton cost: 29.417893ms, update odom vertex cost:102.968299ms [0m
[0m[INFO] [1784395903.758685906]: vp cluster cost: 0.003900ms  ,remove unreachable cost: 0.002020ms, select vp cost: 0.043930ms[0m
[1;33m-------------Plan Global Path end-----------------[0m

total time cost: 132.803ms
viz&&print cost:0.020209ms
[0m[INFO] [1784395901.669365456]: Publish local map size: 9961[0m
[0m[INFO] [1784395902.670238669]: Publish local map size: 8716[0m
[0m[INFO] [1784395903.670751885]: Publish local map size: 10021[0m
 -- [MARSIM] Running FPS: 213.289
 -- [TIMER] updateMap time consuming [32m 9.612046 ms[0m
 -- [TIMER] updateMap time consuming [32m 10.164842 ms[0m


[1;33m------------- <267> Plan Global Path start---------------[0m
[0m[INFO] [1784395903.961767300]: update topo skeleton cost: 30.610042ms, update odom vertex cost:103.194728ms [0m
[0m[INFO] [1784395903.962287315]: vp cluster cost: 0.005370ms  ,remove unreachable cost: 0.002270ms, select vp cost: 0.095589ms[0m
[1;33m-------------Plan Global Path end-----------------[0m

total time cost: 134.419ms
[33m[WARN] [1784395903.962366274]: [finish gate] hold exploration after planGlobalPath: no frontier no_frontier_count=12 no_reachable_count=0[0m
viz&&print cost:0.049369ms
 -- [TIMER] updateMap time consuming [32m 9.313319 ms[0m
 -- [TIMER] updateMap time consuming [32m 10.447538 ms[0m


[1;33m------------- <268> Plan Global Path start---------------[0m
[0m[INFO] [1784395904.183192105]: update topo skeleton cost: 23.699593ms, update odom vertex cost:130.495490ms [0m
[0m[INFO] [1784395904.183494762]: vp cluster cost: 0.003780ms  ,remove unreachable cost: 0.001430ms, select vp cost: 0.039100ms[0m
[1;33m-------------Plan Global Path end-----------------[0m

total time cost: 154.554ms
viz&&print cost:0.01634ms
 -- [TIMER] updateMap time consuming [32m 15.865821 ms[0m


[1;33m------------- <269> Plan Global Path start---------------[0m
[0m[INFO] [1784395904.357946228]: update topo skeleton cost: 28.677119ms, update odom vertex cost:96.918513ms [0m
[0m[INFO] [1784395904.358325895]: vp cluster cost: 0.005010ms  ,remove unreachable cost: 0.002160ms, select vp cost: 0.055560ms[0m
[1;33m-------------Plan Global Path end-----------------[0m

total time cost: 126.052ms
viz&&print cost:0.02285ms
 -- [TIMER] updateMap time consuming [32m 10.589297 ms[0m
 -- [TIMER] updateMap time consuming [32m 11.281181 ms[0m


[1;33m------------- <270> Plan Global Path start---------------[0m
[0m[INFO] [1784395904.584002403]: update topo skeleton cost: 33.162011ms, update odom vertex cost:113.141931ms [0m
[0m[INFO] [1784395904.584034453]: [highspeed_exp adapter] safety map ready=1 rog_ready=1 cloud_size=9988[0m
[0m[INFO] [1784395904.584372570]: vp cluster cost: 0.005340ms  ,remove unreachable cost: 0.001720ms, select vp cost: 0.035170ms[0m
[1;33m-------------Plan Global Path end-----------------[0m

total time cost: 146.739ms
viz&&print cost:0.01871ms
[0m[INFO] [1784395904.584519618]: [cloud input] mode=approximate_sync points=9948 age=0.0205488s stamp_valid=1[0m
 -- [TIMER] updateMap time consuming [32m 12.105344 ms[0m
[0m[INFO] [1784395904.612320686]: cloud odom callback cost: map update:24.4919ms  update frontier clusters: 3.27367ms  total: 27.7656ms
[0m


[1;33m------------- <271> Plan Global Path start---------------[0m
[0m[INFO] [1784395904.780308158]: update topo skeleton cost: 35.157413ms, update odom vertex cost:102.694632ms [0m
[0m[INFO] [1784395904.780579826]: vp cluster cost: 0.003640ms  ,remove unreachable cost: 0.001220ms, select vp cost: 0.033970ms[0m
[1;33m-------------Plan Global Path end-----------------[0m

total time cost: 138.186ms
[0m[INFO] [1784395904.780631975]: [frontier storage] labels=7799/7517 normals=75/823 clusters=0 terminal=0 cluster_cells(cap)=0 candidates(cap)=0 derived_viewpoints(cap)=0 estimated_kb=135.167 revision=240 audit_ready=1[0m
viz&&print cost:0.02935ms
 -- [TIMER] updateMap time consuming [32m 17.739165 ms[0m


[1;33m------------- <272> Plan Global Path start---------------[0m
[0m[INFO] [1784395904.995945414]: update topo skeleton cost: 38.689832ms, update odom vertex cost:104.860203ms [0m
[0m[INFO] [1784395904.996256911]: vp cluster cost: 0.004070ms  ,remove unreachable cost: 0.002150ms, select vp cost: 0.044299ms[0m
[1;33m-------------Plan Global Path end-----------------[0m

total time cost: 143.927ms
[33m[WARN] [1784395904.996305921]: [finish gate] hold exploration after planGlobalPath: no frontier no_frontier_count=17 no_reachable_count=0[0m
viz&&print cost:0.02832ms
 -- [TIMER] updateMap time consuming [32m 13.580882 ms[0m


[1;33m------------- <273> Plan Global Path start---------------[0m
[0m[INFO] [1784395905.201110144]: update topo skeleton cost: 39.791623ms, update odom vertex cost:104.259860ms [0m
[0m[INFO] [1784395905.201373971]: vp cluster cost: 0.003830ms  ,remove unreachable cost: 0.001480ms, select vp cost: 0.045499ms[0m
[1;33m-------------Plan Global Path end-----------------[0m

total time cost: 144.378ms
viz&&print cost:0.01894ms
 -- [TIMER] updateMap time consuming [32m 14.387204 ms[0m


[1;33m------------- <274> Plan Global Path start---------------[0m
[0m[INFO] [1784395905.440009109]: update topo skeleton cost: 39.726644ms, update odom vertex cost:139.401963ms [0m
[0m[INFO] [1784395905.440287897]: vp cluster cost: 0.005090ms  ,remove unreachable cost: 0.001420ms, select vp cost: 0.042540ms[0m
[1;33m-------------Plan Global Path end-----------------[0m

total time cost: 179.472ms
viz&&print cost:0.01903ms
 -- [TIMER] updateMap time consuming [32m 18.574248 ms[0m


[1;33m------------- <275> Plan Global Path start---------------[0m
[0m[INFO] [1784395905.592434869]: update topo skeleton cost: 40.248559ms, update odom vertex cost:79.814183ms [0m
[0m[INFO] [1784395905.592726356]: vp cluster cost: 0.005660ms  ,remove unreachable cost: 0.001920ms, select vp cost: 0.057099ms[0m
[1;33m-------------Plan Global Path end-----------------[0m

total time cost: 120.423ms
viz&&print cost:0.01895ms
[0m[INFO] [1784395905.592878105]: [cloud input] mode=approximate_sync points=10050 age=0.028907s stamp_valid=1[0m
 -- [TIMER] updateMap time consuming [32m 14.050028 ms[0m
[0m[INFO] [1784395905.622780244]: cloud odom callback cost: map update:25.8322ms  update frontier clusters: 4.0328ms  total: 29.865ms
[0m
[0m[INFO] [1784395905.630267898]: [coverage guidance] plan valid=1 map_v=85 frontier_v=85 zones(f/u)=306/253 observed=20444/35519 coverage=0.5756 voxels(f/o/u)=12266/6529/1649 active=0 reachable_unknown=159 route_nodes=160 preferred=0 cost=7.5ms[0m
 -- [TIMER] updateMap time consuming [32m 13.881269 ms[0m


[1;33m------------- <276> Plan Global Path start---------------[0m
[0m[INFO] [1784395905.816728222]: update topo skeleton cost: 36.333473ms, update odom vertex cost:84.068427ms [0m
[0m[INFO] [1784395905.816979399]: vp cluster cost: 0.004030ms  ,remove unreachable cost: 0.001230ms, select vp cost: 0.051129ms[0m
[1;33m-------------Plan Global Path end-----------------[0m

total time cost: 120.711ms
viz&&print cost:0.01768ms
[0m[INFO] [1784395904.769225605]: Publish local map size: 9560[0m
[0m[INFO] [1784395905.770579004]: Publish local map size: 9548[0m
 -- [MARSIM] Running FPS: 212.601
 -- [TIMER] updateMap time consuming [32m 13.255495 ms[0m
 -- [TIMER] updateMap time consuming [32m 16.298488 ms[0m


[1;33m------------- <277> Plan Global Path start---------------[0m
[0m[INFO] [1784395906.034853728]: update topo skeleton cost: 41.103531ms, update odom vertex cost:94.778254ms [0m
[0m[INFO] [1784395906.035099496]: vp cluster cost: 0.005070ms  ,remove unreachable cost: 0.001520ms, select vp cost: 0.027899ms[0m
[1;33m-------------Plan Global Path end-----------------[0m

total time cost: 136.194ms
[33m[WARN] [1784395906.035151296]: [finish gate] hold exploration after planGlobalPath: no frontier no_frontier_count=22 no_reachable_count=0[0m
viz&&print cost:0.03132ms
 -- [TIMER] updateMap time consuming [32m 13.539932 ms[0m
 -- [TIMER] updateMap time consuming [32m 13.807110 ms[0m


[1;33m------------- <278> Plan Global Path start---------------[0m
[0m[INFO] [1784395906.267604329]: update topo skeleton cost: 47.473006ms, update odom vertex cost:112.974496ms [0m
[0m[INFO] [1784395906.267829847]: vp cluster cost: 0.004110ms  ,remove unreachable cost: 0.001600ms, select vp cost: 0.030869ms[0m
[1;33m-------------Plan Global Path end-----------------[0m

total time cost: 160.733ms
viz&&print cost:0.01832ms
 -- [TIMER] updateMap time consuming [32m 15.474325 ms[0m
 -- [TIMER] updateMap time consuming [32m 12.130044 ms[0m


[1;33m------------- <279> Plan Global Path start---------------[0m
[0m[INFO] [1784395906.491329169]: update topo skeleton cost: 50.825857ms, update odom vertex cost:119.156872ms [0m
[0m[INFO] [1784395906.491570277]: vp cluster cost: 0.005519ms  ,remove unreachable cost: 0.001640ms, select vp cost: 0.040990ms[0m
[1;33m-------------Plan Global Path end-----------------[0m

total time cost: 170.287ms
viz&&print cost:0.02294ms
 -- [TIMER] updateMap time consuming [32m 15.873621 ms[0m


[1;33m------------- <280> Plan Global Path start---------------[0m
[0m[INFO] [1784395906.675626153]: update topo skeleton cost: 36.472102ms, update odom vertex cost:116.539504ms [0m
[0m[INFO] [1784395906.675656462]: [highspeed_exp adapter] safety map ready=1 rog_ready=1 cloud_size=9970[0m
[0m[INFO] [1784395906.675853961]: vp cluster cost: 0.005880ms  ,remove unreachable cost: 0.002100ms, select vp cost: 0.040780ms[0m
[1;33m-------------Plan Global Path end-----------------[0m

total time cost: 153.299ms
viz&&print cost:0.01853ms
[0m[INFO] [1784395906.675986030]: [cloud input] mode=approximate_sync points=9152 age=0.0120199s stamp_valid=1[0m
 -- [TIMER] updateMap time consuming [32m 12.415132 ms[0m
[0m[INFO] [1784395906.701069051]: cloud odom callback cost: map update:21.4566ms  update frontier clusters: 3.59108ms  total: 25.0477ms
[0m


[1;33m------------- <281> Plan Global Path start---------------[0m
[33m[WARN] [1784395906.897392420]: [coverage recovery] defer observation goal: id=2674961028266352246 approach=(-17.2478   17.187  1.91304) reason=observation ray occluded observed_gain=0 no_gain_attempts=0 failure_attempts=0 exhausted=1 cooldown=45s active_deferred=8[0m
[0m[INFO] [1784395906.897087032]: update topo skeleton cost: 40.647036ms, update odom vertex cost:125.179349ms [0m
[0m[INFO] [1784395906.897292911]: vp cluster cost: 0.004180ms  ,remove unreachable cost: 0.001480ms, select vp cost: 0.032720ms[0m
[0m[INFO] [1784395906.897869416]: [coverage candidate] promoted=2 frontend_active=0 speed=0.184177[0m
insert viewpoint to graph time: 24.3905 ms
[0m[INFO] [1784395906.922679169]: [edge cost] len=8.01583 total=6.27165 time=4.20791 turn_pen=2.02718 known_pen=0 backup_pen=0 yaw_pen=0.0365526 known_free=8.01583 min_clearance=0.929544 vel_limit=2 reason=curvature backup_feasible=1[0m
[0m[INFO] [1784395906.926158109]: [candidate cost] chosen_cluster=-1 chosen_coverage=16240935667482287525 raw_best_cluster=-1 raw_best_coverage=16240935667482287525 | #0 c=-1/cp=16240935667482287525 J=8.77949 T=4.20791 TB=2.06373 R=12 G=0.527559 W=0 D=0 C=-3.03704 | #1 c=-1/cp=120011314472556483 J=26.1927 T=14.4573 TB=9.34205 R=12 G=0.52 W=0 D=0 C=-3.16667[0m
calculate tsp cost matrix cost 3.9096ms

tour solver cost: 0.366307ms
[1;33m-------------Plan Global Path end-----------------[0m

total time cost: 198.769ms
[0m[INFO] [1784395906.930050335]: [finish gate] reset by planGlobalPath succeed[0m
[32m[planGlobalPath: succeed][0m: from PLAN_TRAJ to PLAN_TRAJ
viz&&print cost:0.085499ms
[0m[INFO] [1784395906.930651990]: [path condition] raw_pts=8 conditioned_pts=3 dense_pts=6 len=9.56556 known_free=9.56556 min_clearance=0.642658 turn=1.58972 max_local_turn=2.87403e-07 initial_heading=0.67389 backup_feasible=1 sched_v=3 reason=known_free[0m
[0m[INFO] [1784395906.950232189]: [highspeed_exp adapter] backup not required for verified known-free terminal-stop primary. duration=4.85084 known_len=6.73745[0m
[0m[INFO] [1784395906.950293028]: [highspeed_exp adapter] planned General MINCO exploration traj: pieces=2, duration=4.85084, max_v=3.00296, max_a=2.25474, sfc(raw/simplified/final)=3/2/2, corridor=general, prefix=no, prefix_dur=0, switch_delay=0, head_path_dist=inf, shifted_start=0, sched_v=3, opt_v=3, opt_bound=3, suffix_max_v=3.00296, suffix_max_a=2.25474, terminal_v=0, backup=no, backup_start=inf, backup_known_len=6.73745, sched_reason=known_free[0m
[0m[INFO] [1784395906.950315738]: [31m call planner [0m: 20.229[0m
[32m[plan success: new traj pub][0m: from PLAN_TRAJ to EXEC_TRAJ
 -- [TIMER] updateMap time consuming [32m 12.104535 ms[0m
 -- [TIMER] updateMap time consuming [32m 13.472692 ms[0m
 -- [TIMER] updateMap time consuming [32m 10.867775 ms[0m
[0m[INFO] [1784395907.130177252]: [global update] actual callback interval=5479.48ms configured=200ms[0m


[1;33m------------- <282> Plan Global Path start---------------[0m
[33m[WARN] [1784395907.301842117]: [coverage recovery] defer observation goal: id=16240935667482287525 approach=(14.0932 14.2329 2.05616) reason=observation ray occluded observed_gain=0 no_gain_attempts=0 failure_attempts=0 exhausted=1 cooldown=45s active_deferred=9[0m
[0m[INFO] [1784395907.301552149]: update topo skeleton cost: 38.993060ms, update odom vertex cost:132.321638ms [0m
[0m[INFO] [1784395907.301731808]: vp cluster cost: 0.004450ms  ,remove unreachable cost: 0.001320ms, select vp cost: 0.038840ms[0m
insert viewpoint to graph time: 27.2356 ms
calculate tsp cost matrix cost 3.36305ms

tour solver cost: 0.295288ms
[1;33m-------------Plan Global Path end-----------------[0m

total time cost: 206.103ms
[32m[planGlobalPath: succeed][0m: from EXEC_TRAJ to PLAN_TRAJ
viz&&print cost:0.02365ms
[0m[INFO] [1784395907.336829492]: [path condition] raw_pts=12 conditioned_pts=3 dense_pts=6 len=9.0804 known_free=9.0804 min_clearance=0.545772 turn=1.25911 max_local_turn=1.25911 initial_heading=1.04843 backup_feasible=1 sched_v=2 reason=curvature[0m
[0m[INFO] [1784395907.389109257]: [highspeed_exp adapter] planned General MINCO exploration traj: pieces=3, duration=6.20972, max_v=2.00156, max_a=1.53159, sfc(raw/simplified/final)=3/2/2, corridor=general, prefix=yes, prefix_dur=0.398525, switch_delay=0.45, head_path_dist=0.100288, shifted_start=0, sched_v=2, opt_v=2, opt_bound=3, suffix_max_v=2.00156, suffix_max_a=1.53159, terminal_v=0, backup=no, backup_start=inf, backup_known_len=7.97631, sched_reason=curvature[0m
[0m[INFO] [1784395907.389147187]: [31m call planner [0m: 52.796[0m
[32m[plan success: new traj pub][0m: from PLAN_TRAJ to EXEC_TRAJ
[0m[INFO] [1784395906.869380874]: Publish local map size: 8898[0m
 -- [MARSIM] Running FPS: 196.634
 -- [TIMER] updateMap time consuming [32m 10.271991 ms[0m
 -- [TIMER] updateMap time consuming [32m 9.612836 ms[0m
[0m[INFO] [1784395907.682582492]: [cloud input] mode=approximate_sync points=9649 age=0.0185982s stamp_valid=1[0m
 -- [TIMER] updateMap time consuming [32m 11.067274 ms[0m
[0m[INFO] [1784395907.706944990]: cloud odom callback cost: map update:20.7526ms  update frontier clusters: 3.55773ms  total: 24.3103ms
[0m
[0m[INFO] [1784395907.714434295]: [coverage guidance] plan valid=1 map_v=87 frontier_v=87 zones(f/u)=321/249 observed=20823/35519 coverage=0.5862 voxels(f/o/u)=12617/6538/1668 active=0 reachable_unknown=159 route_nodes=160 preferred=0 cost=7.5ms[0m
 -- [TIMER] updateMap time consuming [32m 9.744025 ms[0m
 -- [TIMER] updateMap time consuming [32m 10.208831 ms[0m


[1;33m------------- <284> Plan Global Path start---------------[0m
[0m[INFO] [1784395908.035434820]: update topo skeleton cost: 29.394954ms, update odom vertex cost:114.247206ms [0m
[0m[INFO] [1784395908.035692668]: vp cluster cost: 0.005770ms  ,remove unreachable cost: 0.002010ms, select vp cost: 0.048720ms[0m
[1;33m-------------Plan Global Path end-----------------[0m

total time cost: 143.964ms
[33m[WARN] [1784395908.035744647]: [finish gate] hold exploration after planGlobalPath: no frontier no_frontier_count=1 no_reachable_count=0[0m
[31m[planGlobalPath: no frontier: no frontier gated][0m: from EXEC_TRAJ to PLAN_TRAJ
viz&&print cost:0.03421ms


[1;33m------------- <285> Plan Global Path start---------------[0m
[0m[INFO] [1784395908.176169716]: update topo skeleton cost: 26.472940ms, update odom vertex cost:113.874379ms [0m
[0m[INFO] [1784395908.176369554]: vp cluster cost: 0.004639ms  ,remove unreachable cost: 0.001310ms, select vp cost: 0.033660ms[0m
[1;33m-------------Plan Global Path end-----------------[0m

total time cost: 140.609ms
viz&&print cost:0.01676ms
 -- [TIMER] updateMap time consuming [32m 12.021555 ms[0m


[1;33m------------- <286> Plan Global Path start---------------[0m
[0m[INFO] [1784395908.396658968]: update topo skeleton cost: 20.427783ms, update odom vertex cost:135.001886ms [0m
[0m[INFO] [1784395908.396865856]: vp cluster cost: 0.004980ms  ,remove unreachable cost: 0.001530ms, select vp cost: 0.037509ms[0m
[1;33m-------------Plan Global Path end-----------------[0m

total time cost: 155.698ms
viz&&print cost:0.01588ms
 -- [TIMER] updateMap time consuming [32m 10.324631 ms[0m


[1;33m------------- <287> Plan Global Path start---------------[0m
[0m[INFO] [1784395908.597992017]: update topo skeleton cost: 24.533037ms, update odom vertex cost:123.551065ms [0m
[0m[INFO] [1784395908.598200265]: vp cluster cost: 0.005030ms  ,remove unreachable cost: 0.001390ms, select vp cost: 0.053219ms[0m
[1;33m-------------Plan Global Path end-----------------[0m

total time cost: 148.349ms
viz&&print cost:0.01579ms
 -- [TIMER] updateMap time consuming [32m 9.942554 ms[0m


[1;33m------------- <288> Plan Global Path start---------------[0m
[0m[INFO] [1784395908.794868505]: update topo skeleton cost: 24.165011ms, update odom vertex cost:119.370931ms [0m
[0m[INFO] [1784395908.794914934]: [highspeed_exp adapter] safety map ready=1 rog_ready=1 cloud_size=9117[0m
[0m[INFO] [1784395908.795102143]: vp cluster cost: 0.007150ms  ,remove unreachable cost: 0.002300ms, select vp cost: 0.058220ms[0m
[1;33m-------------Plan Global Path end-----------------[0m

total time cost: 143.858ms
viz&&print cost:0.02707ms
[0m[INFO] [1784395908.795330681]: [cloud input] mode=approximate_sync points=9679 age=0.0313602s stamp_valid=1[0m
 -- [TIMER] updateMap time consuming [32m 10.855976 ms[0m
[0m[INFO] [1784395908.819977866]: cloud odom callback cost: map update:21.0937ms  update frontier clusters: 3.52545ms  total: 24.6192ms
[0m


[1;33m------------- <289> Plan Global Path start---------------[0m
[0m[INFO] [1784395908.992950672]: update topo skeleton cost: 23.028189ms, update odom vertex cost:109.781065ms [0m
[0m[INFO] [1784395908.993166250]: vp cluster cost: 0.006110ms  ,remove unreachable cost: 0.003140ms, select vp cost: 0.084289ms[0m
[1;33m-------------Plan Global Path end-----------------[0m

total time cost: 133.116ms
viz&&print cost:0.0249ms
 -- [TIMER] updateMap time consuming [32m 13.763371 ms[0m


[1;33m------------- <290> Plan Global Path start---------------[0m
[0m[INFO] [1784395909.269872036]: update topo skeleton cost: 23.172389ms, update odom vertex cost:185.721266ms [0m
[0m[INFO] [1784395909.270006135]: vp cluster cost: 0.003890ms  ,remove unreachable cost: 0.001550ms, select vp cost: 0.044850ms[0m
[1;33m-------------Plan Global Path end-----------------[0m

total time cost: 209.092ms
[33m[WARN] [1784395909.270053584]: [finish gate] hold exploration after planGlobalPath: no frontier no_frontier_count=7 no_reachable_count=0[0m
viz&&print cost:0.028069ms
 -- [TIMER] updateMap time consuming [32m 11.263152 ms[0m


[1;33m------------- <291> Plan Global Path start---------------[0m
[0m[INFO] [1784395909.487836503]: update topo skeleton cost: 18.866206ms, update odom vertex cost:173.950239ms [0m
[0m[INFO] [1784395909.487970691]: vp cluster cost: 0.003840ms  ,remove unreachable cost: 0.001320ms, select vp cost: 0.047589ms[0m
[1;33m-------------Plan Global Path end-----------------[0m

total time cost: 193.013ms
viz&&print cost:0.01701ms
 -- [TIMER] updateMap time consuming [32m 10.608667 ms[0m


[1;33m------------- <292> Plan Global Path start---------------[0m
[0m[INFO] [1784395909.726130272]: update topo skeleton cost: 11.067534ms, update odom vertex cost:202.034535ms [0m
[0m[INFO] [1784395909.726337421]: vp cluster cost: 0.006850ms  ,remove unreachable cost: 0.003120ms, select vp cost: 0.084330ms[0m
[1;33m-------------Plan Global Path end-----------------[0m

total time cost: 213.409ms
viz&&print cost:0.03203ms
[0m[INFO] [1784395907.969239556]: Publish local map size: 9365[0m
[0m[INFO] [1784395908.971055962]: Publish local map size: 9548[0m
 -- [MARSIM] Running FPS: 197.796
 -- [TIMER] updateMap time consuming [32m 14.099597 ms[0m


[1;33m------------- <293> Plan Global Path start---------------[0m
[0m[INFO] [1784395910.002146594]: update topo skeleton cost: 41.793397ms, update odom vertex cost:204.552813ms [0m
[0m[INFO] [1784395910.002299173]: vp cluster cost: 0.003580ms  ,remove unreachable cost: 0.001380ms, select vp cost: 0.031550ms[0m
[1;33m-------------Plan Global Path end-----------------[0m

total time cost: 246.559ms
[0m[INFO] [1784395910.002345513]: [frontier storage] labels=7868/7517 normals=72/823 clusters=0 terminal=0 cluster_cells(cap)=0 candidates(cap)=0 derived_viewpoints(cap)=0 estimated_kb=135.715 revision=240 audit_ready=1[0m
viz&&print cost:0.02866ms
[0m[INFO] [1784395910.002450532]: [cloud input] mode=approximate_sync points=8992 age=0.0384842s stamp_valid=1[0m
 -- [TIMER] updateMap time consuming [32m 10.812266 ms[0m
[0m[INFO] [1784395910.027297546]: cloud odom callback cost: map update:20.9565ms  update frontier clusters: 3.83593ms  total: 24.7925ms
[0m
[0m[INFO] [1784395910.037141801]: [coverage guidance] plan valid=1 map_v=89 frontier_v=89 zones(f/u)=299/249 observed=21106/35519 coverage=0.5942 voxels(f/o/u)=12870/6544/1692 active=0 reachable_unknown=159 route_nodes=160 preferred=0 cost=9.8ms[0m


[1;33m------------- <294> Plan Global Path start---------------[0m
[0m[INFO] [1784395910.290222074]: update topo skeleton cost: 39.781024ms, update odom vertex cost:223.024195ms [0m
[0m[INFO] [1784395910.290421763]: vp cluster cost: 0.003880ms  ,remove unreachable cost: 0.001610ms, select vp cost: 0.048550ms[0m
[1;33m-------------Plan Global Path end-----------------[0m

total time cost: 263.069ms
[33m[WARN] [1784395910.290465152]: [finish gate] hold exploration after planGlobalPath: no frontier no_frontier_count=11 no_reachable_count=0[0m
viz&&print cost:0.02885ms
 -- [TIMER] updateMap time consuming [32m 13.413574 ms[0m


[1;33m------------- <295> Plan Global Path start---------------[0m
[0m[INFO] [1784395910.613353391]: update topo skeleton cost: 41.501429ms, update odom vertex cost:253.840638ms [0m
[0m[INFO] [1784395910.613615448]: vp cluster cost: 0.005120ms  ,remove unreachable cost: 0.002120ms, select vp cost: 0.060999ms[0m
[1;33m-------------Plan Global Path end-----------------[0m

total time cost: 295.67ms
viz&&print cost:0.01784ms
 -- [TIMER] updateMap time consuming [32m 11.713908 ms[0m


[1;33m------------- <296> Plan Global Path start---------------[0m
[0m[INFO] [1784395910.932398622]: update topo skeleton cost: 38.251738ms, update odom vertex cost:255.684461ms [0m
[0m[INFO] [1784395910.932433511]: [highspeed_exp adapter] safety map ready=1 rog_ready=1 cloud_size=9933[0m
[0m[INFO] [1784395910.932565350]: vp cluster cost: 0.005200ms  ,remove unreachable cost: 0.001430ms, select vp cost: 0.033099ms[0m
[1;33m-------------Plan Global Path end-----------------[0m

total time cost: 294.161ms
viz&&print cost:0.01864ms
 -- [TIMER] updateMap time consuming [32m 10.870246 ms[0m


[1;33m------------- <297> Plan Global Path start---------------[0m
[0m[INFO] [1784395911.195259493]: update topo skeleton cost: 10.912275ms, update odom vertex cost:226.903403ms [0m
[0m[INFO] [1784395911.195536640]: vp cluster cost: 0.008710ms  ,remove unreachable cost: 0.004020ms, select vp cost: 0.091199ms[0m
[1;33m-------------Plan Global Path end-----------------[0m

total time cost: 238.194ms
viz&&print cost:0.02461ms
[0m[INFO] [1784395911.195787608]: [cloud input] mode=approximate_sync points=9927 age=0.0318127s stamp_valid=1[0m
 -- [TIMER] updateMap time consuming [32m 11.315572 ms[0m
[0m[INFO] [1784395911.221901841]: cloud odom callback cost: map update:22.8861ms  update frontier clusters: 3.18615ms  total: 26.0723ms
[0m


[1;33m------------- <298> Plan Global Path start---------------[0m
[0m[INFO] [1784395911.432853193]: update topo skeleton cost: 19.121335ms, update odom vertex cost:191.748697ms [0m
[0m[INFO] [1784395911.432988912]: vp cluster cost: 0.004130ms  ,remove unreachable cost: 0.001690ms, select vp cost: 0.033370ms[0m
[1;33m-------------Plan Global Path end-----------------[0m

total time cost: 211.063ms
[33m[WARN] [1784395911.433029961]: [finish gate] hold exploration after planGlobalPath: no frontier no_frontier_count=15 no_reachable_count=0[0m
viz&&print cost:0.028409ms
 -- [TIMER] updateMap time consuming [32m 12.752010 ms[0m


[1;33m------------- <299> Plan Global Path start---------------[0m
[0m[INFO] [1784395911.683367111]: update topo skeleton cost: 19.952607ms, update odom vertex cost:203.431547ms [0m
[0m[INFO] [1784395911.684514011]: vp cluster cost: 0.003800ms  ,remove unreachable cost: 0.001460ms, select vp cost: 1.055300ms[0m
[1;33m-------------Plan Global Path end-----------------[0m

total time cost: 224.588ms
viz&&print cost:0.0178ms
 -- [TIMER] updateMap time consuming [32m 8.055020 ms[0m


[1;33m------------- <300> Plan Global Path start---------------[0m
[0m[INFO] [1784395911.932643081]: update topo skeleton cost: 20.286154ms, update odom vertex cost:200.836319ms [0m
[0m[INFO] [1784395911.932767700]: vp cluster cost: 0.004520ms  ,remove unreachable cost: 0.001540ms, select vp cost: 0.031840ms[0m
[1;33m-------------Plan Global Path end-----------------[0m

total time cost: 221.315ms
viz&&print cost:0.02218ms
 -- [TIMER] updateMap time consuming [32m 10.147402 ms[0m


[1;33m------------- <301> Plan Global Path start---------------[0m
[0m[INFO] [1784395912.067606091]: update topo skeleton cost: 13.317065ms, update odom vertex cost:101.283103ms [0m
[0m[INFO] [1784395912.067756130]: vp cluster cost: 0.005420ms  ,remove unreachable cost: 0.001790ms, select vp cost: 0.049309ms[0m
[1;33m-------------Plan Global Path end-----------------[0m

total time cost: 114.814ms
viz&&print cost:0.01849ms
[0m[INFO] [1784395910.069079854]: Publish local map size: 9985[0m
[0m[INFO] [1784395911.169132979]: Publish local map size: 9927[0m
 -- [MARSIM] Running FPS: 204.949
 -- [TIMER] updateMap time consuming [32m 6.326425 ms[0m
 -- [TIMER] updateMap time consuming [32m 11.812188 ms[0m


[1;33m------------- <302> Plan Global Path start---------------[0m
[0m[INFO] [1784395912.263549455]: update topo skeleton cost: 5.129796ms, update odom vertex cost:102.635551ms [0m
[0m[INFO] [1784395912.263668884]: vp cluster cost: 0.004150ms  ,remove unreachable cost: 0.001720ms, select vp cost: 0.040080ms[0m
[1;33m-------------Plan Global Path end-----------------[0m

total time cost: 107.948ms
viz&&print cost:0.01867ms
[0m[INFO] [1784395912.263773243]: [cloud input] mode=approximate_sync points=10065 age=0.0998036s stamp_valid=1[0m
 -- [TIMER] updateMap time consuming [32m 5.543262 ms[0m
[0m[INFO] [1784395912.280514568]: cloud odom callback cost: map update:14.1365ms  update frontier clusters: 2.55815ms  total: 16.6947ms
[0m
[0m[INFO] [1784395912.287536757]: [coverage guidance] plan valid=1 map_v=91 frontier_v=91 zones(f/u)=295/249 observed=21295/35519 coverage=0.5995 voxels(f/o/u)=13036/6553/1706 active=0 reachable_unknown=159 route_nodes=160 preferred=0 cost=7.0ms[0m
 -- [TIMER] updateMap time consuming [32m 5.192605 ms[0m


[1;33m------------- <303> Plan Global Path start---------------[0m
[0m[INFO] [1784395912.487657384]: update topo skeleton cost: 5.039906ms, update odom vertex cost:117.190416ms [0m
[0m[INFO] [1784395912.487779983]: vp cluster cost: 0.004130ms  ,remove unreachable cost: 0.001870ms, select vp cost: 0.044209ms[0m
[1;33m-------------Plan Global Path end-----------------[0m

total time cost: 122.415ms
[33m[WARN] [1784395912.487832613]: [finish gate] hold exploration after planGlobalPath: no frontier no_frontier_count=20 no_reachable_count=0[0m
viz&&print cost:0.03093ms
 -- [TIMER] updateMap time consuming [32m 9.193741 ms[0m


[1;33m------------- <304> Plan Global Path start---------------[0m
[0m[INFO] [1784395912.695880051]: update topo skeleton cost: 6.300376ms, update odom vertex cost:121.447048ms [0m
[0m[INFO] [1784395912.696024550]: vp cluster cost: 0.005330ms  ,remove unreachable cost: 0.001570ms, select vp cost: 0.057739ms[0m
[1;33m-------------Plan Global Path end-----------------[0m

total time cost: 127.973ms
viz&&print cost:0.02262ms
 -- [TIMER] updateMap time consuming [32m 5.454272 ms[0m
 -- [TIMER] updateMap time consuming [32m 5.611541 ms[0m


[1;33m------------- <305> Plan Global Path start---------------[0m
[0m[INFO] [1784395912.929151012]: update topo skeleton cost: 7.959941ms, update odom vertex cost:135.239529ms [0m
[0m[INFO] [1784395912.929283521]: vp cluster cost: 0.004820ms  ,remove unreachable cost: 0.001630ms, select vp cost: 0.061720ms[0m
[1;33m-------------Plan Global Path end-----------------[0m

total time cost: 143.396ms
viz&&print cost:0.01916ms
 -- [TIMER] updateMap time consuming [32m 5.208165 ms[0m
 -- [TIMER] updateMap time consuming [32m 5.140385 ms[0m


[1;33m------------- <306> Plan Global Path start---------------[0m
[0m[INFO] [1784395913.135331988]: update topo skeleton cost: 9.793985ms, update odom vertex cost:136.080643ms [0m
[0m[INFO] [1784395913.135372327]: [highspeed_exp adapter] safety map ready=1 rog_ready=1 cloud_size=10146[0m
[0m[INFO] [1784395913.135461287]: vp cluster cost: 0.005540ms  ,remove unreachable cost: 0.001850ms, select vp cost: 0.045200ms[0m
[0m[INFO] [1784395913.135735794]: [coverage candidate] promoted=2 frontend_active=0 speed=0.259348[0m
insert viewpoint to graph time: 15.9703 ms
[0m[INFO] [1784395913.151971704]: [edge cost] len=4.57263 total=6.76256 time=2.48632 turn_pen=4.22131 known_pen=0 backup_pen=0 yaw_pen=0.0549309 known_free=4.57263 min_clearance=0.557236 vel_limit=2 reason=curvature backup_feasible=1[0m
[0m[INFO] [1784395913.152433600]: [candidate cost] chosen_cluster=-1 chosen_coverage=15214136803547902215 raw_best_cluster=-1 raw_best_coverage=15214136803547902215 | #0 c=-1/cp=15214136803547902215 J=9.13916 T=2.48632 TB=4.27624 R=12 G=0.361702 W=0 D=0 C=-3.5 | #1 c=-1/cp=14555571119862823083 J=10.6372 T=3.50969 TB=4.28187 R=12 G=0.210526 W=0 D=0 C=-3.33333[0m
calculate tsp cost matrix cost 0.726064ms

tour solver cost: 0.261878ms
[1;33m-------------Plan Global Path end-----------------[0m

total time cost: 170.668ms
[0m[INFO] [1784395913.160162433]: [finish gate] reset by planGlobalPath succeed[0m
[32m[planGlobalPath: succeed][0m: from PLAN_TRAJ to PLAN_TRAJ
viz&&print cost:0.108169ms
[0m[INFO] [1784395913.160508850]: [path condition] raw_pts=11 conditioned_pts=3 dense_pts=4 len=4.57263 known_free=4.57263 min_clearance=0.560979 turn=2.09396 max_local_turn=2.09396 initial_heading=2.55836 backup_feasible=1 sched_v=2 reason=curvature[0m
[0m[INFO] [1784395913.168303853]: [highspeed_exp adapter] backup not required for verified known-free terminal-stop primary. duration=3.44052 known_len=3.15874[0m
[0m[INFO] [1784395913.168363102]: [highspeed_exp adapter] planned General MINCO exploration traj: pieces=2, duration=3.44052, max_v=2.0025, max_a=2.05139, sfc(raw/simplified/final)=2/2/2, corridor=general, prefix=no, prefix_dur=0, switch_delay=0, head_path_dist=inf, shifted_start=0, sched_v=2, opt_v=2, opt_bound=2, suffix_max_v=2.0025, suffix_max_a=2.05139, terminal_v=0, backup=no, backup_start=inf, backup_known_len=3.15874, sched_reason=curvature[0m
[0m[INFO] [1784395913.168386352]: [31m call planner [0m: 8.179[0m
[32m[plan success: new traj pub][0m: from PLAN_TRAJ to EXEC_TRAJ
 -- [TIMER] updateMap time consuming [32m 8.642535 ms[0m
 -- [TIMER] updateMap time consuming [32m 4.754379 ms[0m
[0m[INFO] [1784395913.269166980]: [cloud input] mode=approximate_sync points=10011 age=0.00517689s stamp_valid=1[0m
 -- [TIMER] updateMap time consuming [32m 4.872358 ms[0m
[0m[INFO] [1784395913.283704385]: cloud odom callback cost: map update:11.9277ms  update frontier clusters: 2.57057ms  total: 14.4983ms
[0m
[0m[INFO] [1784395913.360322372]: [global update] actual callback interval=5468.51ms configured=200ms[0m
 -- [TIMER] updateMap time consuming [32m 5.607751 ms[0m
 -- [TIMER] updateMap time consuming [32m 9.134401 ms[0m
 -- [TIMER] updateMap time consuming [32m 8.765215 ms[0m


[1;33m------------- <308> Plan Global Path start---------------[0m
[0m[INFO] [1784395913.985294496]: update topo skeleton cost: 55.359161ms, update odom vertex cost:220.553003ms [0m
[0m[INFO] [1784395913.985416185]: vp cluster cost: 0.004360ms  ,remove unreachable cost: 0.001580ms, select vp cost: 0.050079ms[0m
[0m[INFO] [1784395913.985704913]: [coverage candidate] promoted=2 frontend_active=0 speed=0.257725[0m
insert viewpoint to graph time: 19.6702 ms
[0m[INFO] [1784395914.005712790]: [edge cost] len=6.87448 total=3.18306 time=2.59149 turn_pen=0.50519 known_pen=0 backup_pen=0 yaw_pen=0.0863775 known_free=6.87448 min_clearance=0.561379 vel_limit=3 reason=known_free backup_feasible=1[0m
[0m[INFO] [1784395914.005916408]: [candidate cost] chosen_cluster=-1 coverage_id=11399786211153078158 total=-0.671591 travel=2.59149 turn_brake=0.591568 future_return=0 gain=0.302326 wait=0 debt=0 coverage=-3.25 failed_goal=0[0m
[1;33m-------------Plan Global Path end-----------------[0m

total time cost: 300.942ms
[32m[planGlobalPath: succeed][0m: from EXEC_TRAJ to PLAN_TRAJ
viz&&print cost:0.03524ms
[0m[INFO] [1784395914.010780516]: [path condition] raw_pts=11 conditioned_pts=3 dense_pts=5 len=6.87448 known_free=6.87448 min_clearance=0.560503 turn=0.765954 max_local_turn=0.765953 initial_heading=0.306169 backup_feasible=1 sched_v=3 reason=known_free[0m
[0m[INFO] [1784395914.021070357]: [highspeed_exp adapter] backup not required for verified known-free terminal-stop primary. duration=3.59567 known_len=6.23834[0m
[0m[INFO] [1784395914.021115827]: [highspeed_exp adapter] planned General MINCO exploration traj: pieces=2, duration=3.59567, max_v=3.00232, max_a=2.70714, sfc(raw/simplified/final)=3/1/1, corridor=general, prefix=yes, prefix_dur=0.440209, switch_delay=0.45, head_path_dist=0.195896, shifted_start=0, sched_v=3, opt_v=3, opt_bound=3, suffix_max_v=3.00232, suffix_max_a=2.70714, terminal_v=0, backup=no, backup_start=inf, backup_known_len=6.23834, sched_reason=known_free[0m
[0m[INFO] [1784395914.021130757]: [31m call planner [0m: 10.782[0m
[32m[plan success: new traj pub][0m: from PLAN_TRAJ to EXEC_TRAJ
[0m[INFO] [1784395912.169769997]: Publish local map size: 10065[0m
[0m[INFO] [1784395913.269020872]: Publish local map size: 10011[0m
 -- [MARSIM] Running FPS: 204.735
 -- [TIMER] updateMap time consuming [32m 8.236478 ms[0m
 -- [TIMER] updateMap time consuming [32m 8.087800 ms[0m
 -- [TIMER] updateMap time consuming [32m 11.998956 ms[0m


[1;33m------------- <309> Plan Global Path start---------------[0m
[0m[INFO] [1784395914.436767306]: update topo skeleton cost: 35.358464ms, update odom vertex cost:190.989360ms [0m
[0m[INFO] [1784395914.436986824]: vp cluster cost: 0.004520ms  ,remove unreachable cost: 0.001510ms, select vp cost: 0.052469ms[0m
[1;33m-------------Plan Global Path end-----------------[0m

total time cost: 226.635ms
[33m[WARN] [1784395914.437045074]: [finish gate] hold exploration after planGlobalPath: no frontier no_frontier_count=1 no_reachable_count=0[0m
[31m[planGlobalPath: no frontier: no frontier gated][0m: from EXEC_TRAJ to PLAN_TRAJ
viz&&print cost:0.040519ms


[1;33m------------- <310> Plan Global Path start---------------[0m
[0m[INFO] [1784395914.640832673]: update topo skeleton cost: 51.741543ms, update odom vertex cost:151.979257ms [0m
[0m[INFO] [1784395914.640990921]: vp cluster cost: 0.003550ms  ,remove unreachable cost: 0.001370ms, select vp cost: 0.038460ms[0m
[1;33m-------------Plan Global Path end-----------------[0m

total time cost: 203.939ms
viz&&print cost:0.01956ms
[0m[INFO] [1784395914.641145560]: [cloud input] mode=approximate_sync points=9269 age=0.0771766s stamp_valid=1[0m
 -- [TIMER] updateMap time consuming [32m 10.134262 ms[0m
[0m[INFO] [1784395914.663532177]: cloud odom callback cost: map update:17.9864ms  update frontier clusters: 4.35388ms  total: 22.3403ms
[0m
[0m[INFO] [1784395914.672749457]: [coverage guidance] plan valid=1 map_v=93 frontier_v=93 zones(f/u)=292/245 observed=21411/35519 coverage=0.6028 voxels(f/o/u)=13130/6558/1723 active=0 reachable_unknown=159 route_nodes=160 preferred=0 cost=9.2ms[0m


[1;33m------------- <311> Plan Global Path start---------------[0m
[0m[INFO] [1784395914.857464801]: update topo skeleton cost: 29.900842ms, update odom vertex cost:163.931204ms [0m
[0m[INFO] [1784395914.857687649]: vp cluster cost: 0.004290ms  ,remove unreachable cost: 0.002340ms, select vp cost: 0.055840ms[0m
[1;33m-------------Plan Global Path end-----------------[0m

total time cost: 194.124ms
viz&&print cost:0.0231ms
 -- [TIMER] updateMap time consuming [32m 11.062945 ms[0m


[1;33m------------- <312> Plan Global Path start---------------[0m
[0m[INFO] [1784395915.150423952]: update topo skeleton cost: 34.891999ms, update odom vertex cost:234.081499ms [0m
[0m[INFO] [1784395915.150462071]: [highspeed_exp adapter] safety map ready=1 rog_ready=1 cloud_size=10018[0m
[0m[INFO] [1784395915.150608950]: vp cluster cost: 0.004640ms  ,remove unreachable cost: 0.001590ms, select vp cost: 0.038900ms[0m
[1;33m-------------Plan Global Path end-----------------[0m

total time cost: 269.219ms
[0m[INFO] [1784395915.150656570]: [frontier storage] labels=7894/7517 normals=70/823 clusters=0 terminal=0 cluster_cells(cap)=0 candidates(cap)=0 derived_viewpoints(cap)=0 estimated_kb=135.904 revision=240 audit_ready=1[0m
viz&&print cost:0.0313ms
 -- [TIMER] updateMap time consuming [32m 14.613483 ms[0m


[1;33m------------- <313> Plan Global Path start---------------[0m
[0m[INFO] [1784395915.529817668]: update topo skeleton cost: 60.048262ms, update odom vertex cost:275.848429ms [0m
[0m[INFO] [1784395915.529992096]: vp cluster cost: 0.004780ms  ,remove unreachable cost: 0.001460ms, select vp cost: 0.034769ms[0m
[1;33m-------------Plan Global Path end-----------------[0m

total time cost: 336.135ms
[33m[WARN] [1784395915.530045276]: [finish gate] hold exploration after planGlobalPath: no frontier no_frontier_count=5 no_reachable_count=0[0m
viz&&print cost:0.03542ms
 -- [TIMER] updateMap time consuming [32m 13.003188 ms[0m


[1;33m------------- <314> Plan Global Path start---------------[0m
[0m[INFO] [1784395915.897027159]: update topo skeleton cost: 72.230107ms, update odom vertex cost:268.699131ms [0m
[0m[INFO] [1784395915.897187338]: vp cluster cost: 0.003910ms  ,remove unreachable cost: 0.001550ms, select vp cost: 0.044520ms[0m
[1;33m-------------Plan Global Path end-----------------[0m

total time cost: 341.155ms
viz&&print cost:0.02036ms
[0m[INFO] [1784395915.897349186]: [cloud input] mode=approximate_sync points=9217 age=0.0333808s stamp_valid=1[0m
 -- [TIMER] updateMap time consuming [32m 12.358803 ms[0m
[0m[INFO] [1784395915.922644058]: cloud odom callback cost: map update:21.0717ms  update frontier clusters: 4.18174ms  total: 25.2534ms
[0m


[1;33m------------- <315> Plan Global Path start---------------[0m
[0m[INFO] [1784395916.254241758]: update topo skeleton cost: 63.763650ms, update odom vertex cost:267.745532ms [0m
[0m[INFO] [1784395916.254650125]: vp cluster cost: 0.004550ms  ,remove unreachable cost: 0.001910ms, select vp cost: 0.030430ms[0m
[1;33m-------------Plan Global Path end-----------------[0m

total time cost: 331.978ms
viz&&print cost:0.01966ms
[0m[INFO] [1784395914.269710449]: Publish local map size: 10028[0m
[0m[INFO] [1784395915.368963916]: Publish local map size: 9605[0m
 -- [MARSIM] Running FPS: 201.916
 -- [TIMER] updateMap time consuming [32m 11.973476 ms[0m


[1;33m------------- <316> Plan Global Path start---------------[0m
[0m[INFO] [1784395916.595055541]: update topo skeleton cost: 54.263752ms, update odom vertex cost:259.887160ms [0m
[0m[INFO] [1784395916.595580926]: vp cluster cost: 0.006870ms  ,remove unreachable cost: 0.002210ms, select vp cost: 0.057329ms[0m
[1;33m-------------Plan Global Path end-----------------[0m

total time cost: 314.752ms
[33m[WARN] [1784395916.595636546]: [finish gate] hold exploration after planGlobalPath: no frontier no_frontier_count=8 no_reachable_count=0[0m
viz&&print cost:0.03632ms
 -- [TIMER] updateMap time consuming [32m 14.113689 ms[0m


[1;33m------------- <317> Plan Global Path start---------------[0m
[0m[INFO] [1784395916.926300435]: update topo skeleton cost: 40.334053ms, update odom vertex cost:264.952946ms [0m
[0m[INFO] [1784395916.926833631]: vp cluster cost: 0.001790ms  ,remove unreachable cost: 0.003030ms, select vp cost: 0.058470ms[0m
[1;33m-------------Plan Global Path end-----------------[0m

total time cost: 305.901ms
viz&&print cost:0.0301ms
[0m[INFO] [1784395916.927067429]: [cloud input] mode=approximate_sync points=10159 age=0.0630984s stamp_valid=1[0m
 -- [TIMER] updateMap time consuming [32m 10.119662 ms[0m
[0m[INFO] [1784395916.951533208]: cloud odom callback cost: map update:19.5461ms  update frontier clusters: 4.88348ms  total: 24.4296ms
[0m
[0m[INFO] [1784395916.958957984]: [coverage guidance] plan valid=1 map_v=95 frontier_v=95 zones(f/u)=291/246 observed=21554/35519 coverage=0.6068 voxels(f/o/u)=13248/6562/1744 active=0 reachable_unknown=159 route_nodes=160 preferred=0 cost=7.4ms[0m


[1;33m------------- <318> Plan Global Path start---------------[0m
[0m[INFO] [1784395917.215867751]: update topo skeleton cost: 28.863712ms, update odom vertex cost:235.382753ms [0m
[0m[INFO] [1784395917.215907771]: [highspeed_exp adapter] safety map ready=1 rog_ready=1 cloud_size=10159[0m
[0m[INFO] [1784395917.216317727]: vp cluster cost: 0.001370ms  ,remove unreachable cost: 0.001540ms, select vp cost: 0.045619ms[0m
[1;33m-------------Plan Global Path end-----------------[0m

total time cost: 264.758ms
viz&&print cost:0.02068ms
 -- [TIMER] updateMap time consuming [32m 9.308910 ms[0m


[1;33m------------- <319> Plan Global Path start---------------[0m
[0m[INFO] [1784395917.513833656]: update topo skeleton cost: 27.517043ms, update odom vertex cost:248.851807ms [0m
[0m[INFO] [1784395917.514210312]: vp cluster cost: 0.001070ms  ,remove unreachable cost: 0.001300ms, select vp cost: 0.039799ms[0m
[0m[INFO] [1784395917.514331461]: [coverage candidate] promoted=2 frontend_active=0 speed=0.187827[0m
insert viewpoint to graph time: 6.2409 ms
[33m[WARN] [1784395917.521229372]: [coverage recovery] defer observation goal: id=3772979806394852891 approach=(  7 9.1 4.6) reason=topology disconnected observed_gain=0 no_gain_attempts=0 failure_attempts=0 exhausted=1 cooldown=45s active_deferred=10[0m
[33m[WARN] [1784395917.521287661]: [coverage recovery] defer observation goal: id=5599452238810440678 approach=(7.24915 7.20847 4.58475) reason=topology disconnected observed_gain=0 no_gain_attempts=0 failure_attempts=0 exhausted=1 cooldown=45s active_deferred=11[0m
[1;33m-------------Plan Global Path end-----------------[0m

total time cost: 283.875ms
viz&&print cost:0.0241ms
[33m[WARN] [1784395917.626202028]: [highspeed_traj_server] trajectory 114 exhausted at 3.606/3.596 s; entering endpoint HOLD (terminal |v|=0.000 m/s, |a|=0.000 m/s^2).[0m
 -- [TIMER] updateMap time consuming [32m 7.703993 ms[0m


[1;33m------------- <320> Plan Global Path start---------------[0m
[33m[WARN] [1784395917.760827359]: [coverage recovery] defer observation goal: id=5599453338322068889 approach=(6.89149 11.0787 1.94468) reason=observation ray occluded observed_gain=0 no_gain_attempts=0 failure_attempts=0 exhausted=1 cooldown=45s active_deferred=12[0m
[0m[INFO] [1784395917.760236044]: update topo skeleton cost: 21.463945ms, update odom vertex cost:197.434750ms [0m
[0m[INFO] [1784395917.760714760]: vp cluster cost: 0.001549ms  ,remove unreachable cost: 0.002480ms, select vp cost: 0.058380ms[0m
insert viewpoint to graph time: 12.3472 ms
[33m[WARN] [1784395917.773760438]: [coverage recovery] defer observation goal: id=5154236908142918524 approach=(9.1 8.3 0.9) reason=topology disconnected observed_gain=0 no_gain_attempts=0 failure_attempts=0 exhausted=1 cooldown=45s active_deferred=13[0m
[33m[WARN] [1784395917.773796017]: [coverage recovery] defer observation goal: id=5154238007654546735 approach=(9.1   7 4.6) reason=topology disconnected observed_gain=0 no_gain_attempts=0 failure_attempts=0 exhausted=1 cooldown=45s active_deferred=14[0m
[1;33m-------------Plan Global Path end-----------------[0m

total time cost: 232.515ms
viz&&print cost:0.01615ms
 -- [TIMER] updateMap time consuming [32m 8.257939 ms[0m


[1;33m------------- <321> Plan Global Path start---------------[0m
[0m[INFO] [1784395918.016367279]: update topo skeleton cost: 22.353798ms, update odom vertex cost:200.350395ms [0m
[0m[INFO] [1784395918.016745145]: vp cluster cost: 0.001310ms  ,remove unreachable cost: 0.001700ms, select vp cost: 0.034930ms[0m
[0m[INFO] [1784395918.016976113]: [coverage candidate] promoted=2 frontend_active=0 speed=0[0m
insert viewpoint to graph time: 7.11092 ms
[33m[WARN] [1784395918.024596998]: [coverage recovery] defer observation goal: id=6897559855993076720 approach=( 9.1  0.7 4.75) reason=topology disconnected observed_gain=0 no_gain_attempts=0 failure_attempts=0 exhausted=1 cooldown=45s active_deferred=15[0m
[33m[WARN] [1784395918.024658177]: [coverage recovery] defer observation goal: id=6254229005425461604 approach=( 7.40714 -8.04286 0.957143) reason=topology disconnected observed_gain=0 no_gain_attempts=0 failure_attempts=0 exhausted=1 cooldown=45s active_deferred=16[0m
[1;33m-------------Plan Global Path end-----------------[0m

total time cost: 231.047ms
viz&&print cost:0.02929ms
[0m[INFO] [1784395918.024823596]: [cloud input] mode=approximate_sync points=9599 age=0.0608506s stamp_valid=1[0m
 -- [TIMER] updateMap time consuming [32m 6.969460 ms[0m
[0m[INFO] [1784395918.044708185]: cloud odom callback cost: map update:16.1704ms  update frontier clusters: 3.68329ms  total: 19.8537ms
[0m


[1;33m------------- <322> Plan Global Path start---------------[0m
[0m[INFO] [1784395918.265245318]: update topo skeleton cost: 21.321817ms, update odom vertex cost:199.138257ms [0m
[0m[INFO] [1784395918.265751554]: vp cluster cost: 0.002160ms  ,remove unreachable cost: 0.001890ms, select vp cost: 0.062060ms[0m
insert viewpoint to graph time: 15.4047 ms
[0m[INFO] [1784395918.281559798]: [edge cost] len=4.2091 total=3.99067 time=2.19639 turn_pen=1.68583 known_pen=0 backup_pen=0 yaw_pen=0.10845 known_free=4.2091 min_clearance=1.14422 vel_limit=2.12123 reason=curvature backup_feasible=1[0m
[0m[INFO] [1784395918.282147613]: [candidate cost] chosen_cluster=-1 chosen_coverage=16504627004171806249 raw_best_cluster=-1 raw_best_coverage=16504627004171806249 | #0 c=-1/cp=16504627004171806249 J=0.80293 T=2.19639 TB=1.79428 R=0.632679 G=0.142857 W=0 D=0 C=-3.25 | #1 c=-1/cp=15853677637533830914 J=4.32617 T=2.39724 TB=5.23226 R=0.528862 G=0.130435 W=0 D=0 C=-3.33333[0m
calculate tsp cost matrix cost 0.773623ms

tour solver cost: 0.316608ms
[1;33m-------------Plan Global Path end-----------------[0m

total time cost: 242.056ms
[0m[INFO] [1784395918.286843692]: [finish gate] reset by planGlobalPath succeed[0m
[32m[planGlobalPath: succeed][0m: from PLAN_TRAJ to PLAN_TRAJ
viz&&print cost:0.048559ms
[0m[INFO] [1784395918.287093210]: [path condition] raw_pts=5 conditioned_pts=3 dense_pts=4 len=4.2091 known_free=4.2091 min_clearance=1.14422 turn=1.62303 max_local_turn=1.62303 initial_heading=1.02171 backup_feasible=1 sched_v=2 reason=curvature[0m
[0m[INFO] [1784395918.293836452]: [highspeed_exp adapter] backup not required for verified known-free terminal-stop primary. duration=2.9182 known_len=3.34369[0m
[0m[INFO] [1784395918.293941571]: [highspeed_exp adapter] planned General MINCO exploration traj: pieces=2, duration=2.9182, max_v=2.50645, max_a=2.94999, sfc(raw/simplified/final)=2/2/2, corridor=general, prefix=no, prefix_dur=0, switch_delay=0, head_path_dist=inf, shifted_start=0, sched_v=2, opt_v=2, opt_bound=3, suffix_max_v=2.50645, suffix_max_a=2.94999, terminal_v=0, backup=no, backup_start=inf, backup_known_len=3.34369, sched_reason=curvature[0m
[0m[INFO] [1784395918.293979911]: [31m call planner [0m: 7.115[0m
[32m[plan success: new traj pub][0m: from PLAN_TRAJ to EXEC_TRAJ
[0m[INFO] [1784395916.369673373]: Publish local map size: 9169[0m
[0m[INFO] [1784395917.369774416]: Publish local map size: 9261[0m
 -- [MARSIM] Running FPS: 207.564
 -- [TIMER] updateMap time consuming [32m 6.980910 ms[0m
 -- [TIMER] updateMap time consuming [32m 14.276018 ms[0m
 -- [TIMER] updateMap time consuming [32m 7.535786 ms[0m
[0m[INFO] [1784395918.486931821]: [global update] actual callback interval=4276.53ms configured=200ms[0m


[1;33m------------- <323> Plan Global Path start---------------[0m
[0m[INFO] [1784395918.719901028]: update topo skeleton cost: 33.510912ms, update odom vertex cost:199.408625ms [0m
[0m[INFO] [1784395918.720223145]: vp cluster cost: 0.000710ms  ,remove unreachable cost: 0.001520ms, select vp cost: 0.035980ms[0m
[0m[INFO] [1784395918.720399784]: [coverage candidate] promoted=2 frontend_active=0 speed=0.0324259[0m
insert viewpoint to graph time: 19.5745 ms
calculate tsp cost matrix cost 0.587185ms

tour solver cost: 0.287797ms
[1;33m-------------Plan Global Path end-----------------[0m

total time cost: 258.277ms
[32m[planGlobalPath: succeed][0m: from EXEC_TRAJ to PLAN_TRAJ
viz&&print cost:0.033879ms
[0m[INFO] [1784395918.745503767]: [path condition] raw_pts=5 conditioned_pts=3 dense_pts=4 len=4.20762 known_free=4.20762 min_clearance=1.14521 turn=1.62316 max_local_turn=1.62316 initial_heading=0.828779 backup_feasible=1 sched_v=2 reason=curvature[0m
[0m[INFO] [1784395918.753797226]: [highspeed_exp adapter] planned General MINCO exploration traj: pieces=3, duration=2.795, max_v=2.02041, max_a=2.94999, sfc(raw/simplified/final)=2/2/2, corridor=general, prefix=yes, prefix_dur=0.442111, switch_delay=0.45, head_path_dist=0.131285, shifted_start=0, sched_v=2, opt_v=2, opt_bound=2, suffix_max_v=2.02041, suffix_max_a=2.87142, terminal_v=0, backup=no, backup_start=inf, backup_known_len=3.29536, sched_reason=known_free[0m
[0m[INFO] [1784395918.753818476]: [31m call planner [0m: 8.536[0m
[32m[plan success: new traj pub][0m: from PLAN_TRAJ to EXEC_TRAJ
 -- [TIMER] updateMap time consuming [32m 8.360908 ms[0m
 -- [TIMER] updateMap time consuming [32m 8.905013 ms[0m
 -- [TIMER] updateMap time consuming [32m 8.055660 ms[0m


[1;33m------------- <324> Plan Global Path start---------------[0m
[0m[INFO] [1784395919.199317686]: update topo skeleton cost: 46.960276ms, update odom vertex cost:207.006091ms [0m
[0m[INFO] [1784395919.199518164]: vp cluster cost: 0.000860ms  ,remove unreachable cost: 0.001410ms, select vp cost: 0.042849ms[0m
[1;33m-------------Plan Global Path end-----------------[0m

total time cost: 254.235ms
[33m[WARN] [1784395919.199574194]: [finish gate] hold exploration after planGlobalPath: no frontier no_frontier_count=1 no_reachable_count=0[0m
[31m[planGlobalPath: no frontier: no frontier gated][0m: from EXEC_TRAJ to PLAN_TRAJ
viz&&print cost:0.03716ms


[1;33m------------- <325> Plan Global Path start---------------[0m
[0m[INFO] [1784395919.433956000]: update topo skeleton cost: 31.569848ms, update odom vertex cost:202.749028ms [0m
[0m[INFO] [1784395919.433994310]: [highspeed_exp adapter] safety map ready=1 rog_ready=1 cloud_size=9569[0m
[0m[INFO] [1784395919.434140019]: vp cluster cost: 0.001130ms  ,remove unreachable cost: 0.001570ms, select vp cost: 0.037360ms[0m
[1;33m-------------Plan Global Path end-----------------[0m

total time cost: 234.575ms
viz&&print cost:0.01638ms
[0m[INFO] [1784395919.434335927]: [cloud input] mode=approximate_sync points=9044 age=0.0703669s stamp_valid=1[0m
 -- [TIMER] updateMap time consuming [32m 9.212741 ms[0m
[0m[INFO] [1784395919.454838391]: cloud odom callback cost: map update:17.2469ms  update frontier clusters: 3.22605ms  total: 20.473ms
[0m
[0m[INFO] [1784395919.462709893]: [coverage guidance] plan valid=1 map_v=97 frontier_v=97 zones(f/u)=293/246 observed=21619/35519 coverage=0.6087 voxels(f/o/u)=13308/6564/1747 active=0 reachable_unknown=159 route_nodes=160 preferred=0 cost=7.8ms[0m


[1;33m------------- <326> Plan Global Path start---------------[0m
[0m[INFO] [1784395919.749887806]: update topo skeleton cost: 43.406817ms, update odom vertex cost:251.568209ms [0m
[0m[INFO] [1784395919.750031415]: vp cluster cost: 0.000890ms  ,remove unreachable cost: 0.001740ms, select vp cost: 0.032610ms[0m
[1;33m-------------Plan Global Path end-----------------[0m

total time cost: 295.177ms
viz&&print cost:0.01915ms
 -- [TIMER] updateMap time consuming [32m 11.389342 ms[0m


[1;33m------------- <327> Plan Global Path start---------------[0m
[0m[INFO] [1784395920.070842099]: update topo skeleton cost: 27.966070ms, update odom vertex cost:269.838952ms [0m
[0m[INFO] [1784395920.071009968]: vp cluster cost: 0.001110ms  ,remove unreachable cost: 0.001340ms, select vp cost: 0.040060ms[0m
[1;33m-------------Plan Global Path end-----------------[0m

total time cost: 298.032ms
viz&&print cost:0.0199ms
 -- [TIMER] updateMap time consuming [32m 9.806396 ms[0m


[1;33m------------- <328> Plan Global Path start---------------[0m
[0m[INFO] [1784395920.411546345]: update topo skeleton cost: 46.436361ms, update odom vertex cost:273.094296ms [0m
[0m[INFO] [1784395920.411700394]: vp cluster cost: 0.001570ms  ,remove unreachable cost: 0.001420ms, select vp cost: 0.033750ms[0m
[1;33m-------------Plan Global Path end-----------------[0m

total time cost: 319.743ms
[33m[WARN] [1784395920.411749453]: [finish gate] hold exploration after planGlobalPath: no frontier no_frontier_count=5 no_reachable_count=0[0m
[0m[INFO] [1784395920.411762573]: [frontier storage] labels=7916/7517 normals=71/823 clusters=0 terminal=0 cluster_cells(cap)=0 candidates(cap)=0 derived_viewpoints(cap)=0 estimated_kb=136.117 revision=240 audit_ready=1[0m
viz&&print cost:0.054929ms
[0m[INFO] [1784395918.371563684]: Publish local map size: 9943[0m
[0m[INFO] [1784395919.469180108]: Publish local map size: 9706[0m
[0m[INFO] [1784395920.568979794]: Publish local map size: 9336[0m
 -- [MARSIM] Running FPS: 224.383
 -- [TIMER] updateMap time consuming [32m 10.914027 ms[0m


[1;33m------------- <329> Plan Global Path start---------------[0m
[0m[INFO] [1784395920.746060574]: update topo skeleton cost: 59.212322ms, update odom vertex cost:253.219967ms [0m
[0m[INFO] [1784395920.746195773]: vp cluster cost: 0.000720ms  ,remove unreachable cost: 0.001760ms, select vp cost: 0.034569ms[0m
[1;33m-------------Plan Global Path end-----------------[0m

total time cost: 312.626ms
viz&&print cost:0.02254ms
[0m[INFO] [1784395920.746344422]: [cloud input] mode=approximate_sync points=8879 age=0.0823743s stamp_valid=1[0m
 -- [TIMER] updateMap time consuming [32m 13.594353 ms[0m
[0m[INFO] [1784395920.770828242]: cloud odom callback cost: map update:21.4806ms  update frontier clusters: 2.96742ms  total: 24.4481ms
[0m


[1;33m------------- <330> Plan Global Path start---------------[0m
[0m[INFO] [1784395921.085382783]: update topo skeleton cost: 39.130894ms, update odom vertex cost:275.336048ms [0m
[0m[INFO] [1784395921.085519472]: vp cluster cost: 0.001000ms  ,remove unreachable cost: 0.001360ms, select vp cost: 0.032920ms[0m
[1;33m-------------Plan Global Path end-----------------[0m

total time cost: 314.659ms
viz&&print cost:0.01887ms
 -- [TIMER] updateMap time consuming [32m 7.788353 ms[0m


[1;33m------------- <331> Plan Global Path start---------------[0m
[0m[INFO] [1784395921.311545964]: update topo skeleton cost: 11.674830ms, update odom vertex cost:194.648821ms [0m
[0m[INFO] [1784395921.311700483]: vp cluster cost: 0.001290ms  ,remove unreachable cost: 0.001790ms, select vp cost: 0.045360ms[0m
[0m[INFO] [1784395921.311902201]: [coverage candidate] promoted=2 frontend_active=0 speed=0.345615[0m
insert viewpoint to graph time: 20.3023 ms
[0m[INFO] [1784395921.332573774]: [edge cost] len=6.4937 total=7.20561 time=3.44685 turn_pen=3.64311 known_pen=0 backup_pen=0 yaw_pen=0.115656 known_free=6.4937 min_clearance=1.63735 vel_limit=2 reason=curvature backup_feasible=1[0m
[0m[INFO] [1784395921.332908161]: [candidate cost] chosen_cluster=-1 chosen_coverage=15214136803547902215 raw_best_cluster=-1 raw_best_coverage=15214136803547902215 | #0 c=-1/cp=15214136803547902215 J=9.7182 T=3.44685 TB=3.75876 R=11.606 G=0.310345 W=0 D=0 C=-3.25 | #1 c=-1/cp=14555570020351194872 J=10.5422 T=4.4864 TB=3.76029 R=12 G=0.552239 W=0 D=0 C=-3.2[0m
calculate tsp cost matrix cost 0.703804ms

tour solver cost: 0.283828ms
[1;33m-------------Plan Global Path end-----------------[0m

total time cost: 234.036ms
[0m[INFO] [1784395921.339255557]: [finish gate] reset by planGlobalPath succeed[0m
[32m[planGlobalPath: succeed][0m: from PLAN_TRAJ to PLAN_TRAJ
viz&&print cost:0.04276ms
[0m[INFO] [1784395921.339570114]: [path condition] raw_pts=5 conditioned_pts=3 dense_pts=5 len=6.4937 known_free=6.4937 min_clearance=1.63735 turn=2.13458 max_local_turn=2.13458 initial_heading=2.20794 backup_feasible=1 sched_v=2 reason=curvature[0m
[0m[INFO] [1784395921.348811945]: [highspeed_exp adapter] backup not required for verified known-free terminal-stop primary. duration=5.45621 known_len=4.99239[0m
[0m[INFO] [1784395921.348861284]: [highspeed_exp adapter] planned General MINCO exploration traj: pieces=1, duration=5.45621, max_v=2.00154, max_a=1.25994, sfc(raw/simplified/final)=3/1/1, corridor=general, prefix=no, prefix_dur=0, switch_delay=0, head_path_dist=inf, shifted_start=0, sched_v=2, opt_v=2, opt_bound=2, suffix_max_v=2.00154, suffix_max_a=1.25994, terminal_v=0, backup=no, backup_start=inf, backup_known_len=4.99239, sched_reason=curvature[0m
[0m[INFO] [1784395921.348877784]: [31m call planner [0m: 9.600[0m
[32m[plan success: new traj pub][0m: from PLAN_TRAJ to EXEC_TRAJ
 -- [TIMER] updateMap time consuming [32m 6.600313 ms[0m
 -- [TIMER] updateMap time consuming [32m 6.302446 ms[0m
 -- [TIMER] updateMap time consuming [32m 5.901820 ms[0m
[0m[INFO] [1784395921.539348232]: [global update] actual callback interval=2594.01ms configured=200ms[0m


[1;33m------------- <332> Plan Global Path start---------------[0m
[0m[INFO] [1784395921.704663744]: update topo skeleton cost: 17.834567ms, update odom vertex cost:147.423227ms [0m
[0m[INFO] [1784395921.704691754]: [highspeed_exp adapter] safety map ready=1 rog_ready=1 cloud_size=10005[0m
[0m[INFO] [1784395921.704811713]: vp cluster cost: 0.001079ms  ,remove unreachable cost: 0.002030ms, select vp cost: 0.037240ms[0m
insert viewpoint to graph time: 21.2365 ms
calculate tsp cost matrix cost 0.719873ms

tour solver cost: 0.498056ms
[1;33m-------------Plan Global Path end-----------------[0m

total time cost: 194.15ms
[32m[planGlobalPath: succeed][0m: from EXEC_TRAJ to PLAN_TRAJ
viz&&print cost:0.02678ms
[0m[INFO] [1784395921.733994723]: [path condition] raw_pts=5 conditioned_pts=3 dense_pts=5 len=6.49352 known_free=6.49352 min_clearance=1.63735 turn=2.13459 max_local_turn=2.13459 initial_heading=1.85923 backup_feasible=1 sched_v=2 reason=curvature[0m
[0m[INFO] [1784395921.744164606]: [highspeed_exp adapter] planned General MINCO exploration traj: pieces=2, duration=5.05733, max_v=2.00318, max_a=1.2624, sfc(raw/simplified/final)=3/1/1, corridor=general, prefix=yes, prefix_dur=0.440511, switch_delay=0.45, head_path_dist=0.0113115, shifted_start=0, sched_v=2, opt_v=2, opt_bound=2, suffix_max_v=2.00318, suffix_max_a=1.2624, terminal_v=0, backup=no, backup_start=inf, backup_known_len=4.98836, sched_reason=curvature[0m
[0m[INFO] [1784395921.744193026]: [31m call planner [0m: 10.602[0m
[32m[plan success: new traj pub][0m: from PLAN_TRAJ to EXEC_TRAJ
 -- [TIMER] updateMap time consuming [32m 6.794691 ms[0m
[0m[INFO] [1784395921.770518530]: [cloud input] mode=approximate_sync points=10017 age=0.00652865s stamp_valid=1[0m
 -- [TIMER] updateMap time consuming [32m 8.197940 ms[0m
[0m[INFO] [1784395921.789599156]: cloud odom callback cost: map update:15.5885ms  update frontier clusters: 3.43769ms  total: 19.0262ms
[0m
[0m[INFO] [1784395921.796693516]: [coverage guidance] plan valid=1 map_v=99 frontier_v=99 zones(f/u)=293/245 observed=21670/35519 coverage=0.6101 voxels(f/o/u)=13355/6564/1751 active=0 reachable_unknown=159 route_nodes=160 preferred=0 cost=7.1ms[0m
 -- [TIMER] updateMap time consuming [32m 7.874502 ms[0m


[1;33m------------- <333> Plan Global Path start---------------[0m
[0m[INFO] [1784395922.153570087]: update topo skeleton cost: 29.877494ms, update odom vertex cost:190.044542ms [0m
[0m[INFO] [1784395922.153715326]: vp cluster cost: 0.001120ms  ,remove unreachable cost: 0.001250ms, select vp cost: 0.025769ms[0m
[0m[INFO] [1784395922.153890705]: [coverage candidate] promoted=2 frontend_active=0 speed=0.103904[0m
insert viewpoint to graph time: 22.4654 ms
[0m[INFO] [1784395922.176703299]: [edge cost] len=6.47812 total=2.97413 time=2.45937 turn_pen=0.474491 known_pen=0 backup_pen=0 yaw_pen=0.0402649 known_free=6.47812 min_clearance=1.63735 vel_limit=3 reason=known_free backup_feasible=1[0m
[0m[INFO] [1784395922.176947177]: [candidate cost] chosen_cluster=-1 chosen_coverage=15214136803547902215 raw_best_cluster=-1 raw_best_coverage=15214136803547902215 | #0 c=-1/cp=15214136803547902215 J=5.73589 T=2.45937 TB=0.514755 R=12 G=0.294118 W=0 D=0 C=-3.25 | #1 c=-1/cp=14555570020351194872 J=5.98232 T=3.15816 TB=0.515072 R=12 G=0.545455 W=0 D=0 C=-3.2[0m
calculate tsp cost matrix cost 0.591665ms

tour solver cost: 0.276018ms
[1;33m-------------Plan Global Path end-----------------[0m

total time cost: 249.453ms
[32m[planGlobalPath: succeed][0m: from EXEC_TRAJ to PLAN_TRAJ
viz&&print cost:0.01498ms
[0m[INFO] [1784395922.183399502]: [path condition] raw_pts=5 conditioned_pts=3 dense_pts=5 len=6.47812 known_free=6.47812 min_clearance=1.63735 turn=2.13509 max_local_turn=2.13509 initial_heading=0.253674 backup_feasible=1 sched_v=2 reason=curvature[0m
[0m[INFO] [1784395922.192590943]: [highspeed_exp adapter] backup not required for verified known-free terminal-stop primary. duration=4.61189 known_len=4.92496[0m
[0m[INFO] [1784395922.192664533]: [highspeed_exp adapter] planned General MINCO exploration traj: pieces=2, duration=4.61189, max_v=2.00199, max_a=1.26107, sfc(raw/simplified/final)=3/1/1, corridor=general, prefix=yes, prefix_dur=0.441388, switch_delay=0.45, head_path_dist=0.0477774, shifted_start=0, sched_v=2, opt_v=2, opt_bound=2, suffix_max_v=2.00199, suffix_max_a=1.26107, terminal_v=0, backup=no, backup_start=inf, backup_known_len=4.92496, sched_reason=curvature[0m
[0m[INFO] [1784395922.192694072]: [31m call planner [0m: 9.578[0m
[32m[plan success: new traj pub][0m: from PLAN_TRAJ to EXEC_TRAJ
 -- [TIMER] updateMap time consuming [32m 8.918583 ms[0m
 -- [TIMER] updateMap time consuming [32m 8.808565 ms[0m
 -- [TIMER] updateMap time consuming [32m 8.805134 ms[0m


[1;33m------------- <334> Plan Global Path start---------------[0m
[0m[INFO] [1784395922.625185829]: update topo skeleton cost: 47.155226ms, update odom vertex cost:189.544887ms [0m
[0m[INFO] [1784395922.625523146]: vp cluster cost: 0.002080ms  ,remove unreachable cost: 0.002130ms, select vp cost: 0.037069ms[0m
insert viewpoint to graph time: 23.0097 ms
calculate tsp cost matrix cost 0.552466ms

tour solver cost: 0.339477ms
[1;33m-------------Plan Global Path end-----------------[0m

total time cost: 267.03ms
[32m[planGlobalPath: succeed][0m: from EXEC_TRAJ to PLAN_TRAJ
viz&&print cost:0.025819ms
[0m[INFO] [1784395922.655836877]: [path condition] raw_pts=5 conditioned_pts=3 dense_pts=5 len=6.36487 known_free=6.36487 min_clearance=1.63735 turn=2.13885 max_local_turn=2.13885 initial_heading=0.136081 backup_feasible=1 sched_v=2 reason=curvature[0m
[33m -- [ExplorationTrajOpt] Optimization failed: Line search reaches the maximum try number, assumptions not satisfied or precision not achievable., guide_excess=0, guide_cost_sample=0, guide_max_abs_gt=0, guide_oob_samples=0[0m
[33m[WARN] [1784395922.665159827]: [highspeed_exp adapter] MINCO optimization attempt 1 failed: guide_speed=2 vel_bound=2 boundary_speed=1.33447[0m
[0m[INFO] [1784395922.666695254]: [highspeed_exp adapter] planned General MINCO exploration traj: pieces=2, duration=4.84324, max_v=1.92857, max_a=1.26107, sfc(raw/simplified/final)=3/1/1, corridor=general, prefix=yes, prefix_dur=0.439862, switch_delay=0.45, head_path_dist=0.116023, shifted_start=0, sched_v=2, opt_v=1.5, opt_bound=1.63447, suffix_max_v=1.92857, suffix_max_a=1.19556, terminal_v=0, backup=no, backup_start=inf, backup_known_len=4.67785, sched_reason=curvature[0m
[0m[INFO] [1784395922.666734523]: [31m call planner [0m: 11.201[0m
[32m[plan success: new traj pub][0m: from PLAN_TRAJ to EXEC_TRAJ
[0m[INFO] [1784395921.569956519]: Publish local map size: 9570[0m
[0m[INFO] [1784395922.669011994]: Publish local map size: 9534[0m
 -- [MARSIM] Running FPS: 209.653
 -- [TIMER] updateMap time consuming [32m 8.786365 ms[0m
 -- [TIMER] updateMap time consuming [32m 8.811275 ms[0m
 -- [TIMER] updateMap time consuming [32m 8.393918 ms[0m
[0m[INFO] [1784395922.855590066]: [global update] actual callback interval=467.12ms configured=200ms[0m


[1;33m------------- <335> Plan Global Path start---------------[0m
[0m[INFO] [1784395923.075022858]: update topo skeleton cost: 29.941834ms, update odom vertex cost:189.437218ms [0m
[0m[INFO] [1784395923.075158117]: vp cluster cost: 0.001170ms  ,remove unreachable cost: 0.001270ms, select vp cost: 0.034280ms[0m
[1;33m-------------Plan Global Path end-----------------[0m

total time cost: 219.571ms
[33m[WARN] [1784395923.075203536]: [finish gate] hold exploration after planGlobalPath: no frontier no_frontier_count=1 no_reachable_count=0[0m
[31m[planGlobalPath: no frontier: no frontier gated][0m: from EXEC_TRAJ to PLAN_TRAJ
viz&&print cost:0.03038ms


[1;33m------------- <336> Plan Global Path start---------------[0m
[0m[INFO] [1784395923.281604201]: update topo skeleton cost: 21.383497ms, update odom vertex cost:184.938028ms [0m
[0m[INFO] [1784395923.281753510]: vp cluster cost: 0.000950ms  ,remove unreachable cost: 0.001700ms, select vp cost: 0.043400ms[0m
[1;33m-------------Plan Global Path end-----------------[0m

total time cost: 206.532ms
viz&&print cost:0.0197ms
[0m[INFO] [1784395923.281930578]: [cloud input] mode=approximate_sync points=9115 age=0.0179594s stamp_valid=1[0m
 -- [TIMER] updateMap time consuming [32m 9.963675 ms[0m
[0m[INFO] [1784395923.302571612]: cloud odom callback cost: map update:17.2208ms  update frontier clusters: 3.38968ms  total: 20.6105ms
[0m


[1;33m------------- <337> Plan Global Path start---------------[0m
[0m[INFO] [1784395923.515525320]: update topo skeleton cost: 40.836691ms, update odom vertex cost:172.035048ms [0m
[0m[INFO] [1784395923.515677969]: vp cluster cost: 0.000820ms  ,remove unreachable cost: 0.001660ms, select vp cost: 0.032990ms[0m
[1;33m-------------Plan Global Path end-----------------[0m

total time cost: 213.083ms
viz&&print cost:0.020579ms
 -- [TIMER] updateMap time consuming [32m 9.557158 ms[0m


[1;33m------------- <338> Plan Global Path start---------------[0m
[0m[INFO] [1784395923.750591529]: update topo skeleton cost: 42.052951ms, update odom vertex cost:171.607131ms [0m
[0m[INFO] [1784395923.750624249]: [highspeed_exp adapter] safety map ready=1 rog_ready=1 cloud_size=10008[0m
[0m[INFO] [1784395923.750732928]: vp cluster cost: 0.001030ms  ,remove unreachable cost: 0.001450ms, select vp cost: 0.031040ms[0m
[1;33m-------------Plan Global Path end-----------------[0m

total time cost: 213.864ms
viz&&print cost:0.02072ms
 -- [TIMER] updateMap time consuming [32m 8.724575 ms[0m


[1;33m------------- <339> Plan Global Path start---------------[0m
[0m[INFO] [1784395923.987206615]: update topo skeleton cost: 41.749353ms, update odom vertex cost:175.284801ms [0m
[0m[INFO] [1784395923.987339634]: vp cluster cost: 0.000790ms  ,remove unreachable cost: 0.001520ms, select vp cost: 0.041629ms[0m
[1;33m-------------Plan Global Path end-----------------[0m

total time cost: 217.224ms
viz&&print cost:0.02126ms
 -- [TIMER] updateMap time consuming [32m 8.179930 ms[0m


[1;33m------------- <340> Plan Global Path start---------------[0m
[0m[INFO] [1784395924.261252954]: update topo skeleton cost: 41.410627ms, update odom vertex cost:212.576223ms [0m
[0m[INFO] [1784395924.261433202]: vp cluster cost: 0.001180ms  ,remove unreachable cost: 0.002790ms, select vp cost: 0.057789ms[0m
[1;33m-------------Plan Global Path end-----------------[0m

total time cost: 254.268ms
[33m[WARN] [1784395924.261519831]: [finish gate] hold exploration after planGlobalPath: no frontier no_frontier_count=6 no_reachable_count=0[0m
viz&&print cost:0.047099ms
 -- [TIMER] updateMap time consuming [32m 8.144631 ms[0m


[1;33m------------- <341> Plan Global Path start---------------[0m
[0m[INFO] [1784395924.508569821]: update topo skeleton cost: 12.939340ms, update odom vertex cost:214.379608ms [0m
[0m[INFO] [1784395924.508681940]: vp cluster cost: 0.000860ms  ,remove unreachable cost: 0.001420ms, select vp cost: 0.036910ms[0m
[1;33m-------------Plan Global Path end-----------------[0m

total time cost: 227.491ms
viz&&print cost:0.01826ms
[0m[INFO] [1784395924.508821129]: [cloud input] mode=approximate_sync points=10084 age=0.0448486s stamp_valid=1[0m
 -- [TIMER] updateMap time consuming [32m 8.915494 ms[0m
[0m[INFO] [1784395924.529678990]: cloud odom callback cost: map update:16.9207ms  update frontier clusters: 3.89741ms  total: 20.8182ms
[0m
[0m[INFO] [1784395924.536744630]: [coverage guidance] plan valid=1 map_v=101 frontier_v=101 zones(f/u)=291/244 observed=21778/35519 coverage=0.6131 voxels(f/o/u)=13456/6565/1757 active=0 reachable_unknown=159 route_nodes=160 preferred=0 cost=7.1ms[0m


[1;33m------------- <342> Plan Global Path start---------------[0m
[0m[INFO] [1784395924.761447760]: update topo skeleton cost: 15.316699ms, update odom vertex cost:216.351151ms [0m
[0m[INFO] [1784395924.761668598]: vp cluster cost: 0.006190ms  ,remove unreachable cost: 0.004730ms, select vp cost: 0.086839ms[0m
[1;33m-------------Plan Global Path end-----------------[0m

total time cost: 231.991ms
viz&&print cost:0.031329ms
[0m[INFO] [1784395923.671174439]: Publish local map size: 8748[0m
[0m[INFO] [1784395924.769294403]: Publish local map size: 9859[0m
 -- [MARSIM] Running FPS: 201.14
 -- [TIMER] updateMap time consuming [32m 8.304409 ms[0m


[1;33m------------- <343> Plan Global Path start---------------[0m
[0m[INFO] [1784395925.023704339]: update topo skeleton cost: 17.659669ms, update odom vertex cost:224.346524ms [0m
[0m[INFO] [1784395925.023864588]: vp cluster cost: 0.004600ms  ,remove unreachable cost: 0.002030ms, select vp cost: 0.041209ms[0m
[1;33m-------------Plan Global Path end-----------------[0m

total time cost: 242.242ms
viz&&print cost:0.0261ms
 -- [TIMER] updateMap time consuming [32m 8.767246 ms[0m


[1;33m------------- <344> Plan Global Path start---------------[0m
[0m[INFO] [1784395925.282612380]: update topo skeleton cost: 16.499109ms, update odom vertex cost:221.140423ms [0m
[0m[INFO] [1784395925.286519617]: vp cluster cost: 0.003530ms  ,remove unreachable cost: 0.001930ms, select vp cost: 3.812108ms[0m
[1;33m-------------Plan Global Path end-----------------[0m

total time cost: 241.611ms
[33m[WARN] [1784395925.286575576]: [finish gate] hold exploration after planGlobalPath: no frontier no_frontier_count=10 no_reachable_count=0[0m
viz&&print cost:0.03449ms
 -- [TIMER] updateMap time consuming [32m 8.189110 ms[0m


[1;33m------------- <345> Plan Global Path start---------------[0m
[0m[INFO] [1784395925.536200946]: update topo skeleton cost: 10.617189ms, update odom vertex cost:217.966070ms [0m
[0m[INFO] [1784395925.536321164]: vp cluster cost: 0.004380ms  ,remove unreachable cost: 0.001550ms, select vp cost: 0.033440ms[0m
[1;33m-------------Plan Global Path end-----------------[0m

total time cost: 228.761ms
[0m[INFO] [1784395925.536365294]: [frontier storage] labels=7948/7517 normals=72/823 clusters=0 terminal=0 cluster_cells(cap)=0 candidates(cap)=0 derived_viewpoints(cap)=0 estimated_kb=136.418 revision=240 audit_ready=1[0m
viz&&print cost:0.02833ms
[0m[INFO] [1784395925.536467213]: [cloud input] mode=approximate_sync points=9665 age=0.0724997s stamp_valid=1[0m
 -- [TIMER] updateMap time consuming [32m 7.731334 ms[0m
[0m[INFO] [1784395925.555593080]: cloud odom callback cost: map update:15.7963ms  update frontier clusters: 3.30053ms  total: 19.0969ms
[0m


[1;33m------------- <346> Plan Global Path start---------------[0m
[0m[INFO] [1784395925.782521943]: update topo skeleton cost: 10.657990ms, update odom vertex cost:216.185534ms [0m
[0m[INFO] [1784395925.782555643]: [highspeed_exp adapter] safety map ready=1 rog_ready=1 cloud_size=9665[0m
[0m[INFO] [1784395925.782664622]: vp cluster cost: 0.005960ms  ,remove unreachable cost: 0.001880ms, select vp cost: 0.049589ms[0m
[1;33m-------------Plan Global Path end-----------------[0m

total time cost: 227.045ms
viz&&print cost:0.02209ms
 -- [TIMER] updateMap time consuming [32m 7.987232 ms[0m


[1;33m------------- <347> Plan Global Path start---------------[0m
[0m[INFO] [1784395926.021893650]: update topo skeleton cost: 9.410820ms, update odom vertex cost:210.729142ms [0m
[0m[INFO] [1784395926.022009949]: vp cluster cost: 0.003820ms  ,remove unreachable cost: 0.001530ms, select vp cost: 0.036890ms[0m
[1;33m-------------Plan Global Path end-----------------[0m

total time cost: 220.321ms
viz&&print cost:0.02077ms
 -- [TIMER] updateMap time consuming [32m 7.194949 ms[0m


[1;33m------------- <348> Plan Global Path start---------------[0m
[0m[INFO] [1784395926.281044491]: update topo skeleton cost: 24.583090ms, update odom vertex cost:214.607871ms [0m
[0m[INFO] [1784395926.281198070]: vp cluster cost: 0.004949ms  ,remove unreachable cost: 0.001620ms, select vp cost: 0.049450ms[0m
[0m[INFO] [1784395926.281373419]: [coverage candidate] promoted=2 frontend_active=0 speed=0.37538[0m
insert viewpoint to graph time: 20.5018 ms
[0m[INFO] [1784395926.302928845]: [edge cost] len=22.7653 total=14.7344 time=11.0393 turn_pen=3.66509 known_pen=0 backup_pen=0 yaw_pen=0.0300397 known_free=22.7653 min_clearance=0.614236 vel_limit=2.10224 reason=curvature backup_feasible=1[0m
[0m[INFO] [1784395926.303827587]: [candidate cost] chosen_cluster=-1 chosen_coverage=11434778887823029249 raw_best_cluster=-1 raw_best_coverage=11434778887823029249 | #0 c=-1/cp=11434778887823029249 J=10.3883 T=11.0393 TB=3.69513 R=0 G=0.423077 W=0 D=0 C=-3.5 | #1 c=-1/cp=18222022832936472484 J=14.6693 T=16.5578 TB=2.41034 R=0 G=0.482759 W=0 D=0 C=-3.33333[0m
calculate tsp cost matrix cost 1.95234ms

tour solver cost: 0.255478ms
[1;33m-------------Plan Global Path end-----------------[0m

total time cost: 267.893ms
[0m[INFO] [1784395926.309732196]: [finish gate] reset by planGlobalPath succeed[0m
[32m[planGlobalPath: succeed][0m: from PLAN_TRAJ to PLAN_TRAJ
viz&&print cost:0.038089ms
[33m[WARN] [1784395926.347346456]: [highspeed_exp adapter] optimized trajectory safety check failed; retry slower: attempt=1 guide_speed=2 t=9.6 state=out_of_map start_clearance=1.80012 segment_min_clearance=2.07858 blocked_clearance=2.07858 recovery=0 clearance_regressed=0 left_exploration_boxes=1[0m
[33m[WARN] [1784395926.351689209]: [highspeed_exp adapter] optimized trajectory safety check failed; retry slower: attempt=2 guide_speed=1.5 t=12.05 state=out_of_map start_clearance=1.80012 segment_min_clearance=2.17416 blocked_clearance=2.17416 recovery=0 clearance_regressed=0 left_exploration_boxes=1[0m
[33m[WARN] [1784395926.356038202]: [highspeed_exp adapter] optimized trajectory safety check failed; retry slower: attempt=3 guide_speed=1.1 t=16.15 state=out_of_map start_clearance=1.80012 segment_min_clearance=2.18062 blocked_clearance=2.18062 recovery=0 clearance_regressed=0 left_exploration_boxes=1[0m
[33m[WARN] [1784395926.360619223]: [highspeed_exp adapter] optimized trajectory safety check failed; retry slower: attempt=4 guide_speed=1 t=17.55 state=out_of_map start_clearance=1.80012 segment_min_clearance=2.18304 blocked_clearance=2.18304 recovery=0 clearance_regressed=0 left_exploration_boxes=1[0m
[33m[WARN] [1784395926.360666672]: [highspeed_exp adapter] General exploration MINCO optimization failed.[0m
[33m[WARN] [1784395926.360722682]: [coverage recovery] defer observation goal: id=11434778887823029249 approach=( 14.2574 -11.0353  2.24853) reason=trajectory failure observed_gain=0 no_gain_attempts=0 failure_attempts=1 exhausted=0 cooldown=45s active_deferred=17[0m
[33m[WARN] [1784395926.360834411]: [coverage recovery] local trajectory failed; account target failure immediately and select another observation target[0m
[0m[INFO] [1784395926.310431791]: [path condition] raw_pts=139 conditioned_pts=8 dense_pts=15 len=23.4603 known_free=23.4603 min_clearance=0.467016 turn=1.00297 max_local_turn=0.495143 initial_heading=1.28707 backup_feasible=1 sched_v=2 reason=curvature[0m
[0m[INFO] [1784395926.360693542]: [31m call planner [0m: 50.942[0m
[31m[PLAN_TRAJ: plan failed, keep safe terminal-stop trajectory][0m: from PLAN_TRAJ to EXEC_TRAJ
 -- [TIMER] updateMap time consuming [32m 7.213608 ms[0m
 -- [TIMER] updateMap time consuming [32m 8.426408 ms[0m
 -- [TIMER] updateMap time consuming [32m 7.311528 ms[0m
[0m[INFO] [1784395926.509828631]: [global update] actual callback interval=3654.24ms configured=200ms[0m


[1;33m------------- <349> Plan Global Path start---------------[0m
[0m[INFO] [1784395926.733532543]: update topo skeleton cost: 41.138200ms, update odom vertex cost:182.500624ms [0m
[0m[INFO] [1784395926.733671882]: vp cluster cost: 0.004220ms  ,remove unreachable cost: 0.001760ms, select vp cost: 0.050909ms[0m
insert viewpoint to graph time: 34.7484 ms
calculate tsp cost matrix cost 2.12695ms

tour solver cost: 0.248568ms
[1;33m-------------Plan Global Path end-----------------[0m

total time cost: 265.292ms
[32m[planGlobalPath: succeed][0m: from EXEC_TRAJ to PLAN_TRAJ
viz&&print cost:0.02469ms
[0m[INFO] [1784395926.776213710]: [path horizon] shorten high-curvature local path: horizon=11.5704m pts=9 turn=0.524079 max_local_turn=0.505194[0m
[0m[INFO] [1784395926.776235599]: [path condition] raw_pts=162 conditioned_pts=13 dense_pts=9 len=11.5704 known_free=11.5704 min_clearance=0.475782 turn=0.524079 max_local_turn=0.505194 initial_heading=1.14127 backup_feasible=1 sched_v=2 reason=curvature[0m
[0m[INFO] [1784395926.802833733]: [highspeed_exp adapter] backup not required for verified known-free terminal-stop primary. duration=11.7545 known_len=12.7842[0m
[0m[INFO] [1784395926.802935652]: [highspeed_exp adapter] planned General MINCO exploration traj: pieces=2, duration=11.7545, max_v=2.00231, max_a=0.756868, sfc(raw/simplified/final)=3/2/2, corridor=general, prefix=no, prefix_dur=0, switch_delay=0, head_path_dist=inf, shifted_start=0, sched_v=2, opt_v=2, opt_bound=4, suffix_max_v=2.00231, suffix_max_a=0.756868, terminal_v=0, backup=no, backup_start=inf, backup_known_len=12.7842, sched_reason=curvature[0m
[0m[INFO] [1784395926.802959812]: [31m call planner [0m: 27.766[0m
[32m[plan success: new traj pub][0m: from PLAN_TRAJ to EXEC_TRAJ
[0m[INFO] [1784395925.869111794]: Publish local map size: 9747[0m
[0m[INFO] [1784395926.870140109]: Publish local map size: 9949[0m
 -- [MARSIM] Running FPS: 198.446
[0m[INFO] [1784395926.803059491]: [cloud input] mode=approximate_sync points=10073 age=0.0391111s stamp_valid=1[0m
 -- [TIMER] updateMap time consuming [32m 6.675784 ms[0m
[0m[INFO] [1784395926.821418184]: cloud odom callback cost: map update:15.1158ms  update frontier clusters: 3.22074ms  total: 18.3365ms
[0m
[0m[INFO] [1784395926.829053069]: [coverage guidance] plan valid=1 map_v=103 frontier_v=103 zones(f/u)=292/244 observed=21840/35519 coverage=0.6149 voxels(f/o/u)=13509/6569/1762 active=0 reachable_unknown=159 route_nodes=160 preferred=0 cost=7.6ms[0m
 -- [TIMER] updateMap time consuming [32m 6.938231 ms[0m
 -- [TIMER] updateMap time consuming [32m 6.764622 ms[0m


[1;33m------------- <350> Plan Global Path start---------------[0m
[0m[INFO] [1784395927.200214067]: update topo skeleton cost: 38.183654ms, update odom vertex cost:175.354477ms [0m
[0m[INFO] [1784395927.200347965]: vp cluster cost: 0.004530ms  ,remove unreachable cost: 0.001440ms, select vp cost: 0.051200ms[0m
[0m[INFO] [1784395927.200475664]: [coverage candidate] promoted=2 frontend_active=0 speed=0.000387688[0m
insert viewpoint to graph time: 38.6831 ms
[0m[INFO] [1784395927.240247346]: [edge cost] len=31.8819 total=21.4112 time=16.141 turn_pen=5.18199 known_pen=0 backup_pen=0 yaw_pen=0.0882685 known_free=31.8819 min_clearance=0.608236 vel_limit=2 reason=curvature backup_feasible=1[0m
[0m[INFO] [1784395927.240901390]: [candidate cost] chosen_cluster=-1 chosen_coverage=18222022832936472484 raw_best_cluster=-1 raw_best_coverage=18222022832936472484 | #0 c=-1/cp=18222022832936472484 J=17.1124 T=16.141 TB=5.27026 R=0 G=0.482759 W=0 D=0 C=-3.33333 | #1 c=-1/cp=12440258375832722594 J=21.77 T=19.7707 TB=5.86604 R=0 G=0.333333 W=0 D=0 C=-3.2[0m
calculate tsp cost matrix cost 1.74147ms

tour solver cost: 0.243848ms
[1;33m-------------Plan Global Path end-----------------[0m

total time cost: 258.873ms
[32m[planGlobalPath: succeed][0m: from EXEC_TRAJ to PLAN_TRAJ
viz&&print cost:0.02285ms
[33m[WARN] [1784395927.277320980]: [highspeed_exp adapter] optimized trajectory safety check failed; retry slower: attempt=1 guide_speed=2 t=4.1 state=out_of_map start_clearance=1.70551 segment_min_clearance=2.03962 blocked_clearance=2.11522 recovery=0 clearance_regressed=0 left_exploration_boxes=1[0m
[33m[WARN] [1784395927.279989907]: [highspeed_exp adapter] optimized trajectory safety check failed; retry slower: attempt=2 guide_speed=1.5 t=4.5 state=out_of_map start_clearance=1.70551 segment_min_clearance=2.07325 blocked_clearance=2.12507 recovery=0 clearance_regressed=0 left_exploration_boxes=1[0m
[33m[WARN] [1784395927.282579085]: [highspeed_exp adapter] optimized trajectory safety check failed; retry slower: attempt=3 guide_speed=1.1 t=5.4 state=out_of_map start_clearance=1.70551 segment_min_clearance=2.34933 blocked_clearance=2.39397 recovery=0 clearance_regressed=0 left_exploration_boxes=1[0m
[0m[INFO] [1784395927.246689111]: [path condition] raw_pts=162 conditioned_pts=13 dense_pts=9 len=11.5704 known_free=11.5704 min_clearance=0.475782 turn=0.524081 max_local_turn=0.505195 initial_heading=1.13691 backup_feasible=1 sched_v=2 reason=curvature[0m
[0m[INFO] [1784395927.291675828]: [highspeed_exp adapter] planned General MINCO exploration traj: pieces=3, duration=18.7281, max_v=1.0053, max_a=0.3084, sfc(raw/simplified/final)=3/2/2, corridor=general, prefix=yes, prefix_dur=0.407872, switch_delay=0.45, head_path_dist=0.0104961, shifted_start=0, sched_v=2, opt_v=1, opt_bound=2, suffix_max_v=1.0053, suffix_max_a=0.3084, terminal_v=0, backup=no, backup_start=inf, backup_known_len=12.7871, sched_reason=curvature[0m
[0m[INFO] [1784395927.291717558]: [31m call planner [0m: 46.146[0m
[32m[plan success: new traj pub][0m: from PLAN_TRAJ to EXEC_TRAJ
 -- [TIMER] updateMap time consuming [32m 6.477084 ms[0m
 -- [TIMER] updateMap time consuming [32m 6.777963 ms[0m


[1;33m------------- <351> Plan Global Path start---------------[0m
[0m[INFO] [1784395927.674810745]: update topo skeleton cost: 36.589539ms, update odom vertex cost:192.593329ms [0m
[0m[INFO] [1784395927.674926244]: vp cluster cost: 0.004300ms  ,remove unreachable cost: 0.001800ms, select vp cost: 0.039989ms[0m
insert viewpoint to graph time: 38.6185 ms
calculate tsp cost matrix cost 1.63153ms

tour solver cost: 0.265948ms
[1;33m-------------Plan Global Path end-----------------[0m

total time cost: 274.114ms
[32m[planGlobalPath: succeed][0m: from EXEC_TRAJ to PLAN_TRAJ
viz&&print cost:0.01853ms
[0m[INFO] [1784395927.720757344]: [path horizon] shorten high-curvature local path: horizon=11.5697m pts=9 turn=0.524469 max_local_turn=0.505519[0m
[0m[INFO] [1784395927.720777474]: [path condition] raw_pts=162 conditioned_pts=13 dense_pts=9 len=11.5697 known_free=11.5697 min_clearance=0.475782 turn=0.524469 max_local_turn=0.505519 initial_heading=1.14246 backup_feasible=1 sched_v=2 reason=curvature[0m
[0m[INFO] [1784395927.745303995]: [highspeed_exp adapter] backup not required for verified known-free terminal-stop primary. duration=10.9605 known_len=12.6772[0m
[0m[INFO] [1784395927.745419424]: [highspeed_exp adapter] planned General MINCO exploration traj: pieces=3, duration=10.9605, max_v=2.00205, max_a=0.807702, sfc(raw/simplified/final)=3/2/2, corridor=general, prefix=yes, prefix_dur=0.427116, switch_delay=0.45, head_path_dist=0.047017, shifted_start=0, sched_v=2, opt_v=2, opt_bound=4, suffix_max_v=2.00205, suffix_max_a=0.807702, terminal_v=0, backup=no, backup_start=inf, backup_known_len=12.6772, sched_reason=curvature[0m
[0m[INFO] [1784395927.745447384]: [31m call planner [0m: 25.697[0m
[32m[plan success: new traj pub][0m: from PLAN_TRAJ to EXEC_TRAJ
 -- [TIMER] updateMap time consuming [32m 9.146972 ms[0m
 -- [TIMER] updateMap time consuming [32m 6.673373 ms[0m
[0m[INFO] [1784395927.868944402]: [cloud input] mode=approximate_sync points=9394 age=0.0049536s stamp_valid=1[0m
 -- [TIMER] updateMap time consuming [32m 6.386455 ms[0m
[0m[INFO] [1784395927.885996387]: cloud odom callback cost: map update:14.0148ms  update frontier clusters: 2.99464ms  total: 17.0094ms
[0m
[0m[INFO] [1784395927.919803959]: [global update] actual callback interval=474.188ms configured=200ms[0m


[1;33m------------- <352> Plan Global Path start---------------[0m
[0m[INFO] [1784395928.131272719]: update topo skeleton cost: 26.754672ms, update odom vertex cost:184.652018ms [0m
[0m[INFO] [1784395928.131324129]: [highspeed_exp adapter] safety map ready=1 rog_ready=1 cloud_size=9394[0m
[0m[INFO] [1784395928.131440148]: vp cluster cost: 0.006100ms  ,remove unreachable cost: 0.001830ms, select vp cost: 0.037680ms[0m
[0m[INFO] [1784395928.131583956]: [coverage candidate] promoted=2 frontend_active=0 speed=0.0861915[0m
insert viewpoint to graph time: 40.2354 ms
[0m[INFO] [1784395928.173192333]: [edge cost] len=39.1248 total=25.7663 time=19.7624 turn_pen=5.94803 known_pen=0 backup_pen=0 yaw_pen=0.0558759 known_free=39.1248 min_clearance=0.603891 vel_limit=2 reason=curvature backup_feasible=1[0m
[0m[INFO] [1784395928.173809627]: [candidate cost] chosen_cluster=-1 chosen_coverage=18222022832936472484 raw_best_cluster=-1 raw_best_coverage=18222022832936472484 | #0 c=-1/cp=18222022832936472484 J=17.242 T=16.1327 TB=5.40813 R=0 G=0.482759 W=0 D=0 C=-3.33333 | #1 c=-1/cp=12440258375832722594 J=21.8997 T=19.7624 TB=6.00391 R=0 G=0.333333 W=0 D=0 C=-3.2[0m
calculate tsp cost matrix cost 1.99642ms

tour solver cost: 0.262628ms
[1;33m-------------Plan Global Path end-----------------[0m

total time cost: 258.518ms
[32m[planGlobalPath: succeed][0m: from EXEC_TRAJ to PLAN_TRAJ
viz&&print cost:0.01556ms
[0m[INFO] [1784395928.179428659]: [path condition] raw_pts=161 conditioned_pts=14 dense_pts=10 len=11.5647 known_free=11.5647 min_clearance=0.48184 turn=0.52722 max_local_turn=0.355012 initial_heading=1.22392 backup_feasible=1 sched_v=2 reason=curvature[0m
[0m[INFO] [1784395928.217087489]: [highspeed_exp adapter] planned General MINCO exploration traj: pieces=3, duration=8.40372, max_v=2.62415, max_a=1.32113, sfc(raw/simplified/final)=3/2/2, corridor=general, prefix=yes, prefix_dur=0.413531, switch_delay=0.45, head_path_dist=0.110533, shifted_start=0, sched_v=2.62161, opt_v=2.62161, opt_bound=4, suffix_max_v=2.62415, suffix_max_a=1.32113, terminal_v=0, backup=no, backup_start=inf, backup_known_len=12.3058, sched_reason=curvature[0m
[0m[INFO] [1784395928.217123839]: [31m call planner [0m: 38.728[0m
[32m[plan success: new traj pub][0m: from PLAN_TRAJ to EXEC_TRAJ
 -- [TIMER] updateMap time consuming [32m 6.215707 ms[0m
 -- [TIMER] updateMap time consuming [32m 6.476424 ms[0m
 -- [TIMER] updateMap time consuming [32m 6.579294 ms[0m


[1;33m------------- <353> Plan Global Path start---------------[0m
[0m[INFO] [1784395928.619355347]: update topo skeleton cost: 47.076710ms, update odom vertex cost:185.873879ms [0m
[0m[INFO] [1784395928.619475496]: vp cluster cost: 0.018610ms  ,remove unreachable cost: 0.002090ms, select vp cost: 0.040099ms[0m
insert viewpoint to graph time: 38.2404 ms
calculate tsp cost matrix cost 1.88847ms

tour solver cost: 0.398196ms
[1;33m-------------Plan Global Path end-----------------[0m

total time cost: 278.381ms
[32m[planGlobalPath: succeed][0m: from EXEC_TRAJ to PLAN_TRAJ
viz&&print cost:0.03183ms
[0m[INFO] [1784395928.666049400]: [path horizon] shorten high-curvature local path: horizon=11.5507m pts=10 turn=0.535017 max_local_turn=0.321655[0m
[0m[INFO] [1784395928.666074340]: [path condition] raw_pts=161 conditioned_pts=14 dense_pts=10 len=11.5507 known_free=11.5507 min_clearance=0.482524 turn=0.535017 max_local_turn=0.321655 initial_heading=1.12955 backup_feasible=1 sched_v=2 reason=curvature[0m
[0m[INFO] [1784395928.694197191]: [highspeed_exp adapter] backup not required for verified known-free terminal-stop primary. duration=7.63508 known_len=12.0193[0m
[0m[INFO] [1784395928.694327650]: [highspeed_exp adapter] planned General MINCO exploration traj: pieces=3, duration=7.63508, max_v=2.81305, max_a=1.58082, sfc(raw/simplified/final)=3/2/2, corridor=general, prefix=yes, prefix_dur=0.422981, switch_delay=0.45, head_path_dist=0.206346, shifted_start=0, sched_v=2.81075, opt_v=2.81075, opt_bound=4, suffix_max_v=2.81305, suffix_max_a=1.58082, terminal_v=0, backup=no, backup_start=inf, backup_known_len=12.0193, sched_reason=curvature[0m
[0m[INFO] [1784395928.694363079]: [31m call planner [0m: 29.541[0m
[32m[plan success: new traj pub][0m: from PLAN_TRAJ to EXEC_TRAJ
 -- [TIMER] updateMap time consuming [32m 6.895671 ms[0m
 -- [TIMER] updateMap time consuming [32m 6.297106 ms[0m


[1;33m------------- <354> Plan Global Path start---------------[0m
[0m[INFO] [1784395929.078486043]: update topo skeleton cost: 39.337595ms, update odom vertex cost:174.271469ms [0m
[0m[INFO] [1784395929.078923189]: vp cluster cost: 0.004550ms  ,remove unreachable cost: 0.001510ms, select vp cost: 0.040980ms[0m
[0m[INFO] [1784395929.079060118]: [coverage candidate] promoted=2 frontend_active=0 speed=0.352505[0m
insert viewpoint to graph time: 39.4592 ms
[0m[INFO] [1784395929.119608853]: [edge cost] len=31.737 total=20.753 time=16.0685 turn_pen=4.58057 known_pen=0 backup_pen=0 yaw_pen=0.103882 known_free=31.737 min_clearance=0.608236 vel_limit=2 reason=curvature backup_feasible=1[0m
[0m[INFO] [1784395929.120226428]: [candidate cost] chosen_cluster=-1 chosen_coverage=18222022832936472484 raw_best_cluster=-1 raw_best_coverage=18222022832936472484 | #0 c=-1/cp=18222022832936472484 J=16.4541 T=16.0685 TB=4.68446 R=0 G=0.482759 W=0 D=0 C=-3.33333 | #1 c=-1/cp=12440258375832722594 J=21.1118 T=19.6982 TB=5.28024 R=0 G=0.333333 W=0 D=0 C=-3.2[0m
calculate tsp cost matrix cost 1.70256ms

tour solver cost: 0.281848ms
[1;33m-------------Plan Global Path end-----------------[0m

total time cost: 259.87ms
[32m[planGlobalPath: succeed][0m: from EXEC_TRAJ to PLAN_TRAJ
viz&&print cost:0.023699ms
[0m[INFO] [1784395929.125916460]: [path condition] raw_pts=137 conditioned_pts=15 dense_pts=8 len=10.3249 known_free=10.3249 min_clearance=0.479507 turn=0.551712 max_local_turn=0.417702 initial_heading=0.764833 backup_feasible=1 sched_v=2.8665 reason=curvature[0m
[0m[INFO] [1784395929.154313298]: [highspeed_exp adapter] planned General MINCO exploration traj: pieces=3, duration=6.39947, max_v=2.81693, max_a=1.78483, sfc(raw/simplified/final)=3/2/2, corridor=general, prefix=yes, prefix_dur=0.422347, switch_delay=0.45, head_path_dist=0.311033, shifted_start=0, sched_v=2.81367, opt_v=2.81367, opt_bound=4, suffix_max_v=2.81693, suffix_max_a=1.78483, terminal_v=0, backup=no, backup_start=inf, backup_known_len=10.305, sched_reason=curvature[0m
[0m[INFO] [1784395929.154347328]: [31m call planner [0m: 29.540[0m
[32m[plan success: new traj pub][0m: from PLAN_TRAJ to EXEC_TRAJ
[0m[INFO] [1784395927.970834894]: Publish local map size: 9913[0m
[0m[INFO] [1784395929.069312720]: Publish local map size: 9617[0m
 -- [MARSIM] Running FPS: 213.833
[0m[INFO] [1784395929.154422827]: [cloud input] mode=approximate_sync points=9617 age=0.0904552s stamp_valid=1[0m
 -- [TIMER] updateMap time consuming [32m 11.391534 ms[0m
[0m[INFO] [1784395929.178673191]: cloud odom callback cost: map update:20.011ms  update frontier clusters: 4.20444ms  total: 24.2155ms
[0m
[0m[INFO] [1784395929.185537663]: [coverage guidance] plan valid=1 map_v=105 frontier_v=105 zones(f/u)=289/245 observed=21905/35519 coverage=0.6167 voxels(f/o/u)=13554/6580/1771 active=0 reachable_unknown=159 route_nodes=160 preferred=0 cost=6.9ms[0m
 -- [TIMER] updateMap time consuming [32m 6.407936 ms[0m
 -- [TIMER] updateMap time consuming [32m 6.816232 ms[0m
[0m[INFO] [1784395929.324825549]: [global update] actual callback interval=459.952ms configured=200ms[0m


[1;33m------------- <355> Plan Global Path start---------------[0m
[0m[INFO] [1784395929.536832778]: update topo skeleton cost: 42.799966ms, update odom vertex cost:169.140633ms [0m
[0m[INFO] [1784395929.536988557]: vp cluster cost: 0.004400ms  ,remove unreachable cost: 0.001630ms, select vp cost: 0.051880ms[0m
[1;33m-------------Plan Global Path end-----------------[0m

total time cost: 212.157ms
[33m[WARN] [1784395929.537035216]: [finish gate] hold exploration after planGlobalPath: no frontier no_frontier_count=1 no_reachable_count=0[0m
[31m[planGlobalPath: no frontier: no frontier gated][0m: from EXEC_TRAJ to PLAN_TRAJ
viz&&print cost:0.03266ms


[1;33m------------- <356> Plan Global Path start---------------[0m
[0m[INFO] [1784395929.740705216]: update topo skeleton cost: 34.497177ms, update odom vertex cost:169.106003ms [0m
[0m[INFO] [1784395929.740850884]: vp cluster cost: 0.004010ms  ,remove unreachable cost: 0.001710ms, select vp cost: 0.039389ms[0m
[1;33m-------------Plan Global Path end-----------------[0m

total time cost: 203.811ms
viz&&print cost:0.0158ms
 -- [TIMER] updateMap time consuming [32m 9.489899 ms[0m


[1;33m------------- <357> Plan Global Path start---------------[0m
[0m[INFO] [1784395929.957449544]: update topo skeleton cost: 12.578393ms, update odom vertex cost:184.177445ms [0m
[0m[INFO] [1784395929.957624332]: vp cluster cost: 0.006470ms  ,remove unreachable cost: 0.002140ms, select vp cost: 0.044399ms[0m
[1;33m-------------Plan Global Path end-----------------[0m

total time cost: 196.991ms
viz&&print cost:0.01928ms
 -- [TIMER] updateMap time consuming [32m 7.050120 ms[0m


[1;33m------------- <358> Plan Global Path start---------------[0m
[0m[INFO] [1784395930.221430983]: update topo skeleton cost: 32.164247ms, update odom vertex cost:212.289728ms [0m
[0m[INFO] [1784395930.221471823]: [highspeed_exp adapter] safety map ready=1 rog_ready=1 cloud_size=9951[0m
[0m[INFO] [1784395930.221612921]: vp cluster cost: 0.004600ms  ,remove unreachable cost: 0.001490ms, select vp cost: 0.036519ms[0m
[1;33m-------------Plan Global Path end-----------------[0m

total time cost: 244.694ms
viz&&print cost:0.02061ms
[0m[INFO] [1784395930.221763830]: [cloud input] mode=approximate_sync points=10030 age=0.0578062s stamp_valid=1[0m
 -- [TIMER] updateMap time consuming [32m 10.002315 ms[0m
[0m[INFO] [1784395930.244933933]: cloud odom callback cost: map update:19.256ms  update frontier clusters: 3.88484ms  total: 23.1409ms
[0m


[1;33m------------- <359> Plan Global Path start---------------[0m
[0m[INFO] [1784395930.417351850]: update topo skeleton cost: 11.062066ms, update odom vertex cost:161.278581ms [0m
[0m[INFO] [1784395930.417533888]: vp cluster cost: 0.003600ms  ,remove unreachable cost: 0.001460ms, select vp cost: 0.045489ms[0m
[1;33m-------------Plan Global Path end-----------------[0m

total time cost: 172.58ms
viz&&print cost:0.01713ms
 -- [TIMER] updateMap time consuming [32m 6.698713 ms[0m


[1;33m------------- <360> Plan Global Path start---------------[0m
[0m[INFO] [1784395930.629384790]: update topo skeleton cost: 25.703972ms, update odom vertex cost:155.988406ms [0m
[0m[INFO] [1784395930.629603268]: vp cluster cost: 0.003920ms  ,remove unreachable cost: 0.001620ms, select vp cost: 0.031909ms[0m
[1;33m-------------Plan Global Path end-----------------[0m

total time cost: 181.972ms
[33m[WARN] [1784395930.629649328]: [finish gate] hold exploration after planGlobalPath: no frontier no_frontier_count=6 no_reachable_count=0[0m
[0m[INFO] [1784395930.629660768]: [frontier storage] labels=7954/7517 normals=71/823 clusters=0 terminal=0 cluster_cells(cap)=0 candidates(cap)=0 derived_viewpoints(cap)=0 estimated_kb=136.451 revision=240 audit_ready=1[0m
viz&&print cost:0.04886ms
 -- [TIMER] updateMap time consuming [32m 10.965937 ms[0m


[1;33m------------- <361> Plan Global Path start---------------[0m
[0m[INFO] [1784395930.889110646]: update topo skeleton cost: 41.620107ms, update odom vertex cost:194.034893ms [0m
[0m[INFO] [1784395930.889358284]: vp cluster cost: 0.003940ms  ,remove unreachable cost: 0.001550ms, select vp cost: 0.035470ms[0m
[1;33m-------------Plan Global Path end-----------------[0m

total time cost: 235.962ms
viz&&print cost:0.01815ms
 -- [TIMER] updateMap time consuming [32m 7.084020 ms[0m


[1;33m------------- <362> Plan Global Path start---------------[0m
[0m[INFO] [1784395931.144919896]: update topo skeleton cost: 41.479618ms, update odom vertex cost:175.720470ms [0m
[0m[INFO] [1784395931.145201983]: vp cluster cost: 0.010450ms  ,remove unreachable cost: 0.001610ms, select vp cost: 0.045199ms[0m
[1;33m-------------Plan Global Path end-----------------[0m

total time cost: 217.545ms
viz&&print cost:0.01837ms
[0m[INFO] [1784395930.170581084]: Publish local map size: 10030[0m
 -- [MARSIM] Running FPS: 200.933
 -- [TIMER] updateMap time consuming [32m 18.345504 ms[0m


[1;33m------------- <363> Plan Global Path start---------------[0m
[0m[INFO] [1784395931.439141541]: update topo skeleton cost: 64.544843ms, update odom vertex cost:200.309781ms [0m
[0m[INFO] [1784395931.439682897]: vp cluster cost: 0.007460ms  ,remove unreachable cost: 0.001930ms, select vp cost: 0.040170ms[0m
[1;33m-------------Plan Global Path end-----------------[0m

total time cost: 265.459ms
viz&&print cost:0.02082ms
[0m[INFO] [1784395931.439847915]: [cloud input] mode=approximate_sync points=9991 age=0.0758767s stamp_valid=1[0m
 -- [TIMER] updateMap time consuming [32m 9.293131 ms[0m
[0m[INFO] [1784395931.461981687]: cloud odom callback cost: map update:17.2073ms  update frontier clusters: 4.85859ms  total: 22.0659ms
[0m
[0m[INFO] [1784395931.469372555]: [coverage guidance] plan valid=1 map_v=107 frontier_v=107 zones(f/u)=290/243 observed=21949/35519 coverage=0.6180 voxels(f/o/u)=13592/6579/1778 active=0 reachable_unknown=159 route_nodes=160 preferred=0 cost=7.4ms[0m


[1;33m------------- <364> Plan Global Path start---------------[0m
[0m[INFO] [1784395931.749484910]: update topo skeleton cost: 55.397150ms, update odom vertex cost:231.884124ms [0m
[0m[INFO] [1784395931.749835587]: vp cluster cost: 0.004580ms  ,remove unreachable cost: 0.001720ms, select vp cost: 0.033290ms[0m
[1;33m-------------Plan Global Path end-----------------[0m

total time cost: 287.694ms
[33m[WARN] [1784395931.749887016]: [finish gate] hold exploration after planGlobalPath: no frontier no_frontier_count=10 no_reachable_count=0[0m
viz&&print cost:0.031949ms
 -- [TIMER] updateMap time consuming [32m 13.313087 ms[0m


[1;33m------------- <365> Plan Global Path start---------------[0m
[0m[INFO] [1784395932.000718380]: update topo skeleton cost: 47.262979ms, update odom vertex cost:179.072112ms [0m
[0m[INFO] [1784395932.000989488]: vp cluster cost: 0.005000ms  ,remove unreachable cost: 0.002030ms, select vp cost: 0.038410ms[0m
[1;33m-------------Plan Global Path end-----------------[0m

total time cost: 226.663ms
viz&&print cost:0.02115ms
 -- [TIMER] updateMap time consuming [32m 8.498787 ms[0m


[1;33m------------- <366> Plan Global Path start---------------[0m
[0m[INFO] [1784395932.230641253]: update topo skeleton cost: 30.682470ms, update odom vertex cost:179.580279ms [0m
[0m[INFO] [1784395932.230676182]: [highspeed_exp adapter] safety map ready=1 rog_ready=1 cloud_size=9959[0m
[0m[INFO] [1784395932.230914350]: vp cluster cost: 0.005500ms  ,remove unreachable cost: 0.001860ms, select vp cost: 0.043629ms[0m
[1;33m-------------Plan Global Path end-----------------[0m

total time cost: 210.596ms
viz&&print cost:0.02121ms
 -- [TIMER] updateMap time consuming [32m 10.429892 ms[0m


[1;33m------------- <367> Plan Global Path start---------------[0m
[0m[INFO] [1784395932.434270228]: update topo skeleton cost: 9.380510ms, update odom vertex cost:172.401280ms [0m
[0m[INFO] [1784395932.434508326]: vp cluster cost: 0.005570ms  ,remove unreachable cost: 0.001500ms, select vp cost: 0.046370ms[0m
[1;33m-------------Plan Global Path end-----------------[0m

total time cost: 182.078ms
viz&&print cost:0.0194ms
 -- [TIMER] updateMap time consuming [32m 10.248223 ms[0m


[1;33m------------- <368> Plan Global Path start---------------[0m
[0m[INFO] [1784395932.643197228]: update topo skeleton cost: 24.204425ms, update odom vertex cost:163.336177ms [0m
[0m[INFO] [1784395932.643400517]: vp cluster cost: 0.004790ms  ,remove unreachable cost: 0.001370ms, select vp cost: 0.044750ms[0m
[1;33m-------------Plan Global Path end-----------------[0m

total time cost: 187.809ms
viz&&print cost:0.02132ms
[0m[INFO] [1784395932.643540185]: [cloud input] mode=approximate_sync points=10039 age=0.0795747s stamp_valid=1[0m
 -- [TIMER] updateMap time consuming [32m 11.818180 ms[0m
[0m[INFO] [1784395932.668648553]: cloud odom callback cost: map update:21.9776ms  update frontier clusters: 3.09581ms  total: 25.0735ms
[0m


[1;33m------------- <369> Plan Global Path start---------------[0m
[0m[INFO] [1784395932.859297818]: update topo skeleton cost: 27.514577ms, update odom vertex cost:163.016580ms [0m
[0m[INFO] [1784395932.859498627]: vp cluster cost: 0.006940ms  ,remove unreachable cost: 0.002780ms, select vp cost: 0.048620ms[0m
[1;33m-------------Plan Global Path end-----------------[0m

total time cost: 190.821ms
[33m[WARN] [1784395932.859571396]: [finish gate] hold exploration after planGlobalPath: no frontier no_frontier_count=15 no_reachable_count=0[0m
viz&&print cost:0.0443ms
 -- [TIMER] updateMap time consuming [32m 10.661649 ms[0m


[1;33m------------- <370> Plan Global Path start---------------[0m
[0m[INFO] [1784395933.054930662]: update topo skeleton cost: 23.577461ms, update odom vertex cost:148.651961ms [0m
[0m[INFO] [1784395933.055061421]: vp cluster cost: 0.004090ms  ,remove unreachable cost: 0.001290ms, select vp cost: 0.035750ms[0m
[1;33m-------------Plan Global Path end-----------------[0m

total time cost: 172.418ms
viz&&print cost:0.02246ms
[0m[INFO] [1784395931.269304581]: Publish local map size: 9634[0m
[0m[INFO] [1784395932.269404444]: Publish local map size: 9142[0m
 -- [MARSIM] Running FPS: 199.853
 -- [TIMER] updateMap time consuming [32m 10.801968 ms[0m
 -- [TIMER] updateMap time consuming [32m 6.030038 ms[0m


[1;33m------------- <371> Plan Global Path start---------------[0m
[0m[INFO] [1784395933.285856848]: update topo skeleton cost: 25.020439ms, update odom vertex cost:167.410933ms [0m
[0m[INFO] [1784395933.285998697]: vp cluster cost: 0.004140ms  ,remove unreachable cost: 0.001869ms, select vp cost: 0.050550ms[0m
[1;33m-------------Plan Global Path end-----------------[0m

total time cost: 192.63ms
viz&&print cost:0.02162ms
 -- [TIMER] updateMap time consuming [32m 12.953091 ms[0m


[1;33m------------- <372> Plan Global Path start---------------[0m
[0m[INFO] [1784395933.466989336]: update topo skeleton cost: 8.075012ms, update odom vertex cost:148.552813ms [0m
[0m[INFO] [1784395933.467157764]: vp cluster cost: 0.006680ms  ,remove unreachable cost: 0.002340ms, select vp cost: 0.063169ms[0m
[1;33m-------------Plan Global Path end-----------------[0m

total time cost: 156.867ms
viz&&print cost:0.025ms
 -- [TIMER] updateMap time consuming [32m 6.858863 ms[0m
 -- [TIMER] updateMap time consuming [32m 18.292235 ms[0m


[1;33m------------- <373> Plan Global Path start---------------[0m
[0m[INFO] [1784395933.692156981]: update topo skeleton cost: 8.896795ms, update odom vertex cost:170.540847ms [0m
[0m[INFO] [1784395933.692296670]: vp cluster cost: 0.005930ms  ,remove unreachable cost: 0.002060ms, select vp cost: 0.045600ms[0m
[1;33m-------------Plan Global Path end-----------------[0m

total time cost: 179.647ms
viz&&print cost:0.02341ms
[0m[INFO] [1784395933.692458768]: [cloud input] mode=approximate_sync points=9997 age=0.0284936s stamp_valid=1[0m
 -- [TIMER] updateMap time consuming [32m 12.696513 ms[0m
[0m[INFO] [1784395933.716289547]: cloud odom callback cost: map update:21.1059ms  update frontier clusters: 2.69566ms  total: 23.8016ms
[0m
[0m[INFO] [1784395933.724571747]: [coverage guidance] plan valid=1 map_v=109 frontier_v=109 zones(f/u)=291/243 observed=22005/35519 coverage=0.6195 voxels(f/o/u)=13643/6576/1786 active=0 reachable_unknown=159 route_nodes=160 preferred=0 cost=8.3ms[0m


[1;33m------------- <374> Plan Global Path start---------------[0m
[0m[INFO] [1784395933.915015586]: update topo skeleton cost: 40.777986ms, update odom vertex cost:157.872824ms [0m
[0m[INFO] [1784395933.915122425]: vp cluster cost: 0.004960ms  ,remove unreachable cost: 0.001610ms, select vp cost: 0.027210ms[0m
[1;33m-------------Plan Global Path end-----------------[0m

total time cost: 198.82ms
[33m[WARN] [1784395933.915180114]: [finish gate] hold exploration after planGlobalPath: no frontier no_frontier_count=20 no_reachable_count=0[0m
viz&&print cost:0.03478ms
 -- [TIMER] updateMap time consuming [32m 15.284311 ms[0m


[1;33m------------- <375> Plan Global Path start---------------[0m
[0m[INFO] [1784395934.172012943]: update topo skeleton cost: 16.859487ms, update odom vertex cost:215.082342ms [0m
[0m[INFO] [1784395934.172142932]: vp cluster cost: 0.005090ms  ,remove unreachable cost: 0.001670ms, select vp cost: 0.056750ms[0m
[1;33m-------------Plan Global Path end-----------------[0m

total time cost: 232.14ms
viz&&print cost:0.02061ms
 -- [TIMER] updateMap time consuming [32m 14.246259 ms[0m


[1;33m------------- <376> Plan Global Path start---------------[0m
[0m[INFO] [1784395934.427748022]: update topo skeleton cost: 15.806707ms, update odom vertex cost:216.022834ms [0m
[0m[INFO] [1784395934.427785832]: [highspeed_exp adapter] safety map ready=1 rog_ready=1 cloud_size=8863[0m
[0m[INFO] [1784395934.427888411]: vp cluster cost: 0.007430ms  ,remove unreachable cost: 0.004070ms, select vp cost: 0.062310ms[0m
[1;33m-------------Plan Global Path end-----------------[0m

total time cost: 232.08ms
viz&&print cost:0.02997ms
 -- [TIMER] updateMap time consuming [32m 6.520475 ms[0m


[1;33m------------- <377> Plan Global Path start---------------[0m
[0m[INFO] [1784395934.705991381]: update topo skeleton cost: 41.108643ms, update odom vertex cost:221.088522ms [0m
[0m[INFO] [1784395934.706087620]: vp cluster cost: 0.004250ms  ,remove unreachable cost: 0.001840ms, select vp cost: 0.044440ms[0m
[1;33m-------------Plan Global Path end-----------------[0m

total time cost: 262.354ms
viz&&print cost:0.023669ms
[0m[INFO] [1784395934.706242259]: [cloud input] mode=approximate_sync points=9226 age=0.0422743s stamp_valid=1[0m
 -- [TIMER] updateMap time consuming [32m 14.813095 ms[0m
[0m[INFO] [1784395934.730133756]: cloud odom callback cost: map update:21.1342ms  update frontier clusters: 2.71723ms  total: 23.8514ms
[0m


[1;33m------------- <378> Plan Global Path start---------------[0m
[0m[INFO] [1784395934.980704909]: update topo skeleton cost: 18.890480ms, update odom vertex cost:231.586713ms [0m
[0m[INFO] [1784395934.980784758]: vp cluster cost: 0.003280ms  ,remove unreachable cost: 0.001430ms, select vp cost: 0.032410ms[0m
[1;33m-------------Plan Global Path end-----------------[0m

total time cost: 250.626ms
[33m[WARN] [1784395934.980843078]: [finish gate] hold exploration after planGlobalPath: no frontier no_frontier_count=24 no_reachable_count=0[0m
viz&&print cost:0.03216ms
 -- [TIMER] updateMap time consuming [32m 8.315240 ms[0m


[1;33m------------- <379> Plan Global Path start---------------[0m
[0m[INFO] [1784395935.085028798]: update topo skeleton cost: 18.425294ms, update odom vertex cost:68.597432ms [0m
[0m[INFO] [1784395935.085163717]: vp cluster cost: 0.004240ms  ,remove unreachable cost: 0.001600ms, select vp cost: 0.051669ms[0m
[0m[INFO] [1784395935.085270906]: [coverage candidate] promoted=2 frontend_active=0 speed=0.422657[0m
insert viewpoint to graph time: 16.721 ms
[0m[INFO] [1784395935.102307092]: [edge cost] len=5.13959 total=6.58793 time=2.7698 turn_pen=3.76422 known_pen=0 backup_pen=0 yaw_pen=0.053916 known_free=5.13959 min_clearance=0.524347 vel_limit=2 reason=curvature backup_feasible=1[0m
[0m[INFO] [1784395935.105107029]: [candidate cost] chosen_cluster=-1 chosen_coverage=14555570020351194872 raw_best_cluster=-1 raw_best_coverage=14555570020351194872 | #0 c=-1/cp=14555570020351194872 J=4.2197 T=2.7698 TB=3.81813 R=2.57724 G=0.142857 W=0 D=0 C=-3.5 | #1 c=-1/cp=18222022832936472484 J=8.31797 T=5.11102 TB=0.643889 R=12 G=0.482759 W=0 D=0 C=-3.07143[0m
calculate tsp cost matrix cost 3.12293ms

tour solver cost: 0.260067ms
[1;33m-------------Plan Global Path end-----------------[0m

total time cost: 110.964ms
[0m[INFO] [1784395935.108983046]: [finish gate] reset by planGlobalPath succeed[0m
[32m[planGlobalPath: succeed][0m: from PLAN_TRAJ to PLAN_TRAJ
viz&&print cost:0.05527ms
[0m[INFO] [1784395935.109204494]: [path condition] raw_pts=9 conditioned_pts=3 dense_pts=4 len=5.13959 known_free=5.13959 min_clearance=0.524347 turn=1.56279 max_local_turn=1.56279 initial_heading=2.28134 backup_feasible=1 sched_v=2 reason=curvature[0m
[0m[INFO] [1784395935.116570532]: [highspeed_exp adapter] backup not required for verified known-free terminal-stop primary. duration=4.19993 known_len=3.8963[0m
[0m[INFO] [1784395935.116624491]: [highspeed_exp adapter] planned General MINCO exploration traj: pieces=2, duration=4.19993, max_v=2.00294, max_a=1.74811, sfc(raw/simplified/final)=2/2/2, corridor=general, prefix=no, prefix_dur=0, switch_delay=0, head_path_dist=inf, shifted_start=0, sched_v=2, opt_v=2, opt_bound=2, suffix_max_v=2.00294, suffix_max_a=1.74811, terminal_v=0, backup=no, backup_start=inf, backup_known_len=3.8963, sched_reason=curvature[0m
[0m[INFO] [1784395935.116639911]: [31m call planner [0m: 7.640[0m
[32m[plan success: new traj pub][0m: from PLAN_TRAJ to EXEC_TRAJ
[0m[INFO] [1784395933.269510607]: Publish local map size: 8843[0m
[0m[INFO] [1784395934.271033316]: Publish local map size: 10038[0m
 -- [MARSIM] Running FPS: 192.847
 -- [TIMER] updateMap time consuming [32m 7.756575 ms[0m
 -- [TIMER] updateMap time consuming [32m 6.891272 ms[0m
 -- [TIMER] updateMap time consuming [32m 6.749634 ms[0m
[0m[INFO] [1784395935.309081047]: [global update] actual callback interval=5984.26ms configured=200ms[0m
 -- [TIMER] updateMap time consuming [32m 6.841653 ms[0m
 -- [TIMER] updateMap time consuming [32m 8.230871 ms[0m
 -- [TIMER] updateMap time consuming [32m 9.919526 ms[0m


[1;33m------------- <381> Plan Global Path start---------------[0m
[0m[INFO] [1784395935.768893405]: update topo skeleton cost: 33.532037ms, update odom vertex cost:137.074333ms [0m
[0m[INFO] [1784395935.769040834]: vp cluster cost: 0.004620ms  ,remove unreachable cost: 0.001840ms, select vp cost: 0.042589ms[0m
[0m[INFO] [1784395935.769220243]: [coverage candidate] promoted=2 frontend_active=0 speed=0.0996342[0m
insert viewpoint to graph time: 24.4723 ms
[0m[INFO] [1784395935.793954144]: [edge cost] len=5.12841 total=2.66849 time=2.00947 turn_pen=0.539707 known_pen=0 backup_pen=0 yaw_pen=0.11931 known_free=5.12841 min_clearance=0.527839 vel_limit=3 reason=known_free backup_feasible=1[0m
[0m[INFO] [1784395935.796438243]: [candidate cost] chosen_cluster=-1 chosen_coverage=14555570020351194872 raw_best_cluster=-1 raw_best_coverage=14555570020351194872 | #0 c=-1/cp=14555570020351194872 J=0.660761 T=2.00947 TB=0.659017 R=3.23271 G=0.142857 W=0 D=0 C=-3.5 | #1 c=-1/cp=12732745767517254283 J=7.57118 T=5.06099 TB=2.70398 R=7.02141 G=0.444444 W=0 D=0 C=-3.16667[0m
calculate tsp cost matrix cost 2.75632ms

tour solver cost: 0.294727ms
[1;33m-------------Plan Global Path end-----------------[0m

total time cost: 202.089ms
[32m[planGlobalPath: succeed][0m: from EXEC_TRAJ to PLAN_TRAJ
[0m[INFO] [1784395935.800393379]: [frontier storage] labels=7968/7517 normals=71/823 clusters=0 terminal=0 cluster_cells(cap)=0 candidates(cap)=0 derived_viewpoints(cap)=0 estimated_kb=136.574 revision=240 audit_ready=1[0m
viz&&print cost:0.062999ms
[0m[INFO] [1784395935.800625898]: [path condition] raw_pts=9 conditioned_pts=3 dense_pts=4 len=5.12841 known_free=5.12841 min_clearance=0.527839 turn=1.56436 max_local_turn=1.56436 initial_heading=0.327094 backup_feasible=1 sched_v=2 reason=curvature[0m
[0m[INFO] [1784395935.806711976]: [highspeed_exp adapter] backup not required for verified known-free terminal-stop primary. duration=3.00794 known_len=3.84434[0m
[0m[INFO] [1784395935.806763396]: [highspeed_exp adapter] planned General MINCO exploration traj: pieces=3, duration=3.00794, max_v=2.47595, max_a=2.83957, sfc(raw/simplified/final)=2/2/2, corridor=general, prefix=yes, prefix_dur=0.44424, switch_delay=0.45, head_path_dist=0.121328, shifted_start=0, sched_v=2, opt_v=2, opt_bound=3, suffix_max_v=2.47595, suffix_max_a=2.83957, terminal_v=0, backup=no, backup_start=inf, backup_known_len=3.84434, sched_reason=curvature[0m
[0m[INFO] [1784395935.806781596]: [31m call planner [0m: 6.357[0m
[32m[plan success: new traj pub][0m: from PLAN_TRAJ to EXEC_TRAJ
[0m[INFO] [1784395935.806860675]: [cloud input] mode=approximate_sync points=9982 age=0.0428963s stamp_valid=1[0m
 -- [TIMER] updateMap time consuming [32m 6.746374 ms[0m
[0m[INFO] [1784395935.822507253]: cloud odom callback cost: map update:12.614ms  update frontier clusters: 3.011ms  total: 15.625ms
[0m
[0m[INFO] [1784395935.829960810]: [coverage guidance] plan valid=1 map_v=111 frontier_v=111 zones(f/u)=287/234 observed=22177/35519 coverage=0.6244 voxels(f/o/u)=13805/6576/1796 active=0 reachable_unknown=159 route_nodes=160 preferred=0 cost=7.4ms[0m
 -- [TIMER] updateMap time consuming [32m 6.469045 ms[0m
 -- [TIMER] updateMap time consuming [32m 5.697651 ms[0m


[1;33m------------- <382> Plan Global Path start---------------[0m
[33m[WARN] [1784395936.267110192]: [coverage recovery] defer observation goal: id=13916029186365266173 approach=(  14.1794 -0.445038   1.86336) reason=unsafe observation point observed_gain=0 no_gain_attempts=0 failure_attempts=0 exhausted=1 cooldown=45s active_deferred=18[0m
[33m[WARN] [1784395936.267186682]: [coverage recovery] defer observation goal: id=13387626987736955254 approach=(13.9458 -3.5625   1.875) reason=observation ray occluded observed_gain=0 no_gain_attempts=0 failure_attempts=0 exhausted=1 cooldown=45s active_deferred=19[0m
[0m[INFO] [1784395936.266808725]: update topo skeleton cost: 47.368371ms, update odom vertex cost:218.935804ms [0m
[0m[INFO] [1784395936.267031673]: vp cluster cost: 0.005980ms  ,remove unreachable cost: 0.001950ms, select vp cost: 0.043740ms[0m
insert viewpoint to graph time: 58.6859 ms
[0m[INFO] [1784395936.326842648]: [edge cost] len=13.4928 total=11.4563 time=6.94638 turn_pen=4.47247 known_pen=0 backup_pen=0 yaw_pen=0.0374458 known_free=13.4928 min_clearance=0.566766 vel_limit=2 reason=curvature backup_feasible=1[0m
[0m[INFO] [1784395936.327262365]: [candidate cost] chosen_cluster=-1 chosen_coverage=12089519370554319212 raw_best_cluster=-1 raw_best_coverage=12089519370554319212 | #0 c=-1/cp=12089519370554319212 J=14.2199 T=6.94638 TB=4.50991 R=12 G=0.318182 W=0 D=0 C=-3.2 | #1 c=-1/cp=7552336622608097646 J=14.8396 T=8.92015 TB=4.49658 R=9.91443 G=0.459459 W=0 D=0 C=-3.11111[0m
calculate tsp cost matrix cost 1.28513ms

tour solver cost: 0.479326ms
[1;33m-------------Plan Global Path end-----------------[0m

total time cost: 332.3ms
[32m[planGlobalPath: succeed][0m: from EXEC_TRAJ to PLAN_TRAJ
viz&&print cost:0.07577ms
[33m[WARN] [1784395936.333870939]: [path gate] reject target before optimization: len=13.4928 known_free=13.4928 min_clearance=0.566766 turn=0.920919 max_local_turn=0.714339 initial_heading=2.70835 yaw_delta=2.60813 backup_feasible=1 sched_v=2 reason=curvature high_speed=0 reversal=1 geometry_rejected=1 safety_rejected=0 speed=0.481567[0m
[33m[WARN] [1784395936.333914729]: [coverage recovery] defer observation goal: id=12089519370554319212 approach=(10.885 -11.17  2.165) reason=trajectory failure observed_gain=0 no_gain_attempts=0 failure_attempts=1 exhausted=0 cooldown=45s active_deferred=20[0m
[33m[WARN] [1784395936.333971018]: [coverage recovery] local trajectory failed; account target failure immediately and select another observation target[0m
[0m[INFO] [1784395936.333898979]: [31m call planner [0m: 1.013[0m
[31m[PLAN_TRAJ: brake before large turn][0m: from PLAN_TRAJ to REORIENT
[33m[WARN] [1784395936.348562065]: [controlled stop] committed braking trajectory: id=129 speed=1.12225 prefix=0.08 duration=0.73 distance=0.510501 terminal_v=6.15749e-15 terminal_a=1.98603e-14[0m
[33m[WARN] [1784395936.348591935]: [controlled stop] published braking trajectory id=129 duration=0.73[0m
[33m[WARN] [1784395936.348604375]: [reorient] request controlled stop: speed=0.952851 elapsed=0.0144581 backup_braking=0 odom_age=1.887e-05[0m
[33m[WARN] [1784395936.348614415]: [reorient] braking before goal reversal: speed=0.952851 elapsed=0.0144581 backup_braking=0 odom_age=1.887e-05 odom_fresh=1[0m
 -- [TIMER] updateMap time consuming [32m 5.789201 ms[0m
 -- [TIMER] updateMap time consuming [32m 6.603065 ms[0m
 -- [TIMER] updateMap time consuming [32m 5.951260 ms[0m
[0m[INFO] [1784395936.532894971]: [global update] actual callback interval=532.408ms configured=200ms[0m


[1;33m------------- <383> Plan Global Path start---------------[0m
[0m[INFO] [1784395936.810091334]: update topo skeleton cost: 41.786347ms, update odom vertex cost:235.344686ms [0m
[0m[INFO] [1784395936.810123783]: [highspeed_exp adapter] safety map ready=1 rog_ready=1 cloud_size=10075[0m
[0m[INFO] [1784395936.810373871]: vp cluster cost: 0.004250ms  ,remove unreachable cost: 0.001380ms, select vp cost: 0.042699ms[0m
[1;33m-------------Plan Global Path end-----------------[0m

total time cost: 277.475ms
[33m[WARN] [1784395936.810423091]: [finish gate] hold exploration after planGlobalPath: no frontier no_frontier_count=1 no_reachable_count=0[0m
[31m[planGlobalPath: no frontier: no frontier gated][0m: from REORIENT to PLAN_TRAJ
viz&&print cost:0.03094ms
[33m[WARN] [1784395937.086182816]: [highspeed_traj_server] trajectory 129 exhausted at 0.738/0.730 s; entering endpoint HOLD (terminal |v|=0.000 m/s, |a|=0.000 m/s^2).[0m


[1;33m------------- <384> Plan Global Path start---------------[0m
[0m[INFO] [1784395937.091719820]: update topo skeleton cost: 50.041898ms, update odom vertex cost:231.190741ms [0m
[0m[INFO] [1784395937.091994727]: vp cluster cost: 0.003960ms  ,remove unreachable cost: 0.001740ms, select vp cost: 0.032269ms[0m
[1;33m-------------Plan Global Path end-----------------[0m

total time cost: 281.572ms
viz&&print cost:0.02394ms
[0m[INFO] [1784395935.369573056]: Publish local map size: 9568[0m
[0m[INFO] [1784395936.469156219]: Publish local map size: 10075[0m
 -- [MARSIM] Running FPS: 197.799
[0m[INFO] [1784395937.092200775]: [cloud input] mode=approximate_sync points=10127 age=0.0282741s stamp_valid=1[0m
 -- [TIMER] updateMap time consuming [32m 10.848949 ms[0m
[0m[INFO] [1784395937.114374899]: cloud odom callback cost: map update:19.0214ms  update frontier clusters: 3.11882ms  total: 22.1402ms
[0m


[1;33m------------- <385> Plan Global Path start---------------[0m
[0m[INFO] [1784395937.378960320]: update topo skeleton cost: 29.480672ms, update odom vertex cost:235.022580ms [0m
[0m[INFO] [1784395937.379155738]: vp cluster cost: 0.003800ms  ,remove unreachable cost: 0.001210ms, select vp cost: 0.046049ms[0m
[0m[INFO] [1784395937.379306197]: [coverage candidate] promoted=2 frontend_active=0 speed=1.10329e-06[0m
insert viewpoint to graph time: 16.2068 ms
[0m[INFO] [1784395937.396111876]: [edge cost] len=9.61981 total=6.80187 time=5.0099 turn_pen=1.74866 known_pen=0 backup_pen=0 yaw_pen=0.0433063 known_free=9.61981 min_clearance=0.46704 vel_limit=2 reason=curvature backup_feasible=1[0m
[0m[INFO] [1784395937.397520424]: [candidate cost] chosen_cluster=-1 chosen_coverage=11399786211153078158 raw_best_cluster=-1 raw_best_coverage=11399786211153078158 | #0 c=-1/cp=11399786211153078158 J=2.84033 T=5.0099 TB=1.79197 R=0 G=0.230769 W=0 D=0 C=-3.5 | #1 c=-1/cp=7492851874377301754 J=13.3735 T=11.8087 TB=1.84842 R=7.11877 G=0.516129 W=0 D=0 C=-3.16667[0m
calculate tsp cost matrix cost 2.01625ms

tour solver cost: 0.279557ms
[1;33m-------------Plan Global Path end-----------------[0m

total time cost: 287.711ms
[0m[INFO] [1784395937.402182554]: [finish gate] reset by planGlobalPath succeed[0m
[32m[planGlobalPath: succeed][0m: from PLAN_TRAJ to PLAN_TRAJ
viz&&print cost:0.056579ms
[0m[INFO] [1784395937.402627001]: [path condition] raw_pts=28 conditioned_pts=5 dense_pts=8 len=9.45402 known_free=9.45402 min_clearance=0.547429 turn=0.410069 max_local_turn=0.215375 initial_heading=1.05975 backup_feasible=1 sched_v=2 reason=curvature[0m
[0m[INFO] [1784395937.418039031]: [highspeed_exp adapter] backup not required for verified known-free terminal-stop primary. duration=10.1312 known_len=9.27006[0m
[0m[INFO] [1784395937.418109770]: [highspeed_exp adapter] planned General MINCO exploration traj: pieces=1, duration=10.1312, max_v=2.00156, max_a=0.678549, sfc(raw/simplified/final)=3/1/1, corridor=general, prefix=no, prefix_dur=0, switch_delay=0, head_path_dist=inf, shifted_start=0, sched_v=2, opt_v=2, opt_bound=2, suffix_max_v=2.00156, suffix_max_a=0.678549, terminal_v=0, backup=no, backup_start=inf, backup_known_len=9.27006, sched_reason=curvature[0m
[0m[INFO] [1784395937.418133910]: [31m call planner [0m: 15.931[0m
[32m[plan success: new traj pub][0m: from PLAN_TRAJ to EXEC_TRAJ
 -- [TIMER] updateMap time consuming [32m 7.064100 ms[0m
 -- [TIMER] updateMap time consuming [32m 5.768491 ms[0m
 -- [TIMER] updateMap time consuming [32m 6.666014 ms[0m
[0m[INFO] [1784395937.602273629]: [global update] actual callback interval=1069.38ms configured=200ms[0m


[1;33m------------- <386> Plan Global Path start---------------[0m
[0m[INFO] [1784395937.874258228]: update topo skeleton cost: 34.439150ms, update odom vertex cost:237.489219ms [0m
[0m[INFO] [1784395937.874442387]: vp cluster cost: 0.003610ms  ,remove unreachable cost: 0.001590ms, select vp cost: 0.037220ms[0m
insert viewpoint to graph time: 21.0742 ms
[0m[INFO] [1784395937.896480741]: [edge cost] len=21.5389 total=12.8787 time=10.9694 turn_pen=1.80811 known_pen=0 backup_pen=0 yaw_pen=0.101199 known_free=21.5389 min_clearance=0.524793 vel_limit=2 reason=curvature backup_feasible=1[0m
calculate tsp cost matrix cost 1.59058ms

tour solver cost: 0.283608ms
[1;33m-------------Plan Global Path end-----------------[0m

total time cost: 299.585ms
[32m[planGlobalPath: succeed][0m: from EXEC_TRAJ to PLAN_TRAJ
viz&&print cost:0.0345ms
[0m[INFO] [1784395937.902303792]: [path condition] raw_pts=30 conditioned_pts=5 dense_pts=8 len=9.4536 known_free=9.4536 min_clearance=0.541977 turn=0.41007 max_local_turn=0.205242 initial_heading=1.09931 backup_feasible=1 sched_v=2 reason=curvature[0m
[0m[INFO] [1784395937.917115897]: [highspeed_exp adapter] planned General MINCO exploration traj: pieces=2, duration=7.17477, max_v=2.83743, max_a=1.38828, sfc(raw/simplified/final)=3/1/1, corridor=general, prefix=yes, prefix_dur=0.435942, switch_delay=0.45, head_path_dist=0.00310636, shifted_start=0, sched_v=2.83625, opt_v=2.83625, opt_bound=2.83625, suffix_max_v=2.83743, suffix_max_a=1.38828, terminal_v=0, backup=no, backup_start=inf, backup_known_len=9.26837, sched_reason=curvature[0m
[0m[INFO] [1784395937.917144427]: [31m call planner [0m: 15.190[0m
[32m[plan success: new traj pub][0m: from PLAN_TRAJ to EXEC_TRAJ
 -- [TIMER] updateMap time consuming [32m 7.318459 ms[0m
 -- [TIMER] updateMap time consuming [32m 5.886201 ms[0m
 -- [TIMER] updateMap time consuming [32m 6.207648 ms[0m


[1;33m------------- <387> Plan Global Path start---------------[0m
[0m[INFO] [1784395938.387426579]: update topo skeleton cost: 51.886503ms, update odom vertex cost:233.525326ms [0m
[0m[INFO] [1784395938.387882325]: vp cluster cost: 0.004500ms  ,remove unreachable cost: 0.001800ms, select vp cost: 0.232898ms[0m
[0m[INFO] [1784395938.388046064]: [coverage candidate] promoted=2 frontend_active=0 speed=0.030058[0m
insert viewpoint to graph time: 20.0331 ms
[0m[INFO] [1784395938.408431393]: [edge cost] len=9.4563 total=6.28155 time=4.57339 turn_pen=1.66683 known_pen=0 backup_pen=0 yaw_pen=0.041323 known_free=9.4563 min_clearance=0.524793 vel_limit=2.17071 reason=curvature backup_feasible=1[0m
[0m[INFO] [1784395938.409554323]: [candidate cost] chosen_cluster=-1 chosen_coverage=11399786211153078158 raw_best_cluster=-1 raw_best_coverage=11399786211153078158 | #0 c=-1/cp=11399786211153078158 J=2.32001 T=4.57339 TB=1.70816 R=0 G=0.230769 W=0 D=0 C=-3.5 | #1 c=-1/cp=7492851874377301754 J=11.4403 T=10.1372 TB=1.76461 R=6.79523 G=0.516129 W=0 D=0 C=-3.16667[0m
calculate tsp cost matrix cost 1.47488ms

tour solver cost: 0.262098ms
[1;33m-------------Plan Global Path end-----------------[0m

total time cost: 312.139ms
[32m[planGlobalPath: succeed][0m: from EXEC_TRAJ to PLAN_TRAJ
viz&&print cost:0.030079ms
[0m[INFO] [1784395938.414495802]: [path condition] raw_pts=30 conditioned_pts=5 dense_pts=8 len=9.44839 known_free=9.44839 min_clearance=0.542198 turn=0.410227 max_local_turn=0.206691 initial_heading=0.996406 backup_feasible=1 sched_v=2.22969 reason=curvature[0m
[0m[INFO] [1784395938.430155200]: [highspeed_exp adapter] backup not required for verified known-free terminal-stop primary. duration=6.62552 known_len=9.24484[0m
[0m[INFO] [1784395938.430234459]: [highspeed_exp adapter] planned General MINCO exploration traj: pieces=2, duration=6.62552, max_v=2.85611, max_a=1.40836, sfc(raw/simplified/final)=3/1/1, corridor=general, prefix=yes, prefix_dur=0.435032, switch_delay=0.45, head_path_dist=0.0155866, shifted_start=0, sched_v=2.8515, opt_v=2.8515, opt_bound=2.8515, suffix_max_v=2.85611, suffix_max_a=1.40836, terminal_v=0, backup=no, backup_start=inf, backup_known_len=9.24484, sched_reason=curvature[0m
[0m[INFO] [1784395938.430259629]: [31m call planner [0m: 16.078[0m
[32m[plan success: new traj pub][0m: from PLAN_TRAJ to EXEC_TRAJ
[0m[INFO] [1784395938.430373108]: [cloud input] mode=approximate_sync points=9674 age=0.0664062s stamp_valid=1[0m
 -- [TIMER] updateMap time consuming [32m 5.941200 ms[0m
[0m[INFO] [1784395938.445189853]: cloud odom callback cost: map update:12.0359ms  update frontier clusters: 2.75098ms  total: 14.7869ms
[0m
[0m[INFO] [1784395938.451477270]: [coverage guidance] plan valid=1 map_v=113 frontier_v=113 zones(f/u)=287/230 observed=22251/35519 coverage=0.6265 voxels(f/o/u)=13872/6575/1804 active=0 reachable_unknown=159 route_nodes=160 preferred=0 cost=6.3ms[0m
 -- [TIMER] updateMap time consuming [32m 5.641323 ms[0m
 -- [TIMER] updateMap time consuming [32m 5.814901 ms[0m
[0m[INFO] [1784395938.614225841]: [global update] actual callback interval=512.226ms configured=200ms[0m


[1;33m------------- <388> Plan Global Path start---------------[0m
[0m[INFO] [1784395938.875955229]: update topo skeleton cost: 60.030645ms, update odom vertex cost:201.638593ms [0m
[0m[INFO] [1784395938.875984078]: [highspeed_exp adapter] safety map ready=1 rog_ready=1 cloud_size=10072[0m
[0m[INFO] [1784395938.876215256]: vp cluster cost: 0.005030ms  ,remove unreachable cost: 0.001390ms, select vp cost: 0.039400ms[0m
insert viewpoint to graph time: 23.4957 ms
calculate tsp cost matrix cost 1.15488ms

tour solver cost: 0.295667ms
[1;33m-------------Plan Global Path end-----------------[0m

total time cost: 291.09ms
[32m[planGlobalPath: succeed][0m: from EXEC_TRAJ to PLAN_TRAJ
viz&&print cost:0.040239ms
[33m[WARN] [1784395938.951344965]: [highspeed_exp adapter] optimized trajectory safety check failed; retry slower: attempt=1 guide_speed=2.45213 t=6.35 state=out_of_map start_clearance=0.890857 segment_min_clearance=2.86778 blocked_clearance=2.90818 recovery=0 clearance_regressed=0 left_exploration_boxes=1[0m
[33m[WARN] [1784395938.959301768]: [highspeed_exp adapter] optimized trajectory safety check failed; retry slower: attempt=2 guide_speed=1.8391 t=8.05 state=out_of_map start_clearance=0.890857 segment_min_clearance=2.84786 blocked_clearance=2.91102 recovery=0 clearance_regressed=0 left_exploration_boxes=1[0m
[0m[INFO] [1784395938.906218294]: [path condition] raw_pts=35 conditioned_pts=9 dense_pts=16 len=22.2453 known_free=22.2453 min_clearance=0.672626 turn=3.21295 max_local_turn=0.943377 initial_heading=0.224731 backup_feasible=1 sched_v=2.45213 reason=curvature[0m
[0m[INFO] [1784395938.972629746]: [highspeed_exp adapter] backup not required for verified known-free terminal-stop primary. duration=18.4847 known_len=20.7252[0m
[0m[INFO] [1784395938.972772684]: [highspeed_exp adapter] planned General MINCO exploration traj: pieces=4, duration=18.4847, max_v=2.35074, max_a=1.20433, sfc(raw/simplified/final)=4/3/3, corridor=general, prefix=yes, prefix_dur=0.386244, switch_delay=0.45, head_path_dist=0.0986479, shifted_start=0, sched_v=2.45213, opt_v=1.34867, opt_bound=2.75, suffix_max_v=2.35074, suffix_max_a=1.20433, terminal_v=0, backup=no, backup_start=inf, backup_known_len=20.7252, sched_reason=curvature[0m
[0m[INFO] [1784395938.972807274]: [31m call planner [0m: 67.396[0m
[32m[plan success: new traj pub][0m: from PLAN_TRAJ to EXEC_TRAJ
 -- [TIMER] updateMap time consuming [32m 5.282125 ms[0m
 -- [TIMER] updateMap time consuming [32m 5.404945 ms[0m


[1;33m------------- <389> Plan Global Path start---------------[0m
[0m[INFO] [1784395937.569074059]: Publish local map size: 10083[0m
[0m[INFO] [1784395938.668880391]: Publish local map size: 9658[0m
 -- [MARSIM] Running FPS: 205.103
[0m[INFO] [1784395939.359062037]: update topo skeleton cost: 45.695616ms, update odom vertex cost:207.886393ms [0m
[0m[INFO] [1784395939.359480384]: vp cluster cost: 0.006290ms  ,remove unreachable cost: 0.002550ms, select vp cost: 0.067139ms[0m
[0m[INFO] [1784395939.359763051]: [coverage candidate] promoted=2 frontend_active=0 speed=0.436338[0m
insert viewpoint to graph time: 22.1956 ms
[0m[INFO] [1784395939.382722989]: [edge cost] len=22.1204 total=11.7105 time=9.97213 turn_pen=1.6812 known_pen=0 backup_pen=0 yaw_pen=0.057137 known_free=22.1204 min_clearance=0.670967 vel_limit=2.26989 reason=curvature backup_feasible=1[0m
[0m[INFO] [1784395939.382964707]: [candidate cost] chosen_cluster=-1 chosen_coverage=7492851874377301754 raw_best_cluster=-1 raw_best_coverage=7492851874377301754 | #0 c=-1/cp=7492851874377301754 J=9.93893 T=9.97213 TB=1.73834 R=4.47403 G=0.516129 W=0 D=0 C=-3.2 | #1 c=-1/cp=18067209469065432611 J=15.632 T=11.5904 TB=1.73746 R=11.1856 G=0.340659 W=0 D=0 C=-3.16667[0m
calculate tsp cost matrix cost 0.995551ms

tour solver cost: 0.262798ms
[1;33m-------------Plan Global Path end-----------------[0m

total time cost: 281.667ms
[32m[planGlobalPath: succeed][0m: from EXEC_TRAJ to PLAN_TRAJ
viz&&print cost:0.04751ms
[33m[WARN] [1784395939.432066174]: [highspeed_exp adapter] optimized trajectory safety check failed; retry slower: attempt=1 guide_speed=2.45213 t=6 state=out_of_map start_clearance=0.929369 segment_min_clearance=2.98017 blocked_clearance=3.02035 recovery=0 clearance_regressed=0 left_exploration_boxes=1[0m
[33m[WARN] [1784395939.448906922]: [highspeed_exp adapter] optimized trajectory safety check failed; retry slower: attempt=2 guide_speed=1.8391 t=7.75 state=out_of_map start_clearance=0.929369 segment_min_clearance=2.83153 blocked_clearance=2.89491 recovery=0 clearance_regressed=0 left_exploration_boxes=1[0m
[0m[INFO] [1784395939.387937965]: [path condition] raw_pts=35 conditioned_pts=9 dense_pts=16 len=22.1204 known_free=22.1204 min_clearance=0.672626 turn=3.21893 max_local_turn=0.943377 initial_heading=0.0768003 backup_feasible=1 sched_v=2.45213 reason=curvature[0m
[0m[INFO] [1784395939.471698321]: [highspeed_exp adapter] planned General MINCO exploration traj: pieces=4, duration=18.1561, max_v=2.35947, max_a=1.20433, sfc(raw/simplified/final)=4/3/3, corridor=general, prefix=yes, prefix_dur=0.368925, switch_delay=0.45, head_path_dist=0.220335, shifted_start=0, sched_v=2.45213, opt_v=1.34867, opt_bound=2.75, suffix_max_v=2.35947, suffix_max_a=1.19708, terminal_v=0, backup=no, backup_start=inf, backup_known_len=20.4316, sched_reason=curvature[0m
[0m[INFO] [1784395939.471773100]: [31m call planner [0m: 84.588[0m
[32m[plan success: new traj pub][0m: from PLAN_TRAJ to EXEC_TRAJ
[0m[INFO] [1784395939.471912329]: [cloud input] mode=approximate_sync points=10016 age=0.00794621s stamp_valid=1[0m
 -- [TIMER] updateMap time consuming [32m 5.550353 ms[0m
[0m[INFO] [1784395939.486480106]: cloud odom callback cost: map update:11.9183ms  update frontier clusters: 2.62541ms  total: 14.5438ms
[0m
 -- [TIMER] updateMap time consuming [32m 4.630871 ms[0m
 -- [TIMER] updateMap time consuming [32m 8.426810 ms[0m
 -- [TIMER] updateMap time consuming [32m 5.171676 ms[0m
 -- [TIMER] updateMap time consuming [32m 5.723232 ms[0m
[0m[INFO] [1784395940.001526888]: [global update] actual callback interval=414.276ms configured=200ms[0m


[1;33m------------- <391> Plan Global Path start---------------[0m
[0m[INFO] [1784395940.215818309]: update topo skeleton cost: 11.814221ms, update odom vertex cost:202.419201ms [0m
[0m[INFO] [1784395940.216134516]: vp cluster cost: 0.004380ms  ,remove unreachable cost: 0.001470ms, select vp cost: 0.043750ms[0m
[1;33m-------------Plan Global Path end-----------------[0m

total time cost: 214.607ms
[33m[WARN] [1784395940.216188475]: [finish gate] hold exploration after planGlobalPath: no frontier no_frontier_count=1 no_reachable_count=0[0m
[31m[planGlobalPath: no frontier: no frontier gated][0m: from EXEC_TRAJ to PLAN_TRAJ
viz&&print cost:0.034389ms


[1;33m------------- <392> Plan Global Path start---------------[0m
[0m[INFO] [1784395940.423018939]: update topo skeleton cost: 5.400325ms, update odom vertex cost:201.367239ms [0m
[0m[INFO] [1784395940.423351416]: vp cluster cost: 0.003679ms  ,remove unreachable cost: 0.001930ms, select vp cost: 0.054730ms[0m
[1;33m-------------Plan Global Path end-----------------[0m

total time cost: 207.169ms
viz&&print cost:0.020419ms
 -- [TIMER] updateMap time consuming [32m 5.874070 ms[0m


[1;33m------------- <393> Plan Global Path start---------------[0m
[0m[INFO] [1784395940.683825879]: update topo skeleton cost: 6.070599ms, update odom vertex cost:238.430048ms [0m
[0m[INFO] [1784395940.684123007]: vp cluster cost: 0.003960ms  ,remove unreachable cost: 0.001230ms, select vp cost: 0.033880ms[0m
[1;33m-------------Plan Global Path end-----------------[0m

total time cost: 244.858ms
viz&&print cost:0.01987ms
[0m[INFO] [1784395940.684270055]: [cloud input] mode=approximate_sync points=9641 age=0.0203018s stamp_valid=1[0m
 -- [TIMER] updateMap time consuming [32m 11.477794 ms[0m
[0m[INFO] [1784395940.706184122]: cloud odom callback cost: map update:19.0326ms  update frontier clusters: 2.84902ms  total: 21.8816ms
[0m
[0m[INFO] [1784395940.712586428]: [coverage guidance] plan valid=1 map_v=115 frontier_v=115 zones(f/u)=287/229 observed=22276/35519 coverage=0.6272 voxels(f/o/u)=13897/6575/1804 active=0 reachable_unknown=159 route_nodes=160 preferred=0 cost=6.4ms[0m


[1;33m------------- <394> Plan Global Path start---------------[0m
[0m[INFO] [1784395940.952959000]: update topo skeleton cost: 7.673936ms, update odom vertex cost:239.016363ms [0m
[0m[INFO] [1784395940.952988199]: [highspeed_exp adapter] safety map ready=1 rog_ready=1 cloud_size=9641[0m
[0m[INFO] [1784395940.953268027]: vp cluster cost: 0.004460ms  ,remove unreachable cost: 0.001990ms, select vp cost: 0.035759ms[0m
[1;33m-------------Plan Global Path end-----------------[0m

total time cost: 247.059ms
[0m[INFO] [1784395940.953319417]: [frontier storage] labels=7970/7517 normals=71/823 clusters=0 terminal=0 cluster_cells(cap)=0 candidates(cap)=0 derived_viewpoints(cap)=0 estimated_kb=136.592 revision=240 audit_ready=1[0m
viz&&print cost:0.03105ms
 -- [TIMER] updateMap time consuming [32m 6.303958 ms[0m


[1;33m------------- <395> Plan Global Path start---------------[0m
[0m[INFO] [1784395941.220430886]: update topo skeleton cost: 6.542615ms, update odom vertex cost:244.752587ms [0m
[0m[INFO] [1784395941.220688184]: vp cluster cost: 0.003060ms  ,remove unreachable cost: 0.001540ms, select vp cost: 0.032680ms[0m
[1;33m-------------Plan Global Path end-----------------[0m

total time cost: 251.613ms
[33m[WARN] [1784395941.220739823]: [finish gate] hold exploration after planGlobalPath: no frontier no_frontier_count=5 no_reachable_count=0[0m
viz&&print cost:0.031609ms
[0m[INFO] [1784395939.669471898]: Publish local map size: 10023[0m
[0m[INFO] [1784395940.769036964]: Publish local map size: 8984[0m
 -- [MARSIM] Running FPS: 194.19
 -- [TIMER] updateMap time consuming [32m 6.537985 ms[0m


[1;33m------------- <396> Plan Global Path start---------------[0m
[0m[INFO] [1784395941.506035431]: update topo skeleton cost: 5.512513ms, update odom vertex cost:263.066564ms [0m
[0m[INFO] [1784395941.506258459]: vp cluster cost: 0.000930ms  ,remove unreachable cost: 0.001390ms, select vp cost: 0.037870ms[0m
[1;33m-------------Plan Global Path end-----------------[0m

total time cost: 268.856ms
viz&&print cost:0.01624ms
 -- [TIMER] updateMap time consuming [32m 9.631590 ms[0m


[1;33m------------- <397> Plan Global Path start---------------[0m
[0m[INFO] [1784395941.787985206]: update topo skeleton cost: 8.897246ms, update odom vertex cost:253.834061ms [0m
[0m[INFO] [1784395941.788215634]: vp cluster cost: 0.000980ms  ,remove unreachable cost: 0.001860ms, select vp cost: 0.034629ms[0m
[1;33m-------------Plan Global Path end-----------------[0m

total time cost: 263.023ms
viz&&print cost:0.01953ms
[0m[INFO] [1784395941.788364943]: [cloud input] mode=approximate_sync points=9845 age=0.0243964s stamp_valid=1[0m
 -- [TIMER] updateMap time consuming [32m 6.360396 ms[0m
[0m[INFO] [1784395941.805023254]: cloud odom callback cost: map update:13.6988ms  update frontier clusters: 2.92206ms  total: 16.6209ms
[0m


[1;33m------------- <398> Plan Global Path start---------------[0m
[0m[INFO] [1784395942.073183865]: update topo skeleton cost: 10.369793ms, update odom vertex cost:257.688769ms [0m
[0m[INFO] [1784395942.073422383]: vp cluster cost: 0.001330ms  ,remove unreachable cost: 0.001770ms, select vp cost: 0.041039ms[0m
[1;33m-------------Plan Global Path end-----------------[0m

total time cost: 268.358ms
viz&&print cost:0.02045ms
 -- [TIMER] updateMap time consuming [32m 9.363852 ms[0m


[1;33m------------- <399> Plan Global Path start---------------[0m
[0m[INFO] [1784395942.337797218]: update topo skeleton cost: 12.070279ms, update odom vertex cost:233.850271ms [0m
[0m[INFO] [1784395942.338015807]: vp cluster cost: 0.001140ms  ,remove unreachable cost: 0.001800ms, select vp cost: 0.037640ms[0m
[1;33m-------------Plan Global Path end-----------------[0m

total time cost: 246.202ms
[33m[WARN] [1784395942.338064226]: [finish gate] hold exploration after planGlobalPath: no frontier no_frontier_count=9 no_reachable_count=0[0m
viz&&print cost:0.03177ms
 -- [TIMER] updateMap time consuming [32m 5.979289 ms[0m


[1;33m------------- <400> Plan Global Path start---------------[0m
[0m[INFO] [1784395942.613611018]: update topo skeleton cost: 12.431676ms, update odom vertex cost:248.596147ms [0m
[0m[INFO] [1784395942.613822206]: vp cluster cost: 0.001560ms  ,remove unreachable cost: 0.001290ms, select vp cost: 0.030009ms[0m
[1;33m-------------Plan Global Path end-----------------[0m

total time cost: 261.297ms
viz&&print cost:0.01904ms
 -- [TIMER] updateMap time consuming [32m 10.342514 ms[0m


[1;33m------------- <401> Plan Global Path start---------------[0m
[0m[INFO] [1784395942.844550093]: update topo skeleton cost: 5.497834ms, update odom vertex cost:206.490991ms [0m
[0m[INFO] [1784395942.844800761]: vp cluster cost: 0.001230ms  ,remove unreachable cost: 0.001800ms, select vp cost: 0.041449ms[0m
[1;33m-------------Plan Global Path end-----------------[0m

total time cost: 212.293ms
viz&&print cost:0.01912ms
[0m[INFO] [1784395942.844928910]: [cloud input] mode=approximate_sync points=9780 age=0.0809586s stamp_valid=1[0m
 -- [TIMER] updateMap time consuming [32m 6.802893 ms[0m
[0m[INFO] [1784395942.860960566]: cloud odom callback cost: map update:12.889ms  update frontier clusters: 3.09461ms  total: 15.9836ms
[0m
[0m[INFO] [1784395942.869531014]: [coverage guidance] plan valid=1 map_v=117 frontier_v=117 zones(f/u)=287/229 observed=22282/35519 coverage=0.6273 voxels(f/o/u)=13901/6576/1805 active=0 reachable_unknown=159 route_nodes=160 preferred=0 cost=8.6ms[0m


[1;33m------------- <402> Plan Global Path start---------------[0m
[0m[INFO] [1784395943.065905849]: update topo skeleton cost: 11.921750ms, update odom vertex cost:192.910955ms [0m
[0m[INFO] [1784395943.065939979]: [highspeed_exp adapter] safety map ready=1 rog_ready=1 cloud_size=9780[0m
[0m[INFO] [1784395943.066149587]: vp cluster cost: 0.000730ms  ,remove unreachable cost: 0.001430ms, select vp cost: 0.046269ms[0m
[1;33m-------------Plan Global Path end-----------------[0m

total time cost: 205.132ms
viz&&print cost:0.027ms
 -- [TIMER] updateMap time consuming [32m 6.233928 ms[0m


[1;33m------------- <403> Plan Global Path start---------------[0m
[0m[INFO] [1784395943.263822003]: update topo skeleton cost: 12.774773ms, update odom vertex cost:169.035046ms [0m
[0m[INFO] [1784395943.264053131]: vp cluster cost: 0.001430ms  ,remove unreachable cost: 0.001460ms, select vp cost: 0.039639ms[0m
[1;33m-------------Plan Global Path end-----------------[0m

total time cost: 182.103ms
viz&&print cost:0.0182ms
[0m[INFO] [1784395941.769046115]: Publish local map size: 9845[0m
[0m[INFO] [1784395942.769580821]: Publish local map size: 9780[0m
 -- [MARSIM] Running FPS: 197.507
 -- [TIMER] updateMap time consuming [32m 6.164658 ms[0m
 -- [TIMER] updateMap time consuming [32m 6.306307 ms[0m


[1;33m------------- <404> Plan Global Path start---------------[0m
[0m[INFO] [1784395943.503603017]: update topo skeleton cost: 18.808773ms, update odom vertex cost:189.478374ms [0m
[0m[INFO] [1784395943.503881535]: vp cluster cost: 0.001820ms  ,remove unreachable cost: 0.001540ms, select vp cost: 0.061420ms[0m
[1;33m-------------Plan Global Path end-----------------[0m

total time cost: 208.637ms
[33m[WARN] [1784395943.503939754]: [finish gate] hold exploration after planGlobalPath: no frontier no_frontier_count=14 no_reachable_count=0[0m
viz&&print cost:0.03548ms
 -- [TIMER] updateMap time consuming [32m 24.606604 ms[0m


[1;33m------------- <405> Plan Global Path start---------------[0m
[0m[INFO] [1784395943.786103933]: update topo skeleton cost: 11.530343ms, update odom vertex cost:236.770639ms [0m
[0m[INFO] [1784395943.786329061]: vp cluster cost: 0.001270ms  ,remove unreachable cost: 0.001330ms, select vp cost: 0.032830ms[0m
[1;33m-------------Plan Global Path end-----------------[0m

total time cost: 248.583ms
viz&&print cost:0.02033ms
 -- [TIMER] updateMap time consuming [32m 9.093744 ms[0m


[1;33m------------- <406> Plan Global Path start---------------[0m
[0m[INFO] [1784395944.107438285]: update topo skeleton cost: 18.470405ms, update odom vertex cost:284.195523ms [0m
[0m[INFO] [1784395944.107650643]: vp cluster cost: 0.001270ms  ,remove unreachable cost: 0.001430ms, select vp cost: 0.025260ms[0m
[1;33m-------------Plan Global Path end-----------------[0m

total time cost: 302.943ms
viz&&print cost:0.021369ms
[0m[INFO] [1784395944.107807502]: [cloud input] mode=approximate_sync points=9608 age=0.0438408s stamp_valid=1[0m
 -- [TIMER] updateMap time consuming [32m 9.733459 ms[0m
[0m[INFO] [1784395944.128116432]: cloud odom callback cost: map update:16.4874ms  update frontier clusters: 3.76441ms  total: 20.2518ms
[0m


[1;33m------------- <407> Plan Global Path start---------------[0m
[0m[INFO] [1784395944.398170374]: update topo skeleton cost: 25.517876ms, update odom vertex cost:244.359668ms [0m
[0m[INFO] [1784395944.398444232]: vp cluster cost: 0.001530ms  ,remove unreachable cost: 0.001620ms, select vp cost: 0.043219ms[0m
[1;33m-------------Plan Global Path end-----------------[0m

total time cost: 270.215ms
viz&&print cost:0.02601ms
 -- [TIMER] updateMap time consuming [32m 13.628115 ms[0m


[1;33m------------- <408> Plan Global Path start---------------[0m
[0m[INFO] [1784395944.671972116]: update topo skeleton cost: 24.383277ms, update odom vertex cost:225.675823ms [0m
[0m[INFO] [1784395944.672172124]: vp cluster cost: 0.000990ms  ,remove unreachable cost: 0.001560ms, select vp cost: 0.040920ms[0m
[1;33m-------------Plan Global Path end-----------------[0m

total time cost: 250.316ms
[33m[WARN] [1784395944.672215224]: [finish gate] hold exploration after planGlobalPath: no frontier no_frontier_count=18 no_reachable_count=0[0m
viz&&print cost:0.027789ms
 -- [TIMER] updateMap time consuming [32m 8.980515 ms[0m


[1;33m------------- <409> Plan Global Path start---------------[0m
[0m[INFO] [1784395944.922089405]: update topo skeleton cost: 23.250376ms, update odom vertex cost:207.971171ms [0m
[0m[INFO] [1784395944.922280743]: vp cluster cost: 0.001160ms  ,remove unreachable cost: 0.001330ms, select vp cost: 0.045909ms[0m
[1;33m-------------Plan Global Path end-----------------[0m

total time cost: 231.468ms
viz&&print cost:0.01912ms
 -- [TIMER] updateMap time consuming [32m 9.493431 ms[0m


[1;33m------------- <410> Plan Global Path start---------------[0m
[0m[INFO] [1784395945.163216361]: update topo skeleton cost: 12.103149ms, update odom vertex cost:208.769856ms [0m
[0m[INFO] [1784395945.163250621]: [highspeed_exp adapter] safety map ready=1 rog_ready=1 cloud_size=10006[0m
[0m[INFO] [1784395945.163398939]: vp cluster cost: 0.001100ms  ,remove unreachable cost: 0.001790ms, select vp cost: 0.035149ms[0m
[1;33m-------------Plan Global Path end-----------------[0m

total time cost: 221.118ms
viz&&print cost:0.02128ms
[0m[INFO] [1784395945.163535188]: [cloud input] mode=approximate_sync points=10036 age=0.0995683s stamp_valid=1[0m
 -- [TIMER] updateMap time consuming [32m 9.093884 ms[0m
[0m[INFO] [1784395945.183834099]: cloud odom callback cost: map update:16.731ms  update frontier clusters: 3.53671ms  total: 20.2677ms
[0m
[0m[INFO] [1784395945.190891610]: [coverage guidance] plan valid=1 map_v=119 frontier_v=119 zones(f/u)=287/229 observed=22306/35519 coverage=0.6280 voxels(f/o/u)=13924/6577/1805 active=0 reachable_unknown=159 route_nodes=160 preferred=0 cost=7.0ms[0m


[1;33m------------- <411> Plan Global Path start---------------[0m
[0m[INFO] [1784395945.425246473]: update topo skeleton cost: 25.240879ms, update odom vertex cost:216.055026ms [0m
[0m[INFO] [1784395945.425414912]: vp cluster cost: 0.000910ms  ,remove unreachable cost: 0.001940ms, select vp cost: 0.038860ms[0m
[1;33m-------------Plan Global Path end-----------------[0m

total time cost: 241.531ms
viz&&print cost:0.02485ms
[0m[INFO] [1784395943.869765043]: Publish local map size: 9907[0m
[0m[INFO] [1784395944.969500839]: Publish local map size: 9727[0m
 -- [MARSIM] Running FPS: 204.402
 -- [TIMER] updateMap time consuming [32m 12.066559 ms[0m


[1;33m------------- <412> Plan Global Path start---------------[0m
[0m[INFO] [1784395945.701150869]: update topo skeleton cost: 40.177004ms, update odom vertex cost:212.596865ms [0m
[0m[INFO] [1784395945.701296308]: vp cluster cost: 0.001060ms  ,remove unreachable cost: 0.001390ms, select vp cost: 0.030540ms[0m
[1;33m-------------Plan Global Path end-----------------[0m

total time cost: 252.98ms
[33m[WARN] [1784395945.701343498]: [finish gate] hold exploration after planGlobalPath: no frontier no_frontier_count=22 no_reachable_count=0[0m
viz&&print cost:0.031669ms
 -- [TIMER] updateMap time consuming [32m 9.661279 ms[0m


[1;33m------------- <413> Plan Global Path start---------------[0m
[0m[INFO] [1784395945.948476634]: update topo skeleton cost: 13.668526ms, update odom vertex cost:213.505317ms [0m
[0m[INFO] [1784395945.948612703]: vp cluster cost: 0.001040ms  ,remove unreachable cost: 0.001450ms, select vp cost: 0.039630ms[0m
[1;33m-------------Plan Global Path end-----------------[0m

total time cost: 227.365ms
viz&&print cost:0.020049ms
 -- [TIMER] updateMap time consuming [32m 13.752065 ms[0m


[1;33m------------- <414> Plan Global Path start---------------[0m
[0m[INFO] [1784395946.207237176]: update topo skeleton cost: 24.862533ms, update odom vertex cost:210.244687ms [0m
[0m[INFO] [1784395946.207379034]: vp cluster cost: 0.001200ms  ,remove unreachable cost: 0.001400ms, select vp cost: 0.033579ms[0m
[1;33m-------------Plan Global Path end-----------------[0m

total time cost: 235.306ms
[0m[INFO] [1784395946.207425134]: [frontier storage] labels=8008/7517 normals=62/823 clusters=0 terminal=0 cluster_cells(cap)=0 candidates(cap)=0 derived_viewpoints(cap)=0 estimated_kb=136.75 revision=240 audit_ready=1[0m
viz&&print cost:0.03123ms
[0m[INFO] [1784395946.207547333]: [cloud input] mode=approximate_sync points=9562 age=0.0435717s stamp_valid=1[0m
 -- [TIMER] updateMap time consuming [32m 8.848076 ms[0m
[0m[INFO] [1784395946.228392429]: cloud odom callback cost: map update:15.6079ms  update frontier clusters: 5.19643ms  total: 20.8043ms
[0m


[1;33m------------- <415> Plan Global Path start---------------[0m
[0m[INFO] [1784395946.519866118]: update topo skeleton cost: 35.759082ms, update odom vertex cost:255.586208ms [0m
[0m[INFO] [1784395946.519989537]: vp cluster cost: 0.000800ms  ,remove unreachable cost: 0.001240ms, select vp cost: 0.035620ms[0m
[1;33m-------------Plan Global Path end-----------------[0m

total time cost: 291.523ms
viz&&print cost:0.01937ms
 -- [TIMER] updateMap time consuming [32m 13.139051 ms[0m


[1;33m------------- <416> Plan Global Path start---------------[0m
[0m[INFO] [1784395946.834169136]: update topo skeleton cost: 35.374314ms, update odom vertex cost:255.814197ms [0m
[0m[INFO] [1784395946.834307105]: vp cluster cost: 0.001110ms  ,remove unreachable cost: 0.001360ms, select vp cost: 0.041499ms[0m
[1;33m-------------Plan Global Path end-----------------[0m

total time cost: 291.378ms
[33m[WARN] [1784395946.834347485]: [finish gate] hold exploration after planGlobalPath: no frontier no_frontier_count=26 no_reachable_count=0[0m
viz&&print cost:0.02597ms
 -- [TIMER] updateMap time consuming [32m 6.680455 ms[0m


[1;33m------------- <417> Plan Global Path start---------------[0m
[0m[INFO] [1784395947.155562777]: update topo skeleton cost: 57.391351ms, update odom vertex cost:248.229201ms [0m
[0m[INFO] [1784395947.155695326]: vp cluster cost: 0.000970ms  ,remove unreachable cost: 0.001440ms, select vp cost: 0.031980ms[0m
[1;33m-------------Plan Global Path end-----------------[0m

total time cost: 305.813ms
viz&&print cost:0.02108ms
 -- [TIMER] updateMap time consuming [32m 12.468696 ms[0m


[1;33m------------- <418> Plan Global Path start---------------[0m
[0m[INFO] [1784395947.390875436]: update topo skeleton cost: 10.074146ms, update odom vertex cost:203.051728ms [0m
[0m[INFO] [1784395947.390914096]: [highspeed_exp adapter] safety map ready=1 rog_ready=1 cloud_size=9731[0m
[0m[INFO] [1784395947.391046745]: vp cluster cost: 0.000950ms  ,remove unreachable cost: 0.002430ms, select vp cost: 0.049400ms[0m
[1;33m-------------Plan Global Path end-----------------[0m

total time cost: 213.358ms
viz&&print cost:0.022489ms
[0m[INFO] [1784395946.069121868]: Publish local map size: 9556[0m
[0m[INFO] [1784395947.069329075]: Publish local map size: 9731[0m
 -- [MARSIM] Running FPS: 209.034
[0m[INFO] [1784395947.391206563]: [cloud input] mode=approximate_sync points=9646 age=0.0272393s stamp_valid=1[0m
 -- [TIMER] updateMap time consuming [32m 10.716151 ms[0m
[0m[INFO] [1784395947.411489455]: cloud odom callback cost: map update:17.1841ms  update frontier clusters: 3.06937ms  total: 20.2535ms
[0m
[0m[INFO] [1784395947.418262538]: [coverage guidance] plan valid=1 map_v=121 frontier_v=121 zones(f/u)=294/229 observed=22362/35519 coverage=0.6296 voxels(f/o/u)=13966/6584/1812 active=0 reachable_unknown=159 route_nodes=160 preferred=0 cost=6.8ms[0m


[1;33m------------- <419> Plan Global Path start---------------[0m
[0m[INFO] [1784395947.626196666]: update topo skeleton cost: 15.419002ms, update odom vertex cost:199.191140ms [0m
[0m[INFO] [1784395947.626387434]: vp cluster cost: 0.001650ms  ,remove unreachable cost: 0.002550ms, select vp cost: 0.050439ms[0m
[1;33m-------------Plan Global Path end-----------------[0m

total time cost: 214.883ms
viz&&print cost:0.02771ms
 -- [TIMER] updateMap time consuming [32m 9.112784 ms[0m


[1;33m------------- <420> Plan Global Path start---------------[0m
[0m[INFO] [1784395947.840037564]: update topo skeleton cost: 11.040028ms, update odom vertex cost:181.465178ms [0m
[0m[INFO] [1784395947.840221062]: vp cluster cost: 0.001840ms  ,remove unreachable cost: 0.001600ms, select vp cost: 0.035069ms[0m
[1;33m-------------Plan Global Path end-----------------[0m

total time cost: 192.747ms
[33m[WARN] [1784395947.840271662]: [finish gate] hold exploration after planGlobalPath: no frontier no_frontier_count=30 no_reachable_count=0[0m
viz&&print cost:0.03517ms
 -- [TIMER] updateMap time consuming [32m 14.225981 ms[0m


[1;33m------------- <421> Plan Global Path start---------------[0m
[0m[INFO] [1784395948.072253410]: update topo skeleton cost: 11.954191ms, update odom vertex cost:196.622352ms [0m
[0m[INFO] [1784395948.072477588]: vp cluster cost: 0.001380ms  ,remove unreachable cost: 0.001780ms, select vp cost: 0.054060ms[0m
[1;33m-------------Plan Global Path end-----------------[0m

total time cost: 208.867ms
viz&&print cost:0.020319ms
 -- [TIMER] updateMap time consuming [32m 8.971205 ms[0m


[1;33m------------- <422> Plan Global Path start---------------[0m
[0m[INFO] [1784395948.321820893]: update topo skeleton cost: 32.277791ms, update odom vertex cost:198.507208ms [0m
[0m[INFO] [1784395948.322068781]: vp cluster cost: 0.001470ms  ,remove unreachable cost: 0.001620ms, select vp cost: 0.046080ms[0m
[1;33m-------------Plan Global Path end-----------------[0m

total time cost: 231.098ms
viz&&print cost:0.0181ms
 -- [TIMER] updateMap time consuming [32m 13.490138 ms[0m


[1;33m------------- <423> Plan Global Path start---------------[0m
[0m[INFO] [1784395948.586659218]: update topo skeleton cost: 38.865067ms, update odom vertex cost:200.920927ms [0m
[0m[INFO] [1784395948.586908076]: vp cluster cost: 0.001720ms  ,remove unreachable cost: 0.001700ms, select vp cost: 0.044050ms[0m
[1;33m-------------Plan Global Path end-----------------[0m

total time cost: 240.105ms
viz&&print cost:0.02344ms
[0m[INFO] [1784395948.587071145]: [cloud input] mode=approximate_sync points=8822 age=0.0231091s stamp_valid=1[0m
 -- [TIMER] updateMap time consuming [32m 11.360675 ms[0m
[0m[INFO] [1784395948.610626839]: cloud odom callback cost: map update:19.7898ms  update frontier clusters: 3.73037ms  total: 23.5202ms
[0m


[1;33m------------- <424> Plan Global Path start---------------[0m
[0m[INFO] [1784395948.840729394]: update topo skeleton cost: 30.990652ms, update odom vertex cost:199.006564ms [0m
[0m[INFO] [1784395948.844523502]: vp cluster cost: 0.001690ms  ,remove unreachable cost: 0.001670ms, select vp cost: 3.556830ms[0m
[1;33m-------------Plan Global Path end-----------------[0m

total time cost: 233.895ms
[33m[WARN] [1784395948.844629151]: [finish gate] hold exploration after planGlobalPath: no frontier no_frontier_count=34 no_reachable_count=0[0m
viz&&print cost:0.106849ms
 -- [TIMER] updateMap time consuming [32m 20.479780 ms[0m


[1;33m------------- <425> Plan Global Path start---------------[0m
[0m[INFO] [1784395949.100640891]: update topo skeleton cost: 26.147273ms, update odom vertex cost:196.716634ms [0m
[0m[INFO] [1784395949.100905549]: vp cluster cost: 0.001810ms  ,remove unreachable cost: 0.002270ms, select vp cost: 0.044239ms[0m
[1;33m-------------Plan Global Path end-----------------[0m

total time cost: 223.197ms
viz&&print cost:0.0201ms
 -- [TIMER] updateMap time consuming [32m 12.096459 ms[0m


[1;33m------------- <426> Plan Global Path start---------------[0m
[0m[INFO] [1784395949.328144430]: update topo skeleton cost: 12.363417ms, update odom vertex cost:191.974394ms [0m
[0m[INFO] [1784395949.328483217]: vp cluster cost: 0.002360ms  ,remove unreachable cost: 0.002580ms, select vp cost: 0.064500ms[0m
[1;33m-------------Plan Global Path end-----------------[0m

total time cost: 204.782ms
viz&&print cost:0.04157ms
 -- [TIMER] updateMap time consuming [32m 11.017409 ms[0m


[1;33m------------- <427> Plan Global Path start---------------[0m
[0m[INFO] [1784395949.552949661]: update topo skeleton cost: 10.957639ms, update odom vertex cost:190.844153ms [0m
[0m[INFO] [1784395949.552983061]: [highspeed_exp adapter] safety map ready=1 rog_ready=1 cloud_size=10060[0m
[0m[INFO] [1784395949.553192339]: vp cluster cost: 0.000910ms  ,remove unreachable cost: 0.001350ms, select vp cost: 0.028940ms[0m
[1;33m-------------Plan Global Path end-----------------[0m

total time cost: 202.098ms
viz&&print cost:0.01585ms
[0m[INFO] [1784395948.169124043]: Publish local map size: 10089[0m
[0m[INFO] [1784395949.170930197]: Publish local map size: 8737[0m
 -- [MARSIM] Running FPS: 202.405
 -- [TIMER] updateMap time consuming [32m 11.461664 ms[0m


[1;33m------------- <428> Plan Global Path start---------------[0m
[0m[INFO] [1784395949.786930676]: update topo skeleton cost: 10.893180ms, update odom vertex cost:201.910471ms [0m
[0m[INFO] [1784395949.787313352]: vp cluster cost: 0.001450ms  ,remove unreachable cost: 0.001750ms, select vp cost: 0.049710ms[0m
[1;33m-------------Plan Global Path end-----------------[0m

total time cost: 213.255ms
viz&&print cost:0.0201ms
[0m[INFO] [1784395949.787468251]: [cloud input] mode=approximate_sync points=9613 age=0.0235003s stamp_valid=1[0m
 -- [TIMER] updateMap time consuming [32m 11.663013 ms[0m
[0m[INFO] [1784395949.811559601]: cloud odom callback cost: map update:20.5011ms  update frontier clusters: 3.55021ms  total: 24.0513ms
[0m
[0m[INFO] [1784395949.818402834]: [coverage guidance] plan valid=1 map_v=123 frontier_v=123 zones(f/u)=294/228 observed=22398/35519 coverage=0.6306 voxels(f/o/u)=13997/6585/1816 active=0 reachable_unknown=159 route_nodes=160 preferred=0 cost=6.8ms[0m


[1;33m------------- <429> Plan Global Path start---------------[0m
[0m[INFO] [1784395949.980079240]: update topo skeleton cost: 17.767862ms, update odom vertex cost:150.649428ms [0m
[0m[INFO] [1784395949.980400457]: vp cluster cost: 0.001120ms  ,remove unreachable cost: 0.001660ms, select vp cost: 0.036680ms[0m
[1;33m-------------Plan Global Path end-----------------[0m

total time cost: 168.789ms
[33m[WARN] [1784395949.980436817]: [finish gate] hold exploration after planGlobalPath: no frontier no_frontier_count=39 no_reachable_count=0[0m
viz&&print cost:0.0263ms
 -- [TIMER] updateMap time consuming [32m 11.475015 ms[0m


[1;33m------------- <430> Plan Global Path start---------------[0m
[0m[INFO] [1784395950.175188789]: update topo skeleton cost: 16.574653ms, update odom vertex cost:146.100946ms [0m
[0m[INFO] [1784395950.175505946]: vp cluster cost: 0.001160ms  ,remove unreachable cost: 0.001770ms, select vp cost: 0.037809ms[0m
[1;33m-------------Plan Global Path end-----------------[0m

total time cost: 163.041ms
viz&&print cost:0.01853ms
 -- [TIMER] updateMap time consuming [32m 10.163146 ms[0m


[1;33m------------- <431> Plan Global Path start---------------[0m
[0m[INFO] [1784395950.396197924]: update topo skeleton cost: 17.697163ms, update odom vertex cost:162.853638ms [0m
[0m[INFO] [1784395950.396583521]: vp cluster cost: 0.001330ms  ,remove unreachable cost: 0.001800ms, select vp cost: 0.041950ms[0m
[1;33m-------------Plan Global Path end-----------------[0m

total time cost: 180.997ms
viz&&print cost:0.01842ms
 -- [TIMER] updateMap time consuming [32m 9.631311 ms[0m


[1;33m------------- <432> Plan Global Path start---------------[0m
[0m[INFO] [1784395950.584851277]: update topo skeleton cost: 9.626690ms, update odom vertex cost:159.094499ms [0m
[0m[INFO] [1784395950.585141534]: vp cluster cost: 0.001240ms  ,remove unreachable cost: 0.001610ms, select vp cost: 0.031889ms[0m
[1;33m-------------Plan Global Path end-----------------[0m

total time cost: 169.068ms
viz&&print cost:0.01632ms
 -- [TIMER] updateMap time consuming [32m 10.733151 ms[0m


[1;33m------------- <433> Plan Global Path start---------------[0m
[0m[INFO] [1784395950.803775578]: update topo skeleton cost: 14.102953ms, update odom vertex cost:163.645701ms [0m
[0m[INFO] [1784395950.804103516]: vp cluster cost: 0.001350ms  ,remove unreachable cost: 0.001830ms, select vp cost: 0.028240ms[0m
[1;33m-------------Plan Global Path end-----------------[0m

total time cost: 178.144ms
viz&&print cost:0.018ms
[0m[INFO] [1784395950.804260564]: [cloud input] mode=approximate_sync points=9775 age=0.0402921s stamp_valid=1[0m
 -- [TIMER] updateMap time consuming [32m 8.510509 ms[0m
[0m[INFO] [1784395950.822898130]: cloud odom callback cost: map update:15.5968ms  update frontier clusters: 3.00428ms  total: 18.6011ms
[0m


[1;33m------------- <434> Plan Global Path start---------------[0m
[0m[INFO] [1784395951.009655319]: update topo skeleton cost: 7.973944ms, update odom vertex cost:167.430789ms [0m
[0m[INFO] [1784395951.009934287]: vp cluster cost: 0.001010ms  ,remove unreachable cost: 0.001720ms, select vp cost: 0.030330ms[0m
[1;33m-------------Plan Global Path end-----------------[0m

total time cost: 175.738ms
[33m[WARN] [1784395951.009975306]: [finish gate] hold exploration after planGlobalPath: no frontier no_frontier_count=44 no_reachable_count=0[0m
viz&&print cost:0.02461ms
 -- [TIMER] updateMap time consuming [32m 9.846718 ms[0m


[1;33m------------- <435> Plan Global Path start---------------[0m
[0m[INFO] [1784395951.209543511]: update topo skeleton cost: 7.886084ms, update odom vertex cost:161.577960ms [0m
[0m[INFO] [1784395951.209816508]: vp cluster cost: 0.001000ms  ,remove unreachable cost: 0.001560ms, select vp cost: 0.038519ms[0m
[1;33m-------------Plan Global Path end-----------------[0m

total time cost: 169.788ms
[0m[INFO] [1784395951.209856548]: [frontier storage] labels=8123/7517 normals=72/823 clusters=0 terminal=0 cluster_cells(cap)=0 candidates(cap)=0 derived_viewpoints(cap)=0 estimated_kb=137.956 revision=240 audit_ready=1[0m
viz&&print cost:0.0279ms
 -- [TIMER] updateMap time consuming [32m 8.511069 ms[0m


[1;33m------------- <436> Plan Global Path start---------------[0m
[0m[INFO] [1784395951.426311842]: update topo skeleton cost: 12.561526ms, update odom vertex cost:163.776051ms [0m
[0m[INFO] [1784395951.426725999]: vp cluster cost: 0.001430ms  ,remove unreachable cost: 0.001920ms, select vp cost: 0.057700ms[0m
[1;33m-------------Plan Global Path end-----------------[0m

total time cost: 176.836ms
viz&&print cost:0.02292ms
 -- [TIMER] updateMap time consuming [32m 11.776722 ms[0m


[1;33m------------- <437> Plan Global Path start---------------[0m
[0m[INFO] [1784395951.632276143]: update topo skeleton cost: 21.218053ms, update odom vertex cost:152.198078ms [0m
[0m[INFO] [1784395951.632312103]: [highspeed_exp adapter] safety map ready=1 rog_ready=1 cloud_size=9944[0m
[0m[INFO] [1784395951.632642060]: vp cluster cost: 0.000940ms  ,remove unreachable cost: 0.001560ms, select vp cost: 0.047809ms[0m
[1;33m-------------Plan Global Path end-----------------[0m

total time cost: 173.84ms
viz&&print cost:0.01535ms
[0m[INFO] [1784395950.270941474]: Publish local map size: 10032[0m
[0m[INFO] [1784395951.369149726]: Publish local map size: 9944[0m
 -- [MARSIM] Running FPS: 209.448
 -- [TIMER] updateMap time consuming [32m 7.682676 ms[0m


[1;33m------------- <438> Plan Global Path start---------------[0m
[0m[INFO] [1784395951.838351554]: update topo skeleton cost: 19.359440ms, update odom vertex cost:156.165014ms [0m
[0m[INFO] [1784395951.838668691]: vp cluster cost: 0.001410ms  ,remove unreachable cost: 0.001640ms, select vp cost: 0.035399ms[0m
[1;33m-------------Plan Global Path end-----------------[0m

total time cost: 175.909ms
viz&&print cost:0.0201ms
[0m[INFO] [1784395951.838807630]: [cloud input] mode=approximate_sync points=9527 age=0.0748396s stamp_valid=1[0m
 -- [TIMER] updateMap time consuming [32m 7.737976 ms[0m
[0m[INFO] [1784395951.855934608]: cloud odom callback cost: map update:14.0391ms  update frontier clusters: 3.04592ms  total: 17.085ms
[0m
[0m[INFO] [1784395951.862426924]: [coverage guidance] plan valid=1 map_v=125 frontier_v=125 zones(f/u)=294/229 observed=22412/35519 coverage=0.6310 voxels(f/o/u)=14009/6585/1818 active=0 reachable_unknown=159 route_nodes=160 preferred=0 cost=6.5ms[0m


[1;33m------------- <439> Plan Global Path start---------------[0m
[0m[INFO] [1784395952.041967755]: update topo skeleton cost: 16.935910ms, update odom vertex cost:156.180724ms [0m
[0m[INFO] [1784395952.042261432]: vp cluster cost: 0.000750ms  ,remove unreachable cost: 0.001380ms, select vp cost: 0.038510ms[0m
[1;33m-------------Plan Global Path end-----------------[0m

total time cost: 173.469ms
[33m[WARN] [1784395952.042301032]: [finish gate] hold exploration after planGlobalPath: no frontier no_frontier_count=49 no_reachable_count=0[0m
viz&&print cost:0.02459ms
 -- [TIMER] updateMap time consuming [32m 9.216474 ms[0m
 -- [TIMER] updateMap time consuming [32m 7.700766 ms[0m


[1;33m------------- <440> Plan Global Path start---------------[0m
[0m[INFO] [1784395952.306423244]: update topo skeleton cost: 10.601932ms, update odom vertex cost:210.202018ms [0m
[0m[INFO] [1784395952.306688241]: vp cluster cost: 0.000910ms  ,remove unreachable cost: 0.001390ms, select vp cost: 0.042039ms[0m
[1;33m-------------Plan Global Path end-----------------[0m

total time cost: 221.12ms
viz&&print cost:0.01558ms
 -- [TIMER] updateMap time consuming [32m 10.770751 ms[0m


[1;33m------------- <441> Plan Global Path start---------------[0m
[0m[INFO] [1784395952.482660113]: update topo skeleton cost: 12.053231ms, update odom vertex cost:144.031636ms [0m
[0m[INFO] [1784395952.482848441]: vp cluster cost: 0.001120ms  ,remove unreachable cost: 0.001320ms, select vp cost: 0.038329ms[0m
[1;33m-------------Plan Global Path end-----------------[0m

total time cost: 156.328ms
viz&&print cost:0.01532ms
 -- [TIMER] updateMap time consuming [32m 8.394810 ms[0m


[1;33m------------- <442> Plan Global Path start---------------[0m
[0m[INFO] [1784395952.728749553]: update topo skeleton cost: 8.839167ms, update odom vertex cost:186.904031ms [0m
[0m[INFO] [1784395952.728971142]: vp cluster cost: 0.001020ms  ,remove unreachable cost: 0.002000ms, select vp cost: 0.048660ms[0m
[1;33m-------------Plan Global Path end-----------------[0m

total time cost: 196.027ms
viz&&print cost:0.01762ms
 -- [TIMER] updateMap time consuming [32m 11.497295 ms[0m


[1;33m------------- <443> Plan Global Path start---------------[0m
[0m[INFO] [1784395952.944479536]: update topo skeleton cost: 10.919389ms, update odom vertex cost:184.191194ms [0m
[0m[INFO] [1784395952.944664024]: vp cluster cost: 0.001360ms  ,remove unreachable cost: 0.001660ms, select vp cost: 0.033099ms[0m
[1;33m-------------Plan Global Path end-----------------[0m

total time cost: 195.348ms
viz&&print cost:0.0159ms
[0m[INFO] [1784395952.944776763]: [cloud input] mode=approximate_sync points=9052 age=0.0808102s stamp_valid=1[0m
 -- [TIMER] updateMap time consuming [32m 7.681736 ms[0m
[0m[INFO] [1784395952.961721753]: cloud odom callback cost: map update:13.6074ms  update frontier clusters: 3.27179ms  total: 16.8792ms
[0m


[1;33m------------- <444> Plan Global Path start---------------[0m
[0m[INFO] [1784395953.179837517]: update topo skeleton cost: 13.503048ms, update odom vertex cost:204.451447ms [0m
[0m[INFO] [1784395953.180041945]: vp cluster cost: 0.001230ms  ,remove unreachable cost: 0.001670ms, select vp cost: 0.038810ms[0m
[1;33m-------------Plan Global Path end-----------------[0m

total time cost: 218.214ms
[33m[WARN] [1784395953.180136624]: [finish gate] hold exploration after planGlobalPath: no frontier no_frontier_count=54 no_reachable_count=0[0m
viz&&print cost:0.078879ms
 -- [TIMER] updateMap time consuming [32m 11.949411 ms[0m


[1;33m------------- <445> Plan Global Path start---------------[0m
[0m[INFO] [1784395953.398004801]: update topo skeleton cost: 9.845739ms, update odom vertex cost:187.456938ms [0m
[0m[INFO] [1784395953.398194219]: vp cluster cost: 0.000960ms  ,remove unreachable cost: 0.001570ms, select vp cost: 0.040670ms[0m
[1;33m-------------Plan Global Path end-----------------[0m

total time cost: 197.554ms
viz&&print cost:0.01672ms
 -- [TIMER] updateMap time consuming [32m 7.763286 ms[0m


[1;33m------------- <446> Plan Global Path start---------------[0m
[0m[INFO] [1784395953.630419777]: update topo skeleton cost: 10.342654ms, update odom vertex cost:204.922274ms [0m
[0m[INFO] [1784395953.630605525]: vp cluster cost: 0.000740ms  ,remove unreachable cost: 0.001410ms, select vp cost: 0.037540ms[0m
[1;33m-------------Plan Global Path end-----------------[0m

total time cost: 215.508ms
viz&&print cost:0.01721ms
 -- [TIMER] updateMap time consuming [32m 8.258082 ms[0m


[1;33m------------- <447> Plan Global Path start---------------[0m
[0m[INFO] [1784395953.861432874]: update topo skeleton cost: 8.186022ms, update odom vertex cost:205.241001ms [0m
[0m[INFO] [1784395953.861483254]: [highspeed_exp adapter] safety map ready=1 rog_ready=1 cloud_size=9483[0m
[0m[INFO] [1784395953.861695542]: vp cluster cost: 0.001660ms  ,remove unreachable cost: 0.002500ms, select vp cost: 0.074699ms[0m
[1;33m-------------Plan Global Path end-----------------[0m

total time cost: 213.78ms
viz&&print cost:0.030709ms
[0m[INFO] [1784395952.369191093]: Publish local map size: 9527[0m
[0m[INFO] [1784395953.469687287]: Publish local map size: 9406[0m
 -- [MARSIM] Running FPS: 206.015
 -- [TIMER] updateMap time consuming [32m 7.172940 ms[0m


[1;33m------------- <448> Plan Global Path start---------------[0m
[0m[INFO] [1784395954.096164552]: update topo skeleton cost: 9.579071ms, update odom vertex cost:208.304577ms [0m
[0m[INFO] [1784395954.096334931]: vp cluster cost: 0.001330ms  ,remove unreachable cost: 0.001630ms, select vp cost: 0.037300ms[0m
[1;33m-------------Plan Global Path end-----------------[0m

total time cost: 218.128ms
viz&&print cost:0.018589ms
[0m[INFO] [1784395954.096482180]: [cloud input] mode=approximate_sync points=9691 age=0.0325154s stamp_valid=1[0m
 -- [TIMER] updateMap time consuming [32m 7.648447 ms[0m
[0m[INFO] [1784395954.113159422]: cloud odom callback cost: map update:13.739ms  update frontier clusters: 2.91223ms  total: 16.6513ms
[0m
[0m[INFO] [1784395954.121301894]: [coverage guidance] plan valid=1 map_v=127 frontier_v=127 zones(f/u)=294/227 observed=22441/35519 coverage=0.6318 voxels(f/o/u)=14032/6587/1822 active=0 reachable_unknown=159 route_nodes=160 preferred=0 cost=8.1ms[0m


[1;33m------------- <449> Plan Global Path start---------------[0m
[0m[INFO] [1784395954.328466291]: update topo skeleton cost: 9.463202ms, update odom vertex cost:205.755328ms [0m
[0m[INFO] [1784395954.328653689]: vp cluster cost: 0.001860ms  ,remove unreachable cost: 0.004250ms, select vp cost: 0.056660ms[0m
[1;33m-------------Plan Global Path end-----------------[0m

total time cost: 215.495ms
[33m[WARN] [1784395954.328722679]: [finish gate] hold exploration after planGlobalPath: no frontier no_frontier_count=59 no_reachable_count=0[0m
viz&&print cost:0.04106ms
 -- [TIMER] updateMap time consuming [32m 10.975719 ms[0m


[1;33m------------- <450> Plan Global Path start---------------[0m
[0m[INFO] [1784395954.563634697]: update topo skeleton cost: 9.311643ms, update odom vertex cost:205.479411ms [0m
[0m[INFO] [1784395954.563811845]: vp cluster cost: 0.000660ms  ,remove unreachable cost: 0.001620ms, select vp cost: 0.045519ms[0m
[1;33m-------------Plan Global Path end-----------------[0m

total time cost: 215.036ms
viz&&print cost:0.01912ms
 -- [TIMER] updateMap time consuming [32m 7.161940 ms[0m


[1;33m------------- <451> Plan Global Path start---------------[0m
[0m[INFO] [1784395954.796915308]: update topo skeleton cost: 7.893355ms, update odom vertex cost:208.791403ms [0m
[0m[INFO] [1784395954.797224625]: vp cluster cost: 0.000790ms  ,remove unreachable cost: 0.001490ms, select vp cost: 0.047569ms[0m
[0m[INFO] [1784395954.797813710]: [coverage candidate] promoted=2 frontend_active=0 speed=0.431975[0m
insert viewpoint to graph time: 26.6488 ms
[0m[INFO] [1784395954.824788657]: [edge cost] len=7.71513 total=3.57245 time=2.87171 turn_pen=0.588147 known_pen=0 backup_pen=0 yaw_pen=0.112592 known_free=7.71513 min_clearance=1.59412 vel_limit=3 reason=known_free backup_feasible=1[0m
[0m[INFO] [1784395954.830783628]: [candidate cost] chosen_cluster=-1 chosen_coverage=18067209469065432611 raw_best_cluster=-1 raw_best_coverage=18067209469065432611 | #0 c=-1/cp=18067209469065432611 J=5.63156 T=2.87171 TB=0.700739 R=10.259 G=0.166667 W=0 D=0 C=-3.25 | #1 c=-1/cp=11171087551133510525 J=32.1195 T=20.4701 TB=9.04503 R=12 G=0.487179 W=0 D=0 C=-3.02128[0m
calculate tsp cost matrix cost 6.33177ms

tour solver cost: 0.278477ms
[1;33m-------------Plan Global Path end-----------------[0m

total time cost: 256.677ms
[0m[INFO] [1784395954.836916697]: [finish gate] reset by planGlobalPath succeed[0m
[32m[planGlobalPath: succeed][0m: from PLAN_TRAJ to PLAN_TRAJ
viz&&print cost:0.0645ms
[0m[INFO] [1784395954.837299804]: [path condition] raw_pts=5 conditioned_pts=3 dense_pts=5 len=7.71513 known_free=7.71513 min_clearance=1.59412 turn=0.32256 max_local_turn=0.322559 initial_heading=0.356453 backup_feasible=1 sched_v=3 reason=known_free[0m
[0m[INFO] [1784395954.849293145]: [highspeed_exp adapter] backup not required for verified known-free terminal-stop primary. duration=5.56485 known_len=7.63342[0m
[0m[INFO] [1784395954.849348864]: [highspeed_exp adapter] planned General MINCO exploration traj: pieces=1, duration=5.56485, max_v=3.00064, max_a=1.85198, sfc(raw/simplified/final)=3/1/1, corridor=general, prefix=no, prefix_dur=0, switch_delay=0, head_path_dist=inf, shifted_start=0, sched_v=3, opt_v=3, opt_bound=3, suffix_max_v=3.00064, suffix_max_a=1.85198, terminal_v=0, backup=no, backup_start=inf, backup_known_len=7.63342, sched_reason=known_free[0m
[0m[INFO] [1784395954.849371014]: [31m call planner [0m: 12.423[0m
[32m[plan success: new traj pub][0m: from PLAN_TRAJ to EXEC_TRAJ
 -- [TIMER] updateMap time consuming [32m 8.201782 ms[0m
 -- [TIMER] updateMap time consuming [32m 6.895723 ms[0m
 -- [TIMER] updateMap time consuming [32m 7.117551 ms[0m
[0m[INFO] [1784395955.037029523]: [global update] actual callback interval=15035.5ms configured=200ms[0m


[1;33m------------- <452> Plan Global Path start---------------[0m
[0m[INFO] [1784395955.253213157]: update topo skeleton cost: 8.324711ms, update odom vertex cost:207.786364ms [0m
[0m[INFO] [1784395955.253527994]: vp cluster cost: 0.004040ms  ,remove unreachable cost: 0.001520ms, select vp cost: 0.028290ms[0m
insert viewpoint to graph time: 33.1184 ms
calculate tsp cost matrix cost 5.11566ms

tour solver cost: 0.406207ms
[1;33m-------------Plan Global Path end-----------------[0m

total time cost: 261.579ms
[32m[planGlobalPath: succeed][0m: from EXEC_TRAJ to PLAN_TRAJ
viz&&print cost:0.027669ms
[33m[WARN] [1784395955.309174825]: [highspeed_exp adapter] invalid safe flight corridor after simplify/shortcut: head_outside_first_poly[0m
[33m[WARN] [1784395955.309226804]: [coverage recovery] defer observation goal: id=18067209469065432611 approach=(-7.4525 14.1962    2.05) reason=trajectory failure observed_gain=0 no_gain_attempts=0 failure_attempts=2 exhausted=1 cooldown=45s active_deferred=20[0m
[33m[WARN] [1784395955.309296284]: [coverage recovery] local trajectory failed; account target failure immediately and select another observation target[0m
[0m[INFO] [1784395955.298991139]: [path condition] raw_pts=5 conditioned_pts=3 dense_pts=5 len=7.71488 known_free=7.71488 min_clearance=1.59417 turn=0.322586 max_local_turn=0.322585 initial_heading=0.310788 backup_feasible=1 sched_v=3 reason=known_free[0m
[0m[INFO] [1784395955.309206064]: [31m call planner [0m: 10.500[0m
[31m[PLAN_TRAJ: plan failed, keep safe terminal-stop trajectory][0m: from PLAN_TRAJ to EXEC_TRAJ
[0m[INFO] [1784395955.309424273]: [cloud input] mode=approximate_sync points=9955 age=0.0454546s stamp_valid=1[0m
 -- [TIMER] updateMap time consuming [32m 7.415539 ms[0m
[0m[INFO] [1784395955.325970756]: cloud odom callback cost: map update:13.4237ms  update frontier clusters: 3.08106ms  total: 16.5048ms
[0m
 -- [TIMER] updateMap time consuming [32m 7.006782 ms[0m
 -- [TIMER] updateMap time consuming [32m 6.176739 ms[0m


[1;33m------------- <453> Plan Global Path start---------------[0m
[0m[INFO] [1784395955.658506789]: update topo skeleton cost: 8.701718ms, update odom vertex cost:151.029012ms [0m
[0m[INFO] [1784395955.658754557]: vp cluster cost: 0.002489ms  ,remove unreachable cost: 0.001730ms, select vp cost: 0.046740ms[0m
[0m[INFO] [1784395955.658864126]: [coverage candidate] promoted=2 frontend_active=0 speed=0.200383[0m
insert viewpoint to graph time: 26.5429 ms
[0m[INFO] [1784395955.685635055]: [edge cost] len=3.53129 total=21.19 time=1.96565 turn_pen=5.14168 known_pen=0 backup_pen=14 yaw_pen=0.0827064 known_free=3.53129 min_clearance=1.60106 vel_limit=2 reason=known_free backup_feasible=0[0m
[0m[INFO] [1784395955.685964782]: [candidate cost] chosen_cluster=-1 chosen_coverage=4431545490079932023 raw_best_cluster=-1 raw_best_coverage=4431545490079932023 | #0 c=-1/cp=4431545490079932023 J=12.0602 T=3.79432 TB=5.24919 R=12 G=0.166667 W=0 D=0 C=-3.25 | #1 c=-1/cp=13274721884597359900 J=24.1234 T=1.96565 TB=19.2244 R=12 G=0.166667 W=0 D=0 C=-3.33333[0m
calculate tsp cost matrix cost 0.564785ms

tour solver cost: 0.327387ms
[1;33m-------------Plan Global Path end-----------------[0m

total time cost: 191.381ms
[32m[planGlobalPath: succeed][0m: from EXEC_TRAJ to PLAN_TRAJ
viz&&print cost:0.023479ms
[33m[WARN] [1784395955.706995478]: [highspeed_exp adapter] optimized trajectory safety check failed; retry slower: attempt=1 guide_speed=2 t=2.45 state=out_of_map start_clearance=1.72499 segment_min_clearance=3.54243 blocked_clearance=3.60752 recovery=0 clearance_regressed=0 left_exploration_boxes=1[0m
[33m[WARN] [1784395955.709830425]: [highspeed_exp adapter] optimized trajectory safety check failed; retry slower: attempt=2 guide_speed=1.5 t=2.6 state=out_of_map start_clearance=1.72499 segment_min_clearance=3.22354 blocked_clearance=3.22354 recovery=0 clearance_regressed=0 left_exploration_boxes=1[0m
[0m[INFO] [1784395955.690676703]: [path condition] raw_pts=6 conditioned_pts=3 dense_pts=5 len=7.18863 known_free=7.18863 min_clearance=1.57344 turn=0.767403 max_local_turn=0.767402 initial_heading=3.14085 backup_feasible=1 sched_v=2 reason=curvature[0m
[0m[INFO] [1784395955.713418875]: [highspeed_exp adapter] backup not required for verified known-free terminal-stop primary. duration=7.45239 known_len=11.8025[0m
[0m[INFO] [1784395955.713487715]: [highspeed_exp adapter] planned General MINCO exploration traj: pieces=3, duration=7.45239, max_v=3.58325, max_a=3.48869, sfc(raw/simplified/final)=3/2/2, corridor=general, prefix=yes, prefix_dur=0.4283, switch_delay=0.45, head_path_dist=0.387332, shifted_start=0, sched_v=2, opt_v=1.1, opt_bound=1.48923, suffix_max_v=3.58325, suffix_max_a=3.48869, terminal_v=0, backup=no, backup_start=inf, backup_known_len=11.8025, sched_reason=curvature[0m
[0m[INFO] [1784395955.713513555]: [31m call planner [0m: 23.349[0m
[32m[plan success: new traj pub][0m: from PLAN_TRAJ to EXEC_TRAJ
[0m[INFO] [1784395954.569907235]: Publish local map size: 9394[0m
[0m[INFO] [1784395955.669011382]: Publish local map size: 10074[0m
 -- [MARSIM] Running FPS: 214.683
 -- [TIMER] updateMap time consuming [32m 7.579468 ms[0m
 -- [TIMER] updateMap time consuming [32m 6.336238 ms[0m
 -- [TIMER] updateMap time consuming [32m 5.478804 ms[0m
 -- [TIMER] updateMap time consuming [32m 5.871731 ms[0m
 -- [TIMER] updateMap time consuming [32m 8.721368 ms[0m
 -- [TIMER] updateMap time consuming [32m 5.461495 ms[0m
[0m[INFO] [1784395956.236166519]: [global update] actual callback interval=345.986ms configured=200ms[0m


[1;33m------------- <455> Plan Global Path start---------------[0m
[0m[INFO] [1784395956.386432569]: update topo skeleton cost: 10.326565ms, update odom vertex cost:139.884305ms [0m
[0m[INFO] [1784395956.386463469]: [highspeed_exp adapter] safety map ready=1 rog_ready=1 cloud_size=9041[0m
[0m[INFO] [1784395956.386617978]: vp cluster cost: 0.001020ms  ,remove unreachable cost: 0.001910ms, select vp cost: 0.032480ms[0m
[1;33m-------------Plan Global Path end-----------------[0m

total time cost: 150.451ms
[33m[WARN] [1784395956.386658927]: [finish gate] hold exploration after planGlobalPath: no frontier no_frontier_count=1 no_reachable_count=0[0m
[31m[planGlobalPath: no frontier: no frontier gated][0m: from EXEC_TRAJ to PLAN_TRAJ
[0m[INFO] [1784395956.386672147]: [frontier storage] labels=8123/7517 normals=72/823 clusters=0 terminal=0 cluster_cells(cap)=0 candidates(cap)=0 derived_viewpoints(cap)=0 estimated_kb=137.956 revision=240 audit_ready=1[0m
viz&&print cost:0.04766ms


[1;33m------------- <456> Plan Global Path start---------------[0m
[0m[INFO] [1784395956.536522021]: update topo skeleton cost: 10.623273ms, update odom vertex cost:139.155341ms [0m
[0m[INFO] [1784395956.536723509]: vp cluster cost: 0.000940ms  ,remove unreachable cost: 0.001649ms, select vp cost: 0.042410ms[0m
[1;33m-------------Plan Global Path end-----------------[0m

total time cost: 150.049ms
viz&&print cost:0.01777ms
[0m[INFO] [1784395956.536874618]: [cloud input] mode=approximate_sync points=9853 age=0.0729044s stamp_valid=1[0m
 -- [TIMER] updateMap time consuming [32m 6.537056 ms[0m
[0m[INFO] [1784395956.552673148]: cloud odom callback cost: map update:12.6896ms  update frontier clusters: 3.08815ms  total: 15.7778ms
[0m
[0m[INFO] [1784395956.559195734]: [coverage guidance] plan valid=1 map_v=129 frontier_v=129 zones(f/u)=294/227 observed=22459/35519 coverage=0.6323 voxels(f/o/u)=14046/6588/1825 active=0 reachable_unknown=159 route_nodes=160 preferred=0 cost=6.5ms[0m
 -- [TIMER] updateMap time consuming [32m 6.063180 ms[0m


[1;33m------------- <457> Plan Global Path start---------------[0m
[0m[INFO] [1784395956.739266238]: update topo skeleton cost: 11.294746ms, update odom vertex cost:141.101606ms [0m
[0m[INFO] [1784395956.739432226]: vp cluster cost: 0.001060ms  ,remove unreachable cost: 0.001730ms, select vp cost: 0.032330ms[0m
[1;33m-------------Plan Global Path end-----------------[0m

total time cost: 152.625ms
viz&&print cost:0.01618ms
 -- [TIMER] updateMap time consuming [32m 6.948963 ms[0m
 -- [TIMER] updateMap time consuming [32m 7.225140 ms[0m


[1;33m------------- <458> Plan Global Path start---------------[0m
[0m[INFO] [1784395957.008136179]: update topo skeleton cost: 9.454622ms, update odom vertex cost:209.122985ms [0m
[0m[INFO] [1784395957.008314778]: vp cluster cost: 0.000920ms  ,remove unreachable cost: 0.001470ms, select vp cost: 0.035320ms[0m
[1;33m-------------Plan Global Path end-----------------[0m

total time cost: 218.813ms
viz&&print cost:0.01748ms
 -- [TIMER] updateMap time consuming [32m 9.487361 ms[0m


[1;33m------------- <459> Plan Global Path start---------------[0m
[0m[INFO] [1784395957.238972317]: update topo skeleton cost: 8.632619ms, update odom vertex cost:203.220305ms [0m
[0m[INFO] [1784395957.239304644]: vp cluster cost: 0.000890ms  ,remove unreachable cost: 0.001590ms, select vp cost: 0.031800ms[0m
[1;33m-------------Plan Global Path end-----------------[0m

total time cost: 212.245ms
viz&&print cost:0.01565ms
 -- [TIMER] updateMap time consuming [32m 7.604488 ms[0m


[1;33m------------- <460> Plan Global Path start---------------[0m
[0m[INFO] [1784395957.420645829]: update topo skeleton cost: 9.156424ms, update odom vertex cost:155.385819ms [0m
[0m[INFO] [1784395957.420803628]: vp cluster cost: 0.001250ms  ,remove unreachable cost: 0.001630ms, select vp cost: 0.039090ms[0m
[1;33m-------------Plan Global Path end-----------------[0m

total time cost: 164.765ms
[33m[WARN] [1784395957.420850927]: [finish gate] hold exploration after planGlobalPath: no frontier no_frontier_count=6 no_reachable_count=0[0m
viz&&print cost:0.03ms
 -- [TIMER] updateMap time consuming [32m 11.536955 ms[0m


[1;33m------------- <461> Plan Global Path start---------------[0m
[0m[INFO] [1784395957.625552410]: update topo skeleton cost: 11.070038ms, update odom vertex cost:150.821357ms [0m
[0m[INFO] [1784395957.625674729]: vp cluster cost: 0.001030ms  ,remove unreachable cost: 0.001960ms, select vp cost: 0.056570ms[0m
[1;33m-------------Plan Global Path end-----------------[0m

total time cost: 162.078ms
viz&&print cost:0.01949ms
[0m[INFO] [1784395957.625823408]: [cloud input] mode=approximate_sync points=9311 age=0.0618546s stamp_valid=1[0m
 -- [TIMER] updateMap time consuming [32m 9.249573 ms[0m
[0m[INFO] [1784395957.646096301]: cloud odom callback cost: map update:17.0571ms  update frontier clusters: 3.18226ms  total: 20.2394ms
[0m


[1;33m------------- <462> Plan Global Path start---------------[0m
[0m[INFO] [1784395957.876525151]: update topo skeleton cost: 10.955580ms, update odom vertex cost:199.310967ms [0m
[0m[INFO] [1784395957.876606341]: vp cluster cost: 0.000700ms  ,remove unreachable cost: 0.001470ms, select vp cost: 0.028690ms[0m
[1;33m-------------Plan Global Path end-----------------[0m

total time cost: 210.411ms
viz&&print cost:0.015859ms
 -- [TIMER] updateMap time consuming [32m 16.481414 ms[0m


[1;33m------------- <463> Plan Global Path start---------------[0m
[0m[INFO] [1784395958.105992991]: update topo skeleton cost: 7.917104ms, update odom vertex cost:196.165815ms [0m
[0m[INFO] [1784395958.106113170]: vp cluster cost: 0.000680ms  ,remove unreachable cost: 0.001780ms, select vp cost: 0.046059ms[0m
[1;33m-------------Plan Global Path end-----------------[0m

total time cost: 204.262ms
viz&&print cost:0.01693ms
[0m[INFO] [1784395956.669399485]: Publish local map size: 9274[0m
[0m[INFO] [1784395957.669540297]: Publish local map size: 9850[0m
 -- [MARSIM] Running FPS: 209.984
 -- [TIMER] updateMap time consuming [32m 9.522631 ms[0m


[1;33m------------- <464> Plan Global Path start---------------[0m
[0m[INFO] [1784395958.273855079]: update topo skeleton cost: 9.791089ms, update odom vertex cost:140.046528ms [0m
[0m[INFO] [1784395958.273957128]: vp cluster cost: 0.000910ms  ,remove unreachable cost: 0.001700ms, select vp cost: 0.033769ms[0m
[1;33m-------------Plan Global Path end-----------------[0m

total time cost: 150.004ms
viz&&print cost:0.01642ms
 -- [TIMER] updateMap time consuming [32m 5.816602 ms[0m


[1;33m------------- <465> Plan Global Path start---------------[0m
[0m[INFO] [1784395958.471300543]: update topo skeleton cost: 8.999905ms, update odom vertex cost:138.194693ms [0m
[0m[INFO] [1784395958.471333023]: [highspeed_exp adapter] safety map ready=1 rog_ready=1 cloud_size=9876[0m
[0m[INFO] [1784395958.471441592]: vp cluster cost: 0.001160ms  ,remove unreachable cost: 0.001500ms, select vp cost: 0.034669ms[0m
[1;33m-------------Plan Global Path end-----------------[0m

total time cost: 147.398ms
[33m[WARN] [1784395958.471491382]: [finish gate] hold exploration after planGlobalPath: no frontier no_frontier_count=11 no_reachable_count=0[0m
viz&&print cost:0.03539ms
 -- [TIMER] updateMap time consuming [32m 9.737559 ms[0m


[1;33m------------- <466> Plan Global Path start---------------[0m
[0m[INFO] [1784395958.693444714]: update topo skeleton cost: 7.274340ms, update odom vertex cost:154.522677ms [0m
[0m[INFO] [1784395958.693774121]: vp cluster cost: 0.000860ms  ,remove unreachable cost: 0.002490ms, select vp cost: 0.219688ms[0m
[1;33m-------------Plan Global Path end-----------------[0m

total time cost: 162.213ms
viz&&print cost:0.02319ms
[0m[INFO] [1784395958.693937110]: [cloud input] mode=approximate_sync points=9996 age=0.0299612s stamp_valid=1[0m
 -- [TIMER] updateMap time consuming [32m 10.998649 ms[0m
[0m[INFO] [1784395958.715464593]: cloud odom callback cost: map update:18.443ms  update frontier clusters: 3.0467ms  total: 21.4897ms
[0m
[0m[INFO] [1784395958.722000319]: [coverage guidance] plan valid=1 map_v=131 frontier_v=131 zones(f/u)=294/227 observed=22473/35519 coverage=0.6327 voxels(f/o/u)=14054/6588/1831 active=0 reachable_unknown=159 route_nodes=160 preferred=0 cost=6.5ms[0m


[1;33m------------- <467> Plan Global Path start---------------[0m
[0m[INFO] [1784395958.922817865]: update topo skeleton cost: 8.174793ms, update odom vertex cost:179.028556ms [0m
[0m[INFO] [1784395958.923014514]: vp cluster cost: 0.001410ms  ,remove unreachable cost: 0.001930ms, select vp cost: 0.051660ms[0m
[1;33m-------------Plan Global Path end-----------------[0m

total time cost: 187.472ms
viz&&print cost:0.02689ms
 -- [TIMER] updateMap time consuming [32m 10.588273 ms[0m


[1;33m------------- <468> Plan Global Path start---------------[0m
[0m[INFO] [1784395959.142246590]: update topo skeleton cost: 6.690365ms, update odom vertex cost:191.992200ms [0m
[0m[INFO] [1784395959.142384759]: vp cluster cost: 0.000880ms  ,remove unreachable cost: 0.001370ms, select vp cost: 0.033920ms[0m
[1;33m-------------Plan Global Path end-----------------[0m

total time cost: 198.877ms
viz&&print cost:0.01616ms
 -- [TIMER] updateMap time consuming [32m 9.145205 ms[0m


[1;33m------------- <469> Plan Global Path start---------------[0m
[0m[INFO] [1784395959.342866440]: update topo skeleton cost: 9.169414ms, update odom vertex cost:173.291475ms [0m
[0m[INFO] [1784395959.343059128]: vp cluster cost: 0.001350ms  ,remove unreachable cost: 0.001470ms, select vp cost: 0.034580ms[0m
[1;33m-------------Plan Global Path end-----------------[0m

total time cost: 182.713ms
viz&&print cost:0.01579ms
 -- [TIMER] updateMap time consuming [32m 18.593727 ms[0m


[1;33m------------- <470> Plan Global Path start---------------[0m
[0m[INFO] [1784395959.551174306]: update topo skeleton cost: 6.801494ms, update odom vertex cost:173.165616ms [0m
[0m[INFO] [1784395959.551461674]: vp cluster cost: 0.000930ms  ,remove unreachable cost: 0.001460ms, select vp cost: 0.034370ms[0m
[1;33m-------------Plan Global Path end-----------------[0m

total time cost: 180.308ms
[33m[WARN] [1784395959.551503594]: [finish gate] hold exploration after planGlobalPath: no frontier no_frontier_count=16 no_reachable_count=0[0m
viz&&print cost:0.027659ms
 -- [TIMER] updateMap time consuming [32m 13.335580 ms[0m


[1;33m------------- <471> Plan Global Path start---------------[0m
[0m[INFO] [1784395959.754225376]: update topo skeleton cost: 5.586735ms, update odom vertex cost:173.928709ms [0m
[0m[INFO] [1784395959.754465494]: vp cluster cost: 0.001300ms  ,remove unreachable cost: 0.001280ms, select vp cost: 0.030149ms[0m
[1;33m-------------Plan Global Path end-----------------[0m

total time cost: 179.805ms
viz&&print cost:0.01856ms
[0m[INFO] [1784395959.754582803]: [cloud input] mode=approximate_sync points=9682 age=0.0906156s stamp_valid=1[0m
 -- [TIMER] updateMap time consuming [32m 15.231144 ms[0m
[0m[INFO] [1784395959.781250533]: cloud odom callback cost: map update:23.2133ms  update frontier clusters: 3.42605ms  total: 26.6394ms
[0m


[1;33m------------- <472> Plan Global Path start---------------[0m
[0m[INFO] [1784395959.965372421]: update topo skeleton cost: 6.776534ms, update odom vertex cost:177.257254ms [0m
[0m[INFO] [1784395959.965689648]: vp cluster cost: 0.001430ms  ,remove unreachable cost: 0.002010ms, select vp cost: 0.051629ms[0m
[1;33m-------------Plan Global Path end-----------------[0m

total time cost: 184.427ms
viz&&print cost:0.030779ms
 -- [TIMER] updateMap time consuming [32m 11.680345 ms[0m


[1;33m------------- <473> Plan Global Path start---------------[0m
[0m[INFO] [1784395960.172225740]: update topo skeleton cost: 7.199491ms, update odom vertex cost:176.539619ms [0m
[0m[INFO] [1784395960.172438559]: vp cluster cost: 0.000810ms  ,remove unreachable cost: 0.001360ms, select vp cost: 0.041600ms[0m
[1;33m-------------Plan Global Path end-----------------[0m

total time cost: 184.003ms
viz&&print cost:0.0135ms
 -- [TIMER] updateMap time consuming [32m 13.270121 ms[0m


[1;33m------------- <474> Plan Global Path start---------------[0m
[0m[INFO] [1784395960.361189089]: update topo skeleton cost: 6.387108ms, update odom vertex cost:158.330679ms [0m
[0m[INFO] [1784395960.361531686]: vp cluster cost: 0.002110ms  ,remove unreachable cost: 0.002520ms, select vp cost: 0.057639ms[0m
[1;33m-------------Plan Global Path end-----------------[0m

total time cost: 165.153ms
viz&&print cost:0.023419ms
[0m[INFO] [1784395958.671013389]: Publish local map size: 9996[0m
[0m[INFO] [1784395959.769093254]: Publish local map size: 9293[0m
 -- [MARSIM] Running FPS: 211.548
 -- [TIMER] updateMap time consuming [32m 7.500848 ms[0m
 -- [TIMER] updateMap time consuming [32m 12.606397 ms[0m


[1;33m------------- <475> Plan Global Path start---------------[0m
[0m[INFO] [1784395960.607939481]: update topo skeleton cost: 26.648440ms, update odom vertex cost:178.873651ms [0m
[0m[INFO] [1784395960.607968850]: [highspeed_exp adapter] safety map ready=1 rog_ready=1 cloud_size=9447[0m
[0m[INFO] [1784395960.608118159]: vp cluster cost: 0.001040ms  ,remove unreachable cost: 0.001630ms, select vp cost: 0.039560ms[0m
[1;33m-------------Plan Global Path end-----------------[0m

total time cost: 205.761ms
[33m[WARN] [1784395960.608163339]: [finish gate] hold exploration after planGlobalPath: no frontier no_frontier_count=21 no_reachable_count=0[0m
viz&&print cost:0.02882ms
 -- [TIMER] updateMap time consuming [32m 14.269993 ms[0m


[1;33m------------- <476> Plan Global Path start---------------[0m
[0m[INFO] [1784395960.796046715]: update topo skeleton cost: 7.948525ms, update odom vertex cost:155.341813ms [0m
[0m[INFO] [1784395960.796200884]: vp cluster cost: 0.000920ms  ,remove unreachable cost: 0.001960ms, select vp cost: 0.032480ms[0m
[1;33m-------------Plan Global Path end-----------------[0m

total time cost: 163.51ms
viz&&print cost:0.0184ms
[0m[INFO] [1784395960.796332963]: [cloud input] mode=approximate_sync points=9216 age=0.0323655s stamp_valid=1[0m
 -- [TIMER] updateMap time consuming [32m 11.452876 ms[0m
[0m[INFO] [1784395960.818094654]: cloud odom callback cost: map update:18.632ms  update frontier clusters: 3.10487ms  total: 21.7369ms
[0m
[0m[INFO] [1784395960.824512341]: [coverage guidance] plan valid=1 map_v=133 frontier_v=133 zones(f/u)=292/227 observed=22566/35519 coverage=0.6353 voxels(f/o/u)=14105/6589/1872 active=0 reachable_unknown=159 route_nodes=160 preferred=0 cost=6.4ms[0m


[1;33m------------- <477> Plan Global Path start---------------[0m
[0m[INFO] [1784395960.997626749]: update topo skeleton cost: 6.930063ms, update odom vertex cost:152.437578ms [0m
[0m[INFO] [1784395960.997781437]: vp cluster cost: 0.000760ms  ,remove unreachable cost: 0.001400ms, select vp cost: 0.040149ms[0m
[1;33m-------------Plan Global Path end-----------------[0m

total time cost: 159.588ms
viz&&print cost:0.0166ms
 -- [TIMER] updateMap time consuming [32m 11.129619 ms[0m


[1;33m------------- <478> Plan Global Path start---------------[0m
[0m[INFO] [1784395961.199369173]: update topo skeleton cost: 5.244597ms, update odom vertex cost:154.059355ms [0m
[0m[INFO] [1784395961.199505952]: vp cluster cost: 0.001080ms  ,remove unreachable cost: 0.001680ms, select vp cost: 0.048139ms[0m
[1;33m-------------Plan Global Path end-----------------[0m

total time cost: 159.497ms
viz&&print cost:0.01601ms
 -- [TIMER] updateMap time consuming [32m 7.227490 ms[0m


[1;33m------------- <479> Plan Global Path start---------------[0m
[0m[INFO] [1784395961.447360628]: update topo skeleton cost: 23.602816ms, update odom vertex cost:174.118651ms [0m
[0m[INFO] [1784395961.447496897]: vp cluster cost: 0.001280ms  ,remove unreachable cost: 0.002010ms, select vp cost: 0.039990ms[0m
[1;33m-------------Plan Global Path end-----------------[0m

total time cost: 197.915ms
[0m[INFO] [1784395961.447544036]: [frontier storage] labels=8220/7517 normals=73/823 clusters=0 terminal=0 cluster_cells(cap)=0 candidates(cap)=0 derived_viewpoints(cap)=0 estimated_kb=138.828 revision=240 audit_ready=1[0m
viz&&print cost:0.03939ms
 -- [TIMER] updateMap time consuming [32m 17.046100 ms[0m


[1;33m------------- <480> Plan Global Path start---------------[0m
[0m[INFO] [1784395961.676688355]: update topo skeleton cost: 26.520143ms, update odom vertex cost:175.213372ms [0m
[0m[INFO] [1784395961.676799834]: vp cluster cost: 0.000720ms  ,remove unreachable cost: 0.001480ms, select vp cost: 0.044809ms[0m
[1;33m-------------Plan Global Path end-----------------[0m

total time cost: 201.9ms
[33m[WARN] [1784395961.676842734]: [finish gate] hold exploration after planGlobalPath: no frontier no_frontier_count=26 no_reachable_count=0[0m
viz&&print cost:0.02632ms
 -- [TIMER] updateMap time consuming [32m 7.576807 ms[0m


[1;33m------------- <481> Plan Global Path start---------------[0m
[0m[INFO] [1784395961.887948631]: update topo skeleton cost: 17.714384ms, update odom vertex cost:174.698217ms [0m
[0m[INFO] [1784395961.888054801]: vp cluster cost: 0.001120ms  ,remove unreachable cost: 0.001760ms, select vp cost: 0.033560ms[0m
[1;33m-------------Plan Global Path end-----------------[0m

total time cost: 192.579ms
viz&&print cost:0.02102ms
[0m[INFO] [1784395961.888198289]: [cloud input] mode=approximate_sync points=9151 age=0.0242258s stamp_valid=1[0m
 -- [TIMER] updateMap time consuming [32m 10.330485 ms[0m
[0m[INFO] [1784395961.909824412]: cloud odom callback cost: map update:18.325ms  update frontier clusters: 3.26743ms  total: 21.5924ms
[0m


[1;33m------------- <482> Plan Global Path start---------------[0m
[0m[INFO] [1784395962.101365651]: update topo skeleton cost: 17.604075ms, update odom vertex cost:173.855354ms [0m
[0m[INFO] [1784395962.101569399]: vp cluster cost: 0.001000ms  ,remove unreachable cost: 0.001800ms, select vp cost: 0.027630ms[0m
[0m[INFO] [1784395962.101706108]: [coverage candidate] promoted=2 frontend_active=0 speed=0.415113[0m
insert viewpoint to graph time: 12.8892 ms
[0m[INFO] [1784395962.115911261]: [edge cost] len=34.2187 total=23.4445 time=17.3094 turn_pen=6.11682 known_pen=0 backup_pen=0 yaw_pen=0.0183376 known_free=34.2187 min_clearance=0.470351 vel_limit=2 reason=curvature backup_feasible=1[0m
[0m[INFO] [1784395962.116204909]: [candidate cost] chosen_cluster=-1 chosen_coverage=9378951991535352863 raw_best_cluster=-1 raw_best_coverage=9378951991535352863 | #0 c=-1/cp=9378951991535352863 J=10.0807 T=12.7073 TB=1.47606 R=0 G=0.495798 W=0 D=0 C=-3.11111 | #1 c=-1/cp=7552336622608097646 J=23.0745 T=17.3094 TB=6.13515 R=6.67983 G=0.459459 W=0 D=0 C=-3.125[0m
calculate tsp cost matrix cost 1.60947ms

tour solver cost: 0.290468ms
[1;33m-------------Plan Global Path end-----------------[0m

total time cost: 210.147ms
[0m[INFO] [1784395962.120053878]: [finish gate] reset by planGlobalPath succeed[0m
[32m[planGlobalPath: succeed][0m: from PLAN_TRAJ to PLAN_TRAJ
viz&&print cost:0.04692ms
[0m[INFO] [1784395962.121302517]: [path horizon] shorten high-curvature local path: horizon=19.6075m pts=13 turn=3.4315 max_local_turn=1.2099[0m
[0m[INFO] [1784395962.121313707]: [path condition] raw_pts=110 conditioned_pts=11 dense_pts=13 len=19.6075 known_free=19.6075 min_clearance=0.471602 turn=3.4315 max_local_turn=1.2099 initial_heading=0.850628 backup_feasible=1 sched_v=2 reason=curvature[0m
[0m[INFO] [1784395962.162403090]: [highspeed_exp adapter] backup not required for verified known-free terminal-stop primary. duration=17.641 known_len=19.3127[0m
[0m[INFO] [1784395962.162539489]: [highspeed_exp adapter] planned General MINCO exploration traj: pieces=2, duration=17.641, max_v=2.00184, max_a=0.495947, sfc(raw/simplified/final)=4/2/2, corridor=general, prefix=no, prefix_dur=0, switch_delay=0, head_path_dist=inf, shifted_start=0, sched_v=2, opt_v=2, opt_bound=2.85445, suffix_max_v=2.00184, suffix_max_a=0.495947, terminal_v=0, backup=no, backup_start=inf, backup_known_len=19.3127, sched_reason=curvature[0m
[0m[INFO] [1784395962.162580529]: [31m call planner [0m: 42.506[0m
[32m[plan success: new traj pub][0m: from PLAN_TRAJ to EXEC_TRAJ
[0m[INFO] [1784395960.769276705]: Publish local map size: 9216[0m
[0m[INFO] [1784395961.869329474]: Publish local map size: 9151[0m
 -- [MARSIM] Running FPS: 207.96
 -- [TIMER] updateMap time consuming [32m 6.678655 ms[0m
 -- [TIMER] updateMap time consuming [32m 6.581856 ms[0m
 -- [TIMER] updateMap time consuming [32m 6.578146 ms[0m
[0m[INFO] [1784395962.320155057]: [global update] actual callback interval=6083.99ms configured=200ms[0m


[1;33m------------- <483> Plan Global Path start---------------[0m
[0m[INFO] [1784395962.517849876]: update topo skeleton cost: 9.744970ms, update odom vertex cost:187.894039ms [0m
[0m[INFO] [1784395962.518051394]: vp cluster cost: 0.001150ms  ,remove unreachable cost: 0.002020ms, select vp cost: 0.037269ms[0m
insert viewpoint to graph time: 17.9224 ms
calculate tsp cost matrix cost 1.81383ms

tour solver cost: 0.271538ms
[1;33m-------------Plan Global Path end-----------------[0m

total time cost: 221.671ms
[32m[planGlobalPath: succeed][0m: from EXEC_TRAJ to PLAN_TRAJ
viz&&print cost:0.03577ms
[0m[INFO] [1784395962.543335437]: [path condition] raw_pts=110 conditioned_pts=11 dense_pts=13 len=19.6075 known_free=19.6075 min_clearance=0.471602 turn=3.43149 max_local_turn=1.2099 initial_heading=0.847691 backup_feasible=1 sched_v=2 reason=curvature[0m
[0m[INFO] [1784395962.579194443]: [highspeed_exp adapter] planned General MINCO exploration traj: pieces=3, duration=17.198, max_v=2.0023, max_a=0.400967, sfc(raw/simplified/final)=4/2/2, corridor=general, prefix=yes, prefix_dur=0.416876, switch_delay=0.45, head_path_dist=0.00419094, shifted_start=0, sched_v=2, opt_v=2, opt_bound=2.73138, suffix_max_v=2.0023, suffix_max_a=0.400967, terminal_v=0, backup=no, backup_start=inf, backup_known_len=17.8084, sched_reason=curvature[0m
[0m[INFO] [1784395962.579232603]: [31m call planner [0m: 37.305[0m
[32m[plan success: new traj pub][0m: from PLAN_TRAJ to EXEC_TRAJ
 -- [TIMER] updateMap time consuming [32m 8.060274 ms[0m
 -- [TIMER] updateMap time consuming [32m 6.429847 ms[0m


[1;33m------------- <484> Plan Global Path start---------------[0m
[0m[INFO] [1784395962.937483866]: update topo skeleton cost: 6.699905ms, update odom vertex cost:188.812682ms [0m
[0m[INFO] [1784395962.937524585]: [highspeed_exp adapter] safety map ready=1 rog_ready=1 cloud_size=9625[0m
[0m[INFO] [1784395962.937774903]: vp cluster cost: 0.001770ms  ,remove unreachable cost: 0.001380ms, select vp cost: 0.038499ms[0m
[0m[INFO] [1784395962.937918452]: [coverage candidate] promoted=2 frontend_active=0 speed=0.0113752[0m
insert viewpoint to graph time: 15.7042 ms
[0m[INFO] [1784395962.955025362]: [edge cost] len=34.2174 total=23.436 time=17.3087 turn_pen=6.1088 known_pen=0 backup_pen=0 yaw_pen=0.0185386 known_free=34.2174 min_clearance=0.470351 vel_limit=2 reason=curvature backup_feasible=1[0m
[0m[INFO] [1784395962.955389549]: [candidate cost] chosen_cluster=-1 chosen_coverage=9378951991535352863 raw_best_cluster=-1 raw_best_coverage=9378951991535352863 | #0 c=-1/cp=9378951991535352863 J=9.61344 T=12.2477 TB=1.4685 R=0 G=0.495798 W=0 D=0 C=-3.11111 | #1 c=-1/cp=7552336622608097646 J=23.3188 T=17.3087 TB=6.12734 R=7.13949 G=0.459459 W=0 D=0 C=-3.125[0m
calculate tsp cost matrix cost 1.77137ms

tour solver cost: 0.290807ms
[1;33m-------------Plan Global Path end-----------------[0m

total time cost: 217.481ms
[32m[planGlobalPath: succeed][0m: from EXEC_TRAJ to PLAN_TRAJ
viz&&print cost:0.019869ms
[0m[INFO] [1784395962.960806335]: [path horizon] shorten high-curvature local path: horizon=19.6081m pts=13 turn=3.43138 max_local_turn=1.2099[0m
[0m[INFO] [1784395962.960835864]: [path condition] raw_pts=111 conditioned_pts=11 dense_pts=13 len=19.6081 known_free=19.6081 min_clearance=0.471602 turn=3.43138 max_local_turn=1.2099 initial_heading=0.846393 backup_feasible=1 sched_v=2 reason=curvature[0m
[0m[INFO] [1784395962.995282512]: [highspeed_exp adapter] backup not required for verified known-free terminal-stop primary. duration=16.771 known_len=17.7749[0m
[0m[INFO] [1784395962.995517020]: [highspeed_exp adapter] planned General MINCO exploration traj: pieces=4, duration=16.771, max_v=2.0023, max_a=0.413006, sfc(raw/simplified/final)=4/2/2, corridor=general, prefix=yes, prefix_dur=0.418241, switch_delay=0.45, head_path_dist=0.0177706, shifted_start=0, sched_v=2, opt_v=2, opt_bound=2.48797, suffix_max_v=2.0023, suffix_max_a=0.413006, terminal_v=0, backup=no, backup_start=inf, backup_known_len=17.7749, sched_reason=curvature[0m
[0m[INFO] [1784395962.995564679]: [31m call planner [0m: 36.083[0m
[32m[plan success: new traj pub][0m: from PLAN_TRAJ to EXEC_TRAJ
[0m[INFO] [1784395962.995739798]: [cloud input] mode=approximate_sync points=9316 age=0.0317703s stamp_valid=1[0m
 -- [TIMER] updateMap time consuming [32m 6.275698 ms[0m
[0m[INFO] [1784395963.011982035]: cloud odom callback cost: map update:13.1145ms  update frontier clusters: 3.09229ms  total: 16.2068ms
[0m
[0m[INFO] [1784395963.018268444]: [coverage guidance] plan valid=1 map_v=135 frontier_v=135 zones(f/u)=292/227 observed=22567/35519 coverage=0.6354 voxels(f/o/u)=14101/6589/1877 active=0 reachable_unknown=159 route_nodes=160 preferred=0 cost=6.3ms[0m
 -- [TIMER] updateMap time consuming [32m 6.419497 ms[0m


[1;33m------------- <485> Plan Global Path start---------------[0m
[0m[INFO] [1784395963.357943231]: update topo skeleton cost: 9.258494ms, update odom vertex cost:189.140551ms [0m
[0m[INFO] [1784395963.358179770]: vp cluster cost: 0.001490ms  ,remove unreachable cost: 0.002410ms, select vp cost: 0.040160ms[0m
insert viewpoint to graph time: 16.578 ms
calculate tsp cost matrix cost 1.58132ms

tour solver cost: 0.279807ms
[1;33m-------------Plan Global Path end-----------------[0m

total time cost: 220.752ms
[32m[planGlobalPath: succeed][0m: from EXEC_TRAJ to PLAN_TRAJ
viz&&print cost:0.018549ms
[0m[INFO] [1784395963.381378650]: [path condition] raw_pts=119 conditioned_pts=13 dense_pts=12 len=13.7846 known_free=13.7846 min_clearance=0.463815 turn=5.03188 max_local_turn=1.2099 initial_heading=0.908242 backup_feasible=1 sched_v=2 reason=curvature[0m
[0m[INFO] [1784395963.411160216]: [highspeed_exp adapter] planned General MINCO exploration traj: pieces=4, duration=11.0348, max_v=2.00133, max_a=0.835612, sfc(raw/simplified/final)=3/2/2, corridor=general, prefix=yes, prefix_dur=0.421963, switch_delay=0.45, head_path_dist=0.0439536, shifted_start=0, sched_v=2, opt_v=2, opt_bound=3.80524, suffix_max_v=2.00133, suffix_max_a=0.835612, terminal_v=0, backup=no, backup_start=inf, backup_known_len=12.9978, sched_reason=curvature[0m
[0m[INFO] [1784395963.411197025]: [31m call planner [0m: 30.893[0m
[32m[plan success: new traj pub][0m: from PLAN_TRAJ to EXEC_TRAJ
 -- [TIMER] updateMap time consuming [32m 6.288108 ms[0m
 -- [TIMER] updateMap time consuming [32m 6.690085 ms[0m
 -- [TIMER] updateMap time consuming [32m 6.477377 ms[0m
[0m[INFO] [1784395963.585329759]: [global update] actual callback interval=425.809ms configured=200ms[0m


[1;33m------------- <486> Plan Global Path start---------------[0m
[0m[INFO] [1784395963.782258676]: update topo skeleton cost: 7.450409ms, update odom vertex cost:189.429739ms [0m
[0m[INFO] [1784395963.782466545]: vp cluster cost: 0.000980ms  ,remove unreachable cost: 0.001850ms, select vp cost: 0.040520ms[0m
[0m[INFO] [1784395963.782578944]: [coverage candidate] promoted=2 frontend_active=0 speed=0.129563[0m
insert viewpoint to graph time: 16.1666 ms
[0m[INFO] [1784395963.799971411]: [edge cost] len=32.0086 total=23.916 time=16.2043 turn_pen=7.69403 known_pen=0 backup_pen=0 yaw_pen=0.0176764 known_free=32.0086 min_clearance=0.577462 vel_limit=2 reason=curvature backup_feasible=1[0m
[0m[INFO] [1784395963.800482017]: [candidate cost] chosen_cluster=-1 chosen_coverage=9378951991535352863 raw_best_cluster=-1 raw_best_coverage=9378951991535352863 | #0 c=-1/cp=9378951991535352863 J=13.4784 T=14.4048 TB=3.05286 R=0.224522 G=0.495798 W=0 D=0 C=-3.11111 | #1 c=-1/cp=7552336622608097646 J=22.6124 T=16.2043 TB=7.71171 R=4.98238 G=0.459459 W=0 D=0 C=-3.125[0m
calculate tsp cost matrix cost 1.74839ms

tour solver cost: 0.265918ms
[1;33m-------------Plan Global Path end-----------------[0m

total time cost: 219.04ms
[32m[planGlobalPath: succeed][0m: from EXEC_TRAJ to PLAN_TRAJ
viz&&print cost:0.02215ms
[0m[INFO] [1784395963.805607985]: [path horizon] shorten high-curvature local path: horizon=13.792m pts=12 turn=5.029 max_local_turn=1.2099[0m
[0m[INFO] [1784395963.805623225]: [path condition] raw_pts=118 conditioned_pts=13 dense_pts=12 len=13.792 known_free=13.792 min_clearance=0.465567 turn=5.029 max_local_turn=1.2099 initial_heading=0.866336 backup_feasible=1 sched_v=2 reason=curvature[0m
[0m[INFO] [1784395963.835416971]: [highspeed_exp adapter] backup not required for verified known-free terminal-stop primary. duration=10.6572 known_len=13.1596[0m
[0m[INFO] [1784395963.835512930]: [highspeed_exp adapter] planned General MINCO exploration traj: pieces=3, duration=10.6572, max_v=2.00188, max_a=0.872087, sfc(raw/simplified/final)=3/2/2, corridor=general, prefix=yes, prefix_dur=0.421832, switch_delay=0.45, head_path_dist=0.0798505, shifted_start=0, sched_v=2, opt_v=2, opt_bound=4, suffix_max_v=2.00188, suffix_max_a=0.872087, terminal_v=0, backup=no, backup_start=inf, backup_known_len=13.1596, sched_reason=curvature[0m
[0m[INFO] [1784395963.835538360]: [31m call planner [0m: 31.092[0m
[32m[plan success: new traj pub][0m: from PLAN_TRAJ to EXEC_TRAJ
 -- [TIMER] updateMap time consuming [32m 6.893943 ms[0m
 -- [TIMER] updateMap time consuming [32m 6.373288 ms[0m
 -- [TIMER] updateMap time consuming [32m 6.694375 ms[0m


[1;33m------------- <487> Plan Global Path start---------------[0m
[0m[INFO] [1784395964.190876122]: update topo skeleton cost: 8.236163ms, update odom vertex cost:178.136873ms [0m
[0m[INFO] [1784395964.191151459]: vp cluster cost: 0.001510ms  ,remove unreachable cost: 0.001580ms, select vp cost: 0.033769ms[0m
insert viewpoint to graph time: 17.0795 ms
calculate tsp cost matrix cost 1.77273ms

tour solver cost: 0.294207ms
[1;33m-------------Plan Global Path end-----------------[0m

total time cost: 209.522ms
[32m[planGlobalPath: succeed][0m: from EXEC_TRAJ to PLAN_TRAJ
viz&&print cost:0.02647ms
[0m[INFO] [1784395964.215307992]: [path condition] raw_pts=118 conditioned_pts=13 dense_pts=12 len=13.8066 known_free=13.8066 min_clearance=0.467892 turn=5.02331 max_local_turn=1.2099 initial_heading=0.493388 backup_feasible=1 sched_v=2 reason=curvature[0m
[0m[INFO] [1784395964.244616712]: [highspeed_exp adapter] planned General MINCO exploration traj: pieces=4, duration=10.3531, max_v=2.00192, max_a=0.719355, sfc(raw/simplified/final)=3/2/2, corridor=general, prefix=yes, prefix_dur=0.422212, switch_delay=0.45, head_path_dist=0.123873, shifted_start=0, sched_v=2, opt_v=2, opt_bound=4, suffix_max_v=2.00192, suffix_max_a=0.719355, terminal_v=0, backup=no, backup_start=inf, backup_known_len=12.5692, sched_reason=curvature[0m
[0m[INFO] [1784395964.244656761]: [31m call planner [0m: 30.593[0m
[32m[plan success: new traj pub][0m: from PLAN_TRAJ to EXEC_TRAJ
[0m[INFO] [1784395964.244749401]: [cloud input] mode=approximate_sync points=9582 age=0.0807851s stamp_valid=1[0m
 -- [TIMER] updateMap time consuming [32m 7.882615 ms[0m
[0m[INFO] [1784395964.265574570]: cloud odom callback cost: map update:15.0183ms  update frontier clusters: 5.76556ms  total: 20.7839ms
[0m
 -- [TIMER] updateMap time consuming [32m 7.261450 ms[0m
 -- [TIMER] updateMap time consuming [32m 6.924593 ms[0m


[1;33m------------- <488> Plan Global Path start---------------[0m
[0m[INFO] [1784395964.614625125]: update topo skeleton cost: 21.875681ms, update odom vertex cost:178.648359ms [0m
[0m[INFO] [1784395964.614836883]: vp cluster cost: 0.000860ms  ,remove unreachable cost: 0.001700ms, select vp cost: 0.037390ms[0m
[0m[INFO] [1784395964.614949332]: [coverage candidate] promoted=2 frontend_active=0 speed=0.380143[0m
insert viewpoint to graph time: 18.1005 ms
[0m[INFO] [1784395964.634385933]: [edge cost] len=32.0027 total=16.6988 time=14.3258 turn_pen=2.28369 known_pen=0 backup_pen=0 yaw_pen=0.0893529 known_free=32.0027 min_clearance=0.461975 vel_limit=2.26989 reason=curvature backup_feasible=1[0m
[0m[INFO] [1784395964.634700180]: [candidate cost] chosen_cluster=-1 chosen_coverage=9378951991535352863 raw_best_cluster=-1 raw_best_coverage=9378951991535352863 | #0 c=-1/cp=9378951991535352863 J=12.7689 T=14.3258 TB=2.37304 R=0.314165 G=0.495798 W=0 D=0 C=-3.11111 | #1 c=-1/cp=7552336622608097646 J=21.8864 T=16.1147 TB=7.03189 R=5.06136 G=0.459459 W=0 D=0 C=-3.125[0m
calculate tsp cost matrix cost 1.65149ms

tour solver cost: 0.268238ms
[1;33m-------------Plan Global Path end-----------------[0m

total time cost: 224.466ms
[32m[planGlobalPath: succeed][0m: from EXEC_TRAJ to PLAN_TRAJ
viz&&print cost:0.02274ms
[33m[WARN] [1784395964.669108549]: [highspeed_exp adapter] optimized trajectory safety check failed; retry slower: attempt=1 guide_speed=2 t=3.05 state=out_of_map start_clearance=2.02867 segment_min_clearance=1.68397 blocked_clearance=1.68397 recovery=0 clearance_regressed=0 left_exploration_boxes=1[0m
[33m[WARN] [1784395964.674396385]: [highspeed_exp adapter] optimized trajectory safety check failed; retry slower: attempt=2 guide_speed=1.5 t=3.8 state=out_of_map start_clearance=2.02867 segment_min_clearance=1.37178 blocked_clearance=1.37178 recovery=0 clearance_regressed=0 left_exploration_boxes=1[0m
[33m[WARN] [1784395964.681443758]: [highspeed_exp adapter] optimized trajectory safety check failed; retry slower: attempt=3 guide_speed=1.1 t=6.95 state=out_of_map start_clearance=2.02867 segment_min_clearance=0.877007 blocked_clearance=0.877007 recovery=0 clearance_regressed=0 left_exploration_boxes=1[0m
[0m[INFO] [1784395964.639814129]: [path horizon] shorten high-curvature local path: horizon=13.8293m pts=12 turn=5.01449 max_local_turn=1.2099[0m
[0m[INFO] [1784395964.639830149]: [path condition] raw_pts=118 conditioned_pts=13 dense_pts=12 len=13.8293 known_free=13.8293 min_clearance=0.464935 turn=5.01449 max_local_turn=1.2099 initial_heading=0.445348 backup_feasible=1 sched_v=2 reason=curvature[0m
[0m[INFO] [1784395964.691027879]: [highspeed_exp adapter] backup not required for verified known-free terminal-stop primary. duration=16.8905 known_len=12.9993[0m
[0m[INFO] [1784395964.691131159]: [highspeed_exp adapter] planned General MINCO exploration traj: pieces=3, duration=16.8905, max_v=1.43535, max_a=0.598623, sfc(raw/simplified/final)=3/2/2, corridor=general, prefix=yes, prefix_dur=0.400357, switch_delay=0.45, head_path_dist=0.195205, shifted_start=0, sched_v=2, opt_v=1, opt_bound=2, suffix_max_v=1.43535, suffix_max_a=0.598623, terminal_v=0, backup=no, backup_start=inf, backup_known_len=12.9993, sched_reason=curvature[0m
[0m[INFO] [1784395964.691169408]: [31m call planner [0m: 52.591[0m
[32m[plan success: new traj pub][0m: from PLAN_TRAJ to EXEC_TRAJ
 -- [TIMER] updateMap time consuming [32m 7.745877 ms[0m
[31m[safetyCallback: not safe, time:10.900000][0m: from EXEC_TRAJ to PLAN_TRAJ
[33m[WARN] [1784395964.742054442]: [highspeed_exp adapter] optimized trajectory safety check failed; retry slower: attempt=1 guide_speed=2 t=3.15 state=out_of_map start_clearance=2.03063 segment_min_clearance=1.38138 blocked_clearance=1.38138 recovery=0 clearance_regressed=0 left_exploration_boxes=1[0m
[33m[WARN] [1784395964.746747974]: [highspeed_exp adapter] optimized trajectory safety check failed; retry slower: attempt=2 guide_speed=1.5 t=3.85 state=out_of_map start_clearance=2.03063 segment_min_clearance=1.29773 blocked_clearance=1.29773 recovery=0 clearance_regressed=0 left_exploration_boxes=1[0m
[33m[WARN] [1784395964.753598158]: [highspeed_exp adapter] optimized trajectory safety check failed; retry slower: attempt=3 guide_speed=1.1 t=7.15 state=out_of_map start_clearance=2.03063 segment_min_clearance=0.798644 blocked_clearance=0.798644 recovery=0 clearance_regressed=0 left_exploration_boxes=1[0m
[0m[INFO] [1784395964.710930877]: [path condition] raw_pts=118 conditioned_pts=13 dense_pts=12 len=13.8293 known_free=13.8293 min_clearance=0.464935 turn=5.01449 max_local_turn=1.2099 initial_heading=0.456509 backup_feasible=1 sched_v=2 reason=curvature[0m
[0m[INFO] [1784395964.759647628]: [highspeed_exp adapter] planned General MINCO exploration traj: pieces=4, duration=16.8387, max_v=1.42824, max_a=0.598571, sfc(raw/simplified/final)=3/2/2, corridor=general, prefix=yes, prefix_dur=0.402976, switch_delay=0.45, head_path_dist=0.22312, shifted_start=0, sched_v=2, opt_v=1, opt_bound=2, suffix_max_v=1.42824, suffix_max_a=0.598571, terminal_v=0, backup=no, backup_start=inf, backup_known_len=12.8397, sched_reason=curvature[0m
[0m[INFO] [1784395964.759701448]: [31m call planner [0m: 49.939[0m
[32m[plan success: new traj pub][0m: from PLAN_TRAJ to EXEC_TRAJ
[0m[INFO] [1784395962.869911760]: Publish local map size: 10043[0m
[0m[INFO] [1784395963.968773329]: Publish local map size: 9107[0m
 -- [MARSIM] Running FPS: 221.77
 -- [TIMER] updateMap time consuming [32m 6.840794 ms[0m
[0m[INFO] [1784395964.838649582]: [global update] actual callback interval=424.551ms configured=200ms[0m
 -- [TIMER] updateMap time consuming [32m 7.752017 ms[0m
 -- [TIMER] updateMap time consuming [32m 6.915343 ms[0m
 -- [TIMER] updateMap time consuming [32m 6.705075 ms[0m


[1;33m------------- <490> Plan Global Path start---------------[0m
[0m[INFO] [1784395965.449031342]: update topo skeleton cost: 16.990161ms, update odom vertex cost:185.831401ms [0m
[0m[INFO] [1784395965.449058522]: [highspeed_exp adapter] safety map ready=1 rog_ready=1 cloud_size=10055[0m
[0m[INFO] [1784395965.449284810]: vp cluster cost: 0.001070ms  ,remove unreachable cost: 0.001640ms, select vp cost: 0.031390ms[0m
[1;33m-------------Plan Global Path end-----------------[0m

total time cost: 203.13ms
[33m[WARN] [1784395965.449326270]: [finish gate] hold exploration after planGlobalPath: no frontier no_frontier_count=1 no_reachable_count=0[0m
[31m[planGlobalPath: no frontier: no frontier gated][0m: from EXEC_TRAJ to PLAN_TRAJ
viz&&print cost:0.02512ms


[1;33m------------- <491> Plan Global Path start---------------[0m
[0m[INFO] [1784395965.652665718]: update topo skeleton cost: 15.691312ms, update odom vertex cost:187.587047ms [0m
[0m[INFO] [1784395965.652944996]: vp cluster cost: 0.002170ms  ,remove unreachable cost: 0.001940ms, select vp cost: 0.038940ms[0m
[1;33m-------------Plan Global Path end-----------------[0m

total time cost: 203.618ms
viz&&print cost:0.01723ms
[0m[INFO] [1784395965.653113354]: [cloud input] mode=approximate_sync points=9910 age=0.0891422s stamp_valid=1[0m
 -- [TIMER] updateMap time consuming [32m 8.283383 ms[0m
[0m[INFO] [1784395965.672863723]: cloud odom callback cost: map update:16.3065ms  update frontier clusters: 3.40573ms  total: 19.7123ms
[0m
[0m[INFO] [1784395965.679463259]: [coverage guidance] plan valid=1 map_v=137 frontier_v=137 zones(f/u)=292/227 observed=22574/35519 coverage=0.6355 voxels(f/o/u)=14105/6591/1878 active=0 reachable_unknown=159 route_nodes=160 preferred=0 cost=6.6ms[0m


[1;33m------------- <492> Plan Global Path start---------------[0m
[0m[INFO] [1784395965.899013085]: update topo skeleton cost: 18.908576ms, update odom vertex cost:207.152037ms [0m
[0m[INFO] [1784395965.899274112]: vp cluster cost: 0.001430ms  ,remove unreachable cost: 0.001670ms, select vp cost: 0.037730ms[0m
[1;33m-------------Plan Global Path end-----------------[0m

total time cost: 226.379ms
viz&&print cost:0.01775ms
 -- [TIMER] updateMap time consuming [32m 7.987745 ms[0m


[1;33m------------- <493> Plan Global Path start---------------[0m
[0m[INFO] [1784395966.105929294]: update topo skeleton cost: 22.483316ms, update odom vertex cost:165.851166ms [0m
[0m[INFO] [1784395966.106137243]: vp cluster cost: 0.001220ms  ,remove unreachable cost: 0.001630ms, select vp cost: 0.034730ms[0m
[1;33m-------------Plan Global Path end-----------------[0m

total time cost: 188.599ms
viz&&print cost:0.01607ms
 -- [TIMER] updateMap time consuming [32m 7.070323 ms[0m


[1;33m------------- <494> Plan Global Path start---------------[0m
[0m[INFO] [1784395966.287470442]: update topo skeleton cost: 9.774741ms, update odom vertex cost:154.589858ms [0m
[0m[INFO] [1784395966.287711850]: vp cluster cost: 0.001770ms  ,remove unreachable cost: 0.001570ms, select vp cost: 0.036630ms[0m
[1;33m-------------Plan Global Path end-----------------[0m

total time cost: 164.66ms
viz&&print cost:0.0168ms
 -- [TIMER] updateMap time consuming [32m 11.128219 ms[0m


[1;33m------------- <495> Plan Global Path start---------------[0m
[0m[INFO] [1784395966.495366045]: update topo skeleton cost: 6.712015ms, update odom vertex cost:158.090629ms [0m
[0m[INFO] [1784395966.495636093]: vp cluster cost: 0.001430ms  ,remove unreachable cost: 0.001800ms, select vp cost: 0.045980ms[0m
[1;33m-------------Plan Global Path end-----------------[0m

total time cost: 165.131ms
[33m[WARN] [1784395966.495682333]: [finish gate] hold exploration after planGlobalPath: no frontier no_frontier_count=6 no_reachable_count=0[0m
[0m[INFO] [1784395966.495695502]: [frontier storage] labels=8287/7517 normals=75/823 clusters=0 terminal=0 cluster_cells(cap)=0 candidates(cap)=0 derived_viewpoints(cap)=0 estimated_kb=139.456 revision=240 audit_ready=1[0m
viz&&print cost:0.042699ms
 -- [TIMER] updateMap time consuming [32m 7.305120 ms[0m


[1;33m------------- <496> Plan Global Path start---------------[0m
[0m[INFO] [1784395966.741761864]: update topo skeleton cost: 28.763485ms, update odom vertex cost:177.172544ms [0m
[0m[INFO] [1784395966.741951632]: vp cluster cost: 0.000790ms  ,remove unreachable cost: 0.001500ms, select vp cost: 0.038140ms[0m
[1;33m-------------Plan Global Path end-----------------[0m

total time cost: 206.182ms
viz&&print cost:0.01528ms
[0m[INFO] [1784395964.972965763]: Publish local map size: 9966[0m
[0m[INFO] [1784395966.069514971]: Publish local map size: 10034[0m
 -- [MARSIM] Running FPS: 198.701
[0m[INFO] [1784395966.742067551]: [cloud input] mode=approximate_sync points=9353 age=0.0780978s stamp_valid=1[0m
 -- [TIMER] updateMap time consuming [32m 7.093271 ms[0m
[0m[INFO] [1784395966.759743167]: cloud odom callback cost: map update:13.8562ms  update frontier clusters: 3.77074ms  total: 17.6269ms
[0m


[1;33m------------- <497> Plan Global Path start---------------[0m
[0m[INFO] [1784395966.962225504]: update topo skeleton cost: 26.501324ms, update odom vertex cost:175.867894ms [0m
[0m[INFO] [1784395966.962437682]: vp cluster cost: 0.001030ms  ,remove unreachable cost: 0.001470ms, select vp cost: 0.041880ms[0m
[1;33m-------------Plan Global Path end-----------------[0m

total time cost: 202.643ms
viz&&print cost:0.01824ms
 -- [TIMER] updateMap time consuming [32m 7.312170 ms[0m


[1;33m------------- <498> Plan Global Path start---------------[0m
[0m[INFO] [1784395967.184004315]: update topo skeleton cost: 28.691436ms, update odom vertex cost:175.088132ms [0m
[0m[INFO] [1784395967.184225693]: vp cluster cost: 0.001170ms  ,remove unreachable cost: 0.001610ms, select vp cost: 0.042170ms[0m
[1;33m-------------Plan Global Path end-----------------[0m

total time cost: 204.059ms
viz&&print cost:0.015189ms
 -- [TIMER] updateMap time consuming [32m 10.374996 ms[0m


[1;33m------------- <499> Plan Global Path start---------------[0m
[0m[INFO] [1784395967.385361602]: update topo skeleton cost: 20.587412ms, update odom vertex cost:159.600329ms [0m
[0m[INFO] [1784395967.385577351]: vp cluster cost: 0.001420ms  ,remove unreachable cost: 0.001790ms, select vp cost: 0.036160ms[0m
[1;33m-------------Plan Global Path end-----------------[0m

total time cost: 180.458ms
viz&&print cost:0.013689ms
 -- [TIMER] updateMap time consuming [32m 8.751999 ms[0m


[1;33m------------- <500> Plan Global Path start---------------[0m
[0m[INFO] [1784395967.649953955]: update topo skeleton cost: 24.663768ms, update odom vertex cost:219.646339ms [0m
[0m[INFO] [1784395967.649990865]: [highspeed_exp adapter] safety map ready=1 rog_ready=1 cloud_size=10032[0m
[0m[INFO] [1784395967.650142653]: vp cluster cost: 0.001090ms  ,remove unreachable cost: 0.001340ms, select vp cost: 0.033679ms[0m
[1;33m-------------Plan Global Path end-----------------[0m

total time cost: 244.559ms
[33m[WARN] [1784395967.650187703]: [finish gate] hold exploration after planGlobalPath: no frontier no_frontier_count=11 no_reachable_count=0[0m
viz&&print cost:0.02892ms
 -- [TIMER] updateMap time consuming [32m 10.648144 ms[0m


[1;33m------------- <501> Plan Global Path start---------------[0m
[0m[INFO] [1784395967.891127938]: update topo skeleton cost: 18.715667ms, update odom vertex cost:200.838422ms [0m
[0m[INFO] [1784395967.891319976]: vp cluster cost: 0.001830ms  ,remove unreachable cost: 0.002120ms, select vp cost: 0.056799ms[0m
[1;33m-------------Plan Global Path end-----------------[0m

total time cost: 219.812ms
viz&&print cost:0.01739ms
[0m[INFO] [1784395967.891474365]: [cloud input] mode=approximate_sync points=10040 age=0.0275051s stamp_valid=1[0m
 -- [TIMER] updateMap time consuming [32m 12.912245 ms[0m
[0m[INFO] [1784395967.917245065]: cloud odom callback cost: map update:22.152ms  update frontier clusters: 3.58264ms  total: 25.7347ms
[0m
[0m[INFO] [1784395967.924168969]: [coverage guidance] plan valid=1 map_v=139 frontier_v=139 zones(f/u)=292/227 observed=22582/35519 coverage=0.6358 voxels(f/o/u)=14113/6592/1877 active=0 reachable_unknown=159 route_nodes=160 preferred=0 cost=6.9ms[0m


[1;33m------------- <502> Plan Global Path start---------------[0m
[0m[INFO] [1784395968.128587993]: update topo skeleton cost: 11.643405ms, update odom vertex cost:199.595073ms [0m
[0m[INFO] [1784395968.128797491]: vp cluster cost: 0.001050ms  ,remove unreachable cost: 0.001590ms, select vp cost: 0.034750ms[0m
[1;33m-------------Plan Global Path end-----------------[0m

total time cost: 211.531ms
viz&&print cost:0.01995ms
 -- [TIMER] updateMap time consuming [32m 8.840238 ms[0m


[1;33m------------- <503> Plan Global Path start---------------[0m
[0m[INFO] [1784395968.356362617]: update topo skeleton cost: 10.418345ms, update odom vertex cost:197.743909ms [0m
[0m[INFO] [1784395968.356655174]: vp cluster cost: 0.001860ms  ,remove unreachable cost: 0.001930ms, select vp cost: 0.031780ms[0m
[1;33m-------------Plan Global Path end-----------------[0m

total time cost: 208.521ms
viz&&print cost:0.02049ms
 -- [TIMER] updateMap time consuming [32m 9.659951 ms[0m


[1;33m------------- <504> Plan Global Path start---------------[0m
[0m[INFO] [1784395968.585339562]: update topo skeleton cost: 9.854439ms, update odom vertex cost:197.450172ms [0m
[0m[INFO] [1784395968.585583230]: vp cluster cost: 0.001370ms  ,remove unreachable cost: 0.001360ms, select vp cost: 0.041420ms[0m
[1;33m-------------Plan Global Path end-----------------[0m

total time cost: 207.6ms
viz&&print cost:0.017819ms
 -- [TIMER] updateMap time consuming [32m 8.825358 ms[0m


[1;33m------------- <505> Plan Global Path start---------------[0m
[0m[INFO] [1784395968.835740732]: update topo skeleton cost: 10.074448ms, update odom vertex cost:220.181196ms [0m
[0m[INFO] [1784395968.836005209]: vp cluster cost: 0.000880ms  ,remove unreachable cost: 0.001340ms, select vp cost: 0.038400ms[0m
[1;33m-------------Plan Global Path end-----------------[0m

total time cost: 230.576ms
[33m[WARN] [1784395968.836046599]: [finish gate] hold exploration after planGlobalPath: no frontier no_frontier_count=16 no_reachable_count=0[0m
viz&&print cost:0.02831ms
[0m[INFO] [1784395967.170503255]: Publish local map size: 9476[0m
[0m[INFO] [1784395968.269372505]: Publish local map size: 10118[0m
 -- [MARSIM] Running FPS: 208.002
 -- [TIMER] updateMap time consuming [32m 11.393657 ms[0m


[1;33m------------- <506> Plan Global Path start---------------[0m
[0m[INFO] [1784395969.096566088]: update topo skeleton cost: 19.467821ms, update odom vertex cost:218.627390ms [0m
[0m[INFO] [1784395969.096805136]: vp cluster cost: 0.000960ms  ,remove unreachable cost: 0.001520ms, select vp cost: 0.037210ms[0m
[1;33m-------------Plan Global Path end-----------------[0m

total time cost: 238.393ms
viz&&print cost:0.0163ms
[0m[INFO] [1784395969.096940395]: [cloud input] mode=approximate_sync points=9952 age=0.0329746s stamp_valid=1[0m
 -- [TIMER] updateMap time consuming [32m 8.414451 ms[0m
[0m[INFO] [1784395969.116831033]: cloud odom callback cost: map update:16.0635ms  update frontier clusters: 3.80293ms  total: 19.8664ms
[0m


[1;33m------------- <507> Plan Global Path start---------------[0m
[0m[INFO] [1784395969.367299635]: update topo skeleton cost: 18.647589ms, update odom vertex cost:231.747644ms [0m
[0m[INFO] [1784395969.367630722]: vp cluster cost: 0.001390ms  ,remove unreachable cost: 0.001610ms, select vp cost: 0.046010ms[0m
[1;33m-------------Plan Global Path end-----------------[0m

total time cost: 250.789ms
viz&&print cost:0.01778ms
 -- [TIMER] updateMap time consuming [32m 8.373092 ms[0m


[1;33m------------- <508> Plan Global Path start---------------[0m
[0m[INFO] [1784395969.630710041]: update topo skeleton cost: 29.590869ms, update odom vertex cost:213.693381ms [0m
[0m[INFO] [1784395969.631012278]: vp cluster cost: 0.000970ms  ,remove unreachable cost: 0.001620ms, select vp cost: 0.054239ms[0m
[1;33m-------------Plan Global Path end-----------------[0m

total time cost: 243.647ms
viz&&print cost:0.01737ms
 -- [TIMER] updateMap time consuming [32m 8.149114 ms[0m


[1;33m------------- <509> Plan Global Path start---------------[0m
[0m[INFO] [1784395969.853415659]: update topo skeleton cost: 22.457047ms, update odom vertex cost:181.159696ms [0m
[0m[INFO] [1784395969.853447628]: [highspeed_exp adapter] safety map ready=1 rog_ready=1 cloud_size=9583[0m
[0m[INFO] [1784395969.853670687]: vp cluster cost: 0.012970ms  ,remove unreachable cost: 0.001300ms, select vp cost: 0.035780ms[0m
[1;33m-------------Plan Global Path end-----------------[0m

total time cost: 203.932ms
[33m[WARN] [1784395969.853716276]: [finish gate] hold exploration after planGlobalPath: no frontier no_frontier_count=20 no_reachable_count=0[0m
viz&&print cost:0.02242ms
 -- [TIMER] updateMap time consuming [32m 9.267945 ms[0m


[1;33m------------- <510> Plan Global Path start---------------[0m
[0m[INFO] [1784395970.114261617]: update topo skeleton cost: 30.011606ms, update odom vertex cost:209.339417ms [0m
[0m[INFO] [1784395970.114503685]: vp cluster cost: 0.001350ms  ,remove unreachable cost: 0.002340ms, select vp cost: 0.033700ms[0m
[1;33m-------------Plan Global Path end-----------------[0m

total time cost: 239.64ms
viz&&print cost:0.014559ms
[0m[INFO] [1784395970.114623854]: [cloud input] mode=approximate_sync points=9960 age=0.0506554s stamp_valid=1[0m
 -- [TIMER] updateMap time consuming [32m 17.101471 ms[0m
[0m[INFO] [1784395970.144165884]: cloud odom callback cost: map update:25.1872ms  update frontier clusters: 4.3217ms  total: 29.5089ms
[0m
[0m[INFO] [1784395970.151223796]: [coverage guidance] plan valid=1 map_v=141 frontier_v=141 zones(f/u)=292/227 observed=22594/35519 coverage=0.6361 voxels(f/o/u)=14124/6594/1876 active=0 reachable_unknown=159 route_nodes=160 preferred=0 cost=7.1ms[0m


[1;33m------------- <511> Plan Global Path start---------------[0m
[0m[INFO] [1784395970.386312065]: update topo skeleton cost: 29.103544ms, update odom vertex cost:212.950038ms [0m
[0m[INFO] [1784395970.386581873]: vp cluster cost: 0.001510ms  ,remove unreachable cost: 0.001730ms, select vp cost: 0.037560ms[0m
[1;33m-------------Plan Global Path end-----------------[0m

total time cost: 242.383ms
viz&&print cost:0.018249ms
 -- [TIMER] updateMap time consuming [32m 11.203339 ms[0m


[1;33m------------- <512> Plan Global Path start---------------[0m
[0m[INFO] [1784395970.630085793]: update topo skeleton cost: 23.908256ms, update odom vertex cost:195.464011ms [0m
[0m[INFO] [1784395970.630233972]: vp cluster cost: 0.001340ms  ,remove unreachable cost: 0.002350ms, select vp cost: 0.044419ms[0m
[1;33m-------------Plan Global Path end-----------------[0m

total time cost: 219.573ms
viz&&print cost:0.01722ms
 -- [TIMER] updateMap time consuming [32m 11.531336 ms[0m


[1;33m------------- <513> Plan Global Path start---------------[0m
[0m[INFO] [1784395970.896469108]: update topo skeleton cost: 31.011788ms, update odom vertex cost:212.376073ms [0m
[0m[INFO] [1784395970.896611357]: vp cluster cost: 0.001080ms  ,remove unreachable cost: 0.001470ms, select vp cost: 0.040760ms[0m
[1;33m-------------Plan Global Path end-----------------[0m

total time cost: 243.586ms
[33m[WARN] [1784395970.896655316]: [finish gate] hold exploration after planGlobalPath: no frontier no_frontier_count=24 no_reachable_count=0[0m
viz&&print cost:0.027869ms
[0m[INFO] [1784395969.269416871]: Publish local map size: 9503[0m
[0m[INFO] [1784395970.369277294]: Publish local map size: 10004[0m
 -- [MARSIM] Running FPS: 212.459
 -- [TIMER] updateMap time consuming [32m 9.490263 ms[0m


[1;33m------------- <514> Plan Global Path start---------------[0m
[0m[INFO] [1784395971.195776806]: update topo skeleton cost: 44.927544ms, update odom vertex cost:233.283386ms [0m
[0m[INFO] [1784395971.196000145]: vp cluster cost: 0.001900ms  ,remove unreachable cost: 0.002430ms, select vp cost: 0.066880ms[0m
[1;33m-------------Plan Global Path end-----------------[0m

total time cost: 278.54ms
viz&&print cost:0.02574ms
[0m[INFO] [1784395971.196265062]: [cloud input] mode=approximate_sync points=9905 age=0.0322974s stamp_valid=1[0m
 -- [TIMER] updateMap time consuming [32m 14.921539 ms[0m
[0m[INFO] [1784395971.223679260]: cloud odom callback cost: map update:22.9436ms  update frontier clusters: 4.42592ms  total: 27.3696ms
[0m


[1;33m------------- <515> Plan Global Path start---------------[0m
[0m[INFO] [1784395971.510783209]: update topo skeleton cost: 40.251853ms, update odom vertex cost:246.747897ms [0m
[0m[INFO] [1784395971.511062166]: vp cluster cost: 0.001750ms  ,remove unreachable cost: 0.001610ms, select vp cost: 0.178438ms[0m
[1;33m-------------Plan Global Path end-----------------[0m

total time cost: 287.34ms
[0m[INFO] [1784395971.511106956]: [frontier storage] labels=8290/7517 normals=68/823 clusters=0 terminal=0 cluster_cells(cap)=0 candidates(cap)=0 derived_viewpoints(cap)=0 estimated_kb=139.346 revision=240 audit_ready=1[0m
viz&&print cost:0.03641ms
 -- [TIMER] updateMap time consuming [32m 10.567224 ms[0m


[1;33m------------- <516> Plan Global Path start---------------[0m
[0m[INFO] [1784395971.787429992]: update topo skeleton cost: 20.792291ms, update odom vertex cost:234.728374ms [0m
[0m[INFO] [1784395971.787553861]: vp cluster cost: 0.000790ms  ,remove unreachable cost: 0.001710ms, select vp cost: 0.045080ms[0m
[1;33m-------------Plan Global Path end-----------------[0m

total time cost: 255.698ms
viz&&print cost:0.01659ms
 -- [TIMER] updateMap time consuming [32m 11.507157 ms[0m


[1;33m------------- <517> Plan Global Path start---------------[0m
[0m[INFO] [1784395972.048037386]: update topo skeleton cost: 16.062729ms, update odom vertex cost:221.962538ms [0m
[0m[INFO] [1784395972.048076536]: [highspeed_exp adapter] safety map ready=1 rog_ready=1 cloud_size=9991[0m
[0m[INFO] [1784395972.048159015]: vp cluster cost: 0.001260ms  ,remove unreachable cost: 0.001530ms, select vp cost: 0.037860ms[0m
[1;33m-------------Plan Global Path end-----------------[0m

total time cost: 238.207ms
[33m[WARN] [1784395972.048201785]: [finish gate] hold exploration after planGlobalPath: no frontier no_frontier_count=28 no_reachable_count=0[0m
viz&&print cost:0.02739ms
 -- [TIMER] updateMap time consuming [32m 7.342660 ms[0m


[1;33m------------- <518> Plan Global Path start---------------[0m
[0m[INFO] [1784395972.262163839]: update topo skeleton cost: 9.557003ms, update odom vertex cost:187.682347ms [0m
[0m[INFO] [1784395972.262264658]: vp cluster cost: 0.000710ms  ,remove unreachable cost: 0.001670ms, select vp cost: 0.035529ms[0m
[1;33m-------------Plan Global Path end-----------------[0m

total time cost: 197.413ms
viz&&print cost:0.01776ms
[0m[INFO] [1784395972.262423467]: [cloud input] mode=approximate_sync points=10107 age=0.0984561s stamp_valid=1[0m
 -- [TIMER] updateMap time consuming [32m 7.053862 ms[0m
[0m[INFO] [1784395972.280430281]: cloud odom callback cost: map update:14.6764ms  update frontier clusters: 3.30518ms  total: 17.9816ms
[0m
[0m[INFO] [1784395972.287648672]: [coverage guidance] plan valid=1 map_v=143 frontier_v=143 zones(f/u)=292/227 observed=22612/35519 coverage=0.6366 voxels(f/o/u)=14143/6594/1875 active=0 reachable_unknown=159 route_nodes=160 preferred=0 cost=7.2ms[0m


[1;33m------------- <519> Plan Global Path start---------------[0m
[0m[INFO] [1784395972.501969264]: update topo skeleton cost: 9.360734ms, update odom vertex cost:212.098490ms [0m
[0m[INFO] [1784395972.502062403]: vp cluster cost: 0.000660ms  ,remove unreachable cost: 0.001460ms, select vp cost: 0.035260ms[0m
[1;33m-------------Plan Global Path end-----------------[0m

total time cost: 221.611ms
viz&&print cost:0.019559ms
 -- [TIMER] updateMap time consuming [32m 6.703346 ms[0m


[1;33m------------- <520> Plan Global Path start---------------[0m
[0m[INFO] [1784395972.708829976]: update topo skeleton cost: 9.526623ms, update odom vertex cost:180.772934ms [0m
[0m[INFO] [1784395972.708928755]: vp cluster cost: 0.000680ms  ,remove unreachable cost: 0.001670ms, select vp cost: 0.040820ms[0m
[1;33m-------------Plan Global Path end-----------------[0m

total time cost: 190.454ms
viz&&print cost:0.015359ms
 -- [TIMER] updateMap time consuming [32m 6.879464 ms[0m


[1;33m------------- <521> Plan Global Path start---------------[0m
[0m[INFO] [1784395972.917362464]: update topo skeleton cost: 8.851559ms, update odom vertex cost:183.608600ms [0m
[0m[INFO] [1784395972.917469753]: vp cluster cost: 0.001190ms  ,remove unreachable cost: 0.001630ms, select vp cost: 0.048199ms[0m
[1;33m-------------Plan Global Path end-----------------[0m

total time cost: 192.625ms
viz&&print cost:0.01542ms
 -- [TIMER] updateMap time consuming [32m 6.529267 ms[0m


[1;33m------------- <522> Plan Global Path start---------------[0m
[0m[INFO] [1784395973.123888410]: update topo skeleton cost: 8.210573ms, update odom vertex cost:183.123886ms [0m
[0m[INFO] [1784395973.123973269]: vp cluster cost: 0.000680ms  ,remove unreachable cost: 0.001700ms, select vp cost: 0.030520ms[0m
[1;33m-------------Plan Global Path end-----------------[0m

total time cost: 191.485ms
[33m[WARN] [1784395973.124022989]: [finish gate] hold exploration after planGlobalPath: no frontier no_frontier_count=33 no_reachable_count=0[0m
viz&&print cost:0.03314ms
[0m[INFO] [1784395971.370864955]: Publish local map size: 8823[0m
[0m[INFO] [1784395972.469395588]: Publish local map size: 10058[0m
 -- [MARSIM] Running FPS: 205.578
 -- [TIMER] updateMap time consuming [32m 9.707231 ms[0m


[1;33m------------- <523> Plan Global Path start---------------[0m
[0m[INFO] [1784395973.336206499]: update topo skeleton cost: 8.642960ms, update odom vertex cost:184.349637ms [0m
[0m[INFO] [1784395973.336312388]: vp cluster cost: 0.001070ms  ,remove unreachable cost: 0.001620ms, select vp cost: 0.046319ms[0m
[1;33m-------------Plan Global Path end-----------------[0m

total time cost: 193.161ms
viz&&print cost:0.0179ms
[0m[INFO] [1784395973.336453937]: [cloud input] mode=approximate_sync points=9197 age=0.0724881s stamp_valid=1[0m
 -- [TIMER] updateMap time consuming [32m 7.172742 ms[0m
[0m[INFO] [1784395973.353053713]: cloud odom callback cost: map update:13.3763ms  update frontier clusters: 3.19414ms  total: 16.5705ms
[0m


[1;33m------------- <524> Plan Global Path start---------------[0m
[0m[INFO] [1784395973.640844810]: update topo skeleton cost: 26.344977ms, update odom vertex cost:261.366982ms [0m
[0m[INFO] [1784395973.640947980]: vp cluster cost: 0.000640ms  ,remove unreachable cost: 0.001450ms, select vp cost: 0.050880ms[0m
[1;33m-------------Plan Global Path end-----------------[0m

total time cost: 287.876ms
viz&&print cost:0.01703ms
 -- [TIMER] updateMap time consuming [32m 11.355858 ms[0m


[1;33m------------- <525> Plan Global Path start---------------[0m
[0m[INFO] [1784395973.989616484]: update topo skeleton cost: 43.326259ms, update odom vertex cost:283.753180ms [0m
[0m[INFO] [1784395973.989738773]: vp cluster cost: 0.000890ms  ,remove unreachable cost: 0.001570ms, select vp cost: 0.062409ms[0m
[1;33m-------------Plan Global Path end-----------------[0m

total time cost: 327.273ms
viz&&print cost:0.02075ms
 -- [TIMER] updateMap time consuming [32m 16.237568 ms[0m


[1;33m------------- <526> Plan Global Path start---------------[0m
[0m[INFO] [1784395974.372462395]: update topo skeleton cost: 67.987750ms, update odom vertex cost:286.678319ms [0m
[0m[INFO] [1784395974.372501555]: [highspeed_exp adapter] safety map ready=1 rog_ready=1 cloud_size=9992[0m
[0m[INFO] [1784395974.372572614]: vp cluster cost: 0.001120ms  ,remove unreachable cost: 0.001790ms, select vp cost: 0.040250ms[0m
[1;33m-------------Plan Global Path end-----------------[0m

total time cost: 354.836ms
[33m[WARN] [1784395974.372616114]: [finish gate] hold exploration after planGlobalPath: no frontier no_frontier_count=37 no_reachable_count=0[0m
viz&&print cost:0.02833ms
[0m[INFO] [1784395974.372782102]: [cloud input] mode=approximate_sync points=9475 age=0.00883462s stamp_valid=1[0m
 -- [TIMER] updateMap time consuming [32m 16.361078 ms[0m
[0m[INFO] [1784395974.402205504]: cloud odom callback cost: map update:25.5545ms  update frontier clusters: 3.82503ms  total: 29.3796ms
[0m
[0m[INFO] [1784395974.409082889]: [coverage guidance] plan valid=1 map_v=145 frontier_v=145 zones(f/u)=296/229 observed=22853/35519 coverage=0.6434 voxels(f/o/u)=14314/6641/1898 active=0 reachable_unknown=159 route_nodes=160 preferred=0 cost=6.9ms[0m


[1;33m------------- <527> Plan Global Path start---------------[0m
[0m[INFO] [1784395974.773846316]: update topo skeleton cost: 84.488636ms, update odom vertex cost:287.076266ms [0m
[0m[INFO] [1784395974.781638563]: [view score] cluster=757 best_score=-3.66637 visible_gain=3 speed=0.937768 corridor_cruise=0 hard_gate=0 rejected=0 top_k=2 known_free=0 clearance=0.985156 turn=0.869586 selected_yaw=-2.74889 current_yaw=-1.70244 yaw_delta=1.04645 heading_known_free=0.6 vp=(3.21127, 2.38873, 2.5)[0m
[0m[INFO] [1784395974.781665723]: vp cluster cost: 0.646634ms  ,remove unreachable cost: 6.831305ms, select vp cost: 0.288468ms[0m
insert viewpoint to graph time: 0.184339 ms
[1;33m-------------Plan Global Path end-----------------[0m

total time cost: 379.922ms
viz&&print cost:0.02714ms
 -- [TIMER] updateMap time consuming [32m 18.496711 ms[0m


[1;33m------------- <528> Plan Global Path start---------------[0m
[33m[WARN] [1784395975.015746318]: [frontier gate] viewpoint generation empty but frontier clusters remain: active=1 reachable=0[0m
[0m[INFO] [1784395975.008173219]: update topo skeleton cost: 71.589720ms, update odom vertex cost:123.127893ms [0m
[0m[INFO] [1784395975.015644579]: vp cluster cost: 0.528225ms  ,remove unreachable cost: 6.859265ms, select vp cost: 0.029960ms[0m
[1;33m-------------Plan Global Path end-----------------[0m

total time cost: 202.326ms
[33m[WARN] [1784395975.018443196]: [finish gate] force frontier refresh by planGlobalPath: no frontier new=3 removed=4 active=1 reachable=1[0m
viz&&print cost:2.70489ms
[0m[INFO] [1784395973.469715947]: Publish local map size: 9588[0m
[0m[INFO] [1784395974.569156853]: Publish local map size: 9979[0m
 -- [MARSIM] Running FPS: 199.685
 -- [TIMER] updateMap time consuming [32m 12.719487 ms[0m


[1;33m------------- <529> Plan Global Path start---------------[0m
[0m[INFO] [1784395975.221565844]: update topo skeleton cost: 37.469157ms, update odom vertex cost:139.630421ms [0m
[0m[INFO] [1784395975.228782665]: [frontier audit] complete revision=246 active=1 reachable=0[0m
[0m[INFO] [1784395975.228859375]: vp cluster cost: 0.743814ms  ,remove unreachable cost: 6.372019ms, select vp cost: 0.125809ms[0m
[1;33m-------------Plan Global Path end-----------------[0m

total time cost: 184.448ms
viz&&print cost:0.0195ms
 -- [TIMER] updateMap time consuming [32m 12.140932 ms[0m


[1;33m------------- <530> Plan Global Path start---------------[0m
[0m[INFO] [1784395975.371273043]: update topo skeleton cost: 19.589492ms, update odom vertex cost:98.514273ms [0m
[0m[INFO] [1784395975.378543674]: vp cluster cost: 0.673164ms  ,remove unreachable cost: 6.453118ms, select vp cost: 0.027670ms[0m
[1;33m-------------Plan Global Path end-----------------[0m

total time cost: 125.501ms
[33m[WARN] [1784395975.378655993]: [finish gate] hold exploration after planGlobalPath: no frontier no_frontier_count=40 no_reachable_count=3[0m
viz&&print cost:0.02901ms
[0m[INFO] [1784395975.378742723]: [cloud input] mode=approximate_sync points=10131 age=0.0147734s stamp_valid=1[0m
 -- [TIMER] updateMap time consuming [32m 13.481021 ms[0m
[0m[INFO] [1784395975.405415637]: cloud odom callback cost: map update:22.7175ms  update frontier clusters: 3.92054ms  total: 26.638ms
[0m


[1;33m------------- <531> Plan Global Path start---------------[0m
[33m[WARN] [1784395975.582503495]: [frontier gate] viewpoint generation empty but frontier clusters remain: active=1 reachable=0[0m
[0m[INFO] [1784395975.574939206]: update topo skeleton cost: 18.302762ms, update odom vertex cost:101.106512ms [0m
[0m[INFO] [1784395975.582408596]: vp cluster cost: 0.773833ms  ,remove unreachable cost: 6.551287ms, select vp cost: 0.052160ms[0m
[1;33m-------------Plan Global Path end-----------------[0m

total time cost: 127.009ms
viz&&print cost:0.01977ms
 -- [TIMER] updateMap time consuming [32m 11.165040 ms[0m


[1;33m------------- <532> Plan Global Path start---------------[0m
[0m[INFO] [1784395975.776633705]: update topo skeleton cost: 14.264464ms, update odom vertex cost:97.065475ms [0m
[0m[INFO] [1784395975.784447602]: vp cluster cost: 0.675335ms  ,remove unreachable cost: 6.436108ms, select vp cost: 0.311267ms[0m
[1;33m-------------Plan Global Path end-----------------[0m

total time cost: 119.271ms
viz&&print cost:0.02218ms
 -- [TIMER] updateMap time consuming [32m 14.732571 ms[0m
 -- [TIMER] updateMap time consuming [32m 8.330872 ms[0m


[1;33m------------- <533> Plan Global Path start---------------[0m
[0m[INFO] [1784395975.987835507]: update topo skeleton cost: 24.157825ms, update odom vertex cost:75.364291ms [0m
[0m[INFO] [1784395975.998622600]: vp cluster cost: 0.784393ms  ,remove unreachable cost: 9.034267ms, select vp cost: 0.511806ms[0m
[1;33m-------------Plan Global Path end-----------------[0m

total time cost: 110.474ms
viz&&print cost:0.02334ms
 -- [TIMER] updateMap time consuming [32m 8.724289 ms[0m
 -- [TIMER] updateMap time consuming [32m 9.542703 ms[0m


[1;33m------------- <534> Plan Global Path start---------------[0m
[33m[WARN] [1784395976.207156725]: [frontier gate] viewpoint generation empty but frontier clusters remain: active=1 reachable=0[0m
[0m[INFO] [1784395976.197922780]: update topo skeleton cost: 26.660595ms, update odom vertex cost:81.257043ms [0m
[0m[INFO] [1784395976.207042436]: vp cluster cost: 0.711195ms  ,remove unreachable cost: 7.490069ms, select vp cost: 0.425687ms[0m
[1;33m-------------Plan Global Path end-----------------[0m

total time cost: 117.189ms
[33m[WARN] [1784395976.209874434]: [finish gate] force frontier refresh by planGlobalPath: no frontier new=4 removed=4 active=1 reachable=1[0m
viz&&print cost:2.73103ms
 -- [TIMER] updateMap time consuming [32m 10.909822 ms[0m
 -- [TIMER] updateMap time consuming [32m 7.835897 ms[0m


[1;33m------------- <535> Plan Global Path start---------------[0m
[0m[INFO] [1784395976.387310550]: update topo skeleton cost: 18.895867ms, update odom vertex cost:76.240624ms [0m
[0m[INFO] [1784395976.387348100]: [highspeed_exp adapter] safety map ready=1 rog_ready=1 cloud_size=9254[0m
[0m[INFO] [1784395976.396548645]: [frontier audit] complete revision=258 active=1 reachable=0[0m
[0m[INFO] [1784395976.396654095]: vp cluster cost: 0.572945ms  ,remove unreachable cost: 7.682388ms, select vp cost: 0.619635ms[0m
[1;33m-------------Plan Global Path end-----------------[0m

total time cost: 104.537ms
[33m[WARN] [1784395976.396703574]: [finish gate] hold exploration after planGlobalPath: no frontier no_frontier_count=45 no_reachable_count=8[0m
viz&&print cost:0.03446ms
[0m[INFO] [1784395976.396777584]: [cloud input] mode=approximate_sync points=9468 age=0.0328105s stamp_valid=1[0m
 -- [TIMER] updateMap time consuming [32m 7.750407 ms[0m
[0m[INFO] [1784395976.416241786]: cloud odom callback cost: map update:15.7979ms  update frontier clusters: 3.63932ms  total: 19.4373ms
[0m
[0m[INFO] [1784395976.422988662]: [coverage guidance] plan valid=1 map_v=147 frontier_v=147 zones(f/u)=293/227 observed=23216/35519 coverage=0.6536 voxels(f/o/u)=14545/6722/1949 active=3 reachable_unknown=156 route_nodes=160 preferred=3 cost=6.7ms[0m
 -- [TIMER] updateMap time consuming [32m 6.984554 ms[0m


[1;33m------------- <536> Plan Global Path start---------------[0m
[0m[INFO] [1784395976.600642197]: update topo skeleton cost: 25.425495ms, update odom vertex cost:78.387766ms [0m
[0m[INFO] [1784395976.609339027]: vp cluster cost: 0.614725ms  ,remove unreachable cost: 6.986874ms, select vp cost: 0.464536ms[0m
[1;33m-------------Plan Global Path end-----------------[0m

total time cost: 112.651ms
[0m[INFO] [1784395976.609467936]: [frontier storage] labels=8600/7517 normals=105/823 clusters=3 terminal=0 cluster_cells(cap)=18 candidates(cap)=0 derived_viewpoints(cap)=0 estimated_kb=143.285 revision=258 audit_ready=1[0m
viz&&print cost:0.03016ms
 -- [TIMER] updateMap time consuming [32m 8.674769 ms[0m
 -- [TIMER] updateMap time consuming [32m 6.535477 ms[0m


[1;33m------------- <537> Plan Global Path start---------------[0m
[33m[WARN] [1784395976.942214858]: [frontier gate] viewpoint generation empty but frontier clusters remain: active=1 reachable=0[0m
[0m[INFO] [1784395976.932634705]: update topo skeleton cost: 10.737723ms, update odom vertex cost:222.337634ms [0m
[0m[INFO] [1784395976.942097109]: vp cluster cost: 0.622415ms  ,remove unreachable cost: 7.586479ms, select vp cost: 0.606565ms[0m
[1;33m-------------Plan Global Path end-----------------[0m

total time cost: 242.698ms
viz&&print cost:0.032039ms
 -- [TIMER] updateMap time consuming [32m 8.020185 ms[0m


[1;33m------------- <538> Plan Global Path start---------------[0m
[0m[INFO] [1784395977.198990745]: update topo skeleton cost: 12.267831ms, update odom vertex cost:225.103554ms [0m
[0m[INFO] [1784395977.206818762]: vp cluster cost: 0.552306ms  ,remove unreachable cost: 6.458247ms, select vp cost: 0.384047ms[0m
[1;33m-------------Plan Global Path end-----------------[0m

total time cost: 245.325ms
viz&&print cost:0.02001ms
[0m[INFO] [1784395975.669173324]: Publish local map size: 9085[0m
[0m[INFO] [1784395976.769626652]: Publish local map size: 9725[0m
 -- [MARSIM] Running FPS: 206.803
 -- [TIMER] updateMap time consuming [32m 8.398152 ms[0m


[1;33m------------- <539> Plan Global Path start---------------[0m
[33m[WARN] [1784395977.478562989]: [frontier gate] viewpoint generation empty but frontier clusters remain: active=1 reachable=0[0m
[0m[INFO] [1784395977.470505524]: update topo skeleton cost: 18.623779ms, update odom vertex cost:225.666640ms [0m
[0m[INFO] [1784395977.478452830]: vp cluster cost: 0.667845ms  ,remove unreachable cost: 6.361678ms, select vp cost: 0.376107ms[0m
[1;33m-------------Plan Global Path end-----------------[0m

total time cost: 252.395ms
[33m[WARN] [1784395977.478585499]: [finish gate] hold exploration after planGlobalPath: no frontier no_frontier_count=49 no_reachable_count=12[0m
viz&&print cost:0.02532ms
[0m[INFO] [1784395977.478689318]: [cloud input] mode=approximate_sync points=10015 age=0.0147216s stamp_valid=1[0m
 -- [TIMER] updateMap time consuming [32m 7.880496 ms[0m
[0m[INFO] [1784395977.497607686]: cloud odom callback cost: map update:15.1264ms  update frontier clusters: 3.75873ms  total: 18.8851ms
[0m


[1;33m------------- <540> Plan Global Path start---------------[0m
[0m[INFO] [1784395977.781346206]: update topo skeleton cost: 43.183282ms, update odom vertex cost:240.468669ms [0m
[0m[INFO] [1784395977.789726418]: vp cluster cost: 0.653345ms  ,remove unreachable cost: 6.608147ms, select vp cost: 0.603385ms[0m
[0m[INFO] [1784395977.789971366]: [coverage candidate] promoted=2 frontend_active=1 speed=0.471156[0m
insert viewpoint to graph time: 11.7806 ms
[0m[INFO] [1784395977.802740453]: [edge cost] len=21.8953 total=5.32458 time=4.87905 turn_pen=0.320012 known_pen=0 backup_pen=0 yaw_pen=0.125518 known_free=21.8953 min_clearance=0.472534 vel_limit=5 reason=known_free backup_feasible=1[0m
[0m[INFO] [1784395977.802776613]: [candidate cost] chosen_cluster=-1 coverage_id=9378951991535352863 total=1.32122 travel=4.87905 turn_brake=0.44553 future_return=0 gain=0.495798 wait=0 debt=0 coverage=-3.01176 failed_goal=0[0m
[1;33m-------------Plan Global Path end-----------------[0m

total time cost: 308.713ms
[0m[INFO] [1784395977.806413144]: [finish gate] reset by planGlobalPath succeed[0m
[32m[planGlobalPath: succeed][0m: from PLAN_TRAJ to PLAN_TRAJ
viz&&print cost:0.04917ms
[33m[WARN] [1784395977.849080369]: [highspeed_exp adapter] optimized trajectory safety check failed; retry slower: attempt=1 guide_speed=3.57401 t=2.05 state=known_free start_clearance=0.639778 segment_min_clearance=0.415659 blocked_clearance=0.415659 recovery=0 clearance_regressed=0 left_exploration_boxes=0[0m
[33m[WARN] [1784395977.866554129]: [highspeed_exp adapter] optimized trajectory safety check failed; retry slower: attempt=2 guide_speed=2.68051 t=2.65 state=known_free start_clearance=0.639778 segment_min_clearance=0.421016 blocked_clearance=0.421016 recovery=0 clearance_regressed=0 left_exploration_boxes=0[0m
[33m[WARN] [1784395977.879950560]: [highspeed_exp adapter] optimized trajectory safety check failed; retry slower: attempt=3 guide_speed=1.9657 t=3.65 state=known_free start_clearance=0.639778 segment_min_clearance=0.405558 blocked_clearance=0.405558 recovery=0 clearance_regressed=0 left_exploration_boxes=0[0m
[33m[WARN] [1784395977.892072822]: [highspeed_exp adapter] optimized trajectory safety check failed; retry slower: attempt=4 guide_speed=1 t=7.1 state=known_free start_clearance=0.639778 segment_min_clearance=0.422611 blocked_clearance=0.422611 recovery=0 clearance_regressed=0 left_exploration_boxes=0[0m
[33m[WARN] [1784395977.892096632]: [highspeed_exp adapter] General exploration MINCO optimization failed.[0m
[33m[WARN] [1784395977.892160112]: [coverage recovery] defer observation goal: id=9378951991535352863 approach=( 7.03223 -14.7116  2.37107) reason=trajectory failure observed_gain=702 no_gain_attempts=0 failure_attempts=1 exhausted=0 cooldown=45s active_deferred=21[0m
[33m[WARN] [1784395977.892273011]: [coverage recovery] local trajectory failed; account target failure immediately and select another observation target[0m
[0m[INFO] [1784395977.807285657]: [path condition] raw_pts=56 conditioned_pts=5 dense_pts=11 len=20.8245 known_free=20.8245 min_clearance=0.465266 turn=0.726419 max_local_turn=0.682731 initial_heading=0.241278 backup_feasible=1 sched_v=3.57401 reason=curvature[0m
[0m[INFO] [1784395977.892127462]: [31m call planner [0m: 85.689[0m
[31m[PLAN_TRAJ: plan failed, keep safe terminal-stop trajectory][0m: from PLAN_TRAJ to EXEC_TRAJ
 -- [TIMER] updateMap time consuming [32m 8.020425 ms[0m
 -- [TIMER] updateMap time consuming [32m 6.471278 ms[0m
[0m[INFO] [1784395978.006514629]: [global update] actual callback interval=12760.3ms configured=200ms[0m


[1;33m------------- <541> Plan Global Path start---------------[0m
[33m[WARN] [1784395978.278069350]: [frontier gate] viewpoint generation empty but frontier clusters remain: active=1 reachable=0[0m
[0m[INFO] [1784395978.269911296]: update topo skeleton cost: 33.200422ms, update odom vertex cost:230.136425ms [0m
[0m[INFO] [1784395978.277965941]: vp cluster cost: 0.638995ms  ,remove unreachable cost: 6.548767ms, select vp cost: 0.380727ms[0m
[1;33m-------------Plan Global Path end-----------------[0m

total time cost: 271.534ms
[31m[planGlobalPath: no frontier: no frontier gated][0m: from EXEC_TRAJ to PLAN_TRAJ
viz&&print cost:0.01893ms


[1;33m------------- <542> Plan Global Path start---------------[0m
[0m[INFO] [1784395978.538248273]: update topo skeleton cost: 31.809873ms, update odom vertex cost:228.294580ms [0m
[0m[INFO] [1784395978.538282273]: [highspeed_exp adapter] safety map ready=1 rog_ready=1 cloud_size=9628[0m
[0m[INFO] [1784395978.546849894]: vp cluster cost: 0.688204ms  ,remove unreachable cost: 6.974704ms, select vp cost: 0.416877ms[0m
[1;33m-------------Plan Global Path end-----------------[0m

total time cost: 268.843ms
[33m[WARN] [1784395978.546976363]: [finish gate] hold exploration after planGlobalPath: no frontier no_frontier_count=2 no_reachable_count=2[0m
viz&&print cost:0.030199ms
[0m[INFO] [1784395978.547120721]: [cloud input] mode=approximate_sync points=10075 age=0.0831518s stamp_valid=1[0m
 -- [TIMER] updateMap time consuming [32m 8.748739 ms[0m
[0m[INFO] [1784395978.566686874]: cloud odom callback cost: map update:15.8241ms  update frontier clusters: 3.70464ms  total: 19.5288ms
[0m
[0m[INFO] [1784395978.573760097]: [coverage guidance] plan valid=1 map_v=149 frontier_v=149 zones(f/u)=294/226 observed=23291/35519 coverage=0.6557 voxels(f/o/u)=14593/6738/1960 active=3 reachable_unknown=156 route_nodes=160 preferred=3 cost=7.1ms[0m


[1;33m------------- <543> Plan Global Path start---------------[0m
[33m[WARN] [1784395978.847075844]: [frontier gate] viewpoint generation empty but frontier clusters remain: active=1 reachable=0[0m
[0m[INFO] [1784395978.838722331]: update topo skeleton cost: 41.696214ms, update odom vertex cost:230.230374ms [0m
[0m[INFO] [1784395978.846979554]: vp cluster cost: 0.698424ms  ,remove unreachable cost: 6.763765ms, select vp cost: 0.371487ms[0m
[1;33m-------------Plan Global Path end-----------------[0m

total time cost: 280.317ms
viz&&print cost:0.01711ms
 -- [TIMER] updateMap time consuming [32m 6.875085 ms[0m


[1;33m------------- <544> Plan Global Path start---------------[0m
[0m[INFO] [1784395979.107506105]: update topo skeleton cost: 11.731605ms, update odom vertex cost:232.057350ms [0m
[0m[INFO] [1784395979.115610340]: vp cluster cost: 0.575835ms  ,remove unreachable cost: 6.695596ms, select vp cost: 0.394487ms[0m
[1;33m-------------Plan Global Path end-----------------[0m

total time cost: 252.029ms
viz&&print cost:0.02029ms
[0m[INFO] [1784395977.770827341]: Publish local map size: 10185[0m
[0m[INFO] [1784395978.870636203]: Publish local map size: 9445[0m
 -- [MARSIM] Running FPS: 188.462
 -- [TIMER] updateMap time consuming [32m 7.404821 ms[0m


[1;33m------------- <545> Plan Global Path start---------------[0m
[33m[WARN] [1784395979.401858195]: [frontier gate] viewpoint generation empty but frontier clusters remain: active=1 reachable=0[0m
[0m[INFO] [1784395979.392053744]: update topo skeleton cost: 11.729225ms, update odom vertex cost:247.743815ms [0m
[0m[INFO] [1784395979.401737076]: vp cluster cost: 1.226520ms  ,remove unreachable cost: 7.462640ms, select vp cost: 0.456046ms[0m
[1;33m-------------Plan Global Path end-----------------[0m

total time cost: 269.323ms
viz&&print cost:0.0189ms
 -- [TIMER] updateMap time consuming [32m 5.357797 ms[0m


[1;33m------------- <546> Plan Global Path start---------------[0m
[0m[INFO] [1784395979.663037732]: update topo skeleton cost: 10.715584ms, update odom vertex cost:236.054309ms [0m
[0m[INFO] [1784395979.672145678]: vp cluster cost: 0.831743ms  ,remove unreachable cost: 7.204912ms, select vp cost: 0.571776ms[0m
[1;33m-------------Plan Global Path end-----------------[0m

total time cost: 256.05ms
[33m[WARN] [1784395979.672309807]: [finish gate] hold exploration after planGlobalPath: no frontier no_frontier_count=6 no_reachable_count=6[0m
viz&&print cost:0.03662ms
[0m[INFO] [1784395979.672428256]: [cloud input] mode=approximate_sync points=9726 age=0.00845732s stamp_valid=1[0m
 -- [TIMER] updateMap time consuming [32m 5.880693 ms[0m
[0m[INFO] [1784395979.687930361]: cloud odom callback cost: map update:12.6038ms  update frontier clusters: 2.87423ms  total: 15.4781ms
[0m


[1;33m------------- <547> Plan Global Path start---------------[0m
[33m[WARN] [1784395979.941776177]: [frontier gate] viewpoint generation empty but frontier clusters remain: active=1 reachable=0[0m
[0m[INFO] [1784395979.933009978]: update topo skeleton cost: 9.843341ms, update odom vertex cost:235.159226ms [0m
[0m[INFO] [1784395979.941669838]: vp cluster cost: 0.646385ms  ,remove unreachable cost: 6.928534ms, select vp cost: 0.496566ms[0m
[1;33m-------------Plan Global Path end-----------------[0m

total time cost: 253.809ms
viz&&print cost:0.02894ms
 -- [TIMER] updateMap time consuming [32m 6.689636 ms[0m


[1;33m------------- <548> Plan Global Path start---------------[0m
[0m[INFO] [1784395980.206265019]: update topo skeleton cost: 10.816163ms, update odom vertex cost:237.486889ms [0m
[0m[INFO] [1784395980.214574502]: vp cluster cost: 0.817224ms  ,remove unreachable cost: 6.419238ms, select vp cost: 0.432386ms[0m
[1;33m-------------Plan Global Path end-----------------[0m

total time cost: 256.748ms
viz&&print cost:0.019ms
 -- [TIMER] updateMap time consuming [32m 7.886017 ms[0m


[1;33m------------- <549> Plan Global Path start---------------[0m
[33m[WARN] [1784395980.474966028]: [frontier gate] viewpoint generation empty but frontier clusters remain: active=1 reachable=0[0m
[0m[INFO] [1784395980.465929861]: update topo skeleton cost: 7.498620ms, update odom vertex cost:226.766306ms [0m
[0m[INFO] [1784395980.474853359]: vp cluster cost: 0.965382ms  ,remove unreachable cost: 6.919355ms, select vp cost: 0.481466ms[0m
[1;33m-------------Plan Global Path end-----------------[0m

total time cost: 243.341ms
viz&&print cost:0.0195ms
 -- [TIMER] updateMap time consuming [32m 5.788323 ms[0m


[1;33m------------- <550> Plan Global Path start---------------[0m
[0m[INFO] [1784395980.735328323]: update topo skeleton cost: 8.558971ms, update odom vertex cost:237.267122ms [0m
[0m[INFO] [1784395980.735362983]: [highspeed_exp adapter] safety map ready=1 rog_ready=1 cloud_size=9620[0m
[0m[INFO] [1784395980.743800216]: vp cluster cost: 0.748544ms  ,remove unreachable cost: 7.169382ms, select vp cost: 0.210789ms[0m
[1;33m-------------Plan Global Path end-----------------[0m

total time cost: 254.421ms
[33m[WARN] [1784395980.743914945]: [finish gate] accept stable non-executable raw frontiers after planGlobalPath: no frontier active=1 reachable=0 confirmations=10[0m
[33m[WARN] [1784395980.743944764]: [finish gate] wait for coverage convergence after planGlobalPath: no frontier: plan_valid=1 coverage=0.6558 observed=23293/35519 plateau=0 plateau_duration=0.0s targets_exhausted=0 exhausted=11/69[0m
[33m[WARN] [1784395980.743954474]: [finish gate] hold exploration after planGlobalPath: no frontier no_frontier_count=10 no_reachable_count=10[0m
viz&&print cost:0.073009ms
[0m[INFO] [1784395980.744054023]: [cloud input] mode=approximate_sync points=9644 age=0.0800804s stamp_valid=1[0m
 -- [TIMER] updateMap time consuming [32m 5.741843 ms[0m
[0m[INFO] [1784395980.759217521]: cloud odom callback cost: map update:12.0633ms  update frontier clusters: 3.06361ms  total: 15.1269ms
[0m
[0m[INFO] [1784395980.767857972]: [coverage guidance] plan valid=1 map_v=151 frontier_v=151 zones(f/u)=294/224 observed=23299/35519 coverage=0.6560 voxels(f/o/u)=14601/6739/1959 active=3 reachable_unknown=156 route_nodes=160 preferred=3 cost=8.6ms[0m


[1;33m------------- <551> Plan Global Path start---------------[0m
[33m[WARN] [1784395981.016074145]: [frontier gate] viewpoint generation empty but frontier clusters remain: active=1 reachable=0[0m
[0m[INFO] [1784395981.007956341]: update topo skeleton cost: 10.984901ms, update odom vertex cost:237.643409ms [0m
[0m[INFO] [1784395981.015973966]: vp cluster cost: 0.726324ms  ,remove unreachable cost: 6.777995ms, select vp cost: 0.231158ms[0m
[1;33m-------------Plan Global Path end-----------------[0m

total time cost: 256.782ms
viz&&print cost:0.04106ms
[0m[INFO] [1784395979.871583993]: Publish local map size: 10098[0m
[0m[INFO] [1784395980.970285914]: Publish local map size: 9620[0m
 -- [MARSIM] Running FPS: 184.491
 -- [TIMER] updateMap time consuming [32m 5.967522 ms[0m


[1;33m------------- <552> Plan Global Path start---------------[0m
[0m[INFO] [1784395981.277412825]: update topo skeleton cost: 9.631083ms, update odom vertex cost:236.569759ms [0m
[0m[INFO] [1784395981.285588270]: vp cluster cost: 0.650915ms  ,remove unreachable cost: 6.542698ms, select vp cost: 0.443196ms[0m
[1;33m-------------Plan Global Path end-----------------[0m

total time cost: 254.509ms
viz&&print cost:0.03357ms
 -- [TIMER] updateMap time consuming [32m 5.638894 ms[0m


[1;33m------------- <553> Plan Global Path start---------------[0m
[33m[WARN] [1784395981.543653376]: [frontier gate] viewpoint generation empty but frontier clusters remain: active=1 reachable=0[0m
[0m[INFO] [1784395981.534591419]: update topo skeleton cost: 7.165243ms, update odom vertex cost:227.680910ms [0m
[0m[INFO] [1784395981.543542297]: vp cluster cost: 1.066531ms  ,remove unreachable cost: 6.856135ms, select vp cost: 0.468246ms[0m
[1;33m-------------Plan Global Path end-----------------[0m

total time cost: 243.944ms
viz&&print cost:0.03503ms
[33m[WARN] [1784395981.606207263]: [highspeed_traj_server] trajectory 144 exhausted at 16.848/16.839 s; entering endpoint HOLD (terminal |v|=0.000 m/s, |a|=0.000 m/s^2).[0m
 -- [TIMER] updateMap time consuming [32m 5.023829 ms[0m


[1;33m------------- <554> Plan Global Path start---------------[0m
[0m[INFO] [1784395981.790264225]: update topo skeleton cost: 7.574289ms, update odom vertex cost:225.579418ms [0m
[0m[INFO] [1784395981.799665059]: vp cluster cost: 0.864733ms  ,remove unreachable cost: 7.425011ms, select vp cost: 0.559695ms[0m
[1;33m-------------Plan Global Path end-----------------[0m

total time cost: 242.716ms
[33m[WARN] [1784395981.799808838]: [finish gate] accept stable non-executable raw frontiers after planGlobalPath: no frontier active=1 reachable=0 confirmations=14[0m
[33m[WARN] [1784395981.799840608]: [finish gate] wait for coverage convergence after planGlobalPath: no frontier: plan_valid=1 coverage=0.6560 observed=23299/35519 plateau=0 plateau_duration=1.1s targets_exhausted=0 exhausted=11/69[0m
[33m[WARN] [1784395981.799849778]: [finish gate] hold exploration after planGlobalPath: no frontier no_frontier_count=14 no_reachable_count=14[0m
[0m[INFO] [1784395981.799858217]: [frontier storage] labels=8616/7517 normals=81/823 clusters=3 terminal=0 cluster_cells(cap)=18 candidates(cap)=0 derived_viewpoints(cap)=0 estimated_kb=142.957 revision=258 audit_ready=1[0m
viz&&print cost:0.084749ms
[0m[INFO] [1784395981.799967897]: [cloud input] mode=approximate_sync points=10020 age=0.0359973s stamp_valid=1[0m
 -- [TIMER] updateMap time consuming [32m 5.369807 ms[0m
[0m[INFO] [1784395981.814684198]: cloud odom callback cost: map update:11.7537ms  update frontier clusters: 2.94363ms  total: 14.6973ms
[0m


[1;33m------------- <555> Plan Global Path start---------------[0m
[33m[WARN] [1784395982.058731178]: [frontier gate] viewpoint generation empty but frontier clusters remain: active=1 reachable=0[0m
[0m[INFO] [1784395982.049945668]: update topo skeleton cost: 7.175232ms, update odom vertex cost:228.005778ms [0m
[0m[INFO] [1784395982.058601709]: vp cluster cost: 0.752064ms  ,remove unreachable cost: 7.022564ms, select vp cost: 0.441176ms[0m
[1;33m-------------Plan Global Path end-----------------[0m

total time cost: 244.008ms
viz&&print cost:0.039429ms
 -- [TIMER] updateMap time consuming [32m 5.402447 ms[0m


[1;33m------------- <556> Plan Global Path start---------------[0m
[0m[INFO] [1784395982.308111226]: update topo skeleton cost: 6.899175ms, update odom vertex cost:227.285325ms [0m
[0m[INFO] [1784395982.315932233]: vp cluster cost: 0.726095ms  ,remove unreachable cost: 6.433438ms, select vp cost: 0.317717ms[0m
[1;33m-------------Plan Global Path end-----------------[0m

total time cost: 242.126ms
viz&&print cost:0.030529ms
 -- [TIMER] updateMap time consuming [32m 5.476106 ms[0m


[1;33m------------- <557> Plan Global Path start---------------[0m
[33m[WARN] [1784395982.575911446]: [frontier gate] viewpoint generation empty but frontier clusters remain: active=1 reachable=0[0m
[0m[INFO] [1784395982.567001458]: update topo skeleton cost: 8.229534ms, update odom vertex cost:228.695854ms [0m
[0m[INFO] [1784395982.575785437]: vp cluster cost: 0.821594ms  ,remove unreachable cost: 7.101593ms, select vp cost: 0.385396ms[0m
[1;33m-------------Plan Global Path end-----------------[0m

total time cost: 245.882ms
viz&&print cost:0.03799ms
 -- [TIMER] updateMap time consuming [32m 5.342038 ms[0m


[1;33m------------- <558> Plan Global Path start---------------[0m
[0m[INFO] [1784395982.824691179]: update topo skeleton cost: 7.685249ms, update odom vertex cost:227.253396ms [0m
[0m[INFO] [1784395982.824726389]: [highspeed_exp adapter] safety map ready=1 rog_ready=1 cloud_size=10069[0m
[0m[INFO] [1784395982.833694897]: vp cluster cost: 0.906573ms  ,remove unreachable cost: 7.298181ms, select vp cost: 0.405847ms[0m
[1;33m-------------Plan Global Path end-----------------[0m

total time cost: 244.105ms
[33m[WARN] [1784395982.833845116]: [finish gate] accept stable non-executable raw frontiers after planGlobalPath: no frontier active=1 reachable=0 confirmations=18[0m
[33m[WARN] [1784395982.833873926]: [finish gate] wait for coverage convergence after planGlobalPath: no frontier: plan_valid=1 coverage=0.6561 observed=23304/35519 plateau=0 plateau_duration=2.1s targets_exhausted=0 exhausted=11/69[0m
[33m[WARN] [1784395982.833883386]: [finish gate] hold exploration after planGlobalPath: no frontier no_frontier_count=18 no_reachable_count=18[0m
viz&&print cost:0.071289ms
[0m[INFO] [1784395981.970531706]: Publish local map size: 9971[0m
 -- [MARSIM] Running FPS: 193.617
[0m[INFO] [1784395982.833984025]: [cloud input] mode=approximate_sync points=9608 age=0.0700143s stamp_valid=1[0m
 -- [TIMER] updateMap time consuming [32m 4.874111 ms[0m
[0m[INFO] [1784395982.847276268]: cloud odom callback cost: map update:10.7605ms  update frontier clusters: 2.5125ms  total: 13.273ms
[0m
[0m[INFO] [1784395982.855376213]: [coverage guidance] plan valid=1 map_v=153 frontier_v=153 zones(f/u)=294/224 observed=23310/35519 coverage=0.6563 voxels(f/o/u)=14612/6738/1960 active=3 reachable_unknown=156 route_nodes=160 preferred=3 cost=8.1ms[0m


[1;33m------------- <559> Plan Global Path start---------------[0m
[33m[WARN] [1784395983.091152431]: [frontier gate] viewpoint generation empty but frontier clusters remain: active=1 reachable=0[0m
[0m[INFO] [1784395983.082752348]: update topo skeleton cost: 7.842657ms, update odom vertex cost:227.556904ms [0m
[0m[INFO] [1784395983.091026102]: vp cluster cost: 0.732624ms  ,remove unreachable cost: 6.719686ms, select vp cost: 0.372497ms[0m
[1;33m-------------Plan Global Path end-----------------[0m

total time cost: 243.84ms
viz&&print cost:0.04243ms
 -- [TIMER] updateMap time consuming [32m 4.598983 ms[0m


[1;33m------------- <560> Plan Global Path start---------------[0m
[0m[INFO] [1784395983.341269456]: update topo skeleton cost: 7.889467ms, update odom vertex cost:228.772796ms [0m
[0m[INFO] [1784395983.349081103]: vp cluster cost: 0.762593ms  ,remove unreachable cost: 6.332120ms, select vp cost: 0.327977ms[0m
[1;33m-------------Plan Global Path end-----------------[0m

total time cost: 244.598ms
viz&&print cost:0.03409ms
 -- [TIMER] updateMap time consuming [32m 6.331399 ms[0m


[1;33m------------- <561> Plan Global Path start---------------[0m
[33m[WARN] [1784395983.607300832]: [frontier gate] viewpoint generation empty but frontier clusters remain: active=1 reachable=0[0m
[0m[INFO] [1784395983.599185237]: update topo skeleton cost: 7.558080ms, update odom vertex cost:227.483956ms [0m
[0m[INFO] [1784395983.607197553]: vp cluster cost: 0.778944ms  ,remove unreachable cost: 6.465738ms, select vp cost: 0.360387ms[0m
[1;33m-------------Plan Global Path end-----------------[0m

total time cost: 243.196ms
viz&&print cost:0.03698ms
 -- [TIMER] updateMap time consuming [32m 4.580943 ms[0m


[1;33m------------- <562> Plan Global Path start---------------[0m
[0m[INFO] [1784395983.857719904]: update topo skeleton cost: 9.189337ms, update odom vertex cost:228.857604ms [0m
[0m[INFO] [1784395983.867609895]: vp cluster cost: 0.763204ms  ,remove unreachable cost: 7.978156ms, select vp cost: 0.589375ms[0m
[1;33m-------------Plan Global Path end-----------------[0m

total time cost: 248.162ms
[33m[WARN] [1784395983.867836623]: [finish gate] accept stable non-executable raw frontiers after planGlobalPath: no frontier active=1 reachable=0 confirmations=22[0m
[33m[WARN] [1784395983.867874423]: [finish gate] wait for coverage convergence after planGlobalPath: no frontier: plan_valid=1 coverage=0.6563 observed=23310/35519 plateau=0 plateau_duration=0.8s targets_exhausted=0 exhausted=11/69[0m
[33m[WARN] [1784395983.867887433]: [finish gate] hold exploration after planGlobalPath: no frontier no_frontier_count=22 no_reachable_count=22[0m
viz&&print cost:0.09899ms
[0m[INFO] [1784395983.868047231]: [cloud input] mode=approximate_sync points=9987 age=0.104122s stamp_valid=1[0m
 -- [TIMER] updateMap time consuming [32m 4.763282 ms[0m
[0m[INFO] [1784395983.881918740]: cloud odom callback cost: map update:11.3164ms  update frontier clusters: 2.53522ms  total: 13.8516ms
[0m


[1;33m------------- <563> Plan Global Path start---------------[0m
[33m[WARN] [1784395984.126348811]: [frontier gate] viewpoint generation empty but frontier clusters remain: active=1 reachable=0[0m
[0m[INFO] [1784395984.117609961]: update topo skeleton cost: 7.200982ms, update odom vertex cost:228.414559ms [0m
[0m[INFO] [1784395984.126171883]: vp cluster cost: 0.759814ms  ,remove unreachable cost: 6.891045ms, select vp cost: 0.468416ms[0m
[1;33m-------------Plan Global Path end-----------------[0m

total time cost: 244.395ms
viz&&print cost:0.05657ms
 -- [TIMER] updateMap time consuming [32m 5.399137 ms[0m


[1;33m------------- <564> Plan Global Path start---------------[0m
[0m[INFO] [1784395984.377228892]: update topo skeleton cost: 8.967348ms, update odom vertex cost:227.275360ms [0m
[0m[INFO] [1784395984.385229718]: vp cluster cost: 0.770373ms  ,remove unreachable cost: 6.490129ms, select vp cost: 0.346157ms[0m
[1;33m-------------Plan Global Path end-----------------[0m

total time cost: 244.379ms
viz&&print cost:0.034069ms
 -- [TIMER] updateMap time consuming [32m 5.012110 ms[0m


[1;33m------------- <565> Plan Global Path start---------------[0m
[33m[WARN] [1784395984.645418643]: [frontier gate] viewpoint generation empty but frontier clusters remain: active=1 reachable=0[0m
[0m[INFO] [1784395984.636700323]: update topo skeleton cost: 7.300291ms, update odom vertex cost:230.521174ms [0m
[0m[INFO] [1784395984.645313414]: vp cluster cost: 0.902803ms  ,remove unreachable cost: 6.811126ms, select vp cost: 0.424306ms[0m
[1;33m-------------Plan Global Path end-----------------[0m

total time cost: 246.577ms
viz&&print cost:0.03314ms
 -- [TIMER] updateMap time consuming [32m 4.801461 ms[0m


[1;33m------------- <566> Plan Global Path start---------------[0m
[0m[INFO] [1784395984.897774732]: update topo skeleton cost: 9.395984ms, update odom vertex cost:229.705010ms [0m
[0m[INFO] [1784395984.897809062]: [highspeed_exp adapter] safety map ready=1 rog_ready=1 cloud_size=9660[0m
[0m[INFO] [1784395984.906719740]: vp cluster cost: 0.802844ms  ,remove unreachable cost: 7.193162ms, select vp cost: 0.446606ms[0m
[1;33m-------------Plan Global Path end-----------------[0m

total time cost: 248.185ms
[33m[WARN] [1784395984.906843099]: [finish gate] accept stable non-executable raw frontiers after planGlobalPath: no frontier active=1 reachable=0 confirmations=26[0m
[33m[WARN] [1784395984.906870769]: [finish gate] wait for coverage convergence after planGlobalPath: no frontier: plan_valid=1 coverage=0.6563 observed=23311/35519 plateau=0 plateau_duration=1.8s targets_exhausted=0 exhausted=11/69[0m
[33m[WARN] [1784395984.906879029]: [finish gate] hold exploration after planGlobalPath: no frontier no_frontier_count=26 no_reachable_count=26[0m
viz&&print cost:0.06122ms
[0m[INFO] [1784395983.069661094]: Publish local map size: 9193[0m
[0m[INFO] [1784395984.171209982]: Publish local map size: 9958[0m
 -- [MARSIM] Running FPS: 190.77
[0m[INFO] [1784395984.906976588]: [cloud input] mode=approximate_sync points=8768 age=0.0430092s stamp_valid=1[0m
 -- [TIMER] updateMap time consuming [32m 4.562354 ms[0m
[0m[INFO] [1784395984.919940774]: cloud odom callback cost: map update:10.183ms  update frontier clusters: 2.76334ms  total: 12.9463ms
[0m
[0m[INFO] [1784395984.927251206]: [coverage guidance] plan valid=1 map_v=155 frontier_v=155 zones(f/u)=294/224 observed=23315/35519 coverage=0.6564 voxels(f/o/u)=14618/6737/1960 active=3 reachable_unknown=156 route_nodes=160 preferred=3 cost=7.3ms[0m


[1;33m------------- <567> Plan Global Path start---------------[0m
[33m[WARN] [1784395985.170403100]: [frontier gate] viewpoint generation empty but frontier clusters remain: active=1 reachable=0[0m
[0m[INFO] [1784395985.161733019]: update topo skeleton cost: 10.096439ms, update odom vertex cost:231.595366ms [0m
[0m[INFO] [1784395985.170286510]: vp cluster cost: 0.835454ms  ,remove unreachable cost: 6.734016ms, select vp cost: 0.387077ms[0m
[1;33m-------------Plan Global Path end-----------------[0m

total time cost: 250.432ms
viz&&print cost:0.03564ms
 -- [TIMER] updateMap time consuming [32m 4.579144 ms[0m


[1;33m------------- <568> Plan Global Path start---------------[0m
[0m[INFO] [1784395985.417354194]: update topo skeleton cost: 6.833946ms, update odom vertex cost:227.691618ms [0m
[0m[INFO] [1784395985.425761916]: vp cluster cost: 0.849523ms  ,remove unreachable cost: 6.705757ms, select vp cost: 0.400976ms[0m
[1;33m-------------Plan Global Path end-----------------[0m

total time cost: 243.091ms
viz&&print cost:0.0415ms
 -- [TIMER] updateMap time consuming [32m 5.166028 ms[0m


[1;33m------------- <569> Plan Global Path start---------------[0m
[33m[WARN] [1784395985.685408969]: [frontier gate] viewpoint generation empty but frontier clusters remain: active=1 reachable=0[0m
[0m[INFO] [1784395985.677628501]: update topo skeleton cost: 7.045734ms, update odom vertex cost:230.165938ms [0m
[0m[INFO] [1784395985.685318449]: vp cluster cost: 0.692165ms  ,remove unreachable cost: 6.298789ms, select vp cost: 0.326727ms[0m
[1;33m-------------Plan Global Path end-----------------[0m

total time cost: 245.026ms
viz&&print cost:0.032409ms
 -- [TIMER] updateMap time consuming [32m 5.082410 ms[0m


[1;33m------------- <570> Plan Global Path start---------------[0m
[0m[INFO] [1784395985.932676830]: update topo skeleton cost: 6.996314ms, update odom vertex cost:227.196502ms [0m
[0m[INFO] [1784395985.940604537]: vp cluster cost: 0.760824ms  ,remove unreachable cost: 6.420539ms, select vp cost: 0.338177ms[0m
[1;33m-------------Plan Global Path end-----------------[0m

total time cost: 242.251ms
[33m[WARN] [1784395985.940721316]: [finish gate] accept stable non-executable raw frontiers after planGlobalPath: no frontier active=1 reachable=0 confirmations=30[0m
[33m[WARN] [1784395985.940745696]: [finish gate] wait for coverage convergence after planGlobalPath: no frontier: plan_valid=1 coverage=0.6564 observed=23315/35519 plateau=0 plateau_duration=2.8s targets_exhausted=0 exhausted=11/69[0m
[33m[WARN] [1784395985.940753615]: [finish gate] hold exploration after planGlobalPath: no frontier no_frontier_count=30 no_reachable_count=30[0m
viz&&print cost:0.061339ms
[0m[INFO] [1784395985.940848205]: [cloud input] mode=approximate_sync points=10033 age=0.0768771s stamp_valid=1[0m
 -- [TIMER] updateMap time consuming [32m 4.866901 ms[0m
[0m[INFO] [1784395985.954120709]: cloud odom callback cost: map update:10.738ms  update frontier clusters: 2.51408ms  total: 13.2521ms
[0m


[1;33m------------- <571> Plan Global Path start---------------[0m
[33m[WARN] [1784395986.202167905]: [frontier gate] viewpoint generation empty but frontier clusters remain: active=1 reachable=0[0m
[0m[INFO] [1784395986.192457683]: update topo skeleton cost: 9.578483ms, update odom vertex cost:228.674892ms [0m
[0m[INFO] [1784395986.202025706]: vp cluster cost: 1.173151ms  ,remove unreachable cost: 7.418490ms, select vp cost: 0.451477ms[0m
[1;33m-------------Plan Global Path end-----------------[0m

total time cost: 248.012ms
viz&&print cost:0.04171ms
 -- [TIMER] updateMap time consuming [32m 4.800922 ms[0m


[1;33m------------- <572> Plan Global Path start---------------[0m
[0m[INFO] [1784395986.453207019]: update topo skeleton cost: 6.982494ms, update odom vertex cost:231.219152ms [0m
[0m[INFO] [1784395986.462230327]: vp cluster cost: 0.734294ms  ,remove unreachable cost: 7.330582ms, select vp cost: 0.516496ms[0m
[1;33m-------------Plan Global Path end-----------------[0m

total time cost: 247.381ms
viz&&print cost:0.040809ms
 -- [TIMER] updateMap time consuming [32m 4.569673 ms[0m


[1;33m------------- <573> Plan Global Path start---------------[0m
[33m[WARN] [1784395986.723435729]: [frontier gate] viewpoint generation empty but frontier clusters remain: active=1 reachable=0[0m
[0m[INFO] [1784395986.714471920]: update topo skeleton cost: 8.773850ms, update odom vertex cost:230.380518ms [0m
[0m[INFO] [1784395986.723297020]: vp cluster cost: 0.792964ms  ,remove unreachable cost: 7.046443ms, select vp cost: 0.533076ms[0m
[1;33m-------------Plan Global Path end-----------------[0m

total time cost: 248.155ms
viz&&print cost:0.045349ms
 -- [TIMER] updateMap time consuming [32m 4.669223 ms[0m


[1;33m------------- <574> Plan Global Path start---------------[0m
[0m[INFO] [1784395986.974591941]: update topo skeleton cost: 6.959304ms, update odom vertex cost:230.061741ms [0m
[0m[INFO] [1784395986.974623991]: [highspeed_exp adapter] safety map ready=1 rog_ready=1 cloud_size=9568[0m
[0m[INFO] [1784395986.983114493]: vp cluster cost: 0.904363ms  ,remove unreachable cost: 6.753636ms, select vp cost: 0.400637ms[0m
[1;33m-------------Plan Global Path end-----------------[0m

total time cost: 245.669ms
[33m[WARN] [1784395986.983232122]: [finish gate] accept stable non-executable raw frontiers after planGlobalPath: no frontier active=1 reachable=0 confirmations=34[0m
[33m[WARN] [1784395986.983258192]: [finish gate] wait for coverage convergence after planGlobalPath: no frontier: plan_valid=1 coverage=0.6565 observed=23317/35519 plateau=0 plateau_duration=3.9s targets_exhausted=0 exhausted=11/69[0m
[33m[WARN] [1784395986.983265722]: [finish gate] hold exploration after planGlobalPath: no frontier no_frontier_count=34 no_reachable_count=34[0m
[0m[INFO] [1784395986.983274552]: [frontier storage] labels=8616/7517 normals=81/823 clusters=3 terminal=0 cluster_cells(cap)=18 candidates(cap)=0 derived_viewpoints(cap)=0 estimated_kb=142.957 revision=258 audit_ready=1[0m
viz&&print cost:0.08246ms
[0m[INFO] [1784395985.269595616]: Publish local map size: 9748[0m
[0m[INFO] [1784395986.369023202]: Publish local map size: 8823[0m
 -- [MARSIM] Running FPS: 191.977
[0m[INFO] [1784395986.983386781]: [cloud input] mode=approximate_sync points=9633 age=0.0194219s stamp_valid=1[0m
 -- [TIMER] updateMap time consuming [32m 5.594025 ms[0m
[0m[INFO] [1784395986.997710376]: cloud odom callback cost: map update:11.582ms  update frontier clusters: 2.72151ms  total: 14.3036ms
[0m
[0m[INFO] [1784395987.005832731]: [coverage guidance] plan valid=1 map_v=157 frontier_v=157 zones(f/u)=294/224 observed=23319/35519 coverage=0.6565 voxels(f/o/u)=14622/6737/1960 active=3 reachable_unknown=156 route_nodes=160 preferred=3 cost=8.1ms[0m


[1;33m------------- <575> Plan Global Path start---------------[0m
[33m[WARN] [1784395987.243440094]: [frontier gate] viewpoint generation empty but frontier clusters remain: active=1 reachable=0[0m
[0m[INFO] [1784395987.235538697]: update topo skeleton cost: 7.694278ms, update odom vertex cost:230.058043ms [0m
[0m[INFO] [1784395987.243332665]: vp cluster cost: 0.726965ms  ,remove unreachable cost: 6.238920ms, select vp cost: 0.346337ms[0m
[1;33m-------------Plan Global Path end-----------------[0m

total time cost: 245.689ms
viz&&print cost:0.03159ms
 -- [TIMER] updateMap time consuming [32m 4.946911 ms[0m


[1;33m------------- <576> Plan Global Path start---------------[0m
[0m[INFO] [1784395987.495572781]: update topo skeleton cost: 9.467285ms, update odom vertex cost:229.535257ms [0m
[0m[INFO] [1784395987.504021803]: vp cluster cost: 0.705434ms  ,remove unreachable cost: 6.797296ms, select vp cost: 0.441766ms[0m
[1;33m-------------Plan Global Path end-----------------[0m

total time cost: 247.591ms
viz&&print cost:0.03397ms
 -- [TIMER] updateMap time consuming [32m 4.958410 ms[0m


[1;33m------------- <577> Plan Global Path start---------------[0m
[33m[WARN] [1784395987.763231193]: [frontier gate] viewpoint generation empty but frontier clusters remain: active=1 reachable=0[0m
[0m[INFO] [1784395987.754510383]: update topo skeleton cost: 9.173147ms, update odom vertex cost:227.767131ms [0m
[0m[INFO] [1784395987.763095084]: vp cluster cost: 0.739074ms  ,remove unreachable cost: 7.070254ms, select vp cost: 0.405067ms[0m
[1;33m-------------Plan Global Path end-----------------[0m

total time cost: 245.702ms
viz&&print cost:0.03933ms
 -- [TIMER] updateMap time consuming [32m 5.201749 ms[0m


[1;33m------------- <578> Plan Global Path start---------------[0m
[0m[INFO] [1784395988.014298599]: update topo skeleton cost: 7.058724ms, update odom vertex cost:229.928024ms [0m
[0m[INFO] [1784395988.022618202]: vp cluster cost: 0.990442ms  ,remove unreachable cost: 6.512928ms, select vp cost: 0.344437ms[0m
[1;33m-------------Plan Global Path end-----------------[0m

total time cost: 245.446ms
[33m[WARN] [1784395988.022752701]: [finish gate] accept stable non-executable raw frontiers after planGlobalPath: no frontier active=1 reachable=0 confirmations=38[0m
[33m[WARN] [1784395988.022784371]: [finish gate] wait for coverage convergence after planGlobalPath: no frontier: plan_valid=1 coverage=0.6565 observed=23319/35519 plateau=0 plateau_duration=4.9s targets_exhausted=0 exhausted=11/69[0m
[33m[WARN] [1784395988.022793281]: [finish gate] hold exploration after planGlobalPath: no frontier no_frontier_count=38 no_reachable_count=38[0m
viz&&print cost:0.07543ms
[0m[INFO] [1784395988.022908240]: [cloud input] mode=approximate_sync points=9969 age=0.0589385s stamp_valid=1[0m
 -- [TIMER] updateMap time consuming [32m 4.816661 ms[0m
[0m[INFO] [1784395988.037350065]: cloud odom callback cost: map update:11.7556ms  update frontier clusters: 2.65753ms  total: 14.4132ms
[0m


[1;33m------------- <579> Plan Global Path start---------------[0m
[33m[WARN] [1784395988.279782111]: [frontier gate] viewpoint generation empty but frontier clusters remain: active=1 reachable=0[0m
[0m[INFO] [1784395988.271713505]: update topo skeleton cost: 6.962944ms, update odom vertex cost:227.320847ms [0m
[0m[INFO] [1784395988.279685472]: vp cluster cost: 0.861374ms  ,remove unreachable cost: 6.279610ms, select vp cost: 0.338807ms[0m
[1;33m-------------Plan Global Path end-----------------[0m

total time cost: 242.391ms
viz&&print cost:0.03068ms
 -- [TIMER] updateMap time consuming [32m 5.188939 ms[0m


[1;33m------------- <580> Plan Global Path start---------------[0m
[0m[INFO] [1784395988.530155334]: update topo skeleton cost: 7.599479ms, update odom vertex cost:229.207792ms [0m
[0m[INFO] [1784395988.538500127]: vp cluster cost: 0.741704ms  ,remove unreachable cost: 6.774846ms, select vp cost: 0.395406ms[0m
[1;33m-------------Plan Global Path end-----------------[0m

total time cost: 245.287ms
viz&&print cost:0.03963ms
 -- [TIMER] updateMap time consuming [32m 4.883541 ms[0m


[1;33m------------- <581> Plan Global Path start---------------[0m
[33m[WARN] [1784395988.793832411]: [frontier gate] viewpoint generation empty but frontier clusters remain: active=1 reachable=0[0m
[0m[INFO] [1784395988.785459147]: update topo skeleton cost: 7.090464ms, update odom vertex cost:226.680081ms [0m
[0m[INFO] [1784395988.793665502]: vp cluster cost: 0.762734ms  ,remove unreachable cost: 6.585278ms, select vp cost: 0.449936ms[0m
[1;33m-------------Plan Global Path end-----------------[0m

total time cost: 242.19ms
viz&&print cost:0.06143ms
[0m[INFO] [1784395987.370170122]: Publish local map size: 10063[0m
[0m[INFO] [1784395988.370801915]: Publish local map size: 9411[0m
 -- [MARSIM] Running FPS: 184.783
 -- [TIMER] updateMap time consuming [32m 4.459815 ms[0m


[1;33m------------- <582> Plan Global Path start---------------[0m
[0m[INFO] [1784395989.039860158]: update topo skeleton cost: 6.818286ms, update odom vertex cost:226.513274ms [0m
[0m[INFO] [1784395989.039897478]: [highspeed_exp adapter] safety map ready=1 rog_ready=1 cloud_size=8821[0m
[0m[INFO] [1784395989.048392170]: vp cluster cost: 0.841974ms  ,remove unreachable cost: 6.839865ms, select vp cost: 0.348668ms[0m
[1;33m-------------Plan Global Path end-----------------[0m

total time cost: 242.003ms
[33m[WARN] [1784395989.048519299]: [finish gate] accept stable non-executable raw frontiers after planGlobalPath: no frontier active=1 reachable=0 confirmations=42[0m
[33m[WARN] [1784395989.048546419]: [finish gate] wait for coverage convergence after planGlobalPath: no frontier: plan_valid=1 coverage=0.6565 observed=23319/35519 plateau=0 plateau_duration=6.0s targets_exhausted=0 exhausted=11/69[0m
[33m[WARN] [1784395989.048554459]: [finish gate] hold exploration after planGlobalPath: no frontier no_frontier_count=42 no_reachable_count=42[0m
viz&&print cost:0.066549ms
[0m[INFO] [1784395989.048635009]: [cloud input] mode=approximate_sync points=9954 age=0.0846702s stamp_valid=1[0m
 -- [TIMER] updateMap time consuming [32m 5.431577 ms[0m
[0m[INFO] [1784395989.063133503]: cloud odom callback cost: map update:11.484ms  update frontier clusters: 2.98133ms  total: 14.4654ms
[0m
[0m[INFO] [1784395989.070510214]: [coverage guidance] plan valid=1 map_v=159 frontier_v=159 zones(f/u)=294/224 observed=23319/35519 coverage=0.6565 voxels(f/o/u)=14622/6736/1961 active=3 reachable_unknown=156 route_nodes=160 preferred=3 cost=7.4ms[0m


[1;33m------------- <583> Plan Global Path start---------------[0m
[33m[WARN] [1784395989.312958302]: [frontier gate] viewpoint generation empty but frontier clusters remain: active=1 reachable=0[0m
[0m[INFO] [1784395989.305032805]: update topo skeleton cost: 9.458855ms, update odom vertex cost:232.352538ms [0m
[0m[INFO] [1784395989.312854533]: vp cluster cost: 0.787234ms  ,remove unreachable cost: 6.335670ms, select vp cost: 0.323257ms[0m
[1;33m-------------Plan Global Path end-----------------[0m

total time cost: 249.772ms
viz&&print cost:0.03412ms
 -- [TIMER] updateMap time consuming [32m 4.920140 ms[0m


[1;33m------------- <584> Plan Global Path start---------------[0m
[0m[INFO] [1784395989.561371363]: update topo skeleton cost: 7.561179ms, update odom vertex cost:227.686986ms [0m
[0m[INFO] [1784395989.570102773]: vp cluster cost: 0.888213ms  ,remove unreachable cost: 6.856175ms, select vp cost: 0.404537ms[0m
[1;33m-------------Plan Global Path end-----------------[0m

total time cost: 244.142ms
viz&&print cost:0.04191ms
 -- [TIMER] updateMap time consuming [32m 4.766102 ms[0m


[1;33m------------- <585> Plan Global Path start---------------[0m
[33m[WARN] [1784395989.827910639]: [frontier gate] viewpoint generation empty but frontier clusters remain: active=1 reachable=0[0m
[0m[INFO] [1784395989.818619823]: update topo skeleton cost: 7.517190ms, update odom vertex cost:227.905464ms [0m
[0m[INFO] [1784395989.827722440]: vp cluster cost: 0.877653ms  ,remove unreachable cost: 7.254393ms, select vp cost: 0.512646ms[0m
[1;33m-------------Plan Global Path end-----------------[0m

total time cost: 244.758ms
viz&&print cost:0.053329ms
 -- [TIMER] updateMap time consuming [32m 4.988371 ms[0m


[1;33m------------- <586> Plan Global Path start---------------[0m
[0m[INFO] [1784395990.076780876]: update topo skeleton cost: 6.761496ms, update odom vertex cost:228.442311ms [0m
[0m[INFO] [1784395990.084548955]: vp cluster cost: 0.693484ms  ,remove unreachable cost: 6.355519ms, select vp cost: 0.344908ms[0m
[1;33m-------------Plan Global Path end-----------------[0m

total time cost: 243.1ms
[33m[WARN] [1784395990.084668534]: [finish gate] accept stable non-executable raw frontiers after planGlobalPath: no frontier active=1 reachable=0 confirmations=46[0m
[33m[WARN] [1784395990.084697283]: [finish gate] wait for coverage convergence after planGlobalPath: no frontier: plan_valid=1 coverage=0.6565 observed=23319/35519 plateau=0 plateau_duration=7.0s targets_exhausted=0 exhausted=11/69[0m
[33m[WARN] [1784395990.084707473]: [finish gate] hold exploration after planGlobalPath: no frontier no_frontier_count=46 no_reachable_count=46[0m
viz&&print cost:0.070929ms
[0m[INFO] [1784395990.084812402]: [cloud input] mode=approximate_sync points=9890 age=0.0208426s stamp_valid=1[0m
 -- [TIMER] updateMap time consuming [32m 5.193178 ms[0m
[0m[INFO] [1784395990.098597012]: cloud odom callback cost: map update:11.0839ms  update frontier clusters: 2.66765ms  total: 13.7515ms
[0m


[1;33m------------- <587> Plan Global Path start---------------[0m
[33m[WARN] [1784395990.341330040]: [frontier gate] viewpoint generation empty but frontier clusters remain: active=1 reachable=0[0m
[0m[INFO] [1784395990.333129386]: update topo skeleton cost: 7.138573ms, update odom vertex cost:227.301591ms [0m
[0m[INFO] [1784395990.341220361]: vp cluster cost: 0.726254ms  ,remove unreachable cost: 6.521668ms, select vp cost: 0.354567ms[0m
[1;33m-------------Plan Global Path end-----------------[0m

total time cost: 242.681ms
viz&&print cost:0.04662ms
 -- [TIMER] updateMap time consuming [32m 4.740972 ms[0m


[1;33m------------- <588> Plan Global Path start---------------[0m
[0m[INFO] [1784395990.593534703]: update topo skeleton cost: 8.386144ms, update odom vertex cost:231.184269ms [0m
[0m[INFO] [1784395990.602587051]: vp cluster cost: 1.037731ms  ,remove unreachable cost: 6.970645ms, select vp cost: 0.383607ms[0m
[1;33m-------------Plan Global Path end-----------------[0m

total time cost: 248.798ms
viz&&print cost:0.034539ms
 -- [TIMER] updateMap time consuming [32m 4.795652 ms[0m


[1;33m------------- <589> Plan Global Path start---------------[0m
[33m[WARN] [1784395990.857233194]: [frontier gate] viewpoint generation empty but frontier clusters remain: active=1 reachable=0[0m
[0m[INFO] [1784395990.849029689]: update topo skeleton cost: 6.929585ms, update odom vertex cost:226.903694ms [0m
[0m[INFO] [1784395990.857115025]: vp cluster cost: 0.686394ms  ,remove unreachable cost: 6.595608ms, select vp cost: 0.375257ms[0m
[1;33m-------------Plan Global Path end-----------------[0m

total time cost: 242.077ms
viz&&print cost:0.041779ms
[0m[INFO] [1784395989.370975790]: Publish local map size: 9613[0m
[0m[INFO] [1784395990.469217732]: Publish local map size: 9891[0m
 -- [MARSIM] Running FPS: 184.293
 -- [TIMER] updateMap time consuming [32m 4.994770 ms[0m


[1;33m------------- <590> Plan Global Path start---------------[0m
[0m[INFO] [1784395991.107941609]: update topo skeleton cost: 7.844077ms, update odom vertex cost:228.142805ms [0m
[0m[INFO] [1784395991.107975719]: [highspeed_exp adapter] safety map ready=1 rog_ready=1 cloud_size=9956[0m
[0m[INFO] [1784395991.116174624]: vp cluster cost: 0.745164ms  ,remove unreachable cost: 6.694207ms, select vp cost: 0.318878ms[0m
[1;33m-------------Plan Global Path end-----------------[0m

total time cost: 244.347ms
[33m[WARN] [1784395991.116288833]: [finish gate] accept stable non-executable raw frontiers after planGlobalPath: no frontier active=1 reachable=0 confirmations=50[0m
[33m[WARN] [1784395991.116315212]: [finish gate] wait for coverage convergence after planGlobalPath: no frontier: plan_valid=1 coverage=0.6565 observed=23319/35519 plateau=0 plateau_duration=8.0s targets_exhausted=0 exhausted=11/69[0m
[33m[WARN] [1784395991.116323362]: [finish gate] hold exploration after planGlobalPath: no frontier no_frontier_count=50 no_reachable_count=50[0m
viz&&print cost:0.061019ms
[0m[INFO] [1784395991.116430732]: [cloud input] mode=approximate_sync points=9141 age=0.052476s stamp_valid=1[0m
 -- [TIMER] updateMap time consuming [32m 6.458359 ms[0m
[0m[INFO] [1784395991.131063475]: cloud odom callback cost: map update:11.8914ms  update frontier clusters: 2.71138ms  total: 14.6028ms
[0m
[0m[INFO] [1784395991.137935500]: [coverage guidance] plan valid=1 map_v=161 frontier_v=161 zones(f/u)=294/224 observed=23319/35519 coverage=0.6565 voxels(f/o/u)=14624/6735/1960 active=3 reachable_unknown=156 route_nodes=160 preferred=3 cost=6.9ms[0m


[1;33m------------- <591> Plan Global Path start---------------[0m
[33m[WARN] [1784395991.374743107]: [frontier gate] viewpoint generation empty but frontier clusters remain: active=1 reachable=0[0m
[0m[INFO] [1784395991.365620640]: update topo skeleton cost: 7.212082ms, update odom vertex cost:227.265623ms [0m
[0m[INFO] [1784395991.374615548]: vp cluster cost: 0.975292ms  ,remove unreachable cost: 7.205803ms, select vp cost: 0.391416ms[0m
[1;33m-------------Plan Global Path end-----------------[0m

total time cost: 243.639ms
viz&&print cost:0.03528ms
 -- [TIMER] updateMap time consuming [32m 5.081109 ms[0m


[1;33m------------- <592> Plan Global Path start---------------[0m
[0m[INFO] [1784395991.626697544]: update topo skeleton cost: 7.741098ms, update odom vertex cost:230.745925ms [0m
[0m[INFO] [1784395991.635672343]: vp cluster cost: 1.007552ms  ,remove unreachable cost: 6.988454ms, select vp cost: 0.473647ms[0m
[1;33m-------------Plan Global Path end-----------------[0m

total time cost: 247.644ms
viz&&print cost:0.03866ms
 -- [TIMER] updateMap time consuming [32m 4.652513 ms[0m


[1;33m------------- <593> Plan Global Path start---------------[0m
[33m[WARN] [1784395991.891195701]: [frontier gate] viewpoint generation empty but frontier clusters remain: active=1 reachable=0[0m
[0m[INFO] [1784395991.883418082]: update topo skeleton cost: 7.879147ms, update odom vertex cost:226.840837ms [0m
[0m[INFO] [1784395991.891121961]: vp cluster cost: 0.708324ms  ,remove unreachable cost: 6.316850ms, select vp cost: 0.338397ms[0m
[1;33m-------------Plan Global Path end-----------------[0m

total time cost: 242.532ms
viz&&print cost:0.040679ms
 -- [TIMER] updateMap time consuming [32m 5.074159 ms[0m


[1;33m------------- <594> Plan Global Path start---------------[0m
[0m[INFO] [1784395992.147579043]: update topo skeleton cost: 8.706471ms, update odom vertex cost:233.503734ms [0m
[0m[INFO] [1784395992.155876437]: vp cluster cost: 0.756314ms  ,remove unreachable cost: 6.654977ms, select vp cost: 0.403927ms[0m
[1;33m-------------Plan Global Path end-----------------[0m

total time cost: 250.684ms
[33m[WARN] [1784395992.156045426]: [finish gate] accept stable non-executable raw frontiers after planGlobalPath: no frontier active=1 reachable=0 confirmations=54[0m
[33m[WARN] [1784395992.156078485]: [finish gate] wait for coverage convergence after planGlobalPath: no frontier: plan_valid=1 coverage=0.6565 observed=23319/35519 plateau=0 plateau_duration=9.1s targets_exhausted=0 exhausted=11/69[0m
[33m[WARN] [1784395992.156089255]: [finish gate] hold exploration after planGlobalPath: no frontier no_frontier_count=54 no_reachable_count=54[0m
[0m[INFO] [1784395992.156102465]: [frontier storage] labels=8616/7517 normals=81/823 clusters=3 terminal=0 cluster_cells(cap)=18 candidates(cap)=0 derived_viewpoints(cap)=0 estimated_kb=142.957 revision=258 audit_ready=1[0m
viz&&print cost:0.091109ms
[0m[INFO] [1784395992.156219704]: [cloud input] mode=approximate_sync points=9669 age=0.0922512s stamp_valid=1[0m
 -- [TIMER] updateMap time consuming [32m 5.201189 ms[0m
[0m[INFO] [1784395992.171754311]: cloud odom callback cost: map update:12.7826ms  update frontier clusters: 2.71868ms  total: 15.5013ms
[0m


[1;33m------------- <595> Plan Global Path start---------------[0m
[33m[WARN] [1784395992.415464225]: [frontier gate] viewpoint generation empty but frontier clusters remain: active=1 reachable=0[0m
[0m[INFO] [1784395992.407588648]: update topo skeleton cost: 7.335932ms, update odom vertex cost:228.395506ms [0m
[0m[INFO] [1784395992.415363886]: vp cluster cost: 0.693794ms  ,remove unreachable cost: 6.398749ms, select vp cost: 0.302548ms[0m
[1;33m-------------Plan Global Path end-----------------[0m

total time cost: 243.641ms
viz&&print cost:0.03434ms
 -- [TIMER] updateMap time consuming [32m 4.671243 ms[0m


[1;33m------------- <596> Plan Global Path start---------------[0m
[0m[INFO] [1784395992.663168717]: update topo skeleton cost: 7.180403ms, update odom vertex cost:227.775150ms [0m
[0m[INFO] [1784395992.671757769]: vp cluster cost: 0.692564ms  ,remove unreachable cost: 7.049294ms, select vp cost: 0.401167ms[0m
[1;33m-------------Plan Global Path end-----------------[0m

total time cost: 243.691ms
viz&&print cost:0.03894ms
[0m[INFO] [1784395991.470716254]: Publish local map size: 9756[0m
[0m[INFO] [1784395992.569322453]: Publish local map size: 10015[0m
 -- [MARSIM] Running FPS: 194.413
 -- [TIMER] updateMap time consuming [32m 4.973431 ms[0m


[1;33m------------- <597> Plan Global Path start---------------[0m
[33m[WARN] [1784395992.930274676]: [frontier gate] viewpoint generation empty but frontier clusters remain: active=1 reachable=0[0m
[0m[INFO] [1784395992.920476493]: update topo skeleton cost: 7.212633ms, update odom vertex cost:228.160248ms [0m
[0m[INFO] [1784395992.930131997]: vp cluster cost: 0.777053ms  ,remove unreachable cost: 8.007107ms, select vp cost: 0.481246ms[0m
[1;33m-------------Plan Global Path end-----------------[0m

total time cost: 245.21ms
viz&&print cost:0.042109ms
 -- [TIMER] updateMap time consuming [32m 4.652423 ms[0m


[1;33m------------- <598> Plan Global Path start---------------[0m
[0m[INFO] [1784395993.181487951]: update topo skeleton cost: 8.682381ms, update odom vertex cost:229.256571ms [0m
[0m[INFO] [1784395993.181524701]: [highspeed_exp adapter] safety map ready=1 rog_ready=1 cloud_size=9623[0m
[0m[INFO] [1784395993.190221412]: vp cluster cost: 0.786064ms  ,remove unreachable cost: 7.105114ms, select vp cost: 0.445386ms[0m
[1;33m-------------Plan Global Path end-----------------[0m

total time cost: 246.796ms
[33m[WARN] [1784395993.190332571]: [finish gate] accept stable non-executable raw frontiers after planGlobalPath: no frontier active=1 reachable=0 confirmations=58[0m
[33m[WARN] [1784395993.190359041]: [finish gate] wait for coverage convergence after planGlobalPath: no frontier: plan_valid=1 coverage=0.6565 observed=23319/35519 plateau=0 plateau_duration=10.1s targets_exhausted=0 exhausted=11/69[0m
[33m[WARN] [1784395993.190366401]: [finish gate] hold exploration after planGlobalPath: no frontier no_frontier_count=58 no_reachable_count=58[0m
viz&&print cost:0.06317ms
[0m[INFO] [1784395993.190497660]: [cloud input] mode=approximate_sync points=9326 age=0.026529s stamp_valid=1[0m
 -- [TIMER] updateMap time consuming [32m 4.683372 ms[0m
[0m[INFO] [1784395993.204668968]: cloud odom callback cost: map update:11.4263ms  update frontier clusters: 2.72211ms  total: 14.1485ms
[0m
[0m[INFO] [1784395993.212857272]: [coverage guidance] plan valid=1 map_v=163 frontier_v=163 zones(f/u)=294/224 observed=23319/35519 coverage=0.6565 voxels(f/o/u)=14624/6735/1960 active=3 reachable_unknown=156 route_nodes=160 preferred=3 cost=8.2ms[0m


[1;33m------------- <599> Plan Global Path start---------------[0m
[33m[WARN] [1784395993.451831696]: [frontier gate] viewpoint generation empty but frontier clusters remain: active=1 reachable=0[0m
[0m[INFO] [1784395993.443945489]: update topo skeleton cost: 8.802270ms, update odom vertex cost:230.393562ms [0m
[0m[INFO] [1784395993.451725857]: vp cluster cost: 0.738224ms  ,remove unreachable cost: 6.323450ms, select vp cost: 0.329087ms[0m
[1;33m-------------Plan Global Path end-----------------[0m

total time cost: 247.119ms
viz&&print cost:0.03844ms
 -- [TIMER] updateMap time consuming [32m 5.189569 ms[0m


[1;33m------------- <600> Plan Global Path start---------------[0m
[0m[INFO] [1784395993.701039949]: update topo skeleton cost: 7.257433ms, update odom vertex cost:228.337038ms [0m
[0m[INFO] [1784395993.709167204]: vp cluster cost: 0.790704ms  ,remove unreachable cost: 6.517088ms, select vp cost: 0.342467ms[0m
[1;33m-------------Plan Global Path end-----------------[0m

total time cost: 243.855ms
viz&&print cost:0.03406ms
 -- [TIMER] updateMap time consuming [32m 4.639583 ms[0m


[1;33m------------- <601> Plan Global Path start---------------[0m
[33m[WARN] [1784395993.968915313]: [frontier gate] viewpoint generation empty but frontier clusters remain: active=1 reachable=0[0m
[0m[INFO] [1784395993.959260029]: update topo skeleton cost: 8.035006ms, update odom vertex cost:229.376600ms [0m
[0m[INFO] [1784395993.968761204]: vp cluster cost: 0.960542ms  ,remove unreachable cost: 7.435621ms, select vp cost: 0.463606ms[0m
[1;33m-------------Plan Global Path end-----------------[0m

total time cost: 247.128ms
viz&&print cost:0.045419ms
 -- [TIMER] updateMap time consuming [32m 4.720933 ms[0m


[1;33m------------- <602> Plan Global Path start---------------[0m
[0m[INFO] [1784395994.217383873]: update topo skeleton cost: 6.945334ms, update odom vertex cost:228.604348ms [0m
[0m[INFO] [1784395994.225737497]: vp cluster cost: 0.788954ms  ,remove unreachable cost: 6.766866ms, select vp cost: 0.432897ms[0m
[1;33m-------------Plan Global Path end-----------------[0m

total time cost: 244.068ms
[33m[WARN] [1784395994.225902535]: [finish gate] accept stable non-executable raw frontiers after planGlobalPath: no frontier active=1 reachable=0 confirmations=62[0m
[33m[WARN] [1784395994.225936895]: [finish gate] wait for coverage convergence after planGlobalPath: no frontier: plan_valid=1 coverage=0.6565 observed=23319/35519 plateau=0 plateau_duration=11.1s targets_exhausted=0 exhausted=11/69[0m
[33m[WARN] [1784395994.225946185]: [finish gate] hold exploration after planGlobalPath: no frontier no_frontier_count=62 no_reachable_count=62[0m
viz&&print cost:0.08377ms
[0m[INFO] [1784395994.226101974]: [cloud input] mode=approximate_sync points=9630 age=0.0621284s stamp_valid=1[0m
 -- [TIMER] updateMap time consuming [32m 4.840942 ms[0m
[0m[INFO] [1784395994.240469120]: cloud odom callback cost: map update:11.478ms  update frontier clusters: 2.86061ms  total: 14.3387ms
[0m


[1;33m------------- <603> Plan Global Path start---------------[0m
[33m[WARN] [1784395994.486020193]: [frontier gate] viewpoint generation empty but frontier clusters remain: active=1 reachable=0[0m
[0m[INFO] [1784395994.477798599]: update topo skeleton cost: 8.501613ms, update odom vertex cost:228.739657ms [0m
[0m[INFO] [1784395994.485882634]: vp cluster cost: 0.759204ms  ,remove unreachable cost: 6.525398ms, select vp cost: 0.360278ms[0m
[1;33m-------------Plan Global Path end-----------------[0m

total time cost: 245.504ms
viz&&print cost:1.50045ms
 -- [TIMER] updateMap time consuming [32m 4.736783 ms[0m


[1;33m------------- <604> Plan Global Path start---------------[0m
[0m[INFO] [1784395994.736770156]: update topo skeleton cost: 7.310042ms, update odom vertex cost:228.101212ms [0m
[0m[INFO] [1784395994.744573224]: vp cluster cost: 0.737734ms  ,remove unreachable cost: 6.265711ms, select vp cost: 0.332217ms[0m
[1;33m-------------Plan Global Path end-----------------[0m

total time cost: 243.338ms
viz&&print cost:0.03161ms
[0m[INFO] [1784395993.569523312]: Publish local map size: 9595[0m
[0m[INFO] [1784395994.570193726]: Publish local map size: 9989[0m
 -- [MARSIM] Running FPS: 195.892
 -- [TIMER] updateMap time consuming [32m 4.897852 ms[0m


[1;33m------------- <605> Plan Global Path start---------------[0m
[33m[WARN] [1784395995.002113492]: [frontier gate] viewpoint generation empty but frontier clusters remain: active=1 reachable=0[0m
[0m[INFO] [1784395994.992531898]: update topo skeleton cost: 7.313352ms, update odom vertex cost:227.395487ms [0m
[0m[INFO] [1784395995.001977603]: vp cluster cost: 0.904123ms  ,remove unreachable cost: 7.522680ms, select vp cost: 0.459797ms[0m
[1;33m-------------Plan Global Path end-----------------[0m

total time cost: 244.341ms
viz&&print cost:0.04114ms
 -- [TIMER] updateMap time consuming [32m 4.837672 ms[0m


[1;33m------------- <606> Plan Global Path start---------------[0m
[0m[INFO] [1784395995.251047591]: update topo skeleton cost: 9.181447ms, update odom vertex cost:226.176799ms [0m
[0m[INFO] [1784395995.251075291]: [highspeed_exp adapter] safety map ready=1 rog_ready=1 cloud_size=10045[0m
[0m[INFO] [1784395995.259314385]: vp cluster cost: 0.817944ms  ,remove unreachable cost: 6.619997ms, select vp cost: 0.457387ms[0m
[1;33m-------------Plan Global Path end-----------------[0m

total time cost: 243.751ms
[33m[WARN] [1784395995.259441864]: [finish gate] accept stable non-executable raw frontiers after planGlobalPath: no frontier active=1 reachable=0 confirmations=66[0m
[33m[WARN] [1784395995.259475464]: [finish gate] wait for coverage convergence after planGlobalPath: no frontier: plan_valid=1 coverage=0.6565 observed=23319/35519 plateau=0 plateau_duration=12.2s targets_exhausted=0 exhausted=11/69[0m
[33m[WARN] [1784395995.259484754]: [finish gate] hold exploration after planGlobalPath: no frontier no_frontier_count=66 no_reachable_count=66[0m
viz&&print cost:0.086049ms
[0m[INFO] [1784395995.259631693]: [cloud input] mode=approximate_sync points=10065 age=0.0956609s stamp_valid=1[0m
 -- [TIMER] updateMap time consuming [32m 5.037030 ms[0m
[0m[INFO] [1784395995.274633454]: cloud odom callback cost: map update:12.1044ms  update frontier clusters: 2.86308ms  total: 14.9675ms
[0m
[0m[INFO] [1784395995.282695540]: [coverage guidance] plan valid=1 map_v=165 frontier_v=165 zones(f/u)=294/224 observed=23319/35519 coverage=0.6565 voxels(f/o/u)=14625/6732/1962 active=3 reachable_unknown=156 route_nodes=160 preferred=3 cost=8.1ms[0m


[1;33m------------- <607> Plan Global Path start---------------[0m
[33m[WARN] [1784395995.519422956]: [frontier gate] viewpoint generation empty but frontier clusters remain: active=1 reachable=0[0m
[0m[INFO] [1784395995.511068712]: update topo skeleton cost: 8.887480ms, update odom vertex cost:227.448379ms [0m
[0m[INFO] [1784395995.519305587]: vp cluster cost: 0.685644ms  ,remove unreachable cost: 6.711567ms, select vp cost: 0.404917ms[0m
[1;33m-------------Plan Global Path end-----------------[0m

total time cost: 244.728ms
viz&&print cost:0.03616ms
 -- [TIMER] updateMap time consuming [32m 5.334168 ms[0m


[1;33m------------- <608> Plan Global Path start---------------[0m
[0m[INFO] [1784395995.772267523]: update topo skeleton cost: 8.941389ms, update odom vertex cost:229.459763ms [0m
[0m[INFO] [1784395995.780904265]: vp cluster cost: 0.951042ms  ,remove unreachable cost: 6.786717ms, select vp cost: 0.416766ms[0m
[1;33m-------------Plan Global Path end-----------------[0m

total time cost: 247.172ms
viz&&print cost:0.03629ms
 -- [TIMER] updateMap time consuming [32m 4.782032 ms[0m


[1;33m------------- <609> Plan Global Path start---------------[0m
[33m[WARN] [1784395996.037507943]: [frontier gate] viewpoint generation empty but frontier clusters remain: active=1 reachable=0[0m
[0m[INFO] [1784395996.028915461]: update topo skeleton cost: 7.104314ms, update odom vertex cost:227.283201ms [0m
[0m[INFO] [1784395996.037425314]: vp cluster cost: 0.715415ms  ,remove unreachable cost: 6.866866ms, select vp cost: 0.438056ms[0m
[1;33m-------------Plan Global Path end-----------------[0m

total time cost: 243.019ms
viz&&print cost:0.03561ms
 -- [TIMER] updateMap time consuming [32m 4.471344 ms[0m


[1;33m------------- <610> Plan Global Path start---------------[0m
[0m[INFO] [1784395996.286629183]: update topo skeleton cost: 9.174587ms, update odom vertex cost:227.347642ms [0m
[0m[INFO] [1784395996.296607994]: vp cluster cost: 0.816323ms  ,remove unreachable cost: 8.253015ms, select vp cost: 0.400587ms[0m
[1;33m-------------Plan Global Path end-----------------[0m

total time cost: 246.656ms
[33m[WARN] [1784395996.296753312]: [finish gate] accept stable non-executable raw frontiers after planGlobalPath: no frontier active=1 reachable=0 confirmations=70[0m
[33m[WARN] [1784395996.296786992]: [finish gate] wait for coverage convergence after planGlobalPath: no frontier: plan_valid=1 coverage=0.6565 observed=23319/35519 plateau=0 plateau_duration=13.2s targets_exhausted=0 exhausted=11/69[0m
[33m[WARN] [1784395996.296796402]: [finish gate] hold exploration after planGlobalPath: no frontier no_frontier_count=70 no_reachable_count=70[0m
viz&&print cost:0.074469ms
[0m[INFO] [1784395996.296905411]: [cloud input] mode=approximate_sync points=9615 age=0.0329351s stamp_valid=1[0m
 -- [TIMER] updateMap time consuming [32m 4.857421 ms[0m
[0m[INFO] [1784395996.310255396]: cloud odom callback cost: map update:10.7631ms  update frontier clusters: 2.5657ms  total: 13.3289ms
[0m


[1;33m------------- <611> Plan Global Path start---------------[0m
[33m[WARN] [1784395996.552515959]: [frontier gate] viewpoint generation empty but frontier clusters remain: active=1 reachable=0[0m
[0m[INFO] [1784395996.544157685]: update topo skeleton cost: 7.169882ms, update odom vertex cost:226.664648ms [0m
[0m[INFO] [1784395996.552430230]: vp cluster cost: 0.712375ms  ,remove unreachable cost: 6.735346ms, select vp cost: 0.395547ms[0m
[1;33m-------------Plan Global Path end-----------------[0m

total time cost: 242.228ms
viz&&print cost:0.03409ms
 -- [TIMER] updateMap time consuming [32m 4.579514 ms[0m


[1;33m------------- <612> Plan Global Path start---------------[0m
[0m[INFO] [1784395996.802326393]: update topo skeleton cost: 9.177867ms, update odom vertex cost:227.657629ms [0m
[0m[INFO] [1784395996.810724337]: vp cluster cost: 0.803213ms  ,remove unreachable cost: 6.783497ms, select vp cost: 0.369177ms[0m
[1;33m-------------Plan Global Path end-----------------[0m

total time cost: 245.377ms
viz&&print cost:0.03844ms
[0m[INFO] [1784395995.668920052]: Publish local map size: 9575[0m
[0m[INFO] [1784395996.669429475]: Publish local map size: 10095[0m
 -- [MARSIM] Running FPS: 199.881
 -- [TIMER] updateMap time consuming [32m 5.125290 ms[0m


[1;33m------------- <613> Plan Global Path start---------------[0m
[33m[WARN] [1784395997.070629461]: [frontier gate] viewpoint generation empty but frontier clusters remain: active=1 reachable=0[0m
[0m[INFO] [1784395997.062166318]: update topo skeleton cost: 8.267354ms, update odom vertex cost:229.483345ms [0m
[0m[INFO] [1784395997.070548972]: vp cluster cost: 0.786574ms  ,remove unreachable cost: 6.713537ms, select vp cost: 0.389127ms[0m
[1;33m-------------Plan Global Path end-----------------[0m

total time cost: 246.254ms
viz&&print cost:0.03641ms
 -- [TIMER] updateMap time consuming [32m 4.827252 ms[0m


[1;33m------------- <614> Plan Global Path start---------------[0m
[0m[INFO] [1784395997.315584675]: update topo skeleton cost: 7.013354ms, update odom vertex cost:225.041962ms [0m
[0m[INFO] [1784395997.315617575]: [highspeed_exp adapter] safety map ready=1 rog_ready=1 cloud_size=9854[0m
[0m[INFO] [1784395997.324406606]: vp cluster cost: 0.920183ms  ,remove unreachable cost: 6.980115ms, select vp cost: 0.471236ms[0m
[1;33m-------------Plan Global Path end-----------------[0m

total time cost: 241.033ms
[33m[WARN] [1784395997.324557544]: [finish gate] accept stable non-executable raw frontiers after planGlobalPath: no frontier active=1 reachable=0 confirmations=74[0m
[33m[WARN] [1784395997.324588294]: [finish gate] wait for coverage convergence after planGlobalPath: no frontier: plan_valid=1 coverage=0.6565 observed=23319/35519 plateau=0 plateau_duration=14.2s targets_exhausted=0 exhausted=11/69[0m
[33m[WARN] [1784395997.324597654]: [finish gate] hold exploration after planGlobalPath: no frontier no_frontier_count=74 no_reachable_count=74[0m
[0m[INFO] [1784395997.324607614]: [frontier storage] labels=8616/7517 normals=81/823 clusters=3 terminal=0 cluster_cells(cap)=18 candidates(cap)=0 derived_viewpoints(cap)=0 estimated_kb=142.957 revision=258 audit_ready=1[0m
viz&&print cost:0.083759ms
[0m[INFO] [1784395997.324731213]: [cloud input] mode=approximate_sync points=9153 age=0.0607607s stamp_valid=1[0m
 -- [TIMER] updateMap time consuming [32m 4.549114 ms[0m
[0m[INFO] [1784395997.339098090]: cloud odom callback cost: map update:11.5554ms  update frontier clusters: 2.78542ms  total: 14.3408ms
[0m
[0m[INFO] [1784395997.345955155]: [coverage guidance] plan valid=1 map_v=167 frontier_v=167 zones(f/u)=294/224 observed=23319/35519 coverage=0.6565 voxels(f/o/u)=14625/6732/1962 active=3 reachable_unknown=156 route_nodes=160 preferred=3 cost=6.8ms[0m


[1;33m------------- <615> Plan Global Path start---------------[0m
[33m[WARN] [1784395997.586190337]: [frontier gate] viewpoint generation empty but frontier clusters remain: active=1 reachable=0[0m
[0m[INFO] [1784395997.578130061]: update topo skeleton cost: 9.110988ms, update odom vertex cost:229.836864ms [0m
[0m[INFO] [1784395997.586086588]: vp cluster cost: 0.799913ms  ,remove unreachable cost: 6.441040ms, select vp cost: 0.338997ms[0m
[1;33m-------------Plan Global Path end-----------------[0m

total time cost: 247.045ms
viz&&print cost:0.04951ms
 -- [TIMER] updateMap time consuming [32m 5.049520 ms[0m


[1;33m------------- <616> Plan Global Path start---------------[0m
[0m[INFO] [1784395997.834357006]: update topo skeleton cost: 7.112594ms, update odom vertex cost:227.450983ms [0m
[0m[INFO] [1784395997.842739100]: vp cluster cost: 0.790154ms  ,remove unreachable cost: 6.738987ms, select vp cost: 0.395357ms[0m
[1;33m-------------Plan Global Path end-----------------[0m

total time cost: 243.074ms
viz&&print cost:0.035249ms
 -- [TIMER] updateMap time consuming [32m 4.599844 ms[0m


[1;33m------------- <617> Plan Global Path start---------------[0m
[33m[WARN] [1784395998.101938462]: [frontier gate] viewpoint generation empty but frontier clusters remain: active=1 reachable=0[0m
[0m[INFO] [1784395998.092457747]: update topo skeleton cost: 9.609324ms, update odom vertex cost:227.371644ms [0m
[0m[INFO] [1784395998.101800723]: vp cluster cost: 0.963022ms  ,remove unreachable cost: 7.377352ms, select vp cost: 0.479716ms[0m
[1;33m-------------Plan Global Path end-----------------[0m

total time cost: 246.508ms
viz&&print cost:0.039229ms
 -- [TIMER] updateMap time consuming [32m 4.345315 ms[0m


[1;33m------------- <618> Plan Global Path start---------------[0m
[0m[INFO] [1784395998.348670704]: update topo skeleton cost: 7.225693ms, update odom vertex cost:227.229857ms [0m
[0m[INFO] [1784395998.357294686]: vp cluster cost: 0.813584ms  ,remove unreachable cost: 6.928435ms, select vp cost: 0.440456ms[0m
[1;33m-------------Plan Global Path end-----------------[0m

total time cost: 243.222ms
[33m[WARN] [1784395998.357430835]: [finish gate] accept stable non-executable raw frontiers after planGlobalPath: no frontier active=1 reachable=0 confirmations=78[0m
[33m[WARN] [1784395998.357458895]: [finish gate] wait for coverage convergence after planGlobalPath: no frontier: plan_valid=1 coverage=0.6565 observed=23319/35519 plateau=0 plateau_duration=15.3s targets_exhausted=0 exhausted=11/69[0m
[33m[WARN] [1784395998.357467855]: [finish gate] hold exploration after planGlobalPath: no frontier no_frontier_count=78 no_reachable_count=78[0m
viz&&print cost:0.06844ms
[0m[INFO] [1784395998.357590384]: [cloud input] mode=approximate_sync points=9819 age=0.093623s stamp_valid=1[0m
 -- [TIMER] updateMap time consuming [32m 5.438457 ms[0m
[0m[INFO] [1784395998.372706775]: cloud odom callback cost: map update:12.2598ms  update frontier clusters: 2.82866ms  total: 15.0885ms
[0m


[1;33m------------- <619> Plan Global Path start---------------[0m
[33m[WARN] [1784395998.617196674]: [frontier gate] viewpoint generation empty but frontier clusters remain: active=1 reachable=0[0m
[0m[INFO] [1784395998.609185037]: update topo skeleton cost: 8.826610ms, update odom vertex cost:227.559644ms [0m
[0m[INFO] [1784395998.617120505]: vp cluster cost: 0.781603ms  ,remove unreachable cost: 6.430780ms, select vp cost: 0.340117ms[0m
[1;33m-------------Plan Global Path end-----------------[0m

total time cost: 244.434ms
viz&&print cost:0.03892ms
 -- [TIMER] updateMap time consuming [32m 5.330578 ms[0m


[1;33m------------- <620> Plan Global Path start---------------[0m
[0m[INFO] [1784395997.771229614]: Publish local map size: 9210[0m
 -- [MARSIM] Running FPS: 193.514
[0m[INFO] [1784395998.865600543]: update topo skeleton cost: 7.357642ms, update odom vertex cost:227.816802ms [0m
[0m[INFO] [1784395998.874563883]: vp cluster cost: 0.899133ms  ,remove unreachable cost: 7.201053ms, select vp cost: 0.375677ms[0m
[1;33m-------------Plan Global Path end-----------------[0m

total time cost: 244.278ms
viz&&print cost:0.03111ms
 -- [TIMER] updateMap time consuming [32m 4.739233 ms[0m


[1;33m------------- <621> Plan Global Path start---------------[0m
[33m[WARN] [1784395999.130506703]: [frontier gate] viewpoint generation empty but frontier clusters remain: active=1 reachable=0[0m
[0m[INFO] [1784395999.120877789]: update topo skeleton cost: 7.435951ms, update odom vertex cost:226.140897ms [0m
[0m[INFO] [1784395999.130388464]: vp cluster cost: 0.696044ms  ,remove unreachable cost: 7.962748ms, select vp cost: 0.399256ms[0m
[1;33m-------------Plan Global Path end-----------------[0m

total time cost: 243.247ms
viz&&print cost:0.04522ms
 -- [TIMER] updateMap time consuming [32m 4.738483 ms[0m


[1;33m------------- <622> Plan Global Path start---------------[0m
[0m[INFO] [1784395999.381294706]: update topo skeleton cost: 7.832439ms, update odom vertex cost:230.213884ms [0m
[0m[INFO] [1784395999.381327535]: [highspeed_exp adapter] safety map ready=1 rog_ready=1 cloud_size=9164[0m
[0m[INFO] [1784395999.389802178]: vp cluster cost: 0.743434ms  ,remove unreachable cost: 6.807516ms, select vp cost: 0.446767ms[0m
[1;33m-------------Plan Global Path end-----------------[0m

total time cost: 246.703ms
[33m[WARN] [1784395999.389940057]: [finish gate] accept stable non-executable raw frontiers after planGlobalPath: no frontier active=1 reachable=0 confirmations=82[0m
[33m[WARN] [1784395999.389972507]: [finish gate] wait for coverage convergence after planGlobalPath: no frontier: plan_valid=1 coverage=0.6565 observed=23319/35519 plateau=0 plateau_duration=16.3s targets_exhausted=0 exhausted=11/69[0m
[33m[WARN] [1784395999.389981437]: [finish gate] hold exploration after planGlobalPath: no frontier no_frontier_count=82 no_reachable_count=82[0m
viz&&print cost:0.070129ms
[0m[INFO] [1784395999.390109556]: [cloud input] mode=approximate_sync points=9934 age=0.0261419s stamp_valid=1[0m
 -- [TIMER] updateMap time consuming [32m 5.642486 ms[0m
[0m[INFO] [1784395999.405655434]: cloud odom callback cost: map update:12.7724ms  update frontier clusters: 2.73772ms  total: 15.5101ms
[0m
[0m[INFO] [1784395999.413323163]: [coverage guidance] plan valid=1 map_v=169 frontier_v=169 zones(f/u)=294/224 observed=23319/35519 coverage=0.6565 voxels(f/o/u)=14625/6731/1963 active=3 reachable_unknown=156 route_nodes=160 preferred=3 cost=7.7ms[0m


[1;33m------------- <623> Plan Global Path start---------------[0m
[33m[WARN] [1784395999.650727841]: [frontier gate] viewpoint generation empty but frontier clusters remain: active=1 reachable=0[0m
[0m[INFO] [1784395999.642598555]: update topo skeleton cost: 8.282765ms, update odom vertex cost:228.573108ms [0m
[0m[INFO] [1784395999.650627492]: vp cluster cost: 0.772604ms  ,remove unreachable cost: 6.461409ms, select vp cost: 0.336807ms[0m
[1;33m-------------Plan Global Path end-----------------[0m

total time cost: 245.024ms
viz&&print cost:0.03278ms
 -- [TIMER] updateMap time consuming [32m 6.355540 ms[0m


[1;33m------------- <624> Plan Global Path start---------------[0m
[0m[INFO] [1784395999.900975498]: update topo skeleton cost: 7.401291ms, update odom vertex cost:228.681577ms [0m
[0m[INFO] [1784395999.909019594]: vp cluster cost: 0.727395ms  ,remove unreachable cost: 6.542578ms, select vp cost: 0.350627ms[0m
[1;33m-------------Plan Global Path end-----------------[0m

total time cost: 244.248ms
viz&&print cost:0.03509ms
 -- [TIMER] updateMap time consuming [32m 5.122800 ms[0m


[1;33m------------- <625> Plan Global Path start---------------[0m
[33m[WARN] [1784396000.164661259]: [frontier gate] viewpoint generation empty but frontier clusters remain: active=1 reachable=0[0m
[0m[INFO] [1784396000.155437252]: update topo skeleton cost: 7.563670ms, update odom vertex cost:225.728941ms [0m
[0m[INFO] [1784396000.164481481]: vp cluster cost: 0.820144ms  ,remove unreachable cost: 7.369802ms, select vp cost: 0.487786ms[0m
[1;33m-------------Plan Global Path end-----------------[0m

total time cost: 242.557ms
viz&&print cost:0.04995ms
 -- [TIMER] updateMap time consuming [32m 4.604074 ms[0m


[1;33m------------- <626> Plan Global Path start---------------[0m
[0m[INFO] [1784396000.413879036]: update topo skeleton cost: 7.305103ms, update odom vertex cost:228.815467ms [0m
[0m[INFO] [1784396000.422409179]: vp cluster cost: 0.712104ms  ,remove unreachable cost: 6.941806ms, select vp cost: 0.479496ms[0m
[1;33m-------------Plan Global Path end-----------------[0m

total time cost: 244.791ms
[33m[WARN] [1784396000.422542018]: [finish gate] accept stable non-executable raw frontiers after planGlobalPath: no frontier active=1 reachable=0 confirmations=86[0m
[33m[WARN] [1784396000.422574778]: [finish gate] wait for coverage convergence after planGlobalPath: no frontier: plan_valid=1 coverage=0.6565 observed=23319/35519 plateau=0 plateau_duration=17.3s targets_exhausted=0 exhausted=11/69[0m
[33m[WARN] [1784396000.422583858]: [finish gate] hold exploration after planGlobalPath: no frontier no_frontier_count=86 no_reachable_count=86[0m
viz&&print cost:0.077779ms
[0m[INFO] [1784396000.422708127]: [cloud input] mode=approximate_sync points=10004 age=0.0587362s stamp_valid=1[0m
 -- [TIMER] updateMap time consuming [32m 5.364188 ms[0m
[0m[INFO] [1784396000.437771838]: cloud odom callback cost: map update:12.4083ms  update frontier clusters: 2.61875ms  total: 15.0271ms
[0m


[1;33m------------- <627> Plan Global Path start---------------[0m
[33m[WARN] [1784396000.685909023]: [frontier gate] viewpoint generation empty but frontier clusters remain: active=1 reachable=0[0m
[0m[INFO] [1784396000.676957793]: update topo skeleton cost: 9.229957ms, update odom vertex cost:229.865890ms [0m
[0m[INFO] [1784396000.685800423]: vp cluster cost: 0.934022ms  ,remove unreachable cost: 7.018615ms, select vp cost: 0.423627ms[0m
[1;33m-------------Plan Global Path end-----------------[0m

total time cost: 248.086ms
viz&&print cost:0.049859ms
[0m[INFO] [1784395998.870059898]: Publish local map size: 9788[0m
[0m[INFO] [1784395999.871119923]: Publish local map size: 9224[0m
 -- [MARSIM] Running FPS: 186.408
 -- [TIMER] updateMap time consuming [32m 4.806202 ms[0m


[1;33m------------- <628> Plan Global Path start---------------[0m
[0m[INFO] [1784396000.936596328]: update topo skeleton cost: 9.028439ms, update odom vertex cost:228.349011ms [0m
[0m[INFO] [1784396000.944532295]: vp cluster cost: 0.719744ms  ,remove unreachable cost: 6.455339ms, select vp cost: 0.345837ms[0m
[1;33m-------------Plan Global Path end-----------------[0m

total time cost: 245.441ms
viz&&print cost:0.032189ms
 -- [TIMER] updateMap time consuming [32m 4.753493 ms[0m


[1;33m------------- <629> Plan Global Path start---------------[0m
[33m[WARN] [1784396001.206386194]: [frontier gate] viewpoint generation empty but frontier clusters remain: active=1 reachable=0[0m
[0m[INFO] [1784396001.197936440]: update topo skeleton cost: 7.648470ms, update odom vertex cost:232.505220ms [0m
[0m[INFO] [1784396001.206283605]: vp cluster cost: 0.715084ms  ,remove unreachable cost: 6.724727ms, select vp cost: 0.416787ms[0m
[1;33m-------------Plan Global Path end-----------------[0m

total time cost: 248.645ms
viz&&print cost:0.0345ms
 -- [TIMER] updateMap time consuming [32m 5.011761 ms[0m


[1;33m------------- <630> Plan Global Path start---------------[0m
[0m[INFO] [1784396001.455062657]: update topo skeleton cost: 9.973321ms, update odom vertex cost:225.302417ms [0m
[0m[INFO] [1784396001.455095677]: [highspeed_exp adapter] safety map ready=1 rog_ready=1 cloud_size=10054[0m
[0m[INFO] [1784396001.464009997]: vp cluster cost: 0.852643ms  ,remove unreachable cost: 7.242373ms, select vp cost: 0.403157ms[0m
[1;33m-------------Plan Global Path end-----------------[0m

total time cost: 244.37ms
[33m[WARN] [1784396001.464146055]: [finish gate] accept stable non-executable raw frontiers after planGlobalPath: no frontier active=1 reachable=0 confirmations=90[0m
[33m[WARN] [1784396001.464176725]: [finish gate] wait for coverage convergence after planGlobalPath: no frontier: plan_valid=1 coverage=0.6565 observed=23319/35519 plateau=0 plateau_duration=18.4s targets_exhausted=0 exhausted=11/69[0m
[33m[WARN] [1784396001.464185745]: [finish gate] hold exploration after planGlobalPath: no frontier no_frontier_count=90 no_reachable_count=90[0m
viz&&print cost:0.068469ms
[0m[INFO] [1784396001.464281384]: [cloud input] mode=approximate_sync points=9632 age=0.100314s stamp_valid=1[0m
 -- [TIMER] updateMap time consuming [32m 4.859162 ms[0m
[0m[INFO] [1784396001.477957237]: cloud odom callback cost: map update:11.0482ms  update frontier clusters: 2.60221ms  total: 13.6505ms
[0m
[0m[INFO] [1784396001.485525867]: [coverage guidance] plan valid=1 map_v=171 frontier_v=171 zones(f/u)=294/224 observed=23319/35519 coverage=0.6565 voxels(f/o/u)=14626/6730/1963 active=3 reachable_unknown=156 route_nodes=160 preferred=3 cost=7.6ms[0m


[1;33m------------- <631> Plan Global Path start---------------[0m
[33m[WARN] [1784396001.724435687]: [frontier gate] viewpoint generation empty but frontier clusters remain: active=1 reachable=0[0m
[0m[INFO] [1784396001.716038613]: update topo skeleton cost: 7.163563ms, update odom vertex cost:230.839053ms [0m
[0m[INFO] [1784396001.724322708]: vp cluster cost: 0.829964ms  ,remove unreachable cost: 6.593458ms, select vp cost: 0.360057ms[0m
[1;33m-------------Plan Global Path end-----------------[0m

total time cost: 246.437ms
viz&&print cost:0.04203ms
 -- [TIMER] updateMap time consuming [32m 4.641914 ms[0m


[1;33m------------- <632> Plan Global Path start---------------[0m
[0m[INFO] [1784396001.974451820]: update topo skeleton cost: 6.825367ms, update odom vertex cost:229.629153ms [0m
[0m[INFO] [1784396001.982182479]: vp cluster cost: 0.700135ms  ,remove unreachable cost: 6.290100ms, select vp cost: 0.332858ms[0m
[1;33m-------------Plan Global Path end-----------------[0m

total time cost: 244.311ms
viz&&print cost:0.03383ms
 -- [TIMER] updateMap time consuming [32m 5.327558 ms[0m


[1;33m------------- <633> Plan Global Path start---------------[0m
[33m[WARN] [1784396002.240405428]: [frontier gate] viewpoint generation empty but frontier clusters remain: active=1 reachable=0[0m
[0m[INFO] [1784396002.232113983]: update topo skeleton cost: 7.233953ms, update odom vertex cost:228.721542ms [0m
[0m[INFO] [1784396002.240302409]: vp cluster cost: 0.725444ms  ,remove unreachable cost: 6.597888ms, select vp cost: 0.370417ms[0m
[1;33m-------------Plan Global Path end-----------------[0m

total time cost: 244.288ms
viz&&print cost:0.03224ms
 -- [TIMER] updateMap time consuming [32m 4.983861 ms[0m


[1;33m------------- <634> Plan Global Path start---------------[0m
[0m[INFO] [1784396002.488528848]: update topo skeleton cost: 7.747549ms, update odom vertex cost:227.115835ms [0m
[0m[INFO] [1784396002.497232479]: vp cluster cost: 0.832813ms  ,remove unreachable cost: 7.096424ms, select vp cost: 0.393217ms[0m
[1;33m-------------Plan Global Path end-----------------[0m

total time cost: 243.707ms
[33m[WARN] [1784396002.497364518]: [finish gate] accept stable non-executable raw frontiers after planGlobalPath: no frontier active=1 reachable=0 confirmations=94[0m
[33m[WARN] [1784396002.497393618]: [finish gate] wait for coverage convergence after planGlobalPath: no frontier: plan_valid=1 coverage=0.6565 observed=23319/35519 plateau=0 plateau_duration=19.4s targets_exhausted=0 exhausted=11/69[0m
[33m[WARN] [1784396002.497402958]: [finish gate] hold exploration after planGlobalPath: no frontier no_frontier_count=94 no_reachable_count=94[0m
[0m[INFO] [1784396002.497409638]: [frontier storage] labels=8616/7517 normals=81/823 clusters=3 terminal=0 cluster_cells(cap)=18 candidates(cap)=0 derived_viewpoints(cap)=0 estimated_kb=142.957 revision=258 audit_ready=1[0m
viz&&print cost:0.07496ms
[0m[INFO] [1784396002.497521247]: [cloud input] mode=approximate_sync points=9034 age=0.033547s stamp_valid=1[0m
 -- [TIMER] updateMap time consuming [32m 4.689903 ms[0m
[0m[INFO] [1784396002.510583444]: cloud odom callback cost: map update:10.4882ms  update frontier clusters: 2.55514ms  total: 13.0434ms
[0m


[1;33m------------- <635> Plan Global Path start---------------[0m
[33m[WARN] [1784396002.754733465]: [frontier gate] viewpoint generation empty but frontier clusters remain: active=1 reachable=0[0m
[0m[INFO] [1784396002.746593019]: update topo skeleton cost: 7.636000ms, update odom vertex cost:228.310635ms [0m
[0m[INFO] [1784396002.754627085]: vp cluster cost: 0.691884ms  ,remove unreachable cost: 6.598808ms, select vp cost: 0.346308ms[0m
[1;33m-------------Plan Global Path end-----------------[0m

total time cost: 244.124ms
viz&&print cost:0.035209ms
[0m[INFO] [1784396000.969568838]: Publish local map size: 9527[0m
[0m[INFO] [1784396001.969666907]: Publish local map size: 9638[0m
 -- [MARSIM] Running FPS: 208.627
 -- [TIMER] updateMap time consuming [32m 5.373818 ms[0m


[1;33m------------- <636> Plan Global Path start---------------[0m
[0m[INFO] [1784396003.006553095]: update topo skeleton cost: 8.967930ms, update odom vertex cost:228.512123ms [0m
[0m[INFO] [1784396003.014792790]: vp cluster cost: 0.690725ms  ,remove unreachable cost: 6.791497ms, select vp cost: 0.389026ms[0m
[1;33m-------------Plan Global Path end-----------------[0m

total time cost: 245.857ms
viz&&print cost:0.03578ms
 -- [TIMER] updateMap time consuming [32m 4.957022 ms[0m


[1;33m------------- <637> Plan Global Path start---------------[0m
[33m[WARN] [1784396003.277182920]: [frontier gate] viewpoint generation empty but frontier clusters remain: active=1 reachable=0[0m
[0m[INFO] [1784396003.267997562]: update topo skeleton cost: 8.382374ms, update odom vertex cost:230.840857ms [0m
[0m[INFO] [1784396003.277098710]: vp cluster cost: 0.844683ms  ,remove unreachable cost: 7.287123ms, select vp cost: 0.450506ms[0m
[1;33m-------------Plan Global Path end-----------------[0m

total time cost: 248.451ms
viz&&print cost:0.035549ms
 -- [TIMER] updateMap time consuming [32m 5.073050 ms[0m


[1;33m------------- <638> Plan Global Path start---------------[0m
[0m[INFO] [1784396003.531163775]: update topo skeleton cost: 9.379307ms, update odom vertex cost:230.548929ms [0m
[0m[INFO] [1784396003.531196625]: [highspeed_exp adapter] safety map ready=1 rog_ready=1 cloud_size=10146[0m
[0m[INFO] [1784396003.539111533]: vp cluster cost: 0.747325ms  ,remove unreachable cost: 6.405979ms, select vp cost: 0.356108ms[0m
[1;33m-------------Plan Global Path end-----------------[0m

total time cost: 248.017ms
[33m[WARN] [1784396003.539240011]: [finish gate] accept stable non-executable raw frontiers after planGlobalPath: no frontier active=1 reachable=0 confirmations=98[0m
[33m[WARN] [1784396003.539266051]: [finish gate] wait for coverage convergence after planGlobalPath: no frontier: plan_valid=1 coverage=0.6565 observed=23319/35519 plateau=1 plateau_duration=20.4s targets_exhausted=0 exhausted=11/69[0m
[33m[WARN] [1784396003.539273931]: [finish gate] hold exploration after planGlobalPath: no frontier no_frontier_count=98 no_reachable_count=98[0m
viz&&print cost:0.065219ms
[0m[INFO] [1784396003.539371530]: [cloud input] mode=approximate_sync points=9383 age=0.0754012s stamp_valid=1[0m
 -- [TIMER] updateMap time consuming [32m 5.504747 ms[0m
[0m[INFO] [1784396003.552858454]: cloud odom callback cost: map update:10.9844ms  update frontier clusters: 2.48526ms  total: 13.4697ms
[0m
[0m[INFO] [1784396003.560178647]: [coverage guidance] plan valid=1 map_v=173 frontier_v=173 zones(f/u)=294/224 observed=23319/35519 coverage=0.6565 voxels(f/o/u)=14628/6727/1964 active=3 reachable_unknown=156 route_nodes=160 preferred=3 cost=7.3ms[0m


[1;33m------------- <639> Plan Global Path start---------------[0m
[33m[WARN] [1784396003.796160713]: [frontier gate] viewpoint generation empty but frontier clusters remain: active=1 reachable=0[0m
[0m[INFO] [1784396003.787196654]: update topo skeleton cost: 7.205944ms, update odom vertex cost:227.062496ms [0m
[0m[INFO] [1784396003.796024345]: vp cluster cost: 0.788724ms  ,remove unreachable cost: 7.189013ms, select vp cost: 0.412187ms[0m
[1;33m-------------Plan Global Path end-----------------[0m

total time cost: 243.272ms
viz&&print cost:0.04054ms
 -- [TIMER] updateMap time consuming [32m 4.660003 ms[0m


[1;33m------------- <640> Plan Global Path start---------------[0m
[0m[INFO] [1784396004.046177940]: update topo skeleton cost: 6.994425ms, update odom vertex cost:230.460381ms [0m
[0m[INFO] [1784396004.054718103]: vp cluster cost: 0.728794ms  ,remove unreachable cost: 6.981035ms, select vp cost: 0.348638ms[0m
[1;33m-------------Plan Global Path end-----------------[0m

total time cost: 246.138ms
viz&&print cost:0.037959ms
 -- [TIMER] updateMap time consuming [32m 5.194029 ms[0m


[1;33m------------- <641> Plan Global Path start---------------[0m
[33m[WARN] [1784396004.313668132]: [frontier gate] viewpoint generation empty but frontier clusters remain: active=1 reachable=0[0m
[0m[INFO] [1784396004.305411176]: update topo skeleton cost: 8.579423ms, update odom vertex cost:227.118128ms [0m
[0m[INFO] [1784396004.313563042]: vp cluster cost: 0.865603ms  ,remove unreachable cost: 6.514879ms, select vp cost: 0.323088ms[0m
[1;33m-------------Plan Global Path end-----------------[0m

total time cost: 243.991ms
viz&&print cost:0.036349ms
 -- [TIMER] updateMap time consuming [32m 5.143740 ms[0m


[1;33m------------- <642> Plan Global Path start---------------[0m
[0m[INFO] [1784396004.566021742]: update topo skeleton cost: 7.075224ms, update odom vertex cost:228.698246ms [0m
[0m[INFO] [1784396004.574968622]: vp cluster cost: 0.829774ms  ,remove unreachable cost: 7.128844ms, select vp cost: 0.384607ms[0m
[1;33m-------------Plan Global Path end-----------------[0m

total time cost: 244.877ms
[33m[WARN] [1784396004.575120301]: [finish gate] accept stable non-executable raw frontiers after planGlobalPath: no frontier active=1 reachable=0 confirmations=102[0m
[33m[WARN] [1784396004.575158690]: [finish gate] wait for coverage convergence after planGlobalPath: no frontier: plan_valid=1 coverage=0.6565 observed=23319/35519 plateau=1 plateau_duration=21.5s targets_exhausted=0 exhausted=11/69[0m
[33m[WARN] [1784396004.575168980]: [finish gate] hold exploration after planGlobalPath: no frontier no_frontier_count=102 no_reachable_count=102[0m
viz&&print cost:0.088979ms
[0m[INFO] [1784396002.971417681]: Publish local map size: 10017[0m
[0m[INFO] [1784396004.069116420]: Publish local map size: 8879[0m
 -- [MARSIM] Running FPS: 185.309
[0m[INFO] [1784396004.575286589]: [cloud input] mode=approximate_sync points=9687 age=0.0113197s stamp_valid=1[0m
 -- [TIMER] updateMap time consuming [32m 4.879682 ms[0m
[0m[INFO] [1784396004.589010071]: cloud odom callback cost: map update:11.1579ms  update frontier clusters: 2.54145ms  total: 13.6994ms
[0m


[1;33m------------- <643> Plan Global Path start---------------[0m
[33m[WARN] [1784396004.837296873]: [frontier gate] viewpoint generation empty but frontier clusters remain: active=1 reachable=0[0m
[0m[INFO] [1784396004.828024466]: update topo skeleton cost: 8.688432ms, update odom vertex cost:230.244273ms [0m
[0m[INFO] [1784396004.837181804]: vp cluster cost: 0.806424ms  ,remove unreachable cost: 7.259803ms, select vp cost: 0.459216ms[0m
[1;33m-------------Plan Global Path end-----------------[0m

total time cost: 248.26ms
viz&&print cost:0.04914ms
 -- [TIMER] updateMap time consuming [32m 4.927061 ms[0m


[1;33m------------- <644> Plan Global Path start---------------[0m
[0m[INFO] [1784396005.085207099]: update topo skeleton cost: 7.093614ms, update odom vertex cost:227.658714ms [0m
[0m[INFO] [1784396005.093837251]: vp cluster cost: 0.857094ms  ,remove unreachable cost: 6.920635ms, select vp cost: 0.473157ms[0m
[1;33m-------------Plan Global Path end-----------------[0m

total time cost: 243.616ms
viz&&print cost:0.066709ms
 -- [TIMER] updateMap time consuming [32m 4.862212 ms[0m


[1;33m------------- <645> Plan Global Path start---------------[0m
[33m[WARN] [1784396005.355950937]: [frontier gate] viewpoint generation empty but frontier clusters remain: active=1 reachable=0[0m
[0m[INFO] [1784396005.346719379]: update topo skeleton cost: 8.957050ms, update odom vertex cost:229.716330ms [0m
[0m[INFO] [1784396005.354764956]: vp cluster cost: 0.721874ms  ,remove unreachable cost: 6.636678ms, select vp cost: 0.322917ms[0m
[1;33m-------------Plan Global Path end-----------------[0m

total time cost: 247.946ms
viz&&print cost:0.04311ms
 -- [TIMER] updateMap time consuming [32m 5.421347 ms[0m


[1;33m------------- <646> Plan Global Path start---------------[0m
[0m[INFO] [1784396005.605959178]: update topo skeleton cost: 7.109914ms, update odom vertex cost:227.943464ms [0m
[0m[INFO] [1784396005.605988367]: [highspeed_exp adapter] safety map ready=1 rog_ready=1 cloud_size=9747[0m
[0m[INFO] [1784396005.613848376]: vp cluster cost: 0.724355ms  ,remove unreachable cost: 6.394430ms, select vp cost: 0.353997ms[0m
[1;33m-------------Plan Global Path end-----------------[0m

total time cost: 243.077ms
[33m[WARN] [1784396005.613975925]: [finish gate] accept stable non-executable raw frontiers after planGlobalPath: no frontier active=1 reachable=0 confirmations=106[0m
[33m[WARN] [1784396005.614006905]: [finish gate] wait for coverage convergence after planGlobalPath: no frontier: plan_valid=1 coverage=0.6565 observed=23319/35519 plateau=1 plateau_duration=22.5s targets_exhausted=0 exhausted=11/69[0m
[33m[WARN] [1784396005.614016854]: [finish gate] hold exploration after planGlobalPath: no frontier no_frontier_count=106 no_reachable_count=106[0m
viz&&print cost:0.070419ms
[0m[INFO] [1784396005.614123114]: [cloud input] mode=approximate_sync points=9612 age=0.0501516s stamp_valid=1[0m
 -- [TIMER] updateMap time consuming [32m 5.101100 ms[0m
[0m[INFO] [1784396005.628396562]: cloud odom callback cost: map update:10.942ms  update frontier clusters: 3.2718ms  total: 14.2138ms
[0m
[0m[INFO] [1784396005.635671595]: [coverage guidance] plan valid=1 map_v=175 frontier_v=175 zones(f/u)=294/224 observed=23319/35519 coverage=0.6565 voxels(f/o/u)=14628/6725/1966 active=3 reachable_unknown=156 route_nodes=160 preferred=3 cost=7.3ms[0m


[1;33m------------- <647> Plan Global Path start---------------[0m
[33m[WARN] [1784396005.875130728]: [frontier gate] viewpoint generation empty but frontier clusters remain: active=1 reachable=0[0m
[0m[INFO] [1784396005.866390676]: update topo skeleton cost: 7.539311ms, update odom vertex cost:230.316035ms [0m
[0m[INFO] [1784396005.875047178]: vp cluster cost: 0.952573ms  ,remove unreachable cost: 6.798576ms, select vp cost: 0.362758ms[0m
[1;33m-------------Plan Global Path end-----------------[0m

total time cost: 246.651ms
viz&&print cost:0.0338ms
 -- [TIMER] updateMap time consuming [32m 4.526204 ms[0m


[1;33m------------- <648> Plan Global Path start---------------[0m
[0m[INFO] [1784396006.121674257]: update topo skeleton cost: 7.402862ms, update odom vertex cost:226.913313ms [0m
[0m[INFO] [1784396006.130757215]: vp cluster cost: 0.847733ms  ,remove unreachable cost: 7.491812ms, select vp cost: 0.390337ms[0m
[1;33m-------------Plan Global Path end-----------------[0m

total time cost: 243.552ms
viz&&print cost:0.03677ms
 -- [TIMER] updateMap time consuming [32m 4.979840 ms[0m


[1;33m------------- <649> Plan Global Path start---------------[0m
[33m[WARN] [1784396006.389200322]: [frontier gate] viewpoint generation empty but frontier clusters remain: active=1 reachable=0[0m
[0m[INFO] [1784396006.381091355]: update topo skeleton cost: 6.998345ms, update odom vertex cost:229.799711ms [0m
[0m[INFO] [1784396006.389089393]: vp cluster cost: 0.721894ms  ,remove unreachable cost: 6.467490ms, select vp cost: 0.349327ms[0m
[1;33m-------------Plan Global Path end-----------------[0m

total time cost: 244.947ms
viz&&print cost:0.033409ms
 -- [TIMER] updateMap time consuming [32m 4.801753 ms[0m


[1;33m------------- <650> Plan Global Path start---------------[0m
[0m[INFO] [1784396006.641355398]: update topo skeleton cost: 7.368712ms, update odom vertex cost:230.879013ms [0m
[0m[INFO] [1784396006.649197916]: vp cluster cost: 0.727734ms  ,remove unreachable cost: 6.399050ms, select vp cost: 0.328947ms[0m
[1;33m-------------Plan Global Path end-----------------[0m

total time cost: 246.222ms
[33m[WARN] [1784396006.649318325]: [finish gate] accept stable non-executable raw frontiers after planGlobalPath: no frontier active=1 reachable=0 confirmations=110[0m
[33m[WARN] [1784396006.649346635]: [finish gate] wait for coverage convergence after planGlobalPath: no frontier: plan_valid=1 coverage=0.6565 observed=23319/35519 plateau=1 plateau_duration=23.6s targets_exhausted=0 exhausted=11/69[0m
[33m[WARN] [1784396006.649353945]: [finish gate] hold exploration after planGlobalPath: no frontier no_frontier_count=110 no_reachable_count=110[0m
viz&&print cost:0.0639ms
[0m[INFO] [1784396005.069569452]: Publish local map size: 10082[0m
[0m[INFO] [1784396006.069713364]: Publish local map size: 10004[0m
 -- [MARSIM] Running FPS: 200.363
[0m[INFO] [1784396006.649442684]: [cloud input] mode=approximate_sync points=9672 age=0.0854753s stamp_valid=1[0m
 -- [TIMER] updateMap time consuming [32m 5.094050 ms[0m
[0m[INFO] [1784396006.663083168]: cloud odom callback cost: map update:10.802ms  update frontier clusters: 2.80957ms  total: 13.6116ms
[0m


[1;33m------------- <651> Plan Global Path start---------------[0m
[33m[WARN] [1784396006.910779138]: [frontier gate] viewpoint generation empty but frontier clusters remain: active=1 reachable=0[0m
[0m[INFO] [1784396006.902558673]: update topo skeleton cost: 7.576471ms, update odom vertex cost:231.810865ms [0m
[0m[INFO] [1784396006.910660859]: vp cluster cost: 0.777333ms  ,remove unreachable cost: 6.552359ms, select vp cost: 0.365307ms[0m
[1;33m-------------Plan Global Path end-----------------[0m

total time cost: 247.651ms
viz&&print cost:0.03555ms
 -- [TIMER] updateMap time consuming [32m 5.139850 ms[0m


[1;33m------------- <652> Plan Global Path start---------------[0m
[0m[INFO] [1784396007.162349650]: update topo skeleton cost: 8.376294ms, update odom vertex cost:229.430475ms [0m
[0m[INFO] [1784396007.171648087]: vp cluster cost: 0.751024ms  ,remove unreachable cost: 7.550951ms, select vp cost: 0.476866ms[0m
[1;33m-------------Plan Global Path end-----------------[0m

total time cost: 247.255ms
viz&&print cost:0.04129ms
 -- [TIMER] updateMap time consuming [32m 4.752982 ms[0m


[1;33m------------- <653> Plan Global Path start---------------[0m
[33m[WARN] [1784396007.427648915]: [frontier gate] viewpoint generation empty but frontier clusters remain: active=1 reachable=0[0m
[0m[INFO] [1784396007.418416127]: update topo skeleton cost: 7.005675ms, update odom vertex cost:226.431949ms [0m
[0m[INFO] [1784396007.427508086]: vp cluster cost: 0.742954ms  ,remove unreachable cost: 7.349383ms, select vp cost: 0.575605ms[0m
[1;33m-------------Plan Global Path end-----------------[0m

total time cost: 242.713ms
viz&&print cost:0.05435ms
 -- [TIMER] updateMap time consuming [32m 4.576034 ms[0m


[1;33m------------- <654> Plan Global Path start---------------[0m
[0m[INFO] [1784396007.678108076]: update topo skeleton cost: 7.602371ms, update odom vertex cost:229.356976ms [0m
[0m[INFO] [1784396007.678135755]: [highspeed_exp adapter] safety map ready=1 rog_ready=1 cloud_size=9622[0m
[0m[INFO] [1784396007.686088893]: vp cluster cost: 0.777904ms  ,remove unreachable cost: 6.510339ms, select vp cost: 0.321487ms[0m
[1;33m-------------Plan Global Path end-----------------[0m

total time cost: 245.082ms
[33m[WARN] [1784396007.686222432]: [finish gate] accept stable non-executable raw frontiers after planGlobalPath: no frontier active=1 reachable=0 confirmations=114[0m
[33m[WARN] [1784396007.686249132]: [finish gate] wait for coverage convergence after planGlobalPath: no frontier: plan_valid=1 coverage=0.6565 observed=23319/35519 plateau=1 plateau_duration=24.6s targets_exhausted=0 exhausted=11/69[0m
[33m[WARN] [1784396007.686256952]: [finish gate] hold exploration after planGlobalPath: no frontier no_frontier_count=114 no_reachable_count=114[0m
[0m[INFO] [1784396007.686265912]: [frontier storage] labels=8616/7517 normals=81/823 clusters=3 terminal=0 cluster_cells(cap)=18 candidates(cap)=0 derived_viewpoints(cap)=0 estimated_kb=142.957 revision=258 audit_ready=1[0m
viz&&print cost:0.07722ms
[0m[INFO] [1784396007.686363951]: [cloud input] mode=approximate_sync points=8726 age=0.0223973s stamp_valid=1[0m
 -- [TIMER] updateMap time consuming [32m 4.887142 ms[0m
[0m[INFO] [1784396007.700224023]: cloud odom callback cost: map update:11.1359ms  update frontier clusters: 2.68994ms  total: 13.8259ms
[0m
[0m[INFO] [1784396007.707185408]: [coverage guidance] plan valid=1 map_v=177 frontier_v=177 zones(f/u)=294/224 observed=23319/35519 coverage=0.6565 voxels(f/o/u)=14628/6724/1967 active=3 reachable_unknown=156 route_nodes=160 preferred=3 cost=7.0ms[0m


[1;33m------------- <655> Plan Global Path start---------------[0m
[33m[WARN] [1784396007.943106743]: [frontier gate] viewpoint generation empty but frontier clusters remain: active=1 reachable=0[0m
[0m[INFO] [1784396007.935191865]: update topo skeleton cost: 7.063415ms, update odom vertex cost:227.818048ms [0m
[0m[INFO] [1784396007.943002084]: vp cluster cost: 0.701044ms  ,remove unreachable cost: 6.352921ms, select vp cost: 0.335267ms[0m
[1;33m-------------Plan Global Path end-----------------[0m

total time cost: 242.833ms
viz&&print cost:0.04404ms
 -- [TIMER] updateMap time consuming [32m 4.995551 ms[0m


[1;33m------------- <656> Plan Global Path start---------------[0m
[0m[INFO] [1784396008.192214976]: update topo skeleton cost: 7.749939ms, update odom vertex cost:228.123817ms [0m
[0m[INFO] [1784396008.200972578]: vp cluster cost: 0.849364ms  ,remove unreachable cost: 7.032275ms, select vp cost: 0.384917ms[0m
[1;33m-------------Plan Global Path end-----------------[0m

total time cost: 245.202ms
viz&&print cost:0.046959ms
 -- [TIMER] updateMap time consuming [32m 4.637644 ms[0m


[1;33m------------- <657> Plan Global Path start---------------[0m
[33m[WARN] [1784396008.456155624]: [frontier gate] viewpoint generation empty but frontier clusters remain: active=1 reachable=0[0m
[0m[INFO] [1784396008.448347375]: update topo skeleton cost: 6.914696ms, update odom vertex cost:227.331464ms [0m
[0m[INFO] [1784396008.456028265]: vp cluster cost: 0.689485ms  ,remove unreachable cost: 6.306120ms, select vp cost: 0.337428ms[0m
[1;33m-------------Plan Global Path end-----------------[0m

total time cost: 242.091ms
viz&&print cost:0.053609ms
 -- [TIMER] updateMap time consuming [32m 5.094900 ms[0m


[1;33m------------- <658> Plan Global Path start---------------[0m
[0m[INFO] [1784396008.709797882]: update topo skeleton cost: 6.910036ms, update odom vertex cost:232.242475ms [0m
[0m[INFO] [1784396008.717730400]: vp cluster cost: 0.718594ms  ,remove unreachable cost: 6.460820ms, select vp cost: 0.355437ms[0m
[1;33m-------------Plan Global Path end-----------------[0m

total time cost: 247.199ms
[33m[WARN] [1784396008.717833419]: [finish gate] accept stable non-executable raw frontiers after planGlobalPath: no frontier active=1 reachable=0 confirmations=118[0m
[33m[WARN] [1784396008.717861969]: [finish gate] wait for coverage convergence after planGlobalPath: no frontier: plan_valid=1 coverage=0.6565 observed=23319/35519 plateau=1 plateau_duration=25.6s targets_exhausted=0 exhausted=11/69[0m
[33m[WARN] [1784396008.717868899]: [finish gate] hold exploration after planGlobalPath: no frontier no_frontier_count=118 no_reachable_count=118[0m
viz&&print cost:0.06808ms
[0m[INFO] [1784396007.169099977]: Publish local map size: 10064[0m
[0m[INFO] [1784396008.169568953]: Publish local map size: 9227[0m
 -- [MARSIM] Running FPS: 196.41
[0m[INFO] [1784396008.717972108]: [cloud input] mode=approximate_sync points=10092 age=0.0540241s stamp_valid=1[0m
 -- [TIMER] updateMap time consuming [32m 5.328519 ms[0m
[0m[INFO] [1784396008.732104558]: cloud odom callback cost: map update:11.4289ms  update frontier clusters: 2.67592ms  total: 14.1048ms
[0m


[1;33m------------- <659> Plan Global Path start---------------[0m
[33m[WARN] [1784396008.978717221]: [frontier gate] viewpoint generation empty but frontier clusters remain: active=1 reachable=0[0m
[0m[INFO] [1784396008.970583084]: update topo skeleton cost: 8.982190ms, update odom vertex cost:229.412437ms [0m
[0m[INFO] [1784396008.978597412]: vp cluster cost: 0.723235ms  ,remove unreachable cost: 6.492409ms, select vp cost: 0.327098ms[0m
[1;33m-------------Plan Global Path end-----------------[0m

total time cost: 246.567ms
viz&&print cost:0.034299ms
 -- [TIMER] updateMap time consuming [32m 4.764863 ms[0m


[1;33m------------- <660> Plan Global Path start---------------[0m
[0m[INFO] [1784396009.228198813]: update topo skeleton cost: 8.299095ms, update odom vertex cost:228.362758ms [0m
[0m[INFO] [1784396009.237002524]: vp cluster cost: 0.817404ms  ,remove unreachable cost: 7.084044ms, select vp cost: 0.373217ms[0m
[1;33m-------------Plan Global Path end-----------------[0m

total time cost: 245.623ms
viz&&print cost:0.03465ms
 -- [TIMER] updateMap time consuming [32m 5.208700 ms[0m


[1;33m------------- <661> Plan Global Path start---------------[0m
[33m[WARN] [1784396009.496665358]: [frontier gate] viewpoint generation empty but frontier clusters remain: active=1 reachable=0[0m
[0m[INFO] [1784396009.487135782]: update topo skeleton cost: 7.284673ms, update odom vertex cost:229.534408ms [0m
[0m[INFO] [1784396009.496535799]: vp cluster cost: 0.832664ms  ,remove unreachable cost: 7.603601ms, select vp cost: 0.484376ms[0m
[1;33m-------------Plan Global Path end-----------------[0m

total time cost: 246.391ms
viz&&print cost:0.039829ms
 -- [TIMER] updateMap time consuming [32m 4.093748 ms[0m


[1;33m------------- <662> Plan Global Path start---------------[0m
[0m[INFO] [1784396009.745903092]: update topo skeleton cost: 8.641983ms, update odom vertex cost:228.473876ms [0m
[0m[INFO] [1784396009.745935282]: [highspeed_exp adapter] safety map ready=1 rog_ready=1 cloud_size=8792[0m
[0m[INFO] [1784396009.753901570]: vp cluster cost: 0.689925ms  ,remove unreachable cost: 6.594759ms, select vp cost: 0.344877ms[0m
[1;33m-------------Plan Global Path end-----------------[0m

total time cost: 245.249ms
[33m[WARN] [1784396009.754027819]: [finish gate] accept stable non-executable raw frontiers after planGlobalPath: no frontier active=1 reachable=0 confirmations=122[0m
[33m[WARN] [1784396009.754052359]: [finish gate] wait for coverage convergence after planGlobalPath: no frontier: plan_valid=1 coverage=0.6565 observed=23319/35519 plateau=1 plateau_duration=26.7s targets_exhausted=0 exhausted=12/70[0m
[33m[WARN] [1784396009.754060129]: [finish gate] hold exploration after planGlobalPath: no frontier no_frontier_count=122 no_reachable_count=122[0m
viz&&print cost:0.061139ms
[0m[INFO] [1784396009.754154728]: [cloud input] mode=approximate_sync points=10030 age=0.0901884s stamp_valid=1[0m
 -- [TIMER] updateMap time consuming [32m 5.763015 ms[0m
[0m[INFO] [1784396009.769449058]: cloud odom callback cost: map update:12.3771ms  update frontier clusters: 2.88022ms  total: 15.2573ms
[0m
[0m[INFO] [1784396009.776396884]: [coverage guidance] plan valid=1 map_v=179 frontier_v=179 zones(f/u)=294/224 observed=23319/35519 coverage=0.6565 voxels(f/o/u)=14629/6723/1967 active=3 reachable_unknown=156 route_nodes=160 preferred=3 cost=6.9ms[0m


[1;33m------------- <663> Plan Global Path start---------------[0m
[33m[WARN] [1784396010.018558644]: [frontier gate] viewpoint generation empty but frontier clusters remain: active=1 reachable=0[0m
[0m[INFO] [1784396010.009247936]: update topo skeleton cost: 7.354192ms, update odom vertex cost:232.343577ms [0m
[0m[INFO] [1784396010.018441625]: vp cluster cost: 0.738785ms  ,remove unreachable cost: 7.567341ms, select vp cost: 0.437246ms[0m
[1;33m-------------Plan Global Path end-----------------[0m

total time cost: 249.048ms
viz&&print cost:0.03929ms
 -- [TIMER] updateMap time consuming [32m 5.978794 ms[0m


[1;33m------------- <664> Plan Global Path start---------------[0m
[0m[INFO] [1784396010.274584107]: update topo skeleton cost: 7.475542ms, update odom vertex cost:233.507949ms [0m
[0m[INFO] [1784396010.283095541]: vp cluster cost: 0.987302ms  ,remove unreachable cost: 6.717847ms, select vp cost: 0.395857ms[0m
[1;33m-------------Plan Global Path end-----------------[0m

total time cost: 249.627ms
viz&&print cost:0.05225ms
 -- [TIMER] updateMap time consuming [32m 6.693358 ms[0m


[1;33m------------- <665> Plan Global Path start---------------[0m
[33m[WARN] [1784396010.560015242]: [frontier gate] viewpoint generation empty but frontier clusters remain: active=1 reachable=0[0m
[0m[INFO] [1784396010.550104009]: update topo skeleton cost: 7.452552ms, update odom vertex cost:244.262006ms [0m
[0m[INFO] [1784396010.559756714]: vp cluster cost: 0.961332ms  ,remove unreachable cost: 7.683291ms, select vp cost: 0.534625ms[0m
[1;33m-------------Plan Global Path end-----------------[0m

total time cost: 261.674ms
viz&&print cost:0.060549ms
 -- [TIMER] updateMap time consuming [32m 5.349568 ms[0m


[1;33m------------- <666> Plan Global Path start---------------[0m
[0m[INFO] [1784396010.813995732]: update topo skeleton cost: 7.304673ms, update odom vertex cost:231.175688ms [0m
[0m[INFO] [1784396010.822251077]: vp cluster cost: 0.698954ms  ,remove unreachable cost: 6.788327ms, select vp cost: 0.369567ms[0m
[1;33m-------------Plan Global Path end-----------------[0m

total time cost: 246.884ms
[33m[WARN] [1784396010.822392546]: [finish gate] accept stable non-executable raw frontiers after planGlobalPath: no frontier active=1 reachable=0 confirmations=126[0m
[33m[WARN] [1784396010.822422366]: [finish gate] wait for coverage convergence after planGlobalPath: no frontier: plan_valid=1 coverage=0.6565 observed=23319/35519 plateau=1 plateau_duration=27.7s targets_exhausted=0 exhausted=12/70[0m
[33m[WARN] [1784396010.822431166]: [finish gate] hold exploration after planGlobalPath: no frontier no_frontier_count=126 no_reachable_count=126[0m
viz&&print cost:0.07333ms
[0m[INFO] [1784396009.169968548]: Publish local map size: 9444[0m
[0m[INFO] [1784396010.269281739]: Publish local map size: 9899[0m
 -- [MARSIM] Running FPS: 193.027
[0m[INFO] [1784396010.822545035]: [cloud input] mode=approximate_sync points=10007 age=0.0585675s stamp_valid=1[0m
 -- [TIMER] updateMap time consuming [32m 4.790783 ms[0m
[0m[INFO] [1784396010.837712746]: cloud odom callback cost: map update:12.4756ms  update frontier clusters: 2.66358ms  total: 15.1392ms
[0m


[1;33m------------- <667> Plan Global Path start---------------[0m
[33m[WARN] [1784396011.084347044]: [frontier gate] viewpoint generation empty but frontier clusters remain: active=1 reachable=0[0m
[0m[INFO] [1784396011.075840870]: update topo skeleton cost: 7.417602ms, update odom vertex cost:230.626293ms [0m
[0m[INFO] [1784396011.084241695]: vp cluster cost: 0.873864ms  ,remove unreachable cost: 6.770397ms, select vp cost: 0.360057ms[0m
[1;33m-------------Plan Global Path end-----------------[0m

total time cost: 246.591ms
viz&&print cost:0.04781ms
 -- [TIMER] updateMap time consuming [32m 6.207352 ms[0m


[1;33m------------- <668> Plan Global Path start---------------[0m
[0m[INFO] [1784396011.338403525]: update topo skeleton cost: 7.826319ms, update odom vertex cost:231.833474ms [0m
[0m[INFO] [1784396011.346927949]: vp cluster cost: 0.783754ms  ,remove unreachable cost: 6.885796ms, select vp cost: 0.389127ms[0m
[1;33m-------------Plan Global Path end-----------------[0m

total time cost: 248.316ms
viz&&print cost:0.03289ms
 -- [TIMER] updateMap time consuming [32m 4.985031 ms[0m


[1;33m------------- <669> Plan Global Path start---------------[0m
[33m[WARN] [1784396011.606396688]: [frontier gate] viewpoint generation empty but frontier clusters remain: active=1 reachable=0[0m
[0m[INFO] [1784396011.597318628]: update topo skeleton cost: 7.436532ms, update odom vertex cost:229.171605ms [0m
[0m[INFO] [1784396011.606287118]: vp cluster cost: 0.785594ms  ,remove unreachable cost: 7.248103ms, select vp cost: 0.382288ms[0m
[1;33m-------------Plan Global Path end-----------------[0m

total time cost: 245.728ms
viz&&print cost:0.040349ms
 -- [TIMER] updateMap time consuming [32m 4.671174 ms[0m


[1;33m------------- <670> Plan Global Path start---------------[0m
[0m[INFO] [1784396011.857167724]: update topo skeleton cost: 7.827219ms, update odom vertex cost:229.980358ms [0m
[0m[INFO] [1784396011.857199584]: [highspeed_exp adapter] safety map ready=1 rog_ready=1 cloud_size=9726[0m
[0m[INFO] [1784396011.866309363]: vp cluster cost: 0.750514ms  ,remove unreachable cost: 7.461382ms, select vp cost: 0.481386ms[0m
[1;33m-------------Plan Global Path end-----------------[0m

total time cost: 247.131ms
[33m[WARN] [1784396011.866483341]: [finish gate] accept stable non-executable raw frontiers after planGlobalPath: no frontier active=1 reachable=0 confirmations=130[0m
[33m[WARN] [1784396011.866522491]: [finish gate] wait for coverage convergence after planGlobalPath: no frontier: plan_valid=1 coverage=0.6565 observed=23319/35519 plateau=1 plateau_duration=28.8s targets_exhausted=0 exhausted=12/70[0m
[33m[WARN] [1784396011.866533451]: [finish gate] hold exploration after planGlobalPath: no frontier no_frontier_count=130 no_reachable_count=130[0m
viz&&print cost:0.088249ms
[0m[INFO] [1784396011.866661020]: [cloud input] mode=approximate_sync points=10020 age=0.102695s stamp_valid=1[0m
 -- [TIMER] updateMap time consuming [32m 4.920902 ms[0m
[0m[INFO] [1784396011.880570672]: cloud odom callback cost: map update:11.3345ms  update frontier clusters: 2.55324ms  total: 13.8877ms
[0m
[0m[INFO] [1784396011.887789656]: [coverage guidance] plan valid=1 map_v=181 frontier_v=181 zones(f/u)=294/224 observed=23319/35519 coverage=0.6565 voxels(f/o/u)=14629/6720/1970 active=3 reachable_unknown=156 route_nodes=160 preferred=3 cost=7.2ms[0m


[1;33m------------- <671> Plan Global Path start---------------[0m
[33m[WARN] [1784396012.124398494]: [frontier gate] viewpoint generation empty but frontier clusters remain: active=1 reachable=0[0m
[0m[INFO] [1784396012.115868360]: update topo skeleton cost: 7.799100ms, update odom vertex cost:227.421039ms [0m
[0m[INFO] [1784396012.124272965]: vp cluster cost: 0.768734ms  ,remove unreachable cost: 6.841167ms, select vp cost: 0.418747ms[0m
[1;33m-------------Plan Global Path end-----------------[0m

total time cost: 243.788ms
viz&&print cost:0.040379ms
 -- [TIMER] updateMap time consuming [32m 4.533395 ms[0m


[1;33m------------- <672> Plan Global Path start---------------[0m
[0m[INFO] [1784396012.375763438]: update topo skeleton cost: 7.014685ms, update odom vertex cost:230.782695ms [0m
[0m[INFO] [1784396012.384010623]: vp cluster cost: 0.797083ms  ,remove unreachable cost: 6.717828ms, select vp cost: 0.345207ms[0m
[1;33m-------------Plan Global Path end-----------------[0m

total time cost: 246.176ms
viz&&print cost:0.03598ms
 -- [TIMER] updateMap time consuming [32m 5.736535 ms[0m


[1;33m------------- <673> Plan Global Path start---------------[0m
[33m[WARN] [1784396012.646728359]: [frontier gate] viewpoint generation empty but frontier clusters remain: active=1 reachable=0[0m
[0m[INFO] [1784396012.638915360]: update topo skeleton cost: 8.852781ms, update odom vertex cost:231.935965ms [0m
[0m[INFO] [1784396012.646620630]: vp cluster cost: 0.713094ms  ,remove unreachable cost: 6.301691ms, select vp cost: 0.316788ms[0m
[1;33m-------------Plan Global Path end-----------------[0m

total time cost: 248.638ms
viz&&print cost:0.032429ms
[0m[INFO] [1784396011.269935128]: Publish local map size: 9514[0m
[0m[INFO] [1784396012.369404797]: Publish local map size: 9113[0m
 -- [MARSIM] Running FPS: 194.111
 -- [TIMER] updateMap time consuming [32m 4.633974 ms[0m


[1;33m------------- <674> Plan Global Path start---------------[0m
[0m[INFO] [1784396012.896950232]: update topo skeleton cost: 8.643082ms, update odom vertex cost:229.069918ms [0m
[0m[INFO] [1784396012.905736133]: vp cluster cost: 0.732445ms  ,remove unreachable cost: 7.227263ms, select vp cost: 0.380657ms[0m
[1;33m-------------Plan Global Path end-----------------[0m

total time cost: 246.639ms
[33m[WARN] [1784396012.905866042]: [finish gate] accept stable non-executable raw frontiers after planGlobalPath: no frontier active=1 reachable=0 confirmations=134[0m
[33m[WARN] [1784396012.905894622]: [finish gate] wait for coverage convergence after planGlobalPath: no frontier: plan_valid=1 coverage=0.6565 observed=23319/35519 plateau=1 plateau_duration=29.8s targets_exhausted=0 exhausted=12/70[0m
[33m[WARN] [1784396012.905903352]: [finish gate] hold exploration after planGlobalPath: no frontier no_frontier_count=134 no_reachable_count=134[0m
[0m[INFO] [1784396012.905910372]: [frontier storage] labels=8616/7517 normals=81/823 clusters=3 terminal=0 cluster_cells(cap)=18 candidates(cap)=0 derived_viewpoints(cap)=0 estimated_kb=142.957 revision=258 audit_ready=1[0m
viz&&print cost:0.07649ms
[0m[INFO] [1784396012.906008091]: [cloud input] mode=approximate_sync points=10084 age=0.0420372s stamp_valid=1[0m
 -- [TIMER] updateMap time consuming [32m 4.940041 ms[0m
[0m[INFO] [1784396012.919386717]: cloud odom callback cost: map update:10.8275ms  update frontier clusters: 2.52644ms  total: 13.354ms
[0m


[1;33m------------- <675> Plan Global Path start---------------[0m
[33m[WARN] [1784396013.165849461]: [frontier gate] viewpoint generation empty but frontier clusters remain: active=1 reachable=0[0m
[0m[INFO] [1784396013.156062937]: update topo skeleton cost: 9.349097ms, update odom vertex cost:227.251593ms [0m
[0m[INFO] [1784396013.165716022]: vp cluster cost: 0.854284ms  ,remove unreachable cost: 7.821039ms, select vp cost: 0.523396ms[0m
[1;33m-------------Plan Global Path end-----------------[0m

total time cost: 246.43ms
viz&&print cost:0.04345ms
 -- [TIMER] updateMap time consuming [32m 4.575025 ms[0m


[1;33m------------- <676> Plan Global Path start---------------[0m
[0m[INFO] [1784396013.415635949]: update topo skeleton cost: 6.905906ms, update odom vertex cost:229.273008ms [0m
[0m[INFO] [1784396013.423785825]: vp cluster cost: 0.674035ms  ,remove unreachable cost: 6.680337ms, select vp cost: 0.379258ms[0m
[1;33m-------------Plan Global Path end-----------------[0m

total time cost: 244.477ms
viz&&print cost:0.04074ms
 -- [TIMER] updateMap time consuming [32m 5.167060 ms[0m


[1;33m------------- <677> Plan Global Path start---------------[0m
[33m[WARN] [1784396013.688117720]: [frontier gate] viewpoint generation empty but frontier clusters remain: active=1 reachable=0[0m
[0m[INFO] [1784396013.679612297]: update topo skeleton cost: 7.158924ms, update odom vertex cost:233.314637ms [0m
[0m[INFO] [1784396013.688012781]: vp cluster cost: 0.763564ms  ,remove unreachable cost: 6.875917ms, select vp cost: 0.308667ms[0m
[1;33m-------------Plan Global Path end-----------------[0m

total time cost: 249.018ms
viz&&print cost:0.03962ms
 -- [TIMER] updateMap time consuming [32m 4.357846 ms[0m


[1;33m------------- <678> Plan Global Path start---------------[0m
[0m[INFO] [1784396013.935226030]: update topo skeleton cost: 6.830856ms, update odom vertex cost:227.667421ms [0m
[0m[INFO] [1784396013.935260019]: [highspeed_exp adapter] safety map ready=1 rog_ready=1 cloud_size=8862[0m
[0m[INFO] [1784396013.943895652]: vp cluster cost: 0.826253ms  ,remove unreachable cost: 7.024106ms, select vp cost: 0.341257ms[0m
[1;33m-------------Plan Global Path end-----------------[0m

total time cost: 243.309ms
[33m[WARN] [1784396013.944023691]: [finish gate] accept stable non-executable raw frontiers after planGlobalPath: no frontier active=1 reachable=0 confirmations=138[0m
[33m[WARN] [1784396013.944053161]: [finish gate] wait for coverage convergence after planGlobalPath: no frontier: plan_valid=1 coverage=0.6565 observed=23319/35519 plateau=1 plateau_duration=30.9s targets_exhausted=0 exhausted=12/70[0m
[33m[WARN] [1784396013.944062311]: [finish gate] hold exploration after planGlobalPath: no frontier no_frontier_count=138 no_reachable_count=138[0m
viz&&print cost:0.06833ms
[0m[INFO] [1784396013.944153300]: [cloud input] mode=approximate_sync points=9013 age=0.08018s stamp_valid=1[0m
 -- [TIMER] updateMap time consuming [32m 4.517275 ms[0m
[0m[INFO] [1784396013.956753132]: cloud odom callback cost: map update:9.97564ms  update frontier clusters: 2.59986ms  total: 12.5755ms
[0m
[0m[INFO] [1784396013.963913206]: [coverage guidance] plan valid=1 map_v=183 frontier_v=183 zones(f/u)=294/224 observed=23319/35519 coverage=0.6565 voxels(f/o/u)=14629/6720/1970 active=3 reachable_unknown=156 route_nodes=160 preferred=3 cost=7.1ms[0m


[1;33m------------- <679> Plan Global Path start---------------[0m
[33m[WARN] [1784396014.209203781]: [frontier gate] viewpoint generation empty but frontier clusters remain: active=1 reachable=0[0m
[0m[INFO] [1784396014.198578434]: update topo skeleton cost: 9.820913ms, update odom vertex cost:231.912129ms [0m
[0m[INFO] [1784396014.209039263]: vp cluster cost: 0.808614ms  ,remove unreachable cost: 8.605303ms, select vp cost: 0.537186ms[0m
[1;33m-------------Plan Global Path end-----------------[0m

total time cost: 252.404ms
viz&&print cost:0.04151ms
 -- [TIMER] updateMap time consuming [32m 5.500147 ms[0m


[1;33m------------- <680> Plan Global Path start---------------[0m
[0m[INFO] [1784396014.463096900]: update topo skeleton cost: 10.561688ms, update odom vertex cost:228.061399ms [0m
[0m[INFO] [1784396014.472139569]: vp cluster cost: 0.718675ms  ,remove unreachable cost: 7.535521ms, select vp cost: 0.382908ms[0m
[1;33m-------------Plan Global Path end-----------------[0m

total time cost: 247.8ms
viz&&print cost:0.039529ms
 -- [TIMER] updateMap time consuming [32m 4.368607 ms[0m


[1;33m------------- <681> Plan Global Path start---------------[0m
[33m[WARN] [1784396014.732189900]: [frontier gate] viewpoint generation empty but frontier clusters remain: active=1 reachable=0[0m
[0m[INFO] [1784396014.722545515]: update topo skeleton cost: 7.118685ms, update odom vertex cost:230.969436ms [0m
[0m[INFO] [1784396014.732061951]: vp cluster cost: 0.852323ms  ,remove unreachable cost: 7.656481ms, select vp cost: 0.491666ms[0m
[1;33m-------------Plan Global Path end-----------------[0m

total time cost: 247.779ms
viz&&print cost:0.041259ms
[0m[INFO] [1784396013.371107425]: Publish local map size: 9635[0m
[0m[INFO] [1784396014.470084665]: Publish local map size: 9170[0m
 -- [MARSIM] Running FPS: 189.333
 -- [TIMER] updateMap time consuming [32m 4.894112 ms[0m


[1;33m------------- <682> Plan Global Path start---------------[0m
[0m[INFO] [1784396014.980676220]: update topo skeleton cost: 6.871016ms, update odom vertex cost:227.874370ms [0m
[0m[INFO] [1784396014.988889876]: vp cluster cost: 0.689975ms  ,remove unreachable cost: 6.740418ms, select vp cost: 0.398066ms[0m
[1;33m-------------Plan Global Path end-----------------[0m

total time cost: 243.098ms
[33m[WARN] [1784396014.989018355]: [finish gate] accept stable non-executable raw frontiers after planGlobalPath: no frontier active=1 reachable=0 confirmations=142[0m
[33m[WARN] [1784396014.989046795]: [finish gate] wait for coverage convergence after planGlobalPath: no frontier: plan_valid=1 coverage=0.6565 observed=23319/35519 plateau=1 plateau_duration=31.9s targets_exhausted=0 exhausted=12/70[0m
[33m[WARN] [1784396014.989054805]: [finish gate] hold exploration after planGlobalPath: no frontier no_frontier_count=142 no_reachable_count=142[0m
viz&&print cost:0.06639ms
[0m[INFO] [1784396014.989173194]: [cloud input] mode=approximate_sync points=9314 age=0.0252047s stamp_valid=1[0m
 -- [TIMER] updateMap time consuming [32m 4.467645 ms[0m
[0m[INFO] [1784396015.003231695]: cloud odom callback cost: map update:11.2008ms  update frontier clusters: 2.83294ms  total: 14.0337ms
[0m


[1;33m------------- <683> Plan Global Path start---------------[0m
[33m[WARN] [1784396015.247736018]: [frontier gate] viewpoint generation empty but frontier clusters remain: active=1 reachable=0[0m
[0m[INFO] [1784396015.239324393]: update topo skeleton cost: 8.859651ms, update odom vertex cost:227.152328ms [0m
[0m[INFO] [1784396015.247628589]: vp cluster cost: 0.777013ms  ,remove unreachable cost: 6.798998ms, select vp cost: 0.341607ms[0m
[1;33m-------------Plan Global Path end-----------------[0m

total time cost: 244.461ms
viz&&print cost:0.03794ms
 -- [TIMER] updateMap time consuming [32m 4.500115 ms[0m


[1;33m------------- <684> Plan Global Path start---------------[0m
[0m[INFO] [1784396015.499878532]: update topo skeleton cost: 7.822120ms, update odom vertex cost:231.521153ms [0m
[0m[INFO] [1784396015.508787083]: vp cluster cost: 0.908643ms  ,remove unreachable cost: 7.055355ms, select vp cost: 0.457357ms[0m
[1;33m-------------Plan Global Path end-----------------[0m

total time cost: 248.393ms
viz&&print cost:0.04053ms
 -- [TIMER] updateMap time consuming [32m 4.943132 ms[0m


[1;33m------------- <685> Plan Global Path start---------------[0m
[33m[WARN] [1784396015.775660402]: [frontier gate] viewpoint generation empty but frontier clusters remain: active=1 reachable=0[0m
[0m[INFO] [1784396015.765552141]: update topo skeleton cost: 9.553326ms, update odom vertex cost:233.507258ms [0m
[0m[INFO] [1784396015.775526163]: vp cluster cost: 1.200251ms  ,remove unreachable cost: 7.738890ms, select vp cost: 0.488586ms[0m
[1;33m-------------Plan Global Path end-----------------[0m

total time cost: 253.209ms
viz&&print cost:0.03874ms
 -- [TIMER] updateMap time consuming [32m 4.425746 ms[0m


[1;33m------------- <686> Plan Global Path start---------------[0m
[0m[INFO] [1784396016.031570107]: update topo skeleton cost: 9.266038ms, update odom vertex cost:233.655958ms [0m
[0m[INFO] [1784396016.031606817]: [highspeed_exp adapter] safety map ready=1 rog_ready=1 cloud_size=9286[0m
[0m[INFO] [1784396016.041062004]: vp cluster cost: 0.973772ms  ,remove unreachable cost: 7.531422ms, select vp cost: 0.480106ms[0m
[1;33m-------------Plan Global Path end-----------------[0m

total time cost: 252.579ms
[33m[WARN] [1784396016.041216893]: [finish gate] accept stable non-executable raw frontiers after planGlobalPath: no frontier active=1 reachable=0 confirmations=146[0m
[33m[WARN] [1784396016.041247473]: [finish gate] wait for coverage convergence after planGlobalPath: no frontier: plan_valid=1 coverage=0.6565 observed=23319/35519 plateau=1 plateau_duration=33.0s targets_exhausted=0 exhausted=12/70[0m
[33m[WARN] [1784396016.041256563]: [finish gate] hold exploration after planGlobalPath: no frontier no_frontier_count=146 no_reachable_count=146[0m
viz&&print cost:0.075709ms
[0m[INFO] [1784396016.041351412]: [cloud input] mode=approximate_sync points=9879 age=0.0773816s stamp_valid=1[0m
 -- [TIMER] updateMap time consuming [32m 4.782693 ms[0m
[0m[INFO] [1784396016.055110725]: cloud odom callback cost: map update:10.9214ms  update frontier clusters: 2.8176ms  total: 13.739ms
[0m
[0m[INFO] [1784396016.062291829]: [coverage guidance] plan valid=1 map_v=185 frontier_v=185 zones(f/u)=294/224 observed=23319/35519 coverage=0.6565 voxels(f/o/u)=14629/6720/1970 active=3 reachable_unknown=156 route_nodes=160 preferred=3 cost=7.1ms[0m


[1;33m------------- <687> Plan Global Path start---------------[0m
[33m[WARN] [1784396016.304123525]: [frontier gate] viewpoint generation empty but frontier clusters remain: active=1 reachable=0[0m
[0m[INFO] [1784396016.294188582]: update topo skeleton cost: 9.863173ms, update odom vertex cost:229.122125ms [0m
[0m[INFO] [1784396016.304001596]: vp cluster cost: 1.388939ms  ,remove unreachable cost: 7.299973ms, select vp cost: 0.491746ms[0m
[1;33m-------------Plan Global Path end-----------------[0m

total time cost: 248.973ms
viz&&print cost:0.03685ms
 -- [TIMER] updateMap time consuming [32m 4.979061 ms[0m


[1;33m------------- <688> Plan Global Path start---------------[0m
[0m[INFO] [1784396016.556563429]: update topo skeleton cost: 9.994443ms, update odom vertex cost:228.615598ms [0m
[0m[INFO] [1784396016.566432092]: vp cluster cost: 1.035851ms  ,remove unreachable cost: 7.942039ms, select vp cost: 0.424147ms[0m
[1;33m-------------Plan Global Path end-----------------[0m

total time cost: 248.662ms
viz&&print cost:0.05171ms
[0m[INFO] [1784396015.570861381]: Publish local map size: 10114[0m
[0m[INFO] [1784396016.669336815]: Publish local map size: 9703[0m
 -- [MARSIM] Running FPS: 190.035
 -- [TIMER] updateMap time consuming [32m 4.748433 ms[0m


[1;33m------------- <689> Plan Global Path start---------------[0m
[33m[WARN] [1784396016.827075172]: [frontier gate] viewpoint generation empty but frontier clusters remain: active=1 reachable=0[0m
[0m[INFO] [1784396016.818653547]: update topo skeleton cost: 7.927839ms, update odom vertex cost:230.674612ms [0m
[0m[INFO] [1784396016.826901674]: vp cluster cost: 0.695115ms  ,remove unreachable cost: 6.736247ms, select vp cost: 0.429817ms[0m
[1;33m-------------Plan Global Path end-----------------[0m

total time cost: 247.068ms
viz&&print cost:0.05092ms
 -- [TIMER] updateMap time consuming [32m 5.110351 ms[0m


[1;33m------------- <690> Plan Global Path start---------------[0m
[0m[INFO] [1784396017.076284441]: update topo skeleton cost: 6.949177ms, update odom vertex cost:228.176741ms [0m
[0m[INFO] [1784396017.084639327]: vp cluster cost: 0.904164ms  ,remove unreachable cost: 6.694378ms, select vp cost: 0.360477ms[0m
[1;33m-------------Plan Global Path end-----------------[0m

total time cost: 243.637ms
[33m[WARN] [1784396017.084788145]: [finish gate] accept stable non-executable raw frontiers after planGlobalPath: no frontier active=1 reachable=0 confirmations=150[0m
[33m[WARN] [1784396017.084825985]: [finish gate] wait for coverage convergence after planGlobalPath: no frontier: plan_valid=1 coverage=0.6565 observed=23319/35519 plateau=1 plateau_duration=34.0s targets_exhausted=0 exhausted=12/70[0m
[33m[WARN] [1784396017.084839545]: [finish gate] hold exploration after planGlobalPath: no frontier no_frontier_count=150 no_reachable_count=150[0m
viz&&print cost:0.081629ms
[0m[INFO] [1784396017.084963944]: [cloud input] mode=approximate_sync points=10126 age=0.020995s stamp_valid=1[0m
 -- [TIMER] updateMap time consuming [32m 5.358069 ms[0m
[0m[INFO] [1784396017.099279243]: cloud odom callback cost: map update:11.5778ms  update frontier clusters: 2.70323ms  total: 14.2811ms
[0m


[1;33m------------- <691> Plan Global Path start---------------[0m
[33m[WARN] [1784396017.346098263]: [frontier gate] viewpoint generation empty but frontier clusters remain: active=1 reachable=0[0m
[0m[INFO] [1784396017.337946746]: update topo skeleton cost: 8.021228ms, update odom vertex cost:230.556895ms [0m
[0m[INFO] [1784396017.346001393]: vp cluster cost: 0.858113ms  ,remove unreachable cost: 6.367281ms, select vp cost: 0.350387ms[0m
[1;33m-------------Plan Global Path end-----------------[0m

total time cost: 246.768ms
viz&&print cost:0.03227ms
 -- [TIMER] updateMap time consuming [32m 4.475336 ms[0m


[1;33m------------- <692> Plan Global Path start---------------[0m
[0m[INFO] [1784396017.592458165]: update topo skeleton cost: 7.370154ms, update odom vertex cost:226.679955ms [0m
[0m[INFO] [1784396017.601872552]: vp cluster cost: 1.010912ms  ,remove unreachable cost: 7.478213ms, select vp cost: 0.407216ms[0m
[1;33m-------------Plan Global Path end-----------------[0m

total time cost: 243.644ms
viz&&print cost:0.03925ms
 -- [TIMER] updateMap time consuming [32m 4.676834 ms[0m


[1;33m------------- <693> Plan Global Path start---------------[0m
[33m[WARN] [1784396017.858849213]: [frontier gate] viewpoint generation empty but frontier clusters remain: active=1 reachable=0[0m
[0m[INFO] [1784396017.850607286]: update topo skeleton cost: 7.618842ms, update odom vertex cost:228.197653ms [0m
[0m[INFO] [1784396017.858736984]: vp cluster cost: 0.923853ms  ,remove unreachable cost: 6.470730ms, select vp cost: 0.365507ms[0m
[1;33m-------------Plan Global Path end-----------------[0m

total time cost: 244.096ms
viz&&print cost:0.041759ms
 -- [TIMER] updateMap time consuming [32m 4.967982 ms[0m


[1;33m------------- <694> Plan Global Path start---------------[0m
[0m[INFO] [1784396018.108019454]: update topo skeleton cost: 6.860727ms, update odom vertex cost:227.881347ms [0m
[0m[INFO] [1784396018.108048684]: [highspeed_exp adapter] safety map ready=1 rog_ready=1 cloud_size=9946[0m
[0m[INFO] [1784396018.115726905]: vp cluster cost: 0.756084ms  ,remove unreachable cost: 6.270011ms, select vp cost: 0.317828ms[0m
[1;33m-------------Plan Global Path end-----------------[0m

total time cost: 242.584ms
[33m[WARN] [1784396018.115849704]: [finish gate] accept stable non-executable raw frontiers after planGlobalPath: no frontier active=1 reachable=0 confirmations=154[0m
[33m[WARN] [1784396018.115871554]: [finish gate] wait for coverage convergence after planGlobalPath: no frontier: plan_valid=1 coverage=0.6565 observed=23319/35519 plateau=1 plateau_duration=35.0s targets_exhausted=0 exhausted=12/70[0m
[33m[WARN] [1784396018.115879623]: [finish gate] hold exploration after planGlobalPath: no frontier no_frontier_count=154 no_reachable_count=154[0m
[0m[INFO] [1784396018.115888933]: [frontier storage] labels=8616/7517 normals=81/823 clusters=3 terminal=0 cluster_cells(cap)=18 candidates(cap)=0 derived_viewpoints(cap)=0 estimated_kb=142.957 revision=258 audit_ready=1[0m
viz&&print cost:0.065289ms
[0m[INFO] [1784396018.115988683]: [cloud input] mode=approximate_sync points=9492 age=0.0520187s stamp_valid=1[0m
 -- [TIMER] updateMap time consuming [32m 5.071361 ms[0m
[0m[INFO] [1784396018.129612457]: cloud odom callback cost: map update:10.6944ms  update frontier clusters: 2.89864ms  total: 13.593ms
[0m
[0m[INFO] [1784396018.136766892]: [coverage guidance] plan valid=1 map_v=187 frontier_v=187 zones(f/u)=294/224 observed=23319/35519 coverage=0.6565 voxels(f/o/u)=14629/6719/1971 active=3 reachable_unknown=156 route_nodes=160 preferred=3 cost=7.1ms[0m


[1;33m------------- <695> Plan Global Path start---------------[0m
[33m[WARN] [1784396018.373241903]: [frontier gate] viewpoint generation empty but frontier clusters remain: active=1 reachable=0[0m
[0m[INFO] [1784396018.364008894]: update topo skeleton cost: 7.285534ms, update odom vertex cost:227.020784ms [0m
[0m[INFO] [1784396018.373113784]: vp cluster cost: 0.786994ms  ,remove unreachable cost: 7.488392ms, select vp cost: 0.399767ms[0m
[1;33m-------------Plan Global Path end-----------------[0m

total time cost: 243.578ms
viz&&print cost:0.03632ms
 -- [TIMER] updateMap time consuming [32m 4.997261 ms[0m


[1;33m------------- <696> Plan Global Path start---------------[0m
[0m[INFO] [1784396018.621531913]: update topo skeleton cost: 7.445432ms, update odom vertex cost:227.373922ms [0m
[0m[INFO] [1784396018.630833161]: vp cluster cost: 0.758364ms  ,remove unreachable cost: 7.763740ms, select vp cost: 0.397977ms[0m
[1;33m-------------Plan Global Path end-----------------[0m

total time cost: 244.284ms
viz&&print cost:0.044099ms
[0m[INFO] [1784396017.669389879]: Publish local map size: 10123[0m
[0m[INFO] [1784396018.669415562]: Publish local map size: 9664[0m
 -- [MARSIM] Running FPS: 197.907
 -- [TIMER] updateMap time consuming [32m 4.886802 ms[0m


[1;33m------------- <697> Plan Global Path start---------------[0m
[33m[WARN] [1784396018.888458058]: [frontier gate] viewpoint generation empty but frontier clusters remain: active=1 reachable=0[0m
[0m[INFO] [1784396018.880011544]: update topo skeleton cost: 6.780577ms, update odom vertex cost:228.930550ms [0m
[0m[INFO] [1784396018.888347169]: vp cluster cost: 0.761144ms  ,remove unreachable cost: 6.846467ms, select vp cost: 0.332517ms[0m
[1;33m-------------Plan Global Path end-----------------[0m

total time cost: 244.199ms
viz&&print cost:0.04463ms
 -- [TIMER] updateMap time consuming [32m 4.910132 ms[0m


[1;33m------------- <698> Plan Global Path start---------------[0m
[0m[INFO] [1784396019.140451190]: update topo skeleton cost: 7.080365ms, update odom vertex cost:230.364140ms [0m
[0m[INFO] [1784396019.148271310]: vp cluster cost: 0.787033ms  ,remove unreachable cost: 6.332031ms, select vp cost: 0.323848ms[0m
[1;33m-------------Plan Global Path end-----------------[0m

total time cost: 245.404ms
[33m[WARN] [1784396019.148397609]: [finish gate] accept stable non-executable raw frontiers after planGlobalPath: no frontier active=1 reachable=0 confirmations=158[0m
[33m[WARN] [1784396019.148424919]: [finish gate] wait for coverage convergence after planGlobalPath: no frontier: plan_valid=1 coverage=0.6565 observed=23319/35519 plateau=1 plateau_duration=36.1s targets_exhausted=0 exhausted=12/70[0m
[33m[WARN] [1784396019.148434129]: [finish gate] hold exploration after planGlobalPath: no frontier no_frontier_count=158 no_reachable_count=158[0m
viz&&print cost:0.06437ms
[0m[INFO] [1784396019.148525178]: [cloud input] mode=approximate_sync points=9536 age=0.0845581s stamp_valid=1[0m
 -- [TIMER] updateMap time consuming [32m 5.132460 ms[0m
[0m[INFO] [1784396019.162485990]: cloud odom callback cost: map update:10.8222ms  update frontier clusters: 3.10596ms  total: 13.9282ms
[0m


[1;33m------------- <699> Plan Global Path start---------------[0m
[33m[WARN] [1784396019.407272829]: [frontier gate] viewpoint generation empty but frontier clusters remain: active=1 reachable=0[0m
[0m[INFO] [1784396019.398436277]: update topo skeleton cost: 7.382792ms, update odom vertex cost:228.474855ms [0m
[0m[INFO] [1784396019.407167960]: vp cluster cost: 0.758384ms  ,remove unreachable cost: 7.112216ms, select vp cost: 0.372057ms[0m
[1;33m-------------Plan Global Path end-----------------[0m

total time cost: 244.732ms
viz&&print cost:0.032849ms
 -- [TIMER] updateMap time consuming [32m 4.346286 ms[0m


[1;33m------------- <700> Plan Global Path start---------------[0m
[0m[INFO] [1784396019.655546781]: update topo skeleton cost: 7.364263ms, update odom vertex cost:228.679614ms [0m
[0m[INFO] [1784396019.664421632]: vp cluster cost: 0.834233ms  ,remove unreachable cost: 7.287804ms, select vp cost: 0.383737ms[0m
[1;33m-------------Plan Global Path end-----------------[0m

total time cost: 245.072ms
viz&&print cost:0.04293ms
 -- [TIMER] updateMap time consuming [32m 4.691484 ms[0m


[1;33m------------- <701> Plan Global Path start---------------[0m
[33m[WARN] [1784396019.921380967]: [frontier gate] viewpoint generation empty but frontier clusters remain: active=1 reachable=0[0m
[0m[INFO] [1784396019.912667814]: update topo skeleton cost: 7.339283ms, update odom vertex cost:227.532042ms [0m
[0m[INFO] [1784396019.921270107]: vp cluster cost: 0.791354ms  ,remove unreachable cost: 7.033265ms, select vp cost: 0.334288ms[0m
[1;33m-------------Plan Global Path end-----------------[0m

total time cost: 243.625ms
viz&&print cost:0.038379ms
 -- [TIMER] updateMap time consuming [32m 5.877984 ms[0m


[1;33m------------- <702> Plan Global Path start---------------[0m
[0m[INFO] [1784396020.175716313]: update topo skeleton cost: 7.125695ms, update odom vertex cost:231.876280ms [0m
[0m[INFO] [1784396020.175745472]: [highspeed_exp adapter] safety map ready=1 rog_ready=1 cloud_size=9967[0m
[0m[INFO] [1784396020.183521902]: vp cluster cost: 0.714254ms  ,remove unreachable cost: 6.345691ms, select vp cost: 0.341337ms[0m
[1;33m-------------Plan Global Path end-----------------[0m

total time cost: 246.935ms
[33m[WARN] [1784396020.183635191]: [finish gate] accept stable non-executable raw frontiers after planGlobalPath: no frontier active=1 reachable=0 confirmations=162[0m
[33m[WARN] [1784396020.183660161]: [finish gate] wait for coverage convergence after planGlobalPath: no frontier: plan_valid=1 coverage=0.6565 observed=23319/35519 plateau=1 plateau_duration=37.1s targets_exhausted=0 exhausted=12/70[0m
[33m[WARN] [1784396020.183666541]: [finish gate] hold exploration after planGlobalPath: no frontier no_frontier_count=162 no_reachable_count=162[0m
viz&&print cost:0.056789ms
[0m[INFO] [1784396020.183776350]: [cloud input] mode=approximate_sync points=9940 age=0.0198103s stamp_valid=1[0m
 -- [TIMER] updateMap time consuming [32m 5.425528 ms[0m
[0m[INFO] [1784396020.198008201]: cloud odom callback cost: map update:11.5647ms  update frontier clusters: 2.63809ms  total: 14.2028ms
[0m
[0m[INFO] [1784396020.204912937]: [coverage guidance] plan valid=1 map_v=189 frontier_v=189 zones(f/u)=294/224 observed=23319/35519 coverage=0.6565 voxels(f/o/u)=14629/6719/1971 active=3 reachable_unknown=156 route_nodes=160 preferred=3 cost=6.9ms[0m


[1;33m------------- <703> Plan Global Path start---------------[0m
[33m[WARN] [1784396020.441154084]: [frontier gate] viewpoint generation empty but frontier clusters remain: active=1 reachable=0[0m
[0m[INFO] [1784396020.432901568]: update topo skeleton cost: 7.347484ms, update odom vertex cost:227.460914ms [0m
[0m[INFO] [1784396020.441050035]: vp cluster cost: 0.717404ms  ,remove unreachable cost: 6.713068ms, select vp cost: 0.322658ms[0m
[1;33m-------------Plan Global Path end-----------------[0m

total time cost: 243.098ms
viz&&print cost:0.03614ms
 -- [TIMER] updateMap time consuming [32m 4.861473 ms[0m


[1;33m------------- <704> Plan Global Path start---------------[0m
[0m[INFO] [1784396020.689704036]: update topo skeleton cost: 7.559201ms, update odom vertex cost:228.134140ms [0m
[0m[INFO] [1784396020.699104763]: vp cluster cost: 0.973792ms  ,remove unreachable cost: 7.530722ms, select vp cost: 0.479886ms[0m
[1;33m-------------Plan Global Path end-----------------[0m

total time cost: 245.227ms
viz&&print cost:0.04139ms
[0m[INFO] [1784396019.769481170]: Publish local map size: 9862[0m
 -- [MARSIM] Running FPS: 193.28
 -- [TIMER] updateMap time consuming [32m 4.749473 ms[0m


[1;33m------------- <705> Plan Global Path start---------------[0m
[33m[WARN] [1784396020.958579940]: [frontier gate] viewpoint generation empty but frontier clusters remain: active=1 reachable=0[0m
[0m[INFO] [1784396020.950376063]: update topo skeleton cost: 8.811133ms, update odom vertex cost:229.056822ms [0m
[0m[INFO] [1784396020.958464521]: vp cluster cost: 0.773584ms  ,remove unreachable cost: 6.504060ms, select vp cost: 0.361757ms[0m
[1;33m-------------Plan Global Path end-----------------[0m

total time cost: 246.11ms
viz&&print cost:0.04528ms
 -- [TIMER] updateMap time consuming [32m 4.507055 ms[0m


[1;33m------------- <706> Plan Global Path start---------------[0m
[0m[INFO] [1784396021.207920997]: update topo skeleton cost: 6.880697ms, update odom vertex cost:229.093283ms [0m
[0m[INFO] [1784396021.215851106]: vp cluster cost: 0.723685ms  ,remove unreachable cost: 6.463890ms, select vp cost: 0.354807ms[0m
[1;33m-------------Plan Global Path end-----------------[0m

total time cost: 244.047ms
[33m[WARN] [1784396021.215989295]: [finish gate] accept stable non-executable raw frontiers after planGlobalPath: no frontier active=1 reachable=0 confirmations=166[0m
[33m[WARN] [1784396021.216021925]: [finish gate] wait for coverage convergence after planGlobalPath: no frontier: plan_valid=1 coverage=0.6565 observed=23319/35519 plateau=1 plateau_duration=38.1s targets_exhausted=0 exhausted=12/70[0m
[33m[WARN] [1784396021.216030655]: [finish gate] hold exploration after planGlobalPath: no frontier no_frontier_count=166 no_reachable_count=166[0m
viz&&print cost:0.07518ms
[0m[INFO] [1784396021.216134714]: [cloud input] mode=approximate_sync points=9566 age=0.0521644s stamp_valid=1[0m
 -- [TIMER] updateMap time consuming [32m 5.737725 ms[0m
[0m[INFO] [1784396021.230434803]: cloud odom callback cost: map update:11.4549ms  update frontier clusters: 2.81236ms  total: 14.2673ms
[0m


[1;33m------------- <707> Plan Global Path start---------------[0m
[33m[WARN] [1784396021.475010178]: [frontier gate] viewpoint generation empty but frontier clusters remain: active=1 reachable=0[0m
[0m[INFO] [1784396021.465676640]: update topo skeleton cost: 7.216364ms, update odom vertex cost:227.935143ms [0m
[0m[INFO] [1784396021.474918048]: vp cluster cost: 0.790884ms  ,remove unreachable cost: 7.633580ms, select vp cost: 0.411787ms[0m
[1;33m-------------Plan Global Path end-----------------[0m

total time cost: 244.523ms
viz&&print cost:0.04087ms
 -- [TIMER] updateMap time consuming [32m 4.526215 ms[0m


[1;33m------------- <708> Plan Global Path start---------------[0m
[0m[INFO] [1784396021.724558483]: update topo skeleton cost: 8.379026ms, update odom vertex cost:228.648487ms [0m
[0m[INFO] [1784396021.734646776]: vp cluster cost: 0.791344ms  ,remove unreachable cost: 8.341516ms, select vp cost: 0.481796ms[0m
[1;33m-------------Plan Global Path end-----------------[0m

total time cost: 247.28ms
viz&&print cost:0.038279ms
 -- [TIMER] updateMap time consuming [32m 4.372347 ms[0m


[1;33m------------- <709> Plan Global Path start---------------[0m
[33m[WARN] [1784396021.993308411]: [frontier gate] viewpoint generation empty but frontier clusters remain: active=1 reachable=0[0m
[0m[INFO] [1784396021.984885766]: update topo skeleton cost: 7.645101ms, update odom vertex cost:229.964387ms [0m
[0m[INFO] [1784396021.993166092]: vp cluster cost: 0.708735ms  ,remove unreachable cost: 6.704728ms, select vp cost: 0.437207ms[0m
[1;33m-------------Plan Global Path end-----------------[0m

total time cost: 246.073ms
viz&&print cost:0.05801ms
 -- [TIMER] updateMap time consuming [32m 5.487688 ms[0m


[1;33m------------- <710> Plan Global Path start---------------[0m
[0m[INFO] [1784396022.243090737]: update topo skeleton cost: 6.926087ms, update odom vertex cost:228.282361ms [0m
[0m[INFO] [1784396022.243121437]: [highspeed_exp adapter] safety map ready=1 rog_ready=1 cloud_size=9932[0m
[0m[INFO] [1784396022.251172595]: vp cluster cost: 0.717485ms  ,remove unreachable cost: 6.568459ms, select vp cost: 0.417387ms[0m
[1;33m-------------Plan Global Path end-----------------[0m

total time cost: 243.437ms
[33m[WARN] [1784396022.251311084]: [finish gate] accept stable non-executable raw frontiers after planGlobalPath: no frontier active=1 reachable=0 confirmations=170[0m
[33m[WARN] [1784396022.251341433]: [finish gate] wait for coverage convergence after planGlobalPath: no frontier: plan_valid=1 coverage=0.6565 observed=23319/35519 plateau=1 plateau_duration=39.2s targets_exhausted=0 exhausted=12/70[0m
[33m[WARN] [1784396022.251349793]: [finish gate] hold exploration after planGlobalPath: no frontier no_frontier_count=170 no_reachable_count=170[0m
viz&&print cost:0.067919ms
[0m[INFO] [1784396022.251456883]: [cloud input] mode=approximate_sync points=9827 age=0.0874911s stamp_valid=1[0m
 -- [TIMER] updateMap time consuming [32m 5.075031 ms[0m
[0m[INFO] [1784396022.265835762]: cloud odom callback cost: map update:11.496ms  update frontier clusters: 2.86042ms  total: 14.3564ms
[0m
[0m[INFO] [1784396022.273980789]: [coverage guidance] plan valid=1 map_v=191 frontier_v=191 zones(f/u)=294/224 observed=23319/35519 coverage=0.6565 voxels(f/o/u)=14629/6716/1974 active=3 reachable_unknown=156 route_nodes=160 preferred=3 cost=8.1ms[0m


[1;33m------------- <711> Plan Global Path start---------------[0m
[33m[WARN] [1784396022.513307095]: [frontier gate] viewpoint generation empty but frontier clusters remain: active=1 reachable=0[0m
[0m[INFO] [1784396022.505498906]: update topo skeleton cost: 9.528807ms, update odom vertex cost:230.050978ms [0m
[0m[INFO] [1784396022.513208666]: vp cluster cost: 0.714764ms  ,remove unreachable cost: 6.295582ms, select vp cost: 0.330427ms[0m
[1;33m-------------Plan Global Path end-----------------[0m

total time cost: 247.425ms
viz&&print cost:0.03509ms
 -- [TIMER] updateMap time consuming [32m 4.700323 ms[0m


[1;33m------------- <712> Plan Global Path start---------------[0m
[0m[INFO] [1784396020.770906669]: Publish local map size: 10027[0m
[0m[INFO] [1784396021.868905680]: Publish local map size: 10063[0m
 -- [MARSIM] Running FPS: 199.717
[0m[INFO] [1784396022.762338077]: update topo skeleton cost: 7.321554ms, update odom vertex cost:228.941926ms [0m
[0m[INFO] [1784396022.770860191]: vp cluster cost: 0.710974ms  ,remove unreachable cost: 6.970457ms, select vp cost: 0.403637ms[0m
[1;33m-------------Plan Global Path end-----------------[0m

total time cost: 244.947ms
viz&&print cost:0.04188ms
 -- [TIMER] updateMap time consuming [32m 5.038371 ms[0m


[1;33m------------- <713> Plan Global Path start---------------[0m
[33m[WARN] [1784396023.029282901]: [frontier gate] viewpoint generation empty but frontier clusters remain: active=1 reachable=0[0m
[0m[INFO] [1784396023.020351690]: update topo skeleton cost: 7.836540ms, update odom vertex cost:228.246102ms [0m
[0m[INFO] [1784396023.029154252]: vp cluster cost: 0.704634ms  ,remove unreachable cost: 7.238225ms, select vp cost: 0.467916ms[0m
[1;33m-------------Plan Global Path end-----------------[0m

total time cost: 245.053ms
viz&&print cost:0.0406ms
 -- [TIMER] updateMap time consuming [32m 4.247317 ms[0m


[1;33m------------- <714> Plan Global Path start---------------[0m
[0m[INFO] [1784396023.279752224]: update topo skeleton cost: 7.065676ms, update odom vertex cost:231.307760ms [0m
[0m[INFO] [1784396023.287575053]: vp cluster cost: 0.788494ms  ,remove unreachable cost: 6.333801ms, select vp cost: 0.334107ms[0m
[1;33m-------------Plan Global Path end-----------------[0m

total time cost: 246.326ms
[33m[WARN] [1784396023.287697002]: [finish gate] accept stable non-executable raw frontiers after planGlobalPath: no frontier active=1 reachable=0 confirmations=174[0m
[33m[WARN] [1784396023.287723412]: [finish gate] wait for coverage convergence after planGlobalPath: no frontier: plan_valid=1 coverage=0.6565 observed=23319/35519 plateau=1 plateau_duration=40.2s targets_exhausted=0 exhausted=12/70[0m
[33m[WARN] [1784396023.287729912]: [finish gate] hold exploration after planGlobalPath: no frontier no_frontier_count=174 no_reachable_count=174[0m
[0m[INFO] [1784396023.287738332]: [frontier storage] labels=8616/7517 normals=81/823 clusters=3 terminal=0 cluster_cells(cap)=18 candidates(cap)=0 derived_viewpoints(cap)=0 estimated_kb=142.957 revision=258 audit_ready=1[0m
viz&&print cost:0.07356ms
[0m[INFO] [1784396023.287845391]: [cloud input] mode=approximate_sync points=9067 age=0.0238817s stamp_valid=1[0m
 -- [TIMER] updateMap time consuming [32m 4.910162 ms[0m
[0m[INFO] [1784396023.302215731]: cloud odom callback cost: map update:11.6979ms  update frontier clusters: 2.64199ms  total: 14.3399ms
[0m


[1;33m------------- <715> Plan Global Path start---------------[0m
[33m[WARN] [1784396023.545879966]: [frontier gate] viewpoint generation empty but frontier clusters remain: active=1 reachable=0[0m
[0m[INFO] [1784396023.537660259]: update topo skeleton cost: 7.172025ms, update odom vertex cost:228.188284ms [0m
[0m[INFO] [1784396023.545766376]: vp cluster cost: 0.721874ms  ,remove unreachable cost: 6.567500ms, select vp cost: 0.405047ms[0m
[1;33m-------------Plan Global Path end-----------------[0m

total time cost: 243.621ms
viz&&print cost:0.038049ms
 -- [TIMER] updateMap time consuming [32m 4.917042 ms[0m


[1;33m------------- <716> Plan Global Path start---------------[0m
[0m[INFO] [1784396023.796795605]: update topo skeleton cost: 7.639551ms, update odom vertex cost:230.025940ms [0m
[0m[INFO] [1784396023.804917562]: vp cluster cost: 0.756794ms  ,remove unreachable cost: 6.587119ms, select vp cost: 0.359367ms[0m
[1;33m-------------Plan Global Path end-----------------[0m

total time cost: 245.96ms
viz&&print cost:0.03619ms
 -- [TIMER] updateMap time consuming [32m 4.662084 ms[0m


[1;33m------------- <717> Plan Global Path start---------------[0m
[33m[WARN] [1784396024.061521088]: [frontier gate] viewpoint generation empty but frontier clusters remain: active=1 reachable=0[0m
[0m[INFO] [1784396024.052776045]: update topo skeleton cost: 8.019288ms, update odom vertex cost:227.022104ms [0m
[0m[INFO] [1784396024.061359489]: vp cluster cost: 0.735934ms  ,remove unreachable cost: 6.969236ms, select vp cost: 0.475617ms[0m
[1;33m-------------Plan Global Path end-----------------[0m

total time cost: 243.825ms
viz&&print cost:0.05124ms
 -- [TIMER] updateMap time consuming [32m 5.229620 ms[0m


[1;33m------------- <718> Plan Global Path start---------------[0m
[0m[INFO] [1784396024.314561493]: update topo skeleton cost: 8.988531ms, update odom vertex cost:229.799073ms [0m
[0m[INFO] [1784396024.314592963]: [highspeed_exp adapter] safety map ready=1 rog_ready=1 cloud_size=10172[0m
[0m[INFO] [1784396024.322630081]: vp cluster cost: 0.767254ms  ,remove unreachable cost: 6.554680ms, select vp cost: 0.365987ms[0m
[1;33m-------------Plan Global Path end-----------------[0m

total time cost: 247.011ms
[33m[WARN] [1784396024.322779839]: [finish gate] accept stable non-executable raw frontiers after planGlobalPath: no frontier active=1 reachable=0 confirmations=178[0m
[33m[WARN] [1784396024.322812099]: [finish gate] wait for coverage convergence after planGlobalPath: no frontier: plan_valid=1 coverage=0.6565 observed=23319/35519 plateau=1 plateau_duration=41.2s targets_exhausted=0 exhausted=12/70[0m
[33m[WARN] [1784396024.322821119]: [finish gate] hold exploration after planGlobalPath: no frontier no_frontier_count=178 no_reachable_count=178[0m
viz&&print cost:0.076289ms
[0m[INFO] [1784396024.322943228]: [cloud input] mode=approximate_sync points=9878 age=0.0589748s stamp_valid=1[0m
 -- [TIMER] updateMap time consuming [32m 4.913182 ms[0m
[0m[INFO] [1784396024.337629565]: cloud odom callback cost: map update:12.0376ms  update frontier clusters: 2.61986ms  total: 14.6575ms
[0m
[0m[INFO] [1784396024.344314334]: [coverage guidance] plan valid=1 map_v=193 frontier_v=193 zones(f/u)=294/224 observed=23319/35519 coverage=0.6565 voxels(f/o/u)=14629/6714/1976 active=3 reachable_unknown=156 route_nodes=160 preferred=3 cost=6.7ms[0m


[1;33m------------- <719> Plan Global Path start---------------[0m
[33m[WARN] [1784396024.582920580]: [frontier gate] viewpoint generation empty but frontier clusters remain: active=1 reachable=0[0m
[0m[INFO] [1784396024.575041220]: update topo skeleton cost: 8.666483ms, update odom vertex cost:228.663273ms [0m
[0m[INFO] [1784396024.582818281]: vp cluster cost: 0.706154ms  ,remove unreachable cost: 6.367891ms, select vp cost: 0.323628ms[0m
[1;33m-------------Plan Global Path end-----------------[0m

total time cost: 245.248ms
viz&&print cost:0.038289ms
[0m[INFO] [1784396022.869375472]: Publish local map size: 10016[0m
[0m[INFO] [1784396023.870800815]: Publish local map size: 9651[0m
 -- [MARSIM] Running FPS: 198.42
 -- [TIMER] updateMap time consuming [32m 6.076734 ms[0m


[1;33m------------- <720> Plan Global Path start---------------[0m
[0m[INFO] [1784396024.833061787]: update topo skeleton cost: 6.976197ms, update odom vertex cost:228.873880ms [0m
[0m[INFO] [1784396024.842119237]: vp cluster cost: 0.863123ms  ,remove unreachable cost: 7.362933ms, select vp cost: 0.374337ms[0m
[1;33m-------------Plan Global Path end-----------------[0m

total time cost: 245.043ms
viz&&print cost:0.04247ms
 -- [TIMER] updateMap time consuming [32m 4.493435 ms[0m


[1;33m------------- <721> Plan Global Path start---------------[0m
[33m[WARN] [1784396025.102288598]: [frontier gate] viewpoint generation empty but frontier clusters remain: active=1 reachable=0[0m
[0m[INFO] [1784396025.092964300]: update topo skeleton cost: 9.721096ms, update odom vertex cost:228.358995ms [0m
[0m[INFO] [1784396025.102147529]: vp cluster cost: 1.155931ms  ,remove unreachable cost: 7.150535ms, select vp cost: 0.391447ms[0m
[1;33m-------------Plan Global Path end-----------------[0m

total time cost: 247.467ms
viz&&print cost:0.041489ms
 -- [TIMER] updateMap time consuming [32m 4.399946 ms[0m


[1;33m------------- <722> Plan Global Path start---------------[0m
[0m[INFO] [1784396025.350450222]: update topo skeleton cost: 7.123385ms, update odom vertex cost:228.620344ms [0m
[0m[INFO] [1784396025.359270354]: vp cluster cost: 0.810103ms  ,remove unreachable cost: 7.069106ms, select vp cost: 0.486547ms[0m
[1;33m-------------Plan Global Path end-----------------[0m

total time cost: 244.743ms
[33m[WARN] [1784396025.359453553]: [finish gate] accept stable non-executable raw frontiers after planGlobalPath: no frontier active=1 reachable=0 confirmations=182[0m
[33m[WARN] [1784396025.359490773]: [finish gate] wait for coverage convergence after planGlobalPath: no frontier: plan_valid=1 coverage=0.6565 observed=23319/35519 plateau=1 plateau_duration=42.3s targets_exhausted=0 exhausted=12/70[0m
[33m[WARN] [1784396025.359506702]: [finish gate] hold exploration after planGlobalPath: no frontier no_frontier_count=182 no_reachable_count=182[0m
viz&&print cost:0.100469ms
[0m[INFO] [1784396025.359669591]: [cloud input] mode=approximate_sync points=10006 age=0.0957006s stamp_valid=1[0m
 -- [TIMER] updateMap time consuming [32m 5.000672 ms[0m
[0m[INFO] [1784396025.374184340]: cloud odom callback cost: map update:11.8654ms  update frontier clusters: 2.62786ms  total: 14.4932ms
[0m


[1;33m------------- <723> Plan Global Path start---------------[0m
[33m[WARN] [1784396025.619746384]: [frontier gate] viewpoint generation empty but frontier clusters remain: active=1 reachable=0[0m
[0m[INFO] [1784396025.611206389]: update topo skeleton cost: 7.389484ms, update odom vertex cost:229.558487ms [0m
[0m[INFO] [1784396025.619650795]: vp cluster cost: 0.899103ms  ,remove unreachable cost: 6.772858ms, select vp cost: 0.412817ms[0m
[1;33m-------------Plan Global Path end-----------------[0m

total time cost: 245.522ms
viz&&print cost:0.0363ms
 -- [TIMER] updateMap time consuming [32m 5.101621 ms[0m


[1;33m------------- <724> Plan Global Path start---------------[0m
[0m[INFO] [1784396025.869179368]: update topo skeleton cost: 6.998426ms, update odom vertex cost:228.992972ms [0m
[0m[INFO] [1784396025.877395395]: vp cluster cost: 0.815544ms  ,remove unreachable cost: 6.611739ms, select vp cost: 0.351347ms[0m
[1;33m-------------Plan Global Path end-----------------[0m

total time cost: 244.344ms
viz&&print cost:0.0371ms
 -- [TIMER] updateMap time consuming [32m 4.354966 ms[0m


[1;33m------------- <725> Plan Global Path start---------------[0m
[33m[WARN] [1784396026.135660063]: [frontier gate] viewpoint generation empty but frontier clusters remain: active=1 reachable=0[0m
[0m[INFO] [1784396026.126830410]: update topo skeleton cost: 7.626252ms, update odom vertex cost:229.420739ms [0m
[0m[INFO] [1784396026.135544774]: vp cluster cost: 0.955243ms  ,remove unreachable cost: 6.786758ms, select vp cost: 0.380437ms[0m
[1;33m-------------Plan Global Path end-----------------[0m

total time cost: 245.924ms
viz&&print cost:0.035119ms
 -- [TIMER] updateMap time consuming [32m 4.932232 ms[0m


[1;33m------------- <726> Plan Global Path start---------------[0m
[0m[INFO] [1784396026.383146654]: update topo skeleton cost: 6.772818ms, update odom vertex cost:227.662923ms [0m
[0m[INFO] [1784396026.383178464]: [highspeed_exp adapter] safety map ready=1 rog_ready=1 cloud_size=10052[0m
[0m[INFO] [1784396026.391616419]: vp cluster cost: 0.730474ms  ,remove unreachable cost: 6.866987ms, select vp cost: 0.426667ms[0m
[1;33m-------------Plan Global Path end-----------------[0m

total time cost: 243.06ms
[33m[WARN] [1784396026.391763848]: [finish gate] accept stable non-executable raw frontiers after planGlobalPath: no frontier active=1 reachable=0 confirmations=186[0m
[33m[WARN] [1784396026.391795448]: [finish gate] wait for coverage convergence after planGlobalPath: no frontier: plan_valid=1 coverage=0.6565 observed=23319/35519 plateau=1 plateau_duration=43.3s targets_exhausted=0 exhausted=12/70[0m
[33m[WARN] [1784396026.391804398]: [finish gate] hold exploration after planGlobalPath: no frontier no_frontier_count=186 no_reachable_count=186[0m
viz&&print cost:0.073479ms
[0m[INFO] [1784396026.391934917]: [cloud input] mode=approximate_sync points=10114 age=0.0279641s stamp_valid=1[0m
 -- [TIMER] updateMap time consuming [32m 4.818073 ms[0m
[0m[INFO] [1784396026.406477885]: cloud odom callback cost: map update:11.7256ms  update frontier clusters: 2.79683ms  total: 14.5224ms
[0m
[0m[INFO] [1784396026.413186824]: [coverage guidance] plan valid=1 map_v=195 frontier_v=195 zones(f/u)=294/224 observed=23319/35519 coverage=0.6565 voxels(f/o/u)=14629/6712/1978 active=3 reachable_unknown=156 route_nodes=160 preferred=3 cost=6.7ms[0m


[1;33m------------- <727> Plan Global Path start---------------[0m
[33m[WARN] [1784396026.653188782]: [frontier gate] viewpoint generation empty but frontier clusters remain: active=1 reachable=0[0m
[0m[INFO] [1784396026.644766907]: update topo skeleton cost: 9.191139ms, update odom vertex cost:229.024503ms [0m
[0m[INFO] [1784396026.653065813]: vp cluster cost: 0.759784ms  ,remove unreachable cost: 6.734948ms, select vp cost: 0.357307ms[0m
[1;33m-------------Plan Global Path end-----------------[0m

total time cost: 246.676ms
viz&&print cost:0.04258ms
[0m[INFO] [1784396024.969269250]: Publish local map size: 9116[0m
[0m[INFO] [1784396026.069647979]: Publish local map size: 10052[0m
 -- [MARSIM] Running FPS: 204.164
 -- [TIMER] updateMap time consuming [32m 4.403556 ms[0m


[1;33m------------- <728> Plan Global Path start---------------[0m
[0m[INFO] [1784396026.902985976]: update topo skeleton cost: 8.410085ms, update odom vertex cost:228.916024ms [0m
[0m[INFO] [1784396026.911020174]: vp cluster cost: 0.764164ms  ,remove unreachable cost: 6.548050ms, select vp cost: 0.336887ms[0m
[1;33m-------------Plan Global Path end-----------------[0m

total time cost: 245.492ms
viz&&print cost:0.034829ms
 -- [TIMER] updateMap time consuming [32m 4.736074 ms[0m


[1;33m------------- <729> Plan Global Path start---------------[0m
[33m[WARN] [1784396027.168175552]: [frontier gate] viewpoint generation empty but frontier clusters remain: active=1 reachable=0[0m
[0m[INFO] [1784396027.158913623]: update topo skeleton cost: 7.849260ms, update odom vertex cost:227.202978ms [0m
[0m[INFO] [1784396027.168051803]: vp cluster cost: 0.887053ms  ,remove unreachable cost: 7.221504ms, select vp cost: 0.494667ms[0m
[1;33m-------------Plan Global Path end-----------------[0m

total time cost: 244.367ms
viz&&print cost:0.04826ms
 -- [TIMER] updateMap time consuming [32m 4.832593 ms[0m


[1;33m------------- <730> Plan Global Path start---------------[0m
[0m[INFO] [1784396027.417592651]: update topo skeleton cost: 7.285095ms, update odom vertex cost:228.941295ms [0m
[0m[INFO] [1784396027.425569140]: vp cluster cost: 0.715145ms  ,remove unreachable cost: 6.532100ms, select vp cost: 0.367247ms[0m
[1;33m-------------Plan Global Path end-----------------[0m

total time cost: 244.331ms
[33m[WARN] [1784396027.425693829]: [finish gate] accept stable non-executable raw frontiers after planGlobalPath: no frontier active=1 reachable=0 confirmations=190[0m
[33m[WARN] [1784396027.425727139]: [finish gate] wait for coverage convergence after planGlobalPath: no frontier: plan_valid=1 coverage=0.6565 observed=23319/35519 plateau=1 plateau_duration=44.3s targets_exhausted=0 exhausted=12/70[0m
[33m[WARN] [1784396027.425738148]: [finish gate] hold exploration after planGlobalPath: no frontier no_frontier_count=190 no_reachable_count=190[0m
viz&&print cost:0.079079ms
[0m[INFO] [1784396027.425862227]: [cloud input] mode=approximate_sync points=9128 age=0.0618875s stamp_valid=1[0m
 -- [TIMER] updateMap time consuming [32m 4.593405 ms[0m
[0m[INFO] [1784396027.439667262]: cloud odom callback cost: map update:11.0548ms  update frontier clusters: 2.71652ms  total: 13.7713ms
[0m


[1;33m------------- <731> Plan Global Path start---------------[0m
[33m[WARN] [1784396027.682985887]: [frontier gate] viewpoint generation empty but frontier clusters remain: active=1 reachable=0[0m
[0m[INFO] [1784396027.674506722]: update topo skeleton cost: 7.635882ms, update odom vertex cost:227.110439ms [0m
[0m[INFO] [1784396027.682874678]: vp cluster cost: 0.871794ms  ,remove unreachable cost: 6.696198ms, select vp cost: 0.325508ms[0m
[1;33m-------------Plan Global Path end-----------------[0m

total time cost: 243.268ms
viz&&print cost:0.043809ms
 -- [TIMER] updateMap time consuming [32m 5.299080 ms[0m


[1;33m------------- <732> Plan Global Path start---------------[0m
[0m[INFO] [1784396027.939762019]: update topo skeleton cost: 7.551962ms, update odom vertex cost:235.324486ms [0m
[0m[INFO] [1784396027.948356993]: vp cluster cost: 0.936833ms  ,remove unreachable cost: 6.732388ms, select vp cost: 0.375077ms[0m
[1;33m-------------Plan Global Path end-----------------[0m

total time cost: 251.61ms
viz&&print cost:0.03344ms
 -- [TIMER] updateMap time consuming [32m 5.353259 ms[0m


[1;33m------------- <733> Plan Global Path start---------------[0m
[33m[WARN] [1784396028.206578495]: [frontier gate] viewpoint generation empty but frontier clusters remain: active=1 reachable=0[0m
[0m[INFO] [1784396028.198437888]: update topo skeleton cost: 7.561842ms, update odom vertex cost:227.855525ms [0m
[0m[INFO] [1784396028.206464356]: vp cluster cost: 0.698334ms  ,remove unreachable cost: 6.558430ms, select vp cost: 0.345347ms[0m
[1;33m-------------Plan Global Path end-----------------[0m

total time cost: 243.596ms
viz&&print cost:0.04109ms
 -- [TIMER] updateMap time consuming [32m 4.823203 ms[0m


[1;33m------------- <734> Plan Global Path start---------------[0m
[0m[INFO] [1784396028.459356500]: update topo skeleton cost: 9.647506ms, update odom vertex cost:230.261167ms [0m
[0m[INFO] [1784396028.459399560]: [highspeed_exp adapter] safety map ready=1 rog_ready=1 cloud_size=9510[0m
[0m[INFO] [1784396028.468529160]: vp cluster cost: 0.916423ms  ,remove unreachable cost: 7.309684ms, select vp cost: 0.434127ms[0m
[1;33m-------------Plan Global Path end-----------------[0m

total time cost: 249.268ms
[33m[WARN] [1784396028.468712628]: [finish gate] accept stable non-executable raw frontiers after planGlobalPath: no frontier active=1 reachable=0 confirmations=194[0m
[33m[WARN] [1784396028.468750048]: [finish gate] wait for coverage convergence after planGlobalPath: no frontier: plan_valid=1 coverage=0.6565 observed=23319/35519 plateau=1 plateau_duration=45.4s targets_exhausted=0 exhausted=12/70[0m
[33m[WARN] [1784396028.468762288]: [finish gate] hold exploration after planGlobalPath: no frontier no_frontier_count=194 no_reachable_count=194[0m
[0m[INFO] [1784396028.468773508]: [frontier storage] labels=8616/7517 normals=81/823 clusters=3 terminal=0 cluster_cells(cap)=18 candidates(cap)=0 derived_viewpoints(cap)=0 estimated_kb=142.957 revision=258 audit_ready=1[0m
viz&&print cost:0.110389ms
[0m[INFO] [1784396027.169503732]: Publish local map size: 8795[0m
[0m[INFO] [1784396028.170286403]: Publish local map size: 9510[0m
 -- [MARSIM] Running FPS: 165.758
[0m[INFO] [1784396028.468873077]: [cloud input] mode=approximate_sync points=8796 age=0.104901s stamp_valid=1[0m
 -- [TIMER] updateMap time consuming [32m 4.671954 ms[0m
[0m[INFO] [1784396028.482293005]: cloud odom callback cost: map update:10.8064ms  update frontier clusters: 2.58574ms  total: 13.3922ms
[0m
[0m[INFO] [1784396028.489458379]: [coverage guidance] plan valid=1 map_v=197 frontier_v=197 zones(f/u)=294/224 observed=23319/35519 coverage=0.6565 voxels(f/o/u)=14629/6710/1980 active=3 reachable_unknown=156 route_nodes=160 preferred=3 cost=7.2ms[0m


[1;33m------------- <735> Plan Global Path start---------------[0m
[33m[WARN] [1784396028.753331409]: [frontier gate] viewpoint generation empty but frontier clusters remain: active=1 reachable=0[0m
[0m[INFO] [1784396028.742643921]: update topo skeleton cost: 7.477263ms, update odom vertex cost:252.781514ms [0m
[0m[INFO] [1784396028.753098341]: vp cluster cost: 0.878453ms  ,remove unreachable cost: 8.482185ms, select vp cost: 0.604175ms[0m
[1;33m-------------Plan Global Path end-----------------[0m

total time cost: 270.997ms
viz&&print cost:0.050059ms
 -- [TIMER] updateMap time consuming [32m 5.157171 ms[0m


[1;33m------------- <736> Plan Global Path start---------------[0m
[0m[INFO] [1784396029.009285689]: update topo skeleton cost: 7.762770ms, update odom vertex cost:231.919845ms [0m
[0m[INFO] [1784396029.017916413]: vp cluster cost: 0.755594ms  ,remove unreachable cost: 6.918347ms, select vp cost: 0.443897ms[0m
[1;33m-------------Plan Global Path end-----------------[0m

total time cost: 248.451ms
viz&&print cost:0.044169ms
 -- [TIMER] updateMap time consuming [32m 5.620017 ms[0m


[1;33m------------- <737> Plan Global Path start---------------[0m
[33m[WARN] [1784396029.289618965]: [frontier gate] viewpoint generation empty but frontier clusters remain: active=1 reachable=0[0m
[0m[INFO] [1784396029.281634466]: update topo skeleton cost: 9.399468ms, update odom vertex cost:239.537268ms [0m
[0m[INFO] [1784396029.289483476]: vp cluster cost: 0.726524ms  ,remove unreachable cost: 6.299562ms, select vp cost: 0.423626ms[0m
[1;33m-------------Plan Global Path end-----------------[0m

total time cost: 256.962ms
viz&&print cost:0.03788ms
 -- [TIMER] updateMap time consuming [32m 4.383957 ms[0m


[1;33m------------- <738> Plan Global Path start---------------[0m
[0m[INFO] [1784396029.543648452]: update topo skeleton cost: 8.631604ms, update odom vertex cost:232.132474ms [0m
[0m[INFO] [1784396029.551765800]: vp cluster cost: 0.732775ms  ,remove unreachable cost: 6.613149ms, select vp cost: 0.376237ms[0m
[1;33m-------------Plan Global Path end-----------------[0m

total time cost: 249.017ms
[33m[WARN] [1784396029.551887819]: [finish gate] accept stable non-executable raw frontiers after planGlobalPath: no frontier active=1 reachable=0 confirmations=198[0m
[33m[WARN] [1784396029.551915759]: [finish gate] wait for coverage convergence after planGlobalPath: no frontier: plan_valid=1 coverage=0.6565 observed=23319/35519 plateau=1 plateau_duration=46.5s targets_exhausted=0 exhausted=12/70[0m
[33m[WARN] [1784396029.551924609]: [finish gate] hold exploration after planGlobalPath: no frontier no_frontier_count=198 no_reachable_count=198[0m
viz&&print cost:0.06554ms
[0m[INFO] [1784396029.552013128]: [cloud input] mode=approximate_sync points=10020 age=0.0880433s stamp_valid=1[0m
 -- [TIMER] updateMap time consuming [32m 4.899333 ms[0m
[0m[INFO] [1784396029.565864702]: cloud odom callback cost: map update:11.0639ms  update frontier clusters: 2.75834ms  total: 13.8223ms
[0m


[1;33m------------- <739> Plan Global Path start---------------[0m
[33m[WARN] [1784396029.815781391]: [frontier gate] viewpoint generation empty but frontier clusters remain: active=1 reachable=0[0m
[0m[INFO] [1784396029.804819284]: update topo skeleton cost: 7.737210ms, update odom vertex cost:231.126783ms [0m
[0m[INFO] [1784396029.815578912]: vp cluster cost: 0.737245ms  ,remove unreachable cost: 8.970571ms, select vp cost: 0.617835ms[0m
[1;33m-------------Plan Global Path end-----------------[0m

total time cost: 249.868ms
viz&&print cost:0.04463ms
 -- [TIMER] updateMap time consuming [32m 9.065891 ms[0m


[1;33m------------- <740> Plan Global Path start---------------[0m
[0m[INFO] [1784396030.073913407]: update topo skeleton cost: 7.981759ms, update odom vertex cost:229.372686ms [0m
[0m[INFO] [1784396030.082468621]: vp cluster cost: 0.759065ms  ,remove unreachable cost: 6.905637ms, select vp cost: 0.435897ms[0m
[1;33m-------------Plan Global Path end-----------------[0m

total time cost: 246.056ms
viz&&print cost:0.036029ms
 -- [TIMER] updateMap time consuming [32m 5.492658 ms[0m


[1;33m------------- <741> Plan Global Path start---------------[0m
[33m[WARN] [1784396030.346881451]: [frontier gate] viewpoint generation empty but frontier clusters remain: active=1 reachable=0[0m
[0m[INFO] [1784396030.337186585]: update topo skeleton cost: 7.862350ms, update odom vertex cost:232.362634ms [0m
[0m[INFO] [1784396030.346775392]: vp cluster cost: 0.907903ms  ,remove unreachable cost: 7.799230ms, select vp cost: 0.442707ms[0m
[1;33m-------------Plan Global Path end-----------------[0m

total time cost: 249.966ms
viz&&print cost:0.03577ms
[0m[INFO] [1784396029.170363268]: Publish local map size: 10030[0m
[0m[INFO] [1784396030.170531648]: Publish local map size: 9692[0m
 -- [MARSIM] Running FPS: 172.276
 -- [TIMER] updateMap time consuming [32m 5.116431 ms[0m


[1;33m------------- <742> Plan Global Path start---------------[0m
[0m[INFO] [1784396030.600320014]: update topo skeleton cost: 8.838613ms, update odom vertex cost:230.058132ms [0m
[0m[INFO] [1784396030.600354974]: [highspeed_exp adapter] safety map ready=1 rog_ready=1 cloud_size=9952[0m
[0m[INFO] [1784396030.609000378]: vp cluster cost: 0.792594ms  ,remove unreachable cost: 7.003556ms, select vp cost: 0.401707ms[0m
[1;33m-------------Plan Global Path end-----------------[0m

total time cost: 247.684ms
[33m[WARN] [1784396030.609089617]: [finish gate] accept stable non-executable raw frontiers after planGlobalPath: no frontier active=1 reachable=0 confirmations=202[0m
[33m[WARN] [1784396030.609115917]: [finish gate] wait for coverage convergence after planGlobalPath: no frontier: plan_valid=1 coverage=0.6565 observed=23319/35519 plateau=1 plateau_duration=47.5s targets_exhausted=0 exhausted=12/70[0m
[33m[WARN] [1784396030.609123957]: [finish gate] hold exploration after planGlobalPath: no frontier no_frontier_count=202 no_reachable_count=202[0m
viz&&print cost:0.06124ms
[0m[INFO] [1784396030.609224206]: [cloud input] mode=approximate_sync points=9965 age=0.0452545s stamp_valid=1[0m
 -- [TIMER] updateMap time consuming [32m 4.964422 ms[0m
[0m[INFO] [1784396030.623247579]: cloud odom callback cost: map update:11.1631ms  update frontier clusters: 2.83951ms  total: 14.0027ms
[0m
[0m[INFO] [1784396030.630964570]: [coverage guidance] plan valid=1 map_v=199 frontier_v=199 zones(f/u)=294/224 observed=23319/35519 coverage=0.6565 voxels(f/o/u)=14629/6709/1981 active=3 reachable_unknown=156 route_nodes=160 preferred=3 cost=7.7ms[0m


[1;33m------------- <743> Plan Global Path start---------------[0m
[33m[WARN] [1784396030.874072102]: [frontier gate] viewpoint generation empty but frontier clusters remain: active=1 reachable=0[0m
[0m[INFO] [1784396030.865220060]: update topo skeleton cost: 10.248951ms, update odom vertex cost:231.649220ms [0m
[0m[INFO] [1784396030.873948893]: vp cluster cost: 0.856364ms  ,remove unreachable cost: 6.978157ms, select vp cost: 0.393287ms[0m
[1;33m-------------Plan Global Path end-----------------[0m

total time cost: 250.787ms
viz&&print cost:0.0372ms
 -- [TIMER] updateMap time consuming [32m 4.810943 ms[0m


[1;33m------------- <744> Plan Global Path start---------------[0m
[0m[INFO] [1784396031.122187338]: update topo skeleton cost: 8.035449ms, update odom vertex cost:227.027166ms [0m
[0m[INFO] [1784396031.130992660]: vp cluster cost: 0.832333ms  ,remove unreachable cost: 7.167705ms, select vp cost: 0.380497ms[0m
[1;33m-------------Plan Global Path end-----------------[0m

total time cost: 244.018ms
viz&&print cost:0.03796ms
 -- [TIMER] updateMap time consuming [32m 4.726434 ms[0m


[1;33m------------- <745> Plan Global Path start---------------[0m
[33m[WARN] [1784396031.391223754]: [frontier gate] viewpoint generation empty but frontier clusters remain: active=1 reachable=0[0m
[0m[INFO] [1784396031.382163453]: update topo skeleton cost: 6.939237ms, update odom vertex cost:231.295714ms [0m
[0m[INFO] [1784396031.391101725]: vp cluster cost: 0.793753ms  ,remove unreachable cost: 7.200935ms, select vp cost: 0.468727ms[0m
[1;33m-------------Plan Global Path end-----------------[0m

total time cost: 247.337ms
viz&&print cost:0.042239ms
 -- [TIMER] updateMap time consuming [32m 4.354827 ms[0m


[1;33m------------- <746> Plan Global Path start---------------[0m
[0m[INFO] [1784396031.642887873]: update topo skeleton cost: 8.805263ms, update odom vertex cost:229.494428ms [0m
[0m[INFO] [1784396031.651134710]: vp cluster cost: 0.692875ms  ,remove unreachable cost: 6.719919ms, select vp cost: 0.400447ms[0m
[1;33m-------------Plan Global Path end-----------------[0m

total time cost: 246.685ms
[33m[WARN] [1784396031.651259479]: [finish gate] accept stable non-executable raw frontiers after planGlobalPath: no frontier active=1 reachable=0 confirmations=206[0m
[33m[WARN] [1784396031.651287118]: [finish gate] wait for coverage convergence after planGlobalPath: no frontier: plan_valid=1 coverage=0.6565 observed=23319/35519 plateau=1 plateau_duration=48.6s targets_exhausted=0 exhausted=12/70[0m
[33m[WARN] [1784396031.651296668]: [finish gate] hold exploration after planGlobalPath: no frontier no_frontier_count=206 no_reachable_count=206[0m
viz&&print cost:0.065259ms
[0m[INFO] [1784395811.046163221]: [highspeed_traj_server] ready. odom=/lidar_slam/odom[0m
[0m[INFO] [1784396031.651386958]: [cloud input] mode=approximate_sync points=9129 age=0.08742s stamp_valid=1[0m
 -- [TIMER] updateMap time consuming [32m 5.016422 ms[0m
[0m[INFO] [1784396031.665075453]: cloud odom callback cost: map update:10.8779ms  update frontier clusters: 2.78663ms  total: 13.6646ms
[0m


[1;33m------------- <747> Plan Global Path start---------------[0m
[1;33m-------------Plan Global Path end-----------------[0m

total time cost: 274.49ms
viz&&print cost:0.05243ms
[0m[INFO] [1784396031.171085114]: Publish local map size: 10011[0m
Rebuild thread terminated normally

[1mROS_MASTER_URI=http://127.0.0.1:11346[0m
]2;/root/ws/real_planner/src/General-Planner/src/Planner/task_planner/launch/exploration.launch http://127.0.0.1:11346
[1mprocess[perfect_drone-1]: started with pid [3458271][0m
[1mprocess[exploration_node-2]: started with pid [3458272][0m
[1mprocess[traj_server-3]: started with pid [3458273][0m
[traj_server-3] killing on exit
[exploration_node-2] killing on exit
[perfect_drone-1] killing on exit
shutting down processing monitor...
... shutting down processing monitor complete
[1mdone[0m
